{
  "alpha": null,
  "seed": 42,
  "n_train": 10000,
  "n_population": 5000,
  "train_loss": 0.32885882726183674,
  "population_risk": 0.3297582114215871,
  "bayes_population_risk": 0.18999999999999984,
  "empirical_bayes_risk": 0.18960049120888844,
  "generalization_gap": 0.0008993841597503827,
  "excess_population_risk": 0.1397582114215873,
  "runtime_seconds": 161.62793824262917,
  "runtime_per_step_seconds": 0.16162793824262917,
  "initial_objective": 0.3652160709768131,
  "final_objective": 0.3338106127698217,
  "best_objective": 0.3338106127698217,
  "objective_reduction": 0.031405458206991366,
  "initial_train_loss_history": 0.3639794660479099,
  "final_train_loss_history": 0.32885882726183674,
  "best_train_loss_history": 0.32885882726183674,
  "train_loss_reduction": 0.03512063878607319,
  "weight_norm": 9.902569928843446,
  "trace_s": 9.902569928843446,
  "top_eigenvalue": 0.7351232723443257,
  "min_eigenvalue": 2.7444175393425863e-08,
  "R1": 0.07423560526476214,
  "config_suffix": "cov_toeplitz_mask_last_rho_0p9_lambda_1e-05_beta_1_d_50_T_5_lr_0p001_iter_1000_ntrain_10000_seed_42"
}