{
  "alpha": null,
  "seed": 42,
  "n_train": 300,
  "n_population": 5000,
  "train_loss": 0.2221612325139652,
  "population_risk": 0.2583262787275844,
  "bayes_population_risk": 0.13898342541436456,
  "empirical_bayes_risk": 0.13876496027808785,
  "generalization_gap": 0.03616504621361921,
  "excess_population_risk": 0.11934285331321984,
  "runtime_seconds": 77.07495495676994,
  "runtime_per_step_seconds": 0.015414990991353988,
  "initial_objective": 0.2924044529707667,
  "final_objective": 0.23842931439797732,
  "best_objective": 0.23842931439797732,
  "objective_reduction": 0.053975138572789405,
  "initial_train_loss_history": 0.28997738468411755,
  "final_train_loss_history": 0.2221612325139652,
  "best_train_loss_history": 0.2221612325139652,
  "train_loss_reduction": 0.06781615217015236,
  "weight_norm": 16.268075329909706,
  "trace_s": 16.268075329909706,
  "top_eigenvalue": 6.248266824859895,
  "min_eigenvalue": 1.8492664824116967e-13,
  "R1": 0.38408150307566696,
  "effective_rank": 6.947774560360819,
  "config_suffix": "cov_toeplitz_mask_random_rho_0p9_lambda_1e-05_beta_1_d_100_T_5_lr_0p001_iter_5000_ntrain_300_seed_42"
}