{
  "alpha": null,
  "seed": 42,
  "n_train": 10000,
  "n_population": 5000,
  "train_loss": 1.1683901436076032,
  "population_risk": 1.1690948096910823,
  "bayes_population_risk": 0.9339407664588757,
  "empirical_bayes_risk": 0.9584800941163674,
  "generalization_gap": 0.0007046660834790774,
  "excess_population_risk": 0.23515404323220657,
  "runtime_seconds": 990.5059626530856,
  "runtime_per_step_seconds": 0.09905059626530856,
  "initial_objective": 1.1696314237339178,
  "final_objective": 1.1684131330765237,
  "best_objective": 1.1684131330765235,
  "objective_reduction": 0.0012182906573940944,
  "initial_train_loss_history": 1.169106625372489,
  "final_train_loss_history": 1.1683901436076032,
  "best_train_loss_history": 1.1683901234573668,
  "train_loss_reduction": 0.0007164817648859234,
  "weight_norm": 0.04597893784109615,
  "trace_s": 0.04597893784109615,
  "top_eigenvalue": 0.04597893784109614,
  "min_eigenvalue": -9.581018618766056e-18,
  "R1": 0.9999999999999999
}