{
  "alpha": null,
  "seed": 42,
  "n_train": 5000,
  "n_population": 5000,
  "train_loss": 0.8575348583573643,
  "population_risk": 0.8495766889249642,
  "bayes_population_risk": 0.66,
  "empirical_bayes_risk": 0.6590529439555347,
  "generalization_gap": -0.00795816943240013,
  "excess_population_risk": 0.18957668892496415,
  "runtime_seconds": 85.14017823897302,
  "runtime_per_step_seconds": 0.08514017823897302,
  "initial_objective": 0.8632108041579221,
  "final_objective": 0.8581149299743147,
  "best_objective": 0.8581149299743147,
  "objective_reduction": 0.005095874183607352,
  "initial_train_loss_history": 0.8577590801505605,
  "final_train_loss_history": 0.8575348583573643,
  "best_train_loss_history": 0.8546968029557199,
  "train_loss_reduction": 0.00022422179319614433,
  "weight_norm": 0.11599760218060742,
  "trace_s": 0.11599760218060745,
  "top_eigenvalue": 0.026663817477812393,
  "min_eigenvalue": 8.432665407103482e-16,
  "R1": 0.2298652470099943,
  "config_suffix": "cov_toeplitz_mask_random_rho_0p5_lambda_0p0001_beta_1_d_50_T_5_lr_0p001_iter_1000_ntrain_5000_seed_42"
}