{
  "alpha": null,
  "seed": 42,
  "n_train": 50,
  "n_population": 5000,
  "train_loss": 0.3158908182325151,
  "population_risk": 0.9136253387192206,
  "bayes_population_risk": 0.27570731707317064,
  "empirical_bayes_risk": 0.2766190625293975,
  "generalization_gap": 0.5977345204867055,
  "excess_population_risk": 0.6379180216460499,
  "runtime_seconds": 10.813544800505042,
  "runtime_per_step_seconds": 0.010813544800505042,
  "initial_objective": 0.4747356201009257,
  "final_objective": 0.34286664597342054,
  "best_objective": 0.34286664597342054,
  "objective_reduction": 0.13186897412750515,
  "initial_train_loss_history": 0.4727994768737851,
  "final_train_loss_history": 0.3158908182325151,
  "best_train_loss_history": 0.3158908182325151,
  "train_loss_reduction": 0.15690865864127002,
  "weight_norm": 26.964696981655038,
  "trace_s": 26.964696981655027,
  "top_eigenvalue": 11.911030697971238,
  "min_eigenvalue": 6.254582518658707e-08,
  "R1": 0.44172685144857005
}