{
  "alpha": null,
  "seed": 42,
  "n_train": 2500,
  "n_population": 5000,
  "train_loss": 1.0229767035860202,
  "population_risk": 1.0250242375159495,
  "bayes_population_risk": 0.9267692307692309,
  "empirical_bayes_risk": 0.9271117401540527,
  "generalization_gap": 0.0020475339299292905,
  "excess_population_risk": 0.09825500674671861,
  "runtime_seconds": 916.3027241490781,
  "runtime_per_step_seconds": 0.18326054482981563,
  "initial_objective": 1.0251153858650472,
  "final_objective": 1.0230668586782037,
  "best_objective": 1.0230668586782032,
  "objective_reduction": 0.002048527186843563,
  "initial_train_loss_history": 1.023121768544293,
  "final_train_loss_history": 1.0229767035860202,
  "best_train_loss_history": 1.022976703515528,
  "train_loss_reduction": 0.0001450649582728225,
  "weight_norm": 0.045077546091696494,
  "trace_s": 0.04507754609169647,
  "top_eigenvalue": 0.04507754609169647,
  "min_eigenvalue": -1.5305080028405156e-17,
  "R1": 1.0000000000000004,
  "effective_rank": 1.0,
  "config_suffix": "cov_toeplitz_mask_random_rho_0p2_lambda_1e-05_beta_1_d_200_T_20_lr_0p001_iter_5000_ntrain_2500_seed_42",
  "ridge_lambda": 0.01,
  "ridge_train_loss": 0.9185374456911107,
  "ridge_population_risk": 0.9339929749410326,
  "ridge_generalization_gap": 0.015455529249921884,
  "ridge_excess_population_risk": 0.007223744171801716,
  "pca_n_components": 75,
  "pca_train_loss": 0.9423354440318824,
  "pca_population_risk": 1.0179800154294576,
  "pca_generalization_gap": 0.07564457139757519,
  "pca_excess_population_risk": 0.0912107846602267
}