{
  "alpha": null,
  "seed": 42,
  "n_train": 750,
  "n_population": 5000,
  "train_loss": 0.22998440908953102,
  "population_risk": 0.2392783896609173,
  "bayes_population_risk": 0.13898342541436456,
  "empirical_bayes_risk": 0.13789944512777605,
  "generalization_gap": 0.009293980571386279,
  "excess_population_risk": 0.10029496424655274,
  "runtime_seconds": 141.58496196381748,
  "runtime_per_step_seconds": 0.028316992392763495,
  "initial_objective": 0.2874793821934409,
  "final_objective": 0.2424032613364091,
  "best_objective": 0.2424032613364091,
  "objective_reduction": 0.045076120857031776,
  "initial_train_loss_history": 0.2853385237035432,
  "final_train_loss_history": 0.22998440908953102,
  "best_train_loss_history": 0.22998440908953102,
  "train_loss_reduction": 0.055354114614012156,
  "weight_norm": 12.418847615003138,
  "trace_s": 12.418847615003138,
  "top_eigenvalue": 2.1077774189779004,
  "min_eigenvalue": 3.0954232166348434e-13,
  "R1": 0.16972407459380592,
  "effective_rank": 12.89413275305421,
  "config_suffix": "cov_toeplitz_mask_random_rho_0p9_lambda_1e-05_beta_1_d_100_T_5_lr_0p001_iter_5000_ntrain_750_seed_42"
}