{
  "alpha": null,
  "seed": 42,
  "n_train": 175,
  "n_population": 5000,
  "train_loss": 1.0560851426794406,
  "population_risk": 1.049957054953101,
  "bayes_population_risk": 1.0,
  "empirical_bayes_risk": 0.9979649801832889,
  "generalization_gap": -0.006128087726339659,
  "excess_population_risk": 0.04995705495310099,
  "runtime_seconds": 62.328248642385006,
  "runtime_per_step_seconds": 0.012465649728477001,
  "initial_objective": 1.062018092415116,
  "final_objective": 1.0579132355475016,
  "best_objective": 1.0579132355475012,
  "objective_reduction": 0.004104856867614304,
  "initial_train_loss_history": 1.0600009930066019,
  "final_train_loss_history": 1.0560851426794406,
  "best_train_loss_history": 1.0560848743301763,
  "train_loss_reduction": 0.003915850327161241,
  "weight_norm": 0.9140464340304397,
  "trace_s": 0.91404643403044,
  "top_eigenvalue": 0.9140464340304401,
  "min_eigenvalue": -2.6163407681525984e-16,
  "R1": 1.0,
  "effective_rank": 1.0,
  "config_suffix": "cov_identity_mask_random_rho_NA_lambda_1e-05_beta_1_d_200_T_20_lr_0p001_iter_5000_ntrain_175_seed_42",
  "ridge_lambda": 0.01,
  "ridge_train_loss": 0.9035122737490404,
  "ridge_population_risk": 1.1199056562438527,
  "ridge_generalization_gap": 0.21639338249481233,
  "ridge_excess_population_risk": 0.11990565624385274,
  "pca_n_components": 75,
  "pca_train_loss": 0.49981332161631103,
  "pca_population_risk": 1.0233147480017035,
  "pca_generalization_gap": 0.5235014263853925,
  "pca_excess_population_risk": 0.023314748001703522
}