{
  "alpha": null,
  "seed": 42,
  "n_train": 500,
  "n_population": 5000,
  "train_loss": 0.5214325900814674,
  "population_risk": 0.5744947211320601,
  "bayes_population_risk": 0.1214410313285021,
  "empirical_bayes_risk": 0.12190115457978204,
  "generalization_gap": 0.053062131050592765,
  "excess_population_risk": 0.45305368980355804,
  "runtime_seconds": 90.54497385211289,
  "runtime_per_step_seconds": 0.018108994770422576,
  "initial_objective": 0.5878041969435022,
  "final_objective": 0.5401720257159024,
  "best_objective": 0.5401720257159024,
  "objective_reduction": 0.04763217122759977,
  "initial_train_loss_history": 0.5859476533186,
  "final_train_loss_history": 0.5214325900814674,
  "best_train_loss_history": 0.5214325900814674,
  "train_loss_reduction": 0.06451506323713263,
  "weight_norm": 18.73943236227361,
  "trace_s": 18.739432362273607,
  "top_eigenvalue": 6.360527129388592,
  "min_eigenvalue": 3.688066355843841e-17,
  "R1": 0.3394194128416431,
  "effective_rank": 8.436065661890481,
  "config_suffix": "cov_toeplitz_bump_mask_random_rho_0p7_lambda_1e-05_beta_1_d_100_T_5_lr_0p001_iter_5000_ntrain_500_seed_42"
}