{
  "alpha": null,
  "seed": 42,
  "n_train": 10,
  "n_population": 5000,
  "train_loss": 1.0489542135319283,
  "population_risk": 1.296657428245284,
  "bayes_population_risk": 0.8649174311926606,
  "empirical_bayes_risk": 0.9111821292109554,
  "generalization_gap": 0.24770321471335577,
  "excess_population_risk": 0.43173999705262345,
  "runtime_seconds": 8.028305683284998,
  "runtime_per_step_seconds": 0.008028305683284997,
  "initial_objective": 1.15490224359851,
  "final_objective": 1.0539413743463082,
  "best_objective": 1.0539413743463082,
  "objective_reduction": 0.10096086925220171,
  "initial_train_loss_history": 1.153498537198723,
  "final_train_loss_history": 1.0489542135319283,
  "best_train_loss_history": 1.0489542135319283,
  "train_loss_reduction": 0.10454432366679467,
  "weight_norm": 4.985962786494927,
  "trace_s": 4.985962786494926,
  "top_eigenvalue": 4.192202387962595,
  "min_eigenvalue": 1.7057578340422307e-08,
  "R1": 0.8408009781616652
}