{
  "alpha": 3.0,
  "seed": 0,
  "n_train": 7500,
  "n_population": 5000,
  "train_loss": 1.1150139703678914,
  "population_risk": 1.115527301700195,
  "bayes_population_risk": 0.9415384615384615,
  "empirical_bayes_risk": 0.9401282476711709,
  "weight_norm": 2.4503346030668633,
  "trace_s": 2.450334603066863,
  "top_eigenvalue": 0.32945581064116103,
  "R1": 0.13445339678459045
}