{
  "alpha": null,
  "seed": 42,
  "n_train": 50,
  "n_population": 5000,
  "train_loss": 1.1867061777898116,
  "population_risk": 1.2502465767532347,
  "bayes_population_risk": 1.0,
  "empirical_bayes_risk": 0.9993568182208068,
  "generalization_gap": 0.06354039896342312,
  "excess_population_risk": 0.2502465767532347,
  "runtime_seconds": 40.5726166293025,
  "runtime_per_step_seconds": 0.0081145233258605,
  "initial_objective": 1.2174302131102581,
  "final_objective": 1.1938963626240569,
  "best_objective": 1.1938963626240569,
  "objective_reduction": 0.02353385048620127,
  "initial_train_loss_history": 1.216324513767558,
  "final_train_loss_history": 1.1867061777898116,
  "best_train_loss_history": 1.1867010814410937,
  "train_loss_reduction": 0.029618335977746435,
  "weight_norm": 7.190184803186876,
  "trace_s": 7.190184803186878,
  "top_eigenvalue": 3.424313634457431,
  "min_eigenvalue": 3.092379557797861e-17,
  "R1": 0.47624834801738136,
  "effective_rank": 3.238306897701391,
  "config_suffix": "cov_identity_mask_random_rho_NA_lambda_1e-05_beta_1_d_100_T_5_lr_0p001_iter_5000_ntrain_50_seed_42"
}