{
  "alpha": null,
  "seed": 42,
  "n_train": 80,
  "n_population": 5000,
  "train_loss": 0.0708675784868558,
  "population_risk": 0.07624566631853054,
  "bayes_population_risk": 0.011034997727387535,
  "empirical_bayes_risk": 0.011030718506412797,
  "generalization_gap": 0.005378087831674733,
  "excess_population_risk": 0.06521066859114301,
  "runtime_seconds": 47.891894759610295,
  "runtime_per_step_seconds": 0.009578378951922059,
  "initial_objective": 0.07712909337405717,
  "final_objective": 0.07427744305110892,
  "best_objective": 0.0742774354423568,
  "objective_reduction": 0.0028516503229482487,
  "initial_train_loss_history": 0.07497216976881069,
  "final_train_loss_history": 0.0708675784868558,
  "best_train_loss_history": 0.07086755807675964,
  "train_loss_reduction": 0.004104591281954881,
  "weight_norm": 1.704934813814002,
  "trace_s": 1.7049348138140021,
  "top_eigenvalue": 1.0198209476016242,
  "min_eigenvalue": -3.915072324058767e-18,
  "R1": 0.5981583221473716,
  "effective_rank": 2.9935259762069433,
  "config_suffix": "cov_toeplitz_mask_random_rho_0p99_lambda_1e-05_beta_1_d_200_T_20_lr_0p001_iter_5000_ntrain_80_seed_42",
  "ridge_lambda": 0.01,
  "ridge_train_loss": 0.008600377431260617,
  "ridge_population_risk": 0.014408220342334823,
  "ridge_generalization_gap": 0.005807842911074206,
  "ridge_excess_population_risk": 0.003373222614947288,
  "pca_n_components": 75,
  "pca_train_loss": 0.012163529777670736,
  "pca_population_risk": 0.6932480771471726,
  "pca_generalization_gap": 0.6810845473695019,
  "pca_excess_population_risk": 0.682213079419785
}