{
  "alpha": null,
  "seed": 42,
  "n_train": 100,
  "n_population": 5000,
  "train_loss": 1.056007087545947,
  "population_risk": 1.0929205810208085,
  "bayes_population_risk": 0.8444937602472408,
  "empirical_bayes_risk": 0.8487843797785357,
  "generalization_gap": 0.03691349347486139,
  "excess_population_risk": 0.2484268207735677,
  "runtime_seconds": 46.58142758719623,
  "runtime_per_step_seconds": 0.004658142758719623,
  "initial_objective": 1.1021138236699626,
  "final_objective": 1.0749012949378984,
  "best_objective": 1.074901294937898,
  "objective_reduction": 0.027212528732064145,
  "initial_train_loss_history": 1.096748231246972,
  "final_train_loss_history": 1.056007087545947,
  "best_train_loss_history": 1.0560002814720293,
  "train_loss_reduction": 0.040741143701024995,
  "weight_norm": 3.7788414783902033,
  "trace_s": 3.778841478390203,
  "top_eigenvalue": 2.355937718875913,
  "min_eigenvalue": -4.011981776641182e-16,
  "R1": 0.6234550277773361
}