{
  "alpha": null,
  "seed": 42,
  "n_train": 30,
  "n_population": 5000,
  "train_loss": 0.03580509879759424,
  "population_risk": 0.5936597118491265,
  "bayes_population_risk": 0.011034997727387535,
  "empirical_bayes_risk": 0.01102350419094604,
  "generalization_gap": 0.5578546130515323,
  "excess_population_risk": 0.5826247141217389,
  "runtime_seconds": 33.07633762061596,
  "runtime_per_step_seconds": 0.006615267524123192,
  "initial_objective": 0.07297944834605354,
  "final_objective": 0.04981580846263218,
  "best_objective": 0.04981580846263218,
  "objective_reduction": 0.023163639883421357,
  "initial_train_loss_history": 0.07237295252390062,
  "final_train_loss_history": 0.03580509879759424,
  "best_train_loss_history": 0.03580509879759424,
  "train_loss_reduction": 0.03656785372630638,
  "weight_norm": 28.021410987705686,
  "trace_s": 28.021410987705682,
  "top_eigenvalue": 17.237594064713537,
  "min_eigenvalue": 2.6559421217229735e-12,
  "R1": 0.6151579616128712,
  "effective_rank": 2.895025024181291,
  "config_suffix": "cov_toeplitz_mask_random_rho_0p99_lambda_1e-05_beta_1_d_50_T_20_lr_0p001_iter_5000_ntrain_30_seed_42"
}