{
  "alpha": null,
  "seed": 42,
  "n_train": 1500,
  "n_population": 5000,
  "train_loss": 0.15470039700898883,
  "population_risk": 0.15663166857118732,
  "bayes_population_risk": 0.010443997575880022,
  "empirical_bayes_risk": 0.01048933441040285,
  "generalization_gap": 0.0019312715621984944,
  "excess_population_risk": 0.1461876709953073,
  "runtime_seconds": 1124.7648695074022,
  "runtime_per_step_seconds": 0.22495297390148045,
  "initial_objective": 0.15739715994748535,
  "final_objective": 0.15588653063726118,
  "best_objective": 0.15588653063726116,
  "objective_reduction": 0.0015106293102241652,
  "initial_train_loss_history": 0.15639626402034007,
  "final_train_loss_history": 0.15470039700898883,
  "best_train_loss_history": 0.15470018432703175,
  "train_loss_reduction": 0.001695867011351243,
  "weight_norm": 1.186133628272358,
  "trace_s": 1.186133628272358,
  "top_eigenvalue": 1.1861336282723582,
  "min_eigenvalue": -3.176328749673561e-16,
  "R1": 0.9999999999999997,
  "effective_rank": 1.0,
  "config_suffix": "cov_toeplitz_mask_random_rho_0p99_lambda_1e-05_beta_1_d_100_T_50_lr_0p001_iter_5000_ntrain_1500_seed_42"
}