{
  "alpha": null,
  "seed": 42,
  "n_train": 175,
  "n_population": 5000,
  "train_loss": 0.6598383264550559,
  "population_risk": 0.7916859908578096,
  "bayes_population_risk": 0.10837348066298334,
  "empirical_bayes_risk": 0.10826590383770009,
  "generalization_gap": 0.13184766440275364,
  "excess_population_risk": 0.6833125101948262,
  "runtime_seconds": 87.54562687221915,
  "runtime_per_step_seconds": 0.01750912537444383,
  "initial_objective": 0.7246985022651978,
  "final_objective": 0.6646901510295179,
  "best_objective": 0.6646901510295179,
  "objective_reduction": 0.060008351235679935,
  "initial_train_loss_history": 0.7240579925098757,
  "final_train_loss_history": 0.6598383264550559,
  "best_train_loss_history": 0.6598383264550559,
  "train_loss_reduction": 0.06421966605481977,
  "weight_norm": 9.703646419284883,
  "trace_s": 9.703646419284881,
  "top_eigenvalue": 9.701586606638552,
  "min_eigenvalue": 2.685608435759724e-16,
  "R1": 0.9997877279779859,
  "effective_rank": 1.002253196433632,
  "config_suffix": "cov_toeplitz_mask_random_rho_0p9_lambda_1e-05_beta_1_d_50_T_50_lr_0p001_iter_5000_ntrain_175_seed_42",
  "ridge_lambda": 0.01,
  "ridge_train_loss": 0.07921506709058836,
  "ridge_population_risk": 0.14979626625165662,
  "ridge_generalization_gap": 0.07058119916106827,
  "ridge_excess_population_risk": 0.04142278558867328,
  "pca_n_components": 75,
  "pca_train_loss": 0.27449211374504906,
  "pca_population_risk": 0.7675596368275537,
  "pca_generalization_gap": 0.4930675230825046,
  "pca_excess_population_risk": 0.6591861561645703
}