{
  "alpha": null,
  "seed": 42,
  "n_train": 2000,
  "n_population": 5000,
  "train_loss": 0.2333546011513904,
  "population_risk": 0.23181215730068488,
  "bayes_population_risk": 0.13898342541436456,
  "empirical_bayes_risk": 0.13807699890692102,
  "generalization_gap": -0.0015424438507055105,
  "excess_population_risk": 0.09282873188632032,
  "runtime_seconds": 71.70031003281474,
  "runtime_per_step_seconds": 0.014340062006562949,
  "initial_objective": 0.28878287491549265,
  "final_objective": 0.23673600063236466,
  "best_objective": 0.23673600063236466,
  "objective_reduction": 0.052046874283127986,
  "initial_train_loss_history": 0.2878886706140043,
  "final_train_loss_history": 0.2333546011513904,
  "best_train_loss_history": 0.2333546011513904,
  "train_loss_reduction": 0.05453406946261391,
  "weight_norm": 13.525238207726279,
  "trace_s": 13.525238207726284,
  "top_eigenvalue": 2.1974817425171227,
  "min_eigenvalue": 1.4891719715615734e-08,
  "R1": 0.16247268319916264,
  "effective_rank": 12.983822857179073,
  "config_suffix": "cov_toeplitz_mask_random_rho_0p9_lambda_1e-05_beta_1_d_25_T_5_lr_0p001_iter_5000_ntrain_2000_seed_42"
}