{
  "alpha": null,
  "seed": 42,
  "n_train": 100,
  "n_population": 5000,
  "train_loss": 0.5168804519563307,
  "population_risk": 0.6394159635019557,
  "bayes_population_risk": 0.24760975609756097,
  "empirical_bayes_risk": 0.24689784736774353,
  "generalization_gap": 0.12253551154562503,
  "excess_population_risk": 0.39180620740439476,
  "runtime_seconds": 10.725219091400504,
  "runtime_per_step_seconds": 0.010725219091400505,
  "initial_objective": 0.6034920164538776,
  "final_objective": 0.5253822139971308,
  "best_objective": 0.5253822139971308,
  "objective_reduction": 0.07810980245674681,
  "initial_train_loss_history": 0.6027717922380655,
  "final_train_loss_history": 0.5168804519563307,
  "best_train_loss_history": 0.5168804519563307,
  "train_loss_reduction": 0.08589134028173484,
  "weight_norm": 16.99197274550064,
  "trace_s": 16.991972745500643,
  "top_eigenvalue": 8.289438606965486,
  "min_eigenvalue": 1.7925937911596734e-08,
  "R1": 0.48784439165019694
}