{
  "alpha": null,
  "seed": 42,
  "n_train": 125,
  "n_population": 5000,
  "train_loss": 0.17269134559495558,
  "population_risk": 0.23335156606657534,
  "bayes_population_risk": 0.09356768304525143,
  "empirical_bayes_risk": 0.09351318013204182,
  "generalization_gap": 0.06066022047161976,
  "excess_population_risk": 0.1397838830213239,
  "runtime_seconds": 50.98353608325124,
  "runtime_per_step_seconds": 0.010196707216650247,
  "initial_objective": 0.24642036511419005,
  "final_objective": 0.1876099237346233,
  "best_objective": 0.1876099237346233,
  "objective_reduction": 0.05881044137956676,
  "initial_train_loss_history": 0.24406688244655345,
  "final_train_loss_history": 0.17269134559495558,
  "best_train_loss_history": 0.17269134559495558,
  "train_loss_reduction": 0.07137553685159786,
  "weight_norm": 14.91857114661211,
  "trace_s": 14.918571146612111,
  "top_eigenvalue": 5.894362023528042,
  "min_eigenvalue": 3.796456232789932e-13,
  "R1": 0.3951023168104543,
  "effective_rank": 6.1328226657380815,
  "config_suffix": "cov_circulant_ar1_mask_random_rho_0p9_lambda_1e-05_beta_1_d_100_T_5_lr_0p001_iter_5000_ntrain_125_seed_42"
}