{
  "alpha": null,
  "seed": 42,
  "n_train": 2000,
  "n_population": 5000,
  "train_loss": 0.5342518499276064,
  "population_risk": 0.5487858561956246,
  "bayes_population_risk": 0.1214410313285021,
  "empirical_bayes_risk": 0.12077857680860718,
  "generalization_gap": 0.014534006268018151,
  "excess_population_risk": 0.4273448248671225,
  "runtime_seconds": 64.17174711078405,
  "runtime_per_step_seconds": 0.012834349422156811,
  "initial_objective": 0.5755416021246406,
  "final_objective": 0.5472112043898884,
  "best_objective": 0.5472112043898884,
  "objective_reduction": 0.02833039773475221,
  "initial_train_loss_history": 0.5736457347284319,
  "final_train_loss_history": 0.5342518499276064,
  "best_train_loss_history": 0.5342518381947298,
  "train_loss_reduction": 0.03939388480082551,
  "weight_norm": 12.959353394102921,
  "trace_s": 12.95935339410292,
  "top_eigenvalue": 3.5986186141394327,
  "min_eigenvalue": 3.7389402858357065e-15,
  "R1": 0.27768504374430936,
  "effective_rank": 11.902866318000816,
  "config_suffix": "cov_toeplitz_bump_mask_random_rho_0p7_lambda_1e-05_beta_1_d_100_T_5_lr_0p001_iter_5000_ntrain_2000_seed_42",
  "ridge_lambda": 0.01,
  "ridge_train_loss": 0.12111915521901068,
  "ridge_population_risk": 0.1210475579599562,
  "ridge_generalization_gap": -7.159725905447889e-05,
  "ridge_excess_population_risk": -0.0003934733685459074,
  "pca_n_components": 75,
  "pca_train_loss": 0.573856547892846,
  "pca_population_risk": 0.6623463374059676,
  "pca_generalization_gap": 0.08848978951312159,
  "pca_excess_population_risk": 0.5409053060774655
}