{
  "alpha": null,
  "seed": 42,
  "n_train": 1250,
  "n_population": 5000,
  "train_loss": 0.9951985475588393,
  "population_risk": 0.9935485671031627,
  "bayes_population_risk": 0.7166519216006867,
  "empirical_bayes_risk": 0.716441762477729,
  "generalization_gap": -0.0016499804556765474,
  "excess_population_risk": 0.27689664550247606,
  "runtime_seconds": 225.2980661354959,
  "runtime_per_step_seconds": 0.04505961322709918,
  "initial_objective": 0.998334689478691,
  "final_objective": 0.9960911224905411,
  "best_objective": 0.9960911224905411,
  "objective_reduction": 0.00224356698814987,
  "initial_train_loss_history": 0.997755098253371,
  "final_train_loss_history": 0.9951985475588393,
  "best_train_loss_history": 0.9951985374021937,
  "train_loss_reduction": 0.002556550694531756,
  "weight_norm": 1.7851498571169193,
  "trace_s": 1.785149857116919,
  "top_eigenvalue": 0.8755403583380552,
  "min_eigenvalue": -1.6344273957275072e-17,
  "R1": 0.49045762452239366,
  "effective_rank": 2.7988191634686976,
  "config_suffix": "cov_matern_mask_random_rho_NA_lambda_1e-05_beta_1_d_50_T_10_lr_0p001_iter_5000_ntrain_1250_seed_42"
}