{
  "alpha": null,
  "seed": 42,
  "n_train": 300,
  "n_population": 5000,
  "train_loss": 0.9422243225034695,
  "population_risk": 0.9841455102639902,
  "bayes_population_risk": 0.8028223802788139,
  "empirical_bayes_risk": 0.802673879062292,
  "generalization_gap": 0.04192118776052067,
  "excess_population_risk": 0.1813231299851763,
  "runtime_seconds": 26.8260196801275,
  "runtime_per_step_seconds": 0.0053652039360255,
  "initial_objective": 0.9660737698309168,
  "final_objective": 0.9466683875621547,
  "best_objective": 0.9466683875621547,
  "objective_reduction": 0.019405382268762095,
  "initial_train_loss_history": 0.9652360539571014,
  "final_train_loss_history": 0.9422243225034695,
  "best_train_loss_history": 0.9422243225034695,
  "train_loss_reduction": 0.02301173145363189,
  "weight_norm": 8.888129257585597,
  "trace_s": 8.888129257585595,
  "top_eigenvalue": 2.311309624993569,
  "min_eigenvalue": 1.8746684416264968e-13,
  "R1": 0.2600445558350736,
  "effective_rank": 5.903999576259117,
  "config_suffix": "cov_exponential_mask_random_rho_NA_lambda_1e-05_beta_1_d_50_T_5_lr_0p001_iter_5000_ntrain_300_seed_42",
  "ridge_lambda": 0.01,
  "ridge_train_loss": 0.7791778172252333,
  "ridge_population_risk": 0.8128421969759148,
  "ridge_generalization_gap": 0.033664379750681483,
  "ridge_excess_population_risk": 0.010019816697100836,
  "pca_n_components": 75,
  "pca_train_loss": 0.6443518034125263,
  "pca_population_risk": 1.3135803099666405,
  "pca_generalization_gap": 0.6692285065541143,
  "pca_excess_population_risk": 0.5107579296878266
}