{
  "alpha": null,
  "seed": 42,
  "n_train": 2000,
  "n_population": 5000,
  "train_loss": 1.04804106719399,
  "population_risk": 1.0475412452921178,
  "bayes_population_risk": 0.8423761467889908,
  "empirical_bayes_risk": 0.9109817108181844,
  "generalization_gap": -0.0004998219018721439,
  "excess_population_risk": 0.20516509850312703,
  "runtime_seconds": 147.74105368368328,
  "runtime_per_step_seconds": 0.1477410536836833,
  "initial_objective": 1.0498598721422239,
  "final_objective": 1.0482686768023683,
  "best_objective": 1.0482686768023683,
  "objective_reduction": 0.0015911953398555223,
  "initial_train_loss_history": 1.0488447121575923,
  "final_train_loss_history": 1.04804106719399,
  "best_train_loss_history": 1.04804106719399,
  "train_loss_reduction": 0.0008036449636024123,
  "weight_norm": 0.2276096018270698,
  "trace_s": 0.22760960182706977,
  "top_eigenvalue": 0.22760925065782345,
  "min_eigenvalue": 1.4031088322634472e-19,
  "R1": 0.9999984571422135
}