{
  "alpha": 3.0,
  "seed": 0,
  "n_train": 7500,
  "n_population": 5000,
  "train_loss": 0.8584932848302352,
  "population_risk": 0.8503583305848464,
  "bayes_population_risk": 0.66,
  "empirical_bayes_risk": 0.6562527752992612,
  "generalization_gap": -0.008134954245388792,
  "excess_population_risk": 0.1903583305848464,
  "runtime_seconds": 129.4817243749858,
  "runtime_per_step_seconds": 0.12948172437498578,
  "initial_objective": 0.9155577486690485,
  "final_objective": 0.8584932848302352,
  "best_objective": 0.8584932848302351,
  "objective_reduction": 0.05706446383881325,
  "initial_train_loss_history": 2.0022648316890925,
  "final_train_loss_history": 0.8584932848302352,
  "best_train_loss_history": 0.8524033067770198,
  "train_loss_reduction": 1.1437715468588574,
  "weight_norm": 2.1633748294853262e-19,
  "trace_s": 2.1633748294853262e-19,
  "top_eigenvalue": 2.1603106016192986e-19,
  "min_eigenvalue": -6.152915900759245e-35,
  "R1": NaN
}