{
  "alpha": null,
  "seed": 42,
  "n_train": 1000,
  "n_population": 5000,
  "train_loss": 0.513805719319568,
  "population_risk": 0.5704899966741683,
  "bayes_population_risk": 0.1214410313285021,
  "empirical_bayes_risk": 0.12387714893657353,
  "generalization_gap": 0.056684277354600354,
  "excess_population_risk": 0.44904896534566624,
  "runtime_seconds": 40.999150805175304,
  "runtime_per_step_seconds": 0.00819983016103506,
  "initial_objective": 0.5684279703289247,
  "final_objective": 0.5306101849155976,
  "best_objective": 0.5306101849155976,
  "objective_reduction": 0.03781778541332703,
  "initial_train_loss_history": 0.5665992275815646,
  "final_train_loss_history": 0.513805719319568,
  "best_train_loss_history": 0.513805719319568,
  "train_loss_reduction": 0.05279350826199658,
  "weight_norm": 16.80446405091718,
  "trace_s": 16.80446405091718,
  "top_eigenvalue": 5.350170748638673,
  "min_eigenvalue": 1.805381290612462e-14,
  "R1": 0.3183779460283749,
  "effective_rank": 10.071709392250272,
  "config_suffix": "cov_toeplitz_bump_mask_random_rho_0p7_lambda_1e-05_beta_1_d_100_T_5_lr_0p001_iter_5000_ntrain_1000_seed_42",
  "ridge_lambda": 0.01,
  "ridge_train_loss": 0.11855970733311011,
  "ridge_population_risk": 0.12436745715458192,
  "ridge_generalization_gap": 0.005807749821471808,
  "ridge_excess_population_risk": 0.002926425826079812,
  "pca_n_components": 75,
  "pca_train_loss": 0.5299897209429199,
  "pca_population_risk": 0.6936912554336438,
  "pca_generalization_gap": 0.163701534490724,
  "pca_excess_population_risk": 0.5722502241051417
}