{
  "alpha": null,
  "seed": 42,
  "n_train": 2500,
  "n_population": 5000,
  "train_loss": 0.32633960635055226,
  "population_risk": 0.32969210261553,
  "bayes_population_risk": 0.18999999999999984,
  "empirical_bayes_risk": 0.18971658136564562,
  "generalization_gap": 0.0033524962649777446,
  "excess_population_risk": 0.13969210261553017,
  "runtime_seconds": 302.56563223712146,
  "runtime_per_step_seconds": 0.030256563223712146,
  "initial_objective": 0.36475431144933196,
  "final_objective": 0.33156054764101583,
  "best_objective": 0.33156054764101583,
  "objective_reduction": 0.033193763808316123,
  "initial_train_loss_history": 0.3635170870583057,
  "final_train_loss_history": 0.32633960635055226,
  "best_train_loss_history": 0.32633953003260346,
  "train_loss_reduction": 0.03717748070775345,
  "weight_norm": 10.441882577932589,
  "trace_s": 10.44188257793259,
  "top_eigenvalue": 1.2414712925953097,
  "min_eigenvalue": -9.480049901139747e-18,
  "R1": 0.11889343548250388,
  "config_suffix": "cov_toeplitz_mask_last_rho_0p9_lambda_1e-05_beta_1_d_50_T_5_lr_0p001_iter_10000_ntrain_2500_seed_42"
}