{
  "alpha": null,
  "seed": 42,
  "n_train": 2000,
  "n_population": 5000,
  "train_loss": 0.9911459337653259,
  "population_risk": 0.9895854422989567,
  "bayes_population_risk": 0.7166519216006867,
  "empirical_bayes_risk": 0.7160732700699262,
  "generalization_gap": -0.0015604914663691627,
  "excess_population_risk": 0.27293352069827004,
  "runtime_seconds": 89.53994520753622,
  "runtime_per_step_seconds": 0.017907989041507245,
  "initial_objective": 0.994039793769105,
  "final_objective": 0.9918865827749286,
  "best_objective": 0.9918865827749286,
  "objective_reduction": 0.0021532109941764244,
  "initial_train_loss_history": 0.9934765759618254,
  "final_train_loss_history": 0.9911459337653259,
  "best_train_loss_history": 0.9911458346414436,
  "train_loss_reduction": 0.0023306421964994772,
  "weight_norm": 1.4812980080704827,
  "trace_s": 1.4812980080704832,
  "top_eigenvalue": 0.9557547509555997,
  "min_eigenvalue": -2.225228404482591e-18,
  "R1": 0.6452143631790551,
  "effective_rank": 2.402690559838208,
  "config_suffix": "cov_matern_mask_random_rho_NA_lambda_1e-05_beta_1_d_50_T_10_lr_0p001_iter_5000_ntrain_2000_seed_42",
  "ridge_lambda": 0.01,
  "ridge_train_loss": 0.7154382652455078,
  "ridge_population_risk": 0.7191597745891243,
  "ridge_generalization_gap": 0.0037215093436164803,
  "ridge_excess_population_risk": 0.0025078529884375866,
  "pca_n_components": 75,
  "pca_train_loss": 0.8904156476141449,
  "pca_population_risk": 1.0291931137800536,
  "pca_generalization_gap": 0.1387774661659087,
  "pca_excess_population_risk": 0.31254119217936693
}