{
  "alpha": 3.0,
  "seed": 0,
  "n_train": 7500,
  "n_population": 5000,
  "train_loss": 0.8467480180233646,
  "population_risk": 0.8407229526354065,
  "bayes_population_risk": 0.66,
  "empirical_bayes_risk": 0.6562527752992612,
  "generalization_gap": -0.006025065387958106,
  "excess_population_risk": 0.1807229526354065,
  "runtime_seconds": 116.1338374579791,
  "runtime_per_step_seconds": 0.1161338374579791,
  "initial_objective": 0.8655999016206419,
  "final_objective": 0.84719052927734,
  "best_objective": 0.84719052927734,
  "objective_reduction": 0.018409372343301977,
  "initial_train_loss_history": 0.8623818144031213,
  "final_train_loss_history": 0.8467480180233646,
  "best_train_loss_history": 0.8467480180233646,
  "train_loss_reduction": 0.015633796379756704,
  "weight_norm": 0.88416185349164,
  "trace_s": 0.88416185349164,
  "top_eigenvalue": 0.12935856659492515,
  "min_eigenvalue": 2.2486630343250243e-10,
  "R1": 0.14630643256557124
}