{
  "alpha": null,
  "seed": 42,
  "n_train": 200,
  "n_population": 5000,
  "train_loss": 1.0406813596876345,
  "population_risk": 1.0643289132968403,
  "bayes_population_risk": 1.0,
  "empirical_bayes_risk": 1.0075778667405295,
  "generalization_gap": 0.023647553609205785,
  "excess_population_risk": 0.06432891329684032,
  "runtime_seconds": 31.08349929563701,
  "runtime_per_step_seconds": 0.006216699859127402,
  "initial_objective": 1.0486241801534482,
  "final_objective": 1.0420288365120616,
  "best_objective": 1.0420288365120616,
  "objective_reduction": 0.006595343641386586,
  "initial_train_loss_history": 1.0480531456985938,
  "final_train_loss_history": 1.0406813596876345,
  "best_train_loss_history": 1.040672479493987,
  "train_loss_reduction": 0.007371786010959225,
  "weight_norm": 2.694953643449927,
  "trace_s": 2.694953643449927,
  "top_eigenvalue": 2.652164717596199,
  "min_eigenvalue": 3.886724373178523e-17,
  "R1": 0.9841225744428937,
  "effective_rank": 1.0850115502002011,
  "config_suffix": "cov_identity_mask_random_rho_NA_lambda_1e-05_beta_1_d_50_T_20_lr_0p001_iter_5000_ntrain_200_seed_42",
  "ridge_lambda": 0.01,
  "ridge_train_loss": 0.9027405085203308,
  "ridge_population_risk": 1.114645886083872,
  "ridge_generalization_gap": 0.2119053775635411,
  "ridge_excess_population_risk": 0.11464588608387194,
  "pca_n_components": 75,
  "pca_train_loss": 0.5124264604674336,
  "pca_population_risk": 1.0987654617676093,
  "pca_generalization_gap": 0.5863390013001757,
  "pca_excess_population_risk": 0.09876546176760925
}