{
  "alpha": null,
  "seed": 42,
  "n_train": 1500,
  "n_population": 5000,
  "train_loss": 0.2307676025698059,
  "population_risk": 0.23962817858606578,
  "bayes_population_risk": 0.13898342541436456,
  "empirical_bayes_risk": 0.13889307175398627,
  "generalization_gap": 0.008860576016259863,
  "excess_population_risk": 0.10064475317170121,
  "runtime_seconds": 279.3732208739966,
  "runtime_per_step_seconds": 0.05587464417479932,
  "initial_objective": 0.28784620516550063,
  "final_objective": 0.2439480434540738,
  "best_objective": 0.2439480434540738,
  "objective_reduction": 0.043898161711426825,
  "initial_train_loss_history": 0.28564605550498495,
  "final_train_loss_history": 0.2307676025698059,
  "best_train_loss_history": 0.2307676025698059,
  "train_loss_reduction": 0.05487845293517904,
  "weight_norm": 13.180434463141102,
  "trace_s": 13.180434463141108,
  "top_eigenvalue": 1.7715907754252744,
  "min_eigenvalue": 1.3190233995838617e-13,
  "R1": 0.13441065090680446,
  "effective_rank": 16.739185636030435,
  "config_suffix": "cov_toeplitz_mask_random_rho_0p9_lambda_1e-05_beta_1_d_100_T_5_lr_0p001_iter_5000_ntrain_1500_seed_42"
}