{
  "alpha": null,
  "seed": 42,
  "n_train": 80,
  "n_population": 5000,
  "train_loss": 0.6086849602741167,
  "population_risk": 0.7832440663102785,
  "bayes_population_risk": 0.5301185178874289,
  "empirical_bayes_risk": 0.5308128649534537,
  "generalization_gap": 0.17455910603616187,
  "excess_population_risk": 0.2531255484228496,
  "runtime_seconds": 16.163877901621163,
  "runtime_per_step_seconds": 0.0032327755803242325,
  "initial_objective": 0.6955464971401302,
  "final_objective": 0.6130165520016516,
  "best_objective": 0.6130165520016516,
  "objective_reduction": 0.08252994513847856,
  "initial_train_loss_history": 0.6949495091956528,
  "final_train_loss_history": 0.6086849602741167,
  "best_train_loss_history": 0.6086849602741167,
  "train_loss_reduction": 0.08626454892153612,
  "weight_norm": 17.32572968725733,
  "trace_s": 17.32572968725733,
  "top_eigenvalue": 5.749557716435312,
  "min_eigenvalue": 1.4476285282274684e-08,
  "R1": 0.3318508265001952,
  "effective_rank": 5.917187754544435,
  "config_suffix": "cov_exponential_mask_random_rho_NA_lambda_1e-05_beta_1_d_25_T_5_lr_0p001_iter_5000_ntrain_80_seed_42",
  "ridge_lambda": 0.01,
  "ridge_train_loss": 0.4739966645612272,
  "ridge_population_risk": 0.5604849979664245,
  "ridge_generalization_gap": 0.08648833340519729,
  "ridge_excess_population_risk": 0.03036648007899556,
  "pca_n_components": 62,
  "pca_train_loss": 0.0920998596000691,
  "pca_population_risk": 1.5502863089148393,
  "pca_generalization_gap": 1.4581864493147703,
  "pca_excess_population_risk": 1.0201677910274105
}