{
  "alpha": null,
  "seed": 42,
  "n_train": 60,
  "n_population": 5000,
  "train_loss": 0.7124303985891947,
  "population_risk": 0.7803430744518522,
  "bayes_population_risk": 0.5301185178874289,
  "empirical_bayes_risk": 0.5270297698003845,
  "generalization_gap": 0.06791267586265759,
  "excess_population_risk": 0.25022455656442333,
  "runtime_seconds": 17.660757668316364,
  "runtime_per_step_seconds": 0.0035321515336632727,
  "initial_objective": 0.8021120826788777,
  "final_objective": 0.7162017811265269,
  "best_objective": 0.7162017811265269,
  "objective_reduction": 0.0859103015523508,
  "initial_train_loss_history": 0.8012987231617108,
  "final_train_loss_history": 0.7124303985891947,
  "best_train_loss_history": 0.7124303985891947,
  "train_loss_reduction": 0.08886832457251614,
  "weight_norm": 15.085121241685913,
  "trace_s": 15.085121241685911,
  "top_eigenvalue": 6.510035916067335,
  "min_eigenvalue": 3.4380191363963037e-09,
  "R1": 0.43155343677832947,
  "effective_rank": 3.7261486538241826,
  "config_suffix": "cov_exponential_mask_random_rho_NA_lambda_1e-05_beta_1_d_25_T_5_lr_0p001_iter_5000_ntrain_60_seed_42",
  "ridge_lambda": 0.01,
  "ridge_train_loss": 0.49883521281405974,
  "ridge_population_risk": 0.5715110960021003,
  "ridge_generalization_gap": 0.07267588318804052,
  "ridge_excess_population_risk": 0.04139257811467134,
  "pca_n_components": 62,
  "pca_train_loss": 1.2766680862023789e-15,
  "pca_population_risk": 1.6042186654272936,
  "pca_generalization_gap": 1.6042186654272923,
  "pca_excess_population_risk": 1.0741001475398648
}