{
  "alpha": null,
  "seed": 42,
  "n_train": 60,
  "n_population": 5000,
  "train_loss": 0.23722320767579996,
  "population_risk": 0.5114012954899044,
  "bayes_population_risk": 0.07006953088198194,
  "empirical_bayes_risk": 0.06944820946674662,
  "generalization_gap": 0.27417808781410447,
  "excess_population_risk": 0.4413317646079225,
  "runtime_seconds": 24.53547398932278,
  "runtime_per_step_seconds": 0.004907094797864556,
  "initial_objective": 0.4121679252892059,
  "final_objective": 0.25273730578111925,
  "best_objective": 0.25273730578111925,
  "objective_reduction": 0.15943061950808668,
  "initial_train_loss_history": 0.4111813776462859,
  "final_train_loss_history": 0.23722320767579996,
  "best_train_loss_history": 0.23722320767579996,
  "train_loss_reduction": 0.1739581699704859,
  "weight_norm": 62.052477755545695,
  "trace_s": 62.05247775554571,
  "top_eigenvalue": 42.19816169388686,
  "min_eigenvalue": 1.3659783547799102e-07,
  "R1": 0.6800399149269355,
  "effective_rank": 3.375155463414214,
  "config_suffix": "cov_matern_mask_random_rho_NA_lambda_1e-05_beta_1_d_25_T_5_lr_0p001_iter_5000_ntrain_60_seed_42"
}