{
  "alpha": null,
  "seed": 42,
  "n_train": 1000,
  "n_population": 5000,
  "train_loss": 1.1135467039719285,
  "population_risk": 1.11976989178993,
  "bayes_population_risk": 0.91,
  "empirical_bayes_risk": 0.9092899604365139,
  "generalization_gap": 0.006223187818001463,
  "excess_population_risk": 0.20976989178992989,
  "runtime_seconds": 30.121404867619276,
  "runtime_per_step_seconds": 0.030121404867619276,
  "initial_objective": 1.1205045761692758,
  "final_objective": 1.1142474132577986,
  "best_objective": 1.114247412973204,
  "objective_reduction": 0.006257162911477154,
  "initial_train_loss_history": 1.1151542540559263,
  "final_train_loss_history": 1.1135467039719285,
  "best_train_loss_history": 1.1134823663848101,
  "train_loss_reduction": 0.0016075500839978218,
  "weight_norm": 0.1401418122886013,
  "trace_s": 0.1401418122886013,
  "top_eigenvalue": 0.14014181208755422,
  "min_eigenvalue": 1.5097729689350597e-17,
  "R1": 0.9999999985654029,
  "config_suffix": "cov_toeplitz_mask_last_rho_0p3_lambda_0p0001_beta_1_d_50_T_5_lr_0p01_iter_1000_ntrain_1000_seed_42"
}