{
  "alpha": null,
  "seed": 42,
  "n_train": 400,
  "n_population": 5000,
  "train_loss": 1.0550824993805412,
  "population_risk": 1.053388539848368,
  "bayes_population_risk": 1.0,
  "empirical_bayes_risk": 1.0033120029367255,
  "generalization_gap": -0.001693959532173217,
  "excess_population_risk": 0.053388539848368,
  "runtime_seconds": 148.11998696811497,
  "runtime_per_step_seconds": 0.029623997393622994,
  "initial_objective": 1.0584092242518954,
  "final_objective": 1.0558014268934626,
  "best_objective": 1.055801426893375,
  "objective_reduction": 0.0026077973584328618,
  "initial_train_loss_history": 1.0564187585141809,
  "final_train_loss_history": 1.0550824993805412,
  "best_train_loss_history": 1.0550821086959816,
  "train_loss_reduction": 0.0013362591336396612,
  "weight_norm": 0.3594637564626382,
  "trace_s": 0.3594637564626383,
  "top_eigenvalue": 0.3594637564625476,
  "min_eigenvalue": -8.32824348908868e-18,
  "R1": 0.9999999999997479,
  "effective_rank": 1.0,
  "config_suffix": "cov_identity_mask_random_rho_NA_lambda_1e-05_beta_1_d_200_T_20_lr_0p001_iter_5000_ntrain_400_seed_42"
}