{
  "alpha": null,
  "seed": 42,
  "n_train": 80,
  "n_population": 5000,
  "train_loss": 0.6164626918112834,
  "population_risk": 0.9328979893552146,
  "bayes_population_risk": 0.10837348066298334,
  "empirical_bayes_risk": 0.10791996301616673,
  "generalization_gap": 0.3164352975439312,
  "excess_population_risk": 0.8245245086922313,
  "runtime_seconds": 92.3064208291471,
  "runtime_per_step_seconds": 0.01846128416582942,
  "initial_objective": 0.7406479763885606,
  "final_objective": 0.6293982492350111,
  "best_objective": 0.6293982492350111,
  "objective_reduction": 0.11124972715354953,
  "initial_train_loss_history": 0.7399329667942276,
  "final_train_loss_history": 0.6164626918112834,
  "best_train_loss_history": 0.6164626918112834,
  "train_loss_reduction": 0.12347027498294416,
  "weight_norm": 25.871104366798725,
  "trace_s": 25.871104366798722,
  "top_eigenvalue": 25.863822979621435,
  "min_eigenvalue": 4.2362869121497614e-16,
  "R1": 0.9997185513585335,
  "effective_rank": 1.0030632102802566,
  "config_suffix": "cov_toeplitz_mask_random_rho_0p9_lambda_1e-05_beta_1_d_50_T_50_lr_0p001_iter_5000_ntrain_80_seed_42"
}