{
  "alpha": null,
  "seed": 42,
  "n_train": 125,
  "n_population": 5000,
  "train_loss": 0.33945369658455743,
  "population_risk": 0.6837229216053141,
  "bayes_population_risk": 0.1134751381215469,
  "empirical_bayes_risk": 0.11406633256519154,
  "generalization_gap": 0.3442692250207567,
  "excess_population_risk": 0.5702477834837673,
  "runtime_seconds": 58.50119338184595,
  "runtime_per_step_seconds": 0.01170023867636919,
  "initial_objective": 0.4931334428345344,
  "final_objective": 0.3728719091050818,
  "best_objective": 0.3728719091050818,
  "objective_reduction": 0.12026153372945264,
  "initial_train_loss_history": 0.4919287341023303,
  "final_train_loss_history": 0.33945369658455743,
  "best_train_loss_history": 0.33945369658455743,
  "train_loss_reduction": 0.15247503751777286,
  "weight_norm": 33.41819636698544,
  "trace_s": 33.418196366985434,
  "top_eigenvalue": 24.7070562662821,
  "min_eigenvalue": 1.9161720994881457e-14,
  "R1": 0.7393294358246912,
  "effective_rank": 2.628264572338011,
  "config_suffix": "cov_toeplitz_mask_random_rho_0p9_lambda_1e-05_beta_1_d_100_T_20_lr_0p001_iter_5000_ntrain_125_seed_42"
}