{
  "alpha": null,
  "seed": 42,
  "n_train": 70,
  "n_population": 5000,
  "train_loss": 0.4063443028773038,
  "population_risk": 1.3155910450226258,
  "bayes_population_risk": 0.24553354982376377,
  "empirical_bayes_risk": 0.24653806240565024,
  "generalization_gap": 0.9092467421453221,
  "excess_population_risk": 1.070057495198862,
  "runtime_seconds": 63.352572824805975,
  "runtime_per_step_seconds": 0.012670514564961195,
  "initial_objective": 0.7730220826451167,
  "final_objective": 0.46360128089471064,
  "best_objective": 0.46360128089471064,
  "objective_reduction": 0.3094208017504061,
  "initial_train_loss_history": 0.7716787550995285,
  "final_train_loss_history": 0.4063443028773038,
  "best_train_loss_history": 0.4063443028773038,
  "train_loss_reduction": 0.36533445222222477,
  "weight_norm": 57.25669883695001,
  "trace_s": 57.25669883695001,
  "top_eigenvalue": 36.622673303651894,
  "min_eigenvalue": 1.305267545322236e-13,
  "R1": 0.6396225078910389,
  "effective_rank": 3.140818497581247,
  "config_suffix": "cov_matern_mask_random_rho_NA_lambda_1e-05_beta_1_d_100_T_10_lr_0p001_iter_5000_ntrain_70_seed_42"
}