{
  "alpha": null,
  "seed": 42,
  "n_train": 1250,
  "n_population": 5000,
  "train_loss": 0.5429781510036327,
  "population_risk": 0.5505415810914198,
  "bayes_population_risk": 0.1214410313285021,
  "empirical_bayes_risk": 0.12219959369653031,
  "generalization_gap": 0.0075634300877871485,
  "excess_population_risk": 0.4291005497629177,
  "runtime_seconds": 30.428756115958095,
  "runtime_per_step_seconds": 0.006085751223191619,
  "initial_objective": 0.5796503750774327,
  "final_objective": 0.5452630628464161,
  "best_objective": 0.5452630628464161,
  "objective_reduction": 0.03438731223101654,
  "initial_train_loss_history": 0.5789385613271083,
  "final_train_loss_history": 0.5429781510036327,
  "best_train_loss_history": 0.5429781510036327,
  "train_loss_reduction": 0.03596041032347563,
  "weight_norm": 9.139611259583775,
  "trace_s": 9.139611259583775,
  "top_eigenvalue": 2.1216551000398476,
  "min_eigenvalue": 3.756120461317255e-12,
  "R1": 0.23213844000368003,
  "effective_rank": 7.210506785018019,
  "config_suffix": "cov_toeplitz_bump_mask_random_rho_0p7_lambda_1e-05_beta_1_d_25_T_5_lr_0p001_iter_5000_ntrain_1250_seed_42",
  "ridge_lambda": 0.01,
  "ridge_train_loss": 0.12267509793079348,
  "ridge_population_risk": 0.12246468350667396,
  "ridge_generalization_gap": -0.00021041442411952327,
  "ridge_excess_population_risk": 0.0010236521781718522,
  "pca_n_components": 62,
  "pca_train_loss": 0.29837992467705043,
  "pca_population_risk": 0.350773620241345,
  "pca_generalization_gap": 0.05239369556429457,
  "pca_excess_population_risk": 0.22933258891284292
}