{
  "alpha": 0.5,
  "seed": 0,
  "n_train": 1250,
  "n_population": 5000,
  "train_loss": 2.0103917283363293,
  "population_risk": 1.9922979178318145,
  "bayes_population_risk": 0.66,
  "empirical_bayes_risk": 0.6596827905453209,
  "generalization_gap": -0.01809381050451475,
  "excess_population_risk": 1.3322979178318146,
  "runtime_seconds": 26.17315841699019,
  "runtime_per_step_seconds": 0.02617315841699019,
  "initial_objective": 0.8683124536089208,
  "final_objective": 2.0108687141517994,
  "best_objective": 0.8683124536089208,
  "objective_reduction": -1.1425562605428785,
  "initial_train_loss_history": 2.008204767830023,
  "final_train_loss_history": 2.0103917283363293,
  "best_train_loss_history": 1.7004509306751283,
  "train_loss_reduction": -0.002186960506306068,
  "weight_norm": 0.9480667031551688,
  "trace_s": 0.9480667031551689,
  "top_eigenvalue": 0.9295728103843476,
  "min_eigenvalue": -7.420073573716697e-17,
  "R1": 0.9804930468401922
}