{
  "alpha": null,
  "seed": 42,
  "n_train": 20,
  "n_population": 5000,
  "train_loss": 0.5135846500708295,
  "population_risk": 1.2762973341268908,
  "bayes_population_risk": 0.5301185178874289,
  "empirical_bayes_risk": 0.5294273232972995,
  "generalization_gap": 0.7627126840560613,
  "excess_population_risk": 0.7461788162394619,
  "runtime_seconds": 16.738274674862623,
  "runtime_per_step_seconds": 0.0033476549349725246,
  "initial_objective": 0.704712332746438,
  "final_objective": 0.53045585580276,
  "best_objective": 0.53045585580276,
  "objective_reduction": 0.17425647694367796,
  "initial_train_loss_history": 0.7030334634190507,
  "final_train_loss_history": 0.5135846500708295,
  "best_train_loss_history": 0.5135846500708295,
  "train_loss_reduction": 0.18944881334822117,
  "weight_norm": 16.871189911065134,
  "trace_s": 16.871189911065134,
  "top_eigenvalue": 11.899583649213493,
  "min_eigenvalue": 2.621263068778215e-13,
  "R1": 0.7053197617916107,
  "effective_rank": 2.2920663267711756,
  "config_suffix": "cov_exponential_mask_random_rho_NA_lambda_1e-05_beta_1_d_100_T_5_lr_0p001_iter_5000_ntrain_20_seed_42",
  "ridge_lambda": 0.01,
  "ridge_train_loss": 0.4104754740708689,
  "ridge_population_risk": 0.661251909151498,
  "ridge_generalization_gap": 0.25077643508062913,
  "ridge_excess_population_risk": 0.1311333912640691,
  "pca_n_components": 75,
  "pca_train_loss": 1.5921325298472967e-16,
  "pca_population_risk": 1.0493891659071577,
  "pca_generalization_gap": 1.0493891659071575,
  "pca_excess_population_risk": 0.5192706480197288
}