{
  "alpha": 2.0,
  "seed": 0,
  "n_train": 5000,
  "n_population": 5000,
  "train_loss": 0.39744209567214794,
  "population_risk": 0.39578967797938647,
  "bayes_population_risk": 0.28975609756097553,
  "empirical_bayes_risk": 0.2893972499642421,
  "weight_norm": 1.7380617331701589,
  "trace_s": 1.7380617331701589,
  "top_eigenvalue": 0.1398387643212696,
  "R1": 0.0804567304213119
}