{
  "alpha": null,
  "seed": 42,
  "n_train": 1000,
  "n_population": 5000,
  "train_loss": 0.325469333842427,
  "population_risk": 0.33041196916307497,
  "bayes_population_risk": 0.18999999999999984,
  "empirical_bayes_risk": 0.19022908070127287,
  "generalization_gap": 0.004942635320647981,
  "excess_population_risk": 0.14041196916307513,
  "runtime_seconds": 12.79272842220962,
  "runtime_per_step_seconds": 0.012792728422209621,
  "initial_objective": 0.3630130717096363,
  "final_objective": 0.33043553968221984,
  "best_objective": 0.33043553968221984,
  "objective_reduction": 0.03257753202741648,
  "initial_train_loss_history": 0.3617915583800558,
  "final_train_loss_history": 0.325469333842427,
  "best_train_loss_history": 0.325469333842427,
  "train_loss_reduction": 0.03632222453762879,
  "weight_norm": 9.926787024576194,
  "trace_s": 9.926787024576196,
  "top_eigenvalue": 1.021096557504685,
  "min_eigenvalue": 2.1612842136680829e-07,
  "R1": 0.10286274450904506,
  "config_suffix": "cov_toeplitz_mask_last_rho_0p9_lambda_1e-05_beta_1_d_50_T_5_lr_0p001_iter_1000_ntrain_1000_seed_42"
}