{
  "alpha": null,
  "seed": 42,
  "n_train": 200,
  "n_population": 5000,
  "train_loss": 0.2545100087657018,
  "population_risk": 0.29387363406697453,
  "bayes_population_risk": 0.06837077148121563,
  "empirical_bayes_risk": 0.06868014329205058,
  "generalization_gap": 0.03936362530127274,
  "excess_population_risk": 0.2255028625857589,
  "runtime_seconds": 43.443764705210924,
  "runtime_per_step_seconds": 0.008688752941042184,
  "initial_objective": 0.29336271098782574,
  "final_objective": 0.26284605678273343,
  "best_objective": 0.26284605678273343,
  "objective_reduction": 0.03051665420509231,
  "initial_train_loss_history": 0.2925095643631531,
  "final_train_loss_history": 0.2545100087657018,
  "best_train_loss_history": 0.2545100087657018,
  "train_loss_reduction": 0.03799955559745133,
  "weight_norm": 16.67208763567441,
  "trace_s": 16.672087635674412,
  "top_eigenvalue": 8.076558663351173,
  "min_eigenvalue": 1.2406079732812166e-12,
  "R1": 0.4844359530638025,
  "effective_rank": 5.094410476635118,
  "config_suffix": "cov_circulant_ar1_mask_random_rho_0p9_lambda_1e-05_beta_1_d_50_T_10_lr_0p001_iter_5000_ntrain_200_seed_42"
}