{
  "alpha": null,
  "seed": 42,
  "n_train": 150,
  "n_population": 5000,
  "train_loss": 0.3941942013179885,
  "population_risk": 1.056348519465004,
  "bayes_population_risk": 0.10837348066298334,
  "empirical_bayes_risk": 0.1082585263909185,
  "generalization_gap": 0.6621543181470155,
  "excess_population_risk": 0.9479750388020206,
  "runtime_seconds": 250.8609560355544,
  "runtime_per_step_seconds": 0.05017219120711088,
  "initial_objective": 0.7108435035508063,
  "final_objective": 0.480305271055677,
  "best_objective": 0.480305271055677,
  "objective_reduction": 0.23053823249512928,
  "initial_train_loss_history": 0.7086140824731606,
  "final_train_loss_history": 0.3941942013179885,
  "best_train_loss_history": 0.3941942013179885,
  "train_loss_reduction": 0.3144198811551721,
  "weight_norm": 43.055528971021516,
  "trace_s": 43.0555289710215,
  "top_eigenvalue": 36.91514447872589,
  "min_eigenvalue": 5.740611852312957e-16,
  "R1": 0.8573845301859285,
  "effective_rank": 1.8011650620239217,
  "config_suffix": "cov_toeplitz_mask_random_rho_0p9_lambda_1e-05_beta_1_d_200_T_50_lr_0p001_iter_5000_ntrain_150_seed_42"
}