{
  "alpha": null,
  "seed": 42,
  "n_train": 2000,
  "n_population": 5000,
  "train_loss": 1.2191672629333519,
  "population_risk": 1.194762695728147,
  "bayes_population_risk": 1.0,
  "empirical_bayes_risk": 1.0009299864130596,
  "generalization_gap": -0.024404567205204897,
  "excess_population_risk": 0.19476269572814697,
  "runtime_seconds": 36.36723216436803,
  "runtime_per_step_seconds": 0.007273446432873607,
  "initial_objective": 1.2216791664285653,
  "final_objective": 1.2192963936559509,
  "best_objective": 1.2192963936559509,
  "objective_reduction": 0.00238277277261445,
  "initial_train_loss_history": 1.2213404728460096,
  "final_train_loss_history": 1.2191672629333519,
  "best_train_loss_history": 1.2191672187537588,
  "train_loss_reduction": 0.002173209912657681,
  "weight_norm": 0.5165228708438865,
  "trace_s": 0.5165228708438865,
  "top_eigenvalue": 0.3707646057807078,
  "min_eigenvalue": -5.4598069259982e-18,
  "R1": 0.7178086909781145,
  "effective_rank": 1.8142358704570762,
  "config_suffix": "cov_identity_mask_random_rho_NA_lambda_1e-05_beta_1_d_25_T_5_lr_0p001_iter_5000_ntrain_2000_seed_42",
  "ridge_lambda": 0.01,
  "ridge_train_loss": 1.0133355642583404,
  "ridge_population_risk": 1.002374153511181,
  "ridge_generalization_gap": -0.010961410747159395,
  "ridge_excess_population_risk": 0.0023741535111809764,
  "pca_n_components": 62,
  "pca_train_loss": 2.0906017563422705,
  "pca_population_risk": 2.625060269244047,
  "pca_generalization_gap": 0.5344585129017765,
  "pca_excess_population_risk": 1.625060269244047
}