{
  "alpha": 1.0,
  "seed": 0,
  "n_train": 2500,
  "n_population": 5000,
  "train_loss": 0.9006719837554856,
  "population_risk": 0.9084009962694789,
  "bayes_population_risk": 0.6299999999999999,
  "empirical_bayes_risk": 0.6321589965112439,
  "generalization_gap": 0.007729012513993272,
  "excess_population_risk": 0.278400996269479,
  "runtime_seconds": 54.282281499996316,
  "runtime_per_step_seconds": 0.05428228149999632,
  "initial_objective": 0.9129731822263938,
  "final_objective": 0.9018302208145611,
  "best_objective": 0.9018302208145611,
  "objective_reduction": 0.011142961411832686,
  "initial_train_loss_history": 0.9034110658293312,
  "final_train_loss_history": 0.9006719837554856,
  "best_train_loss_history": 0.9006624748207501,
  "train_loss_reduction": 0.0027390820738455446,
  "weight_norm": 0.2316473635541084,
  "trace_s": 0.23164736355410842,
  "top_eigenvalue": 0.1588608936537042,
  "min_eigenvalue": 1.922994036945107e-18,
  "R1": 0.685787617939357
}