{
  "alpha": null,
  "seed": 42,
  "n_train": 5000,
  "n_population": 5000,
  "train_loss": 1.2016470689606142,
  "population_risk": 1.191480138395373,
  "bayes_population_risk": 1.0,
  "empirical_bayes_risk": 0.9935379658135461,
  "generalization_gap": -0.010166930565241206,
  "excess_population_risk": 0.19148013839537303,
  "runtime_seconds": 52.512542847543955,
  "runtime_per_step_seconds": 0.010502508569508791,
  "initial_objective": 1.2035874829612054,
  "final_objective": 1.201668242312836,
  "best_objective": 1.201668242312836,
  "objective_reduction": 0.001919240648369458,
  "initial_train_loss_history": 1.203290815097294,
  "final_train_loss_history": 1.2016470689606142,
  "best_train_loss_history": 1.2016465623406556,
  "train_loss_reduction": 0.0016437461366798356,
  "weight_norm": 0.08469338715376308,
  "trace_s": 0.0846933871537631,
  "top_eigenvalue": 0.08460645004461417,
  "min_eigenvalue": 1.0304423895003173e-18,
  "R1": 0.998973507707384,
  "effective_rank": 1.008124038598534,
  "config_suffix": "cov_identity_mask_random_rho_NA_lambda_1e-05_beta_1_d_25_T_5_lr_0p001_iter_5000_ntrain_5000_seed_42",
  "ridge_lambda": 0.01,
  "ridge_train_loss": 1.0009038463817854,
  "ridge_population_risk": 0.9940534323735774,
  "ridge_generalization_gap": -0.006850414008208072,
  "ridge_excess_population_risk": -0.00594656762642265,
  "pca_n_components": 62,
  "pca_train_loss": 2.346018218527538,
  "pca_population_risk": 2.682870350519593,
  "pca_generalization_gap": 0.33685213199205544,
  "pca_excess_population_risk": 1.6828703505195932
}