{
  "alpha": null,
  "seed": 42,
  "n_train": 5000,
  "n_population": 5000,
  "train_loss": 1.1504153194010611,
  "population_risk": 1.1544329049175108,
  "bayes_population_risk": 0.9000135482996884,
  "empirical_bayes_risk": 0.899992517724235,
  "generalization_gap": 0.0040175855164497065,
  "excess_population_risk": 0.25441935661782245,
  "runtime_seconds": 544.329458668828,
  "runtime_per_step_seconds": 0.0544329458668828,
  "initial_objective": 1.151970254390693,
  "final_objective": 1.1504873814977135,
  "best_objective": 1.150487381497713,
  "objective_reduction": 0.0014828728929794366,
  "initial_train_loss_history": 1.1514363458377486,
  "final_train_loss_history": 1.1504153194010611,
  "best_train_loss_history": 1.150415285637052,
  "train_loss_reduction": 0.0010210264366874444,
  "weight_norm": 0.14412419330499177,
  "trace_s": 0.1441241933049918,
  "top_eigenvalue": 0.14412419330499174,
  "min_eigenvalue": -3.458229924854371e-17,
  "R1": 0.9999999999999998,
  "config_suffix": "cov_tridiagonal_mask_last_rho_0p3_lambda_1e-05_beta_1_d_50_T_5_lr_0p001_iter_10000_ntrain_5000_seed_42"
}