{
  "alpha": null,
  "seed": 42,
  "n_train": 2000,
  "n_population": 5000,
  "train_loss": 0.9639654721133215,
  "population_risk": 0.9738567519688645,
  "bayes_population_risk": 0.45666666666666667,
  "empirical_bayes_risk": 0.4549332433416719,
  "generalization_gap": 0.009891279855542945,
  "excess_population_risk": 0.5171900853021978,
  "runtime_seconds": 304.975460447371,
  "runtime_per_step_seconds": 0.0609950920894742,
  "initial_objective": 0.977315847241634,
  "final_objective": 0.9693649817278689,
  "best_objective": 0.9693649817278689,
  "objective_reduction": 0.007950865513765115,
  "initial_train_loss_history": 0.9759596313398893,
  "final_train_loss_history": 0.9639654721133215,
  "best_train_loss_history": 0.963961094266207,
  "train_loss_reduction": 0.011994159226567769,
  "weight_norm": 5.399509589818745,
  "trace_s": 5.399509589818743,
  "top_eigenvalue": 1.9111981999204097,
  "min_eigenvalue": 3.6738867660290963e-16,
  "R1": 0.35395773785162726,
  "effective_rank": 6.79116105655444,
  "config_suffix": "cov_tridiagonal_mask_random_rho_0p5_lambda_1e-05_beta_1_d_100_T_5_lr_0p001_iter_5000_ntrain_2000_seed_42"
}