{
  "alpha": null,
  "seed": 42,
  "n_train": 175,
  "n_population": 5000,
  "train_loss": 0.22292268658695316,
  "population_risk": 0.24081244607685198,
  "bayes_population_risk": 0.13898342541436456,
  "empirical_bayes_risk": 0.13808805480512068,
  "generalization_gap": 0.01788975948989882,
  "excess_population_risk": 0.10182902066248742,
  "runtime_seconds": 16.945998519659042,
  "runtime_per_step_seconds": 0.0033891997039318085,
  "initial_objective": 0.2991402926247731,
  "final_objective": 0.22783800538030116,
  "best_objective": 0.22783800538030116,
  "objective_reduction": 0.07130228724447193,
  "initial_train_loss_history": 0.29798785780592335,
  "final_train_loss_history": 0.22292268658695316,
  "best_train_loss_history": 0.22292268658695316,
  "train_loss_reduction": 0.07506517121897019,
  "weight_norm": 19.66071001823973,
  "trace_s": 19.660710018239726,
  "top_eigenvalue": 5.8543047596911295,
  "min_eigenvalue": 6.06145266323829e-10,
  "R1": 0.297766700910595,
  "effective_rank": 7.376292021767293,
  "config_suffix": "cov_toeplitz_mask_random_rho_0p9_lambda_1e-05_beta_1_d_25_T_5_lr_0p001_iter_5000_ntrain_175_seed_42",
  "ridge_lambda": 0.01,
  "ridge_train_loss": 0.13730733698014755,
  "ridge_population_risk": 0.14197372336631037,
  "ridge_generalization_gap": 0.0046663863861628185,
  "ridge_excess_population_risk": 0.002990297951945803,
  "pca_n_components": 62,
  "pca_train_loss": 0.1111108927863175,
  "pca_population_risk": 0.30151288969492146,
  "pca_generalization_gap": 0.19040199690860396,
  "pca_excess_population_risk": 0.1625294642805569
}