{
  "alpha": null,
  "seed": 42,
  "n_train": 175,
  "n_population": 5000,
  "train_loss": 0.467160562575654,
  "population_risk": 1.0247346458431918,
  "bayes_population_risk": 0.10837348066298334,
  "empirical_bayes_risk": 0.10835946692966127,
  "generalization_gap": 0.5575740832675378,
  "excess_population_risk": 0.9163611651802085,
  "runtime_seconds": 271.1038345694542,
  "runtime_per_step_seconds": 0.05422076691389084,
  "initial_objective": 0.7279660863112073,
  "final_objective": 0.5375691972951989,
  "best_objective": 0.5375691972951989,
  "objective_reduction": 0.19039688901600837,
  "initial_train_loss_history": 0.725706416650785,
  "final_train_loss_history": 0.467160562575654,
  "best_train_loss_history": 0.467160562575654,
  "train_loss_reduction": 0.2585458540751309,
  "weight_norm": 35.20431165876709,
  "trace_s": 35.2043116587671,
  "top_eigenvalue": 29.644826389888266,
  "min_eigenvalue": 2.5551984608804255e-16,
  "R1": 0.8420794213286561,
  "effective_rank": 1.834726067913209,
  "config_suffix": "cov_toeplitz_mask_random_rho_0p9_lambda_1e-05_beta_1_d_200_T_50_lr_0p001_iter_5000_ntrain_175_seed_42",
  "ridge_lambda": 0.01,
  "ridge_train_loss": 0.07849708511186472,
  "ridge_population_risk": 0.15061571117040304,
  "ridge_generalization_gap": 0.07211862605853832,
  "ridge_excess_population_risk": 0.042242230507419695,
  "pca_n_components": 75,
  "pca_train_loss": 0.4144390505123548,
  "pca_population_risk": 0.9455360551896727,
  "pca_generalization_gap": 0.5310970046773178,
  "pca_excess_population_risk": 0.8371625745266893
}