{
  "alpha": null,
  "seed": 42,
  "n_train": 750,
  "n_population": 5000,
  "train_loss": 0.9867751562832896,
  "population_risk": 0.9950961038789566,
  "bayes_population_risk": 0.7166519216006867,
  "empirical_bayes_risk": 0.7142663286514195,
  "generalization_gap": 0.008320947595667039,
  "excess_population_risk": 0.27844418227826995,
  "runtime_seconds": 33.67335787974298,
  "runtime_per_step_seconds": 0.006734671575948596,
  "initial_objective": 0.9923796787334785,
  "final_objective": 0.9882074386754491,
  "best_objective": 0.9882074386754491,
  "objective_reduction": 0.004172240058029408,
  "initial_train_loss_history": 0.9917718995086635,
  "final_train_loss_history": 0.9867751562832896,
  "best_train_loss_history": 0.9867741190821595,
  "train_loss_reduction": 0.004996743225373912,
  "weight_norm": 2.8645647240361685,
  "trace_s": 2.864564724036169,
  "top_eigenvalue": 1.327276726366485,
  "min_eigenvalue": -2.2671108565451215e-17,
  "R1": 0.46334324905612656,
  "effective_rank": 2.852405096900586,
  "config_suffix": "cov_matern_mask_random_rho_NA_lambda_1e-05_beta_1_d_50_T_10_lr_0p001_iter_5000_ntrain_750_seed_42",
  "ridge_lambda": 0.01,
  "ridge_train_loss": 0.7029015889914069,
  "ridge_population_risk": 0.7225773446339319,
  "ridge_generalization_gap": 0.019675755642524995,
  "ridge_excess_population_risk": 0.00592542303324517,
  "pca_n_components": 75,
  "pca_train_loss": 0.779033460906091,
  "pca_population_risk": 1.062731877976575,
  "pca_generalization_gap": 0.28369841707048404,
  "pca_excess_population_risk": 0.3460799563758884
}