{
  "alpha": null,
  "seed": 42,
  "n_train": 50,
  "n_population": 5000,
  "train_loss": 0.3820902554343671,
  "population_risk": 0.49585060454233787,
  "bayes_population_risk": 0.27570731707317064,
  "empirical_bayes_risk": 0.2749836454028885,
  "generalization_gap": 0.11376034910797078,
  "excess_population_risk": 0.22014328746916723,
  "runtime_seconds": 10.800986478105187,
  "runtime_per_step_seconds": 0.010800986478105188,
  "initial_objective": 0.49566621813893447,
  "final_objective": 0.4329256672944143,
  "best_objective": 0.4329256672944143,
  "objective_reduction": 0.06274055084452018,
  "initial_train_loss_history": 0.4847424061736454,
  "final_train_loss_history": 0.3820902554343671,
  "best_train_loss_history": 0.38205078381503144,
  "train_loss_reduction": 0.1026521507392783,
  "weight_norm": 10.167081401165722,
  "trace_s": 10.16708140116572,
  "top_eigenvalue": 6.526296176251848,
  "min_eigenvalue": 5.677282851695567e-16,
  "R1": 0.6419045858631134
}