{
  "alpha": null,
  "seed": 42,
  "n_train": 400,
  "n_population": 5000,
  "train_loss": 1.1507377876368934,
  "population_risk": 1.155831522830925,
  "bayes_population_risk": 0.96,
  "empirical_bayes_risk": 0.95873563423987,
  "generalization_gap": 0.005093735194031668,
  "excess_population_risk": 0.1958315228309251,
  "runtime_seconds": 61.55969929508865,
  "runtime_per_step_seconds": 0.006155969929508865,
  "initial_objective": 1.159048930376355,
  "final_objective": 1.152102673751452,
  "best_objective": 1.1521026737061895,
  "objective_reduction": 0.006946256624903002,
  "initial_train_loss_history": 1.1539054997649154,
  "final_train_loss_history": 1.1507377876368934,
  "best_train_loss_history": 1.1507365667738327,
  "train_loss_reduction": 0.0031677121280220266,
  "weight_norm": 0.27297723826343634,
  "trace_s": 0.27297723826343634,
  "top_eigenvalue": 0.2729772381487506,
  "min_eigenvalue": 2.8567895563328054e-17,
  "R1": 0.9999999995798704,
  "config_suffix": "cov_toeplitz_mask_last_rho_0p2_lambda_0p0001_beta_1_d_50_T_5_lr_0p001_iter_10000_ntrain_400_seed_42"
}