{
  "alpha": null,
  "seed": 42,
  "n_train": 70,
  "n_population": 5000,
  "train_loss": 0.9819435801083551,
  "population_risk": 1.0349334453274603,
  "bayes_population_risk": 1.0,
  "empirical_bayes_risk": 0.9997598269370584,
  "generalization_gap": 0.0529898652191052,
  "excess_population_risk": 0.034933445327460344,
  "runtime_seconds": 85.50747456587851,
  "runtime_per_step_seconds": 0.017101494913175704,
  "initial_objective": 0.9974032638223475,
  "final_objective": 0.9860966520953696,
  "best_objective": 0.9860966520953692,
  "objective_reduction": 0.011306611726977889,
  "initial_train_loss_history": 0.9963693545974948,
  "final_train_loss_history": 0.9819435801083551,
  "best_train_loss_history": 0.9819433706751745,
  "train_loss_reduction": 0.01442577448913962,
  "weight_norm": 4.153071987014645,
  "trace_s": 4.153071987014645,
  "top_eigenvalue": 4.153071987014644,
  "min_eigenvalue": -1.3565915170072431e-15,
  "R1": 1.0000000000000002,
  "effective_rank": 1.0,
  "config_suffix": "cov_identity_mask_random_rho_NA_lambda_1e-05_beta_1_d_100_T_50_lr_0p001_iter_5000_ntrain_70_seed_42",
  "ridge_lambda": 0.01,
  "ridge_train_loss": 0.3054338142738793,
  "ridge_population_risk": 3.4218802500495307,
  "ridge_generalization_gap": 3.1164464357756514,
  "ridge_excess_population_risk": 2.4218802500495307,
  "pca_n_components": 75,
  "pca_train_loss": 1.0291315232396164e-16,
  "pca_population_risk": 1.0293421674535275,
  "pca_generalization_gap": 1.0293421674535275,
  "pca_excess_population_risk": 0.029342167453527468
}