{
  "alpha": null,
  "seed": 42,
  "n_train": 750,
  "n_population": 5000,
  "train_loss": 0.678494724411577,
  "population_risk": 0.7506519116227206,
  "bayes_population_risk": 0.10837348066298334,
  "empirical_bayes_risk": 0.1086741274375257,
  "generalization_gap": 0.07215718721114361,
  "excess_population_risk": 0.6422784309597372,
  "runtime_seconds": 848.3375734742731,
  "runtime_per_step_seconds": 0.1696675146948546,
  "initial_objective": 0.7211924197110532,
  "final_objective": 0.689011561751984,
  "best_objective": 0.6890115617519837,
  "objective_reduction": 0.03218085795906922,
  "initial_train_loss_history": 0.7190798000183428,
  "final_train_loss_history": 0.678494724411577,
  "best_train_loss_history": 0.6784944831156209,
  "train_loss_reduction": 0.04058507560676583,
  "weight_norm": 5.258418670203546,
  "trace_s": 5.258418670203547,
  "top_eigenvalue": 5.258418670203541,
  "min_eigenvalue": -2.1002353867378373e-15,
  "R1": 0.9999999999999997,
  "effective_rank": 1.0,
  "config_suffix": "cov_toeplitz_mask_random_rho_0p9_lambda_1e-05_beta_1_d_200_T_50_lr_0p001_iter_5000_ntrain_750_seed_42"
}