{
  "alpha": 2.0,
  "seed": 0,
  "n_train": 5000,
  "n_population": 5000,
  "train_loss": 0.9587178186705061,
  "population_risk": 0.9569928392200382,
  "bayes_population_risk": 0.5208333333333334,
  "empirical_bayes_risk": 0.5203553308622908,
  "weight_norm": 0.5975776374323536,
  "trace_s": 0.5975776374323537,
  "top_eigenvalue": 0.06932706520782775,
  "R1": 0.11601348655834809
}