{
  "alpha": null,
  "seed": 42,
  "n_train": 100,
  "n_population": 5000,
  "train_loss": 0.29461325273808403,
  "population_risk": 0.7814522705141532,
  "bayes_population_risk": 0.1134751381215469,
  "empirical_bayes_risk": 0.11336807137464441,
  "generalization_gap": 0.4868390177760692,
  "excess_population_risk": 0.6679771323926064,
  "runtime_seconds": 55.17850805260241,
  "runtime_per_step_seconds": 0.011035701610520482,
  "initial_objective": 0.5067780206869356,
  "final_objective": 0.3400093320904751,
  "best_objective": 0.3400093320904751,
  "objective_reduction": 0.16676868859646043,
  "initial_train_loss_history": 0.5055714196870474,
  "final_train_loss_history": 0.29461325273808403,
  "best_train_loss_history": 0.29461325273808403,
  "train_loss_reduction": 0.2109581669489634,
  "weight_norm": 45.39600175114735,
  "trace_s": 45.396001751147345,
  "top_eigenvalue": 31.607234803250904,
  "min_eigenvalue": 2.8603820369794206e-14,
  "R1": 0.6962559164685036,
  "effective_rank": 3.0662665631660952,
  "config_suffix": "cov_toeplitz_mask_random_rho_0p9_lambda_1e-05_beta_1_d_100_T_20_lr_0p001_iter_5000_ntrain_100_seed_42"
}