{
  "alpha": null,
  "seed": 42,
  "n_train": 100,
  "n_population": 5000,
  "train_loss": 0.8951748383491221,
  "population_risk": 1.0874443213974498,
  "bayes_population_risk": 0.45666666666666667,
  "empirical_bayes_risk": 0.46079632755546246,
  "generalization_gap": 0.1922694830483277,
  "excess_population_risk": 0.6307776547307832,
  "runtime_seconds": 12.117090553045273,
  "runtime_per_step_seconds": 0.012117090553045273,
  "initial_objective": 1.0067781591596365,
  "final_objective": 0.9024704777051165,
  "best_objective": 0.9024704777051165,
  "objective_reduction": 0.10430768145452007,
  "initial_train_loss_history": 1.0058889617331315,
  "final_train_loss_history": 0.8951748383491221,
  "best_train_loss_history": 0.8951748383491221,
  "train_loss_reduction": 0.11071412338400932,
  "weight_norm": 14.575670948676805,
  "trace_s": 14.575670948676805,
  "top_eigenvalue": 6.920986782745324,
  "min_eigenvalue": 4.753055323707282e-08,
  "R1": 0.4748314370649002,
  "config_suffix": "cov_tridiagonal_mask_random_rho_0p5_lambda_1e-05_beta_1_d_50_T_5_lr_0p001_iter_1000_ntrain_100_seed_42"
}