{
  "alpha": null,
  "seed": 42,
  "n_train": 30,
  "n_population": 5000,
  "train_loss": 0.807314999573761,
  "population_risk": 1.307610932332123,
  "bayes_population_risk": 0.7459898192227884,
  "empirical_bayes_risk": 0.7467300174943223,
  "generalization_gap": 0.500295932758362,
  "excess_population_risk": 0.5616211131093346,
  "runtime_seconds": 26.673169182613492,
  "runtime_per_step_seconds": 0.005334633836522698,
  "initial_objective": 0.9825954184198407,
  "final_objective": 0.8306916951555466,
  "best_objective": 0.8306916951555466,
  "objective_reduction": 0.15190372326429402,
  "initial_train_loss_history": 0.9811701449833959,
  "final_train_loss_history": 0.807314999573761,
  "best_train_loss_history": 0.807314999573761,
  "train_loss_reduction": 0.17385514540963498,
  "weight_norm": 23.376669952273705,
  "trace_s": 23.37666995227371,
  "top_eigenvalue": 12.887284556396702,
  "min_eigenvalue": 1.551836537558031e-14,
  "R1": 0.5512882965241692,
  "effective_rank": 3.227478883979359,
  "config_suffix": "cov_matern_mask_random_rho_NA_lambda_1e-05_beta_1_d_100_T_5_lr_0p001_iter_5000_ntrain_30_seed_42",
  "ridge_lambda": 0.01,
  "ridge_train_loss": 0.6621254276787544,
  "ridge_population_risk": 0.8542290176969815,
  "ridge_generalization_gap": 0.19210359001822708,
  "ridge_excess_population_risk": 0.10823919847419305,
  "pca_n_components": 75,
  "pca_train_loss": 1.7518678598221774e-16,
  "pca_population_risk": 1.086390453212756,
  "pca_generalization_gap": 1.0863904532127557,
  "pca_excess_population_risk": 0.34040063398996756
}