{
  "alpha": null,
  "seed": 42,
  "n_train": 40,
  "n_population": 5000,
  "train_loss": 0.831222280501988,
  "population_risk": 1.6461762851285395,
  "bayes_population_risk": 0.2928968253968254,
  "empirical_bayes_risk": 0.2922555982474601,
  "generalization_gap": 0.8149540046265515,
  "excess_population_risk": 1.3532794597317142,
  "runtime_seconds": 33.548148430883884,
  "runtime_per_step_seconds": 0.006709629686176777,
  "initial_objective": 1.0538056857201283,
  "final_objective": 0.8621601809693512,
  "best_objective": 0.8621601809693512,
  "objective_reduction": 0.19164550475077713,
  "initial_train_loss_history": 1.053032744933498,
  "final_train_loss_history": 0.831222280501988,
  "best_train_loss_history": 0.831222280501988,
  "train_loss_reduction": 0.22181046443150998,
  "weight_norm": 61.87497447987432,
  "trace_s": 61.874974479874325,
  "top_eigenvalue": 35.42733748584034,
  "min_eigenvalue": 4.85884474351585e-10,
  "R1": 0.5725632662258883,
  "effective_rank": 3.670390870379243,
  "config_suffix": "cov_tridiagonal_mask_random_rho_0p5_lambda_1e-05_beta_1_d_50_T_10_lr_0p001_iter_5000_ntrain_40_seed_42"
}