{
  "alpha": null,
  "seed": 42,
  "n_train": 1250,
  "n_population": 5000,
  "train_loss": 0.9803650242612867,
  "population_risk": 1.0005380841826184,
  "bayes_population_risk": 0.75,
  "empirical_bayes_risk": 0.750035650737832,
  "generalization_gap": 0.02017305992133167,
  "excess_population_risk": 0.25053808418261836,
  "runtime_seconds": 151.09968111664057,
  "runtime_per_step_seconds": 0.015109968111664056,
  "initial_objective": 0.986389990841683,
  "final_objective": 0.9818933473798419,
  "best_objective": 0.9818933473798416,
  "objective_reduction": 0.004496643461841088,
  "initial_train_loss_history": 0.9858145113303363,
  "final_train_loss_history": 0.9803650242612867,
  "best_train_loss_history": 0.9803629124402682,
  "train_loss_reduction": 0.0054494870690495745,
  "weight_norm": 3.0566462371106593,
  "trace_s": 3.0566462371106597,
  "top_eigenvalue": 0.9064463697736496,
  "min_eigenvalue": -1.7243768931161532e-16,
  "R1": 0.29654932218472274,
  "config_suffix": "cov_toeplitz_mask_last_rho_0p5_lambda_1e-05_beta_1_d_50_T_5_lr_0p001_iter_10000_ntrain_1250_seed_42"
}