{
  "alpha": null,
  "seed": 42,
  "n_train": 5000,
  "n_population": 5000,
  "train_loss": 0.9299596243988999,
  "population_risk": 0.9376867821351705,
  "bayes_population_risk": 0.23356097560975608,
  "empirical_bayes_risk": 0.3594787584195781,
  "generalization_gap": 0.00772715773627064,
  "excess_population_risk": 0.7041258065254145,
  "runtime_seconds": 371.47851426899433,
  "runtime_per_step_seconds": 0.3714785142689943,
  "initial_objective": 0.938678678632319,
  "final_objective": 0.9305663318622964,
  "best_objective": 0.9305663318622964,
  "objective_reduction": 0.008112346770022594,
  "initial_train_loss_history": 0.9375594538060564,
  "final_train_loss_history": 0.9299596243988999,
  "best_train_loss_history": 0.9299596243988999,
  "train_loss_reduction": 0.007599829407156533,
  "weight_norm": 0.606690895800902,
  "trace_s": 0.6066908958009021,
  "top_eigenvalue": 0.6048313616463842,
  "min_eigenvalue": 6.036391467612316e-13,
  "R1": 0.9969349562233608
}