{
  "alpha": null,
  "seed": 42,
  "n_train": 500,
  "n_population": 5000,
  "train_loss": 1.153874019945076,
  "population_risk": 1.1554220427148902,
  "bayes_population_risk": 0.96,
  "empirical_bayes_risk": 0.9587578315183293,
  "generalization_gap": 0.0015480227698141391,
  "excess_population_risk": 0.19542204271489028,
  "runtime_seconds": 12.229451905936003,
  "runtime_per_step_seconds": 0.012229451905936002,
  "initial_objective": 1.161820978547477,
  "final_objective": 1.1550894891113326,
  "best_objective": 1.1550894891113326,
  "objective_reduction": 0.006731489436144322,
  "initial_train_loss_history": 1.1566809365903212,
  "final_train_loss_history": 1.153874019945076,
  "best_train_loss_history": 1.153874019945076,
  "train_loss_reduction": 0.0028069166452451277,
  "weight_norm": 0.24309341099708115,
  "trace_s": 0.2430934109970811,
  "top_eigenvalue": 0.2430511829839042,
  "min_eigenvalue": 1.2779840483456772e-14,
  "R1": 0.9998262889438114,
  "config_suffix": "cov_toeplitz_mask_last_rho_0p2_lambda_0p0001_beta_1_d_50_T_5_lr_0p001_iter_1000_ntrain_500_seed_42"
}