{
  "alpha": null,
  "seed": 42,
  "n_train": 10,
  "n_population": 5000,
  "train_loss": 1.0080910889742605,
  "population_risk": 1.4310536645158576,
  "bayes_population_risk": 0.9339407664588757,
  "empirical_bayes_risk": 0.956637435362125,
  "generalization_gap": 0.4229625755415971,
  "excess_population_risk": 0.4971128980569819,
  "runtime_seconds": 24.53190927579999,
  "runtime_per_step_seconds": 0.002453190927579999,
  "initial_objective": 1.1423722012221271,
  "final_objective": 1.0137029914831428,
  "best_objective": 1.0137029914831428,
  "objective_reduction": 0.12866920973898432,
  "initial_train_loss_history": 1.141454123984603,
  "final_train_loss_history": 1.0080910889742605,
  "best_train_loss_history": 1.0080906911874308,
  "train_loss_reduction": 0.13336303501034252,
  "weight_norm": 11.223804998820452,
  "trace_s": 11.223804998820453,
  "top_eigenvalue": 8.289918550330471,
  "min_eigenvalue": 2.4193363192407252e-17,
  "R1": 0.738601441418635
}