{
  "alpha": null,
  "seed": 42,
  "n_train": 90,
  "n_population": 5000,
  "train_loss": 0.7392786463385513,
  "population_risk": 0.8932956416771091,
  "bayes_population_risk": 0.24553354982376377,
  "empirical_bayes_risk": 0.2416522243820611,
  "generalization_gap": 0.15401699533855773,
  "excess_population_risk": 0.6477620918533453,
  "runtime_seconds": 32.76860234886408,
  "runtime_per_step_seconds": 0.006553720469772816,
  "initial_objective": 0.8328677752376024,
  "final_objective": 0.7436175215423394,
  "best_objective": 0.7436175215423394,
  "objective_reduction": 0.08925025369526296,
  "initial_train_loss_history": 0.8323875989226643,
  "final_train_loss_history": 0.7392786463385513,
  "best_train_loss_history": 0.7392786463385513,
  "train_loss_reduction": 0.093108952584113,
  "weight_norm": 17.354542115841085,
  "trace_s": 17.354542115841088,
  "top_eigenvalue": 8.153939287001203,
  "min_eigenvalue": 2.3894889917456194e-08,
  "R1": 0.46984468000215046,
  "effective_rank": 4.31086789377093,
  "config_suffix": "cov_matern_mask_random_rho_NA_lambda_1e-05_beta_1_d_25_T_10_lr_0p001_iter_5000_ntrain_90_seed_42"
}