{
  "alpha": 3.0,
  "seed": 0,
  "n_train": 7500,
  "n_population": 5000,
  "train_loss": 0.858387128330664,
  "population_risk": 0.8502542654360674,
  "bayes_population_risk": 0.66,
  "empirical_bayes_risk": 0.6562527752992612,
  "generalization_gap": -0.008132862894596582,
  "excess_population_risk": 0.19025426543606738,
  "runtime_seconds": 99.15161441697273,
  "runtime_per_step_seconds": 0.09915161441697273,
  "initial_objective": 0.9155577486690485,
  "final_objective": 0.8585504901555238,
  "best_objective": 0.8585504901555238,
  "objective_reduction": 0.05700725851352473,
  "initial_train_loss_history": 0.8624214653679931,
  "final_train_loss_history": 0.858387128330664,
  "best_train_loss_history": 0.8490024402481756,
  "train_loss_reduction": 0.004034337037329139,
  "weight_norm": 0.0032616279161871873,
  "trace_s": 0.0032616279161871878,
  "top_eigenvalue": 0.0014117728296533633,
  "min_eigenvalue": 7.680055143085564e-13,
  "R1": 0.43284300537374354
}