{
  "alpha": null,
  "seed": 42,
  "n_train": 1000,
  "n_population": 5000,
  "train_loss": 1.1157124337464064,
  "population_risk": 1.124276561494902,
  "bayes_population_risk": 0.8649174311926606,
  "empirical_bayes_risk": 0.9113519301076132,
  "generalization_gap": 0.008564127748495576,
  "excess_population_risk": 0.25935913030224134,
  "runtime_seconds": 22.260086361318827,
  "runtime_per_step_seconds": 0.022260086361318827,
  "initial_objective": 1.121192377817566,
  "final_objective": 1.117432194188963,
  "best_objective": 1.117432194188963,
  "objective_reduction": 0.0037601836286031975,
  "initial_train_loss_history": 1.1201474502192625,
  "final_train_loss_history": 1.1157124337464064,
  "best_train_loss_history": 1.1157124337464064,
  "train_loss_reduction": 0.004435016472856157,
  "weight_norm": 1.719744911635841,
  "trace_s": 1.7197449116358403,
  "top_eigenvalue": 0.9597328866627977,
  "min_eigenvalue": 4.0492594175651644e-14,
  "R1": 0.558067001779868
}