{
  "alpha": null,
  "seed": 42,
  "n_train": 90,
  "n_population": 5000,
  "train_loss": 0.2716912877210669,
  "population_risk": 0.811808888114266,
  "bayes_population_risk": 0.1134751381215469,
  "empirical_bayes_risk": 0.11344166264097885,
  "generalization_gap": 0.5401176003931991,
  "excess_population_risk": 0.6983337499927191,
  "runtime_seconds": 31.640741916373372,
  "runtime_per_step_seconds": 0.006328148383274675,
  "initial_objective": 0.5211087353984727,
  "final_objective": 0.31485837251272997,
  "best_objective": 0.31485837251272997,
  "objective_reduction": 0.20625036288574272,
  "initial_train_loss_history": 0.5198748518450375,
  "final_train_loss_history": 0.2716912877210669,
  "best_train_loss_history": 0.2716912877210669,
  "train_loss_reduction": 0.24818356412397058,
  "weight_norm": 43.16699603521217,
  "trace_s": 43.16699603521219,
  "top_eigenvalue": 30.92674447204881,
  "min_eigenvalue": 4.172059597491224e-14,
  "R1": 0.716444212305652,
  "effective_rank": 2.8268290638148708,
  "config_suffix": "cov_toeplitz_mask_random_rho_0p9_lambda_1e-05_beta_1_d_100_T_20_lr_0p001_iter_5000_ntrain_90_seed_42",
  "ridge_lambda": 0.01,
  "ridge_train_loss": 0.09033453152429718,
  "ridge_population_risk": 0.14423171055672124,
  "ridge_generalization_gap": 0.05389717903242405,
  "ridge_excess_population_risk": 0.030756572435174337,
  "pca_n_components": 75,
  "pca_train_loss": 0.06003678020528913,
  "pca_population_risk": 0.798745193038198,
  "pca_generalization_gap": 0.7387084128329089,
  "pca_excess_population_risk": 0.6852700549166512
}