{
  "alpha": null,
  "seed": 42,
  "n_train": 1000,
  "n_population": 5000,
  "train_loss": 0.9898476157668978,
  "population_risk": 0.9961584184653454,
  "bayes_population_risk": 0.75,
  "empirical_bayes_risk": 0.749854410138651,
  "generalization_gap": 0.006310802698447526,
  "excess_population_risk": 0.24615841846534536,
  "runtime_seconds": 22.395410818979144,
  "runtime_per_step_seconds": 0.022395410818979142,
  "initial_objective": 0.9967818727212142,
  "final_objective": 0.9908960851455364,
  "best_objective": 0.9908960851455364,
  "objective_reduction": 0.005885787575677814,
  "initial_train_loss_history": 0.9916295596470727,
  "final_train_loss_history": 0.9898476157668978,
  "best_train_loss_history": 0.9898476157668978,
  "train_loss_reduction": 0.00178194388017483,
  "weight_norm": 0.2096934440165267,
  "trace_s": 0.2096934440165267,
  "top_eigenvalue": 0.2096424789381304,
  "min_eigenvalue": 3.959172561739119e-15,
  "R1": 0.9997569543547945,
  "config_suffix": "cov_toeplitz_mask_last_rho_0p5_lambda_0p0001_beta_1_d_50_T_5_lr_0p001_iter_1000_ntrain_1000_seed_42"
}