{
  "alpha": null,
  "seed": 42,
  "n_train": 90,
  "n_population": 5000,
  "train_loss": 0.9737982310641304,
  "population_risk": 1.015776067840466,
  "bayes_population_risk": 0.8028223802788139,
  "empirical_bayes_risk": 0.8011629943714733,
  "generalization_gap": 0.041977836776335486,
  "excess_population_risk": 0.212953687561652,
  "runtime_seconds": 28.225883536040783,
  "runtime_per_step_seconds": 0.005645176707208157,
  "initial_objective": 1.0215852595519324,
  "final_objective": 0.9798005245160177,
  "best_objective": 0.9798005245160177,
  "objective_reduction": 0.04178473503591462,
  "initial_train_loss_history": 1.0207541383179786,
  "final_train_loss_history": 0.9737982310641304,
  "best_train_loss_history": 0.9737982310641304,
  "train_loss_reduction": 0.04695590725384813,
  "weight_norm": 12.004565349466848,
  "trace_s": 12.004565349466846,
  "top_eigenvalue": 3.4791541496056952,
  "min_eigenvalue": 6.219318536017976e-13,
  "R1": 0.2898192519531924,
  "effective_rank": 5.937645547096475,
  "config_suffix": "cov_exponential_mask_random_rho_NA_lambda_1e-05_beta_1_d_50_T_5_lr_0p001_iter_5000_ntrain_90_seed_42"
}