{
  "alpha": null,
  "seed": 42,
  "n_train": 2000,
  "n_population": 5000,
  "train_loss": 1.097239339951478,
  "population_risk": 1.0919055165568248,
  "bayes_population_risk": 0.9378461538461538,
  "empirical_bayes_risk": 0.9356394668561381,
  "generalization_gap": -0.005333823394653159,
  "excess_population_risk": 0.154059362710671,
  "runtime_seconds": 278.5023594982922,
  "runtime_per_step_seconds": 0.02785023594982922,
  "initial_objective": 1.1008458958976077,
  "final_objective": 1.098241403994521,
  "best_objective": 1.0982413969794051,
  "objective_reduction": 0.0026044919030867586,
  "initial_train_loss_history": 1.0994965588823193,
  "final_train_loss_history": 1.097239339951478,
  "best_train_loss_history": 1.0972381378343665,
  "train_loss_reduction": 0.0022572189308414092,
  "weight_norm": 2.0041313005982544,
  "trace_s": 2.004131300598254,
  "top_eigenvalue": 0.6536808525898612,
  "min_eigenvalue": 8.285134084176521e-17,
  "R1": 0.32616667999483406
}