{
  "alpha": null,
  "seed": 42,
  "n_train": 750,
  "n_population": 5000,
  "train_loss": 0.9821649612678884,
  "population_risk": 0.9840699751279163,
  "bayes_population_risk": 0.7822082681172894,
  "empirical_bayes_risk": 0.7794511101364325,
  "generalization_gap": 0.0019050138600278377,
  "excess_population_risk": 0.2018617070106269,
  "runtime_seconds": 60.65687635540962,
  "runtime_per_step_seconds": 0.012131375271081924,
  "initial_objective": 0.987339865281553,
  "final_objective": 0.9839218491394806,
  "best_objective": 0.983921849126861,
  "objective_reduction": 0.0034180161420724886,
  "initial_train_loss_history": 0.9862614628137129,
  "final_train_loss_history": 0.9821649612678884,
  "best_train_loss_history": 0.9821574598675267,
  "train_loss_reduction": 0.004096501545824416,
  "weight_norm": 1.756887864207342,
  "trace_s": 1.756887864207342,
  "top_eigenvalue": 1.7568878641826244,
  "min_eigenvalue": -8.71153558411013e-17,
  "R1": 0.9999999999859311,
  "effective_rank": 1.0000000003574967,
  "config_suffix": "cov_exponential_mask_random_rho_NA_lambda_1e-05_beta_1_d_100_T_10_lr_0p001_iter_5000_ntrain_750_seed_42",
  "ridge_lambda": 0.01,
  "ridge_train_loss": 0.771236976095638,
  "ridge_population_risk": 0.7888417907472179,
  "ridge_generalization_gap": 0.017604814651579925,
  "ridge_excess_population_risk": 0.006633522629928557,
  "pca_n_components": 75,
  "pca_train_loss": 0.8004174416233791,
  "pca_population_risk": 1.0360796299212784,
  "pca_generalization_gap": 0.2356621882978993,
  "pca_excess_population_risk": 0.25387136180398906
}