{
  "alpha": null,
  "seed": 42,
  "n_train": 50,
  "n_population": 5000,
  "train_loss": 0.4225284458152006,
  "population_risk": 1.1862019146964233,
  "bayes_population_risk": 0.2921672002085666,
  "empirical_bayes_risk": 0.2895018936984939,
  "generalization_gap": 0.7636734688812228,
  "excess_population_risk": 0.8940347144878567,
  "runtime_seconds": 18.13693748228252,
  "runtime_per_step_seconds": 0.0036273874964565037,
  "initial_objective": 0.6549707364178439,
  "final_objective": 0.44849343779922135,
  "best_objective": 0.44849343779922135,
  "objective_reduction": 0.20647729861862252,
  "initial_train_loss_history": 0.6537795919962909,
  "final_train_loss_history": 0.4225284458152006,
  "best_train_loss_history": 0.4225284458152006,
  "train_loss_reduction": 0.23125114618109027,
  "weight_norm": 51.92924508829895,
  "trace_s": 51.92924508829895,
  "top_eigenvalue": 27.594213567317887,
  "min_eigenvalue": 1.4286195956373873e-09,
  "R1": 0.5313809881194597,
  "effective_rank": 4.205053927368409,
  "config_suffix": "cov_matern_mask_random_rho_NA_lambda_1e-05_beta_1_d_50_T_5_lr_0p001_iter_5000_ntrain_50_seed_42"
}