{
  "alpha": null,
  "seed": 42,
  "n_train": 9000,
  "n_population": 5000,
  "train_loss": 0.5797555283362626,
  "population_risk": 0.5815738865538906,
  "bayes_population_risk": 0.27570731707317064,
  "empirical_bayes_risk": 0.3604182795190481,
  "generalization_gap": 0.001818358217627991,
  "excess_population_risk": 0.30586656948072,
  "runtime_seconds": 3785.525654360652,
  "runtime_per_step_seconds": 0.3785525654360652,
  "initial_objective": 0.5921787197658898,
  "final_objective": 0.5869522068020726,
  "best_objective": 0.5869521867236195,
  "objective_reduction": 0.005226512963817154,
  "initial_train_loss_history": 0.5892447480781127,
  "final_train_loss_history": 0.5797555283362626,
  "best_train_loss_history": 0.5797441218358674,
  "train_loss_reduction": 0.009489219741850019,
  "weight_norm": 3.598339180436409,
  "trace_s": 3.598339180436408,
  "top_eigenvalue": 0.3819987649707961,
  "min_eigenvalue": -6.151978854061743e-17,
  "R1": 0.1061597436527557
}