{
  "alpha": null,
  "seed": 42,
  "n_train": 250,
  "n_population": 5000,
  "train_loss": 0.3068916157938986,
  "population_risk": 0.3875558807204176,
  "bayes_population_risk": 0.13898342541436456,
  "empirical_bayes_risk": 0.19020066026612092,
  "generalization_gap": 0.08066426492651896,
  "excess_population_risk": 0.24857245530605301,
  "runtime_seconds": 252.49289320968091,
  "runtime_per_step_seconds": 0.02524928932096809,
  "initial_objective": 0.3675342939991934,
  "final_objective": 0.3340668071329246,
  "best_objective": 0.3340668071157229,
  "objective_reduction": 0.033467486866268825,
  "initial_train_loss_history": 0.36403401234626304,
  "final_train_loss_history": 0.3068916157938986,
  "best_train_loss_history": 0.306891599928417,
  "train_loss_reduction": 0.057142396552364416,
  "weight_norm": 13.587595670027248,
  "trace_s": 13.587595670027245,
  "top_eigenvalue": 6.219502245788457,
  "min_eigenvalue": -5.475094052207569e-16,
  "R1": 0.45773383288906644
}