{
  "alpha": 2.0,
  "seed": 0,
  "n_train": 5000,
  "n_population": 5000,
  "train_loss": 1.1232024351562901,
  "population_risk": 1.1196140774013672,
  "bayes_population_risk": 0.9415384615384615,
  "empirical_bayes_risk": 0.9397119810920325,
  "weight_norm": 0.004419072038638015,
  "trace_s": 0.004419072038638015,
  "top_eigenvalue": 0.0004296245283059965,
  "R1": 0.09722053058868202
}