{
  "alpha": null,
  "seed": 42,
  "n_train": 60,
  "n_population": 5000,
  "train_loss": 0.9228310144745462,
  "population_risk": 1.1167363156717092,
  "bayes_population_risk": 0.7166519216006867,
  "empirical_bayes_risk": 0.7169754096938067,
  "generalization_gap": 0.19390530119716298,
  "excess_population_risk": 0.4000843940710225,
  "runtime_seconds": 18.32115443609655,
  "runtime_per_step_seconds": 0.00366423088721931,
  "initial_objective": 1.008255157270971,
  "final_objective": 0.9293679538912931,
  "best_objective": 0.9293679538912931,
  "objective_reduction": 0.07888720337967792,
  "initial_train_loss_history": 1.0075839276940262,
  "final_train_loss_history": 0.9228310144745462,
  "best_train_loss_history": 0.9228310144745462,
  "train_loss_reduction": 0.08475291321947998,
  "weight_norm": 13.073834755476996,
  "trace_s": 13.073834755477002,
  "top_eigenvalue": 5.197501864939977,
  "min_eigenvalue": 2.904808732014278e-12,
  "R1": 0.3975499126423178,
  "effective_rank": 4.715127808175947,
  "config_suffix": "cov_matern_mask_random_rho_NA_lambda_1e-05_beta_1_d_50_T_10_lr_0p001_iter_5000_ntrain_60_seed_42",
  "ridge_lambda": 0.01,
  "ridge_train_loss": 0.6078549678788965,
  "ridge_population_risk": 0.8381422377314004,
  "ridge_generalization_gap": 0.23028726985250392,
  "ridge_excess_population_risk": 0.1214903161307137,
  "pca_n_components": 75,
  "pca_train_loss": 1.6572968606016125e-16,
  "pca_population_risk": 1.1173910424127405,
  "pca_generalization_gap": 1.1173910424127402,
  "pca_excess_population_risk": 0.40073912081205376
}