{
  "alpha": 2.0,
  "seed": 0,
  "n_train": 5000,
  "n_population": 5000,
  "train_loss": 0.46454624577689574,
  "population_risk": 0.4617041556257327,
  "bayes_population_risk": 0.28975609756097553,
  "empirical_bayes_risk": 0.2893972499642421,
  "weight_norm": 0.0046184754043083,
  "trace_s": 0.004618475404308301,
  "top_eigenvalue": 0.0004911839687450203,
  "R1": 0.10635197240345245
}