{
  "alpha": null,
  "seed": 42,
  "n_train": 10000,
  "n_population": 5000,
  "train_loss": 0.3365985193984843,
  "population_risk": 0.3401077955758842,
  "bayes_population_risk": 0.13898342541436456,
  "empirical_bayes_risk": 0.19037751393178945,
  "generalization_gap": 0.0035092761773999337,
  "excess_population_risk": 0.20112437016151966,
  "runtime_seconds": 3965.6285281125456,
  "runtime_per_step_seconds": 0.3965628528112546,
  "initial_objective": 0.36766004816012077,
  "final_objective": 0.3522255784267082,
  "best_objective": 0.3522255453379608,
  "objective_reduction": 0.015434469733412559,
  "initial_train_loss_history": 0.36420249213736045,
  "final_train_loss_history": 0.3365985193984843,
  "best_train_loss_history": 0.3365786961278471,
  "train_loss_reduction": 0.02760397273887616,
  "weight_norm": 7.813531400381105,
  "trace_s": 7.813531400381105,
  "top_eigenvalue": 0.5267805368549774,
  "min_eigenvalue": -1.515631356754549e-17,
  "R1": 0.06741900811063273
}