{
  "alpha": null,
  "seed": 42,
  "n_train": 5000,
  "n_population": 5000,
  "train_loss": 0.8830280854165842,
  "population_risk": 0.8853766719355844,
  "bayes_population_risk": 0.4371730888154475,
  "empirical_bayes_risk": 0.43618107177946586,
  "generalization_gap": 0.002348586519000273,
  "excess_population_risk": 0.448203583120137,
  "runtime_seconds": 160.35881577059627,
  "runtime_per_step_seconds": 0.032071763154119255,
  "initial_objective": 0.8858427910224481,
  "final_objective": 0.884018598122316,
  "best_objective": 0.8840185979562669,
  "objective_reduction": 0.0018241929001321378,
  "initial_train_loss_history": 0.885235870112557,
  "final_train_loss_history": 0.8830280854165842,
  "best_train_loss_history": 0.8830275790416053,
  "train_loss_reduction": 0.0022077846959728253,
  "weight_norm": 1.9810252146831797,
  "trace_s": 1.98102521468318,
  "top_eigenvalue": 0.905030794456404,
  "min_eigenvalue": 1.332429338512066e-14,
  "R1": 0.4568497098110603,
  "effective_rank": 3.9931547054186356,
  "config_suffix": "cov_toeplitz_bump_mask_random_rho_0p5_lambda_1e-05_beta_1_d_50_T_10_lr_0p001_iter_5000_ntrain_5000_seed_42",
  "ridge_lambda": 0.01,
  "ridge_train_loss": 0.43829683230790617,
  "ridge_population_risk": 0.4370581168394041,
  "ridge_generalization_gap": -0.0012387154685020718,
  "ridge_excess_population_risk": -0.0001149719760433765,
  "pca_n_components": 75,
  "pca_train_loss": 0.7812573543709325,
  "pca_population_risk": 0.8369136634700463,
  "pca_generalization_gap": 0.05565630909911379,
  "pca_excess_population_risk": 0.3997405746545988
}