{
  "alpha": null,
  "seed": 42,
  "n_train": 50,
  "n_population": 5000,
  "train_loss": 1.07497751206549,
  "population_risk": 1.110720230608131,
  "bayes_population_risk": 0.9378461538461538,
  "empirical_bayes_risk": 0.9344333982060653,
  "generalization_gap": 0.03574271854264088,
  "excess_population_risk": 0.1728740767619772,
  "runtime_seconds": 23.432842392474413,
  "runtime_per_step_seconds": 0.023432842392474413,
  "initial_objective": 1.1205691930632249,
  "final_objective": 1.0935364229718194,
  "best_objective": 1.0935364229718194,
  "objective_reduction": 0.027032770091405478,
  "initial_train_loss_history": 1.1152139774529257,
  "final_train_loss_history": 1.07497751206549,
  "best_train_loss_history": 1.07497751206549,
  "train_loss_reduction": 0.04023646538743564,
  "weight_norm": 3.711653735234259,
  "trace_s": 3.7116537352342602,
  "top_eigenvalue": 2.3196115035361564,
  "min_eigenvalue": 8.005059302986742e-11,
  "R1": 0.6249536376511574
}