{
  "alpha": null,
  "seed": 42,
  "n_train": 90,
  "n_population": 5000,
  "train_loss": 1.0983982482412291,
  "population_risk": 1.1724503367168908,
  "bayes_population_risk": 0.9710902924899966,
  "empirical_bayes_risk": 0.9705223944493105,
  "generalization_gap": 0.07405208847566169,
  "excess_population_risk": 0.20136004422689424,
  "runtime_seconds": 15.131939692422748,
  "runtime_per_step_seconds": 0.0030263879384845494,
  "initial_objective": 1.1293020815279016,
  "final_objective": 1.100257712808903,
  "best_objective": 1.100257712808903,
  "objective_reduction": 0.029044368718998514,
  "initial_train_loss_history": 1.1288947561218745,
  "final_train_loss_history": 1.0983982482412291,
  "best_train_loss_history": 1.0983982482412291,
  "train_loss_reduction": 0.030496507880645396,
  "weight_norm": 7.437856800576066,
  "trace_s": 7.437856800576067,
  "top_eigenvalue": 2.9335348984468643,
  "min_eigenvalue": 3.2030200783459115e-12,
  "R1": 0.39440593938561186,
  "effective_rank": 3.897991192684216,
  "config_suffix": "cov_exponential_mask_random_rho_NA_lambda_1e-05_beta_1_d_25_T_5_lr_0p001_iter_5000_ntrain_90_seed_42",
  "ridge_lambda": 0.01,
  "ridge_train_loss": 0.9150278205843451,
  "ridge_population_risk": 1.0188104454134903,
  "ridge_generalization_gap": 0.10378262482914524,
  "ridge_excess_population_risk": 0.04772015292349374,
  "pca_n_components": 62,
  "pca_train_loss": 0.2679575062827854,
  "pca_population_risk": 2.595293671510358,
  "pca_generalization_gap": 2.3273361652275724,
  "pca_excess_population_risk": 1.6242033790203614
}