{
  "alpha": null,
  "seed": 42,
  "n_train": 300,
  "n_population": 5000,
  "train_loss": 0.6020285361270339,
  "population_risk": 0.8327136287336702,
  "bayes_population_risk": 0.10837348066298334,
  "empirical_bayes_risk": 0.10771232277787056,
  "generalization_gap": 0.23068509260663628,
  "excess_population_risk": 0.7243401480706868,
  "runtime_seconds": 339.272448701784,
  "runtime_per_step_seconds": 0.06785448974035681,
  "initial_objective": 0.7234304337524006,
  "final_objective": 0.6323491559870975,
  "best_objective": 0.6323489380321593,
  "objective_reduction": 0.09108127776530306,
  "initial_train_loss_history": 0.7212487504857308,
  "final_train_loss_history": 0.6020285361270339,
  "best_train_loss_history": 0.6020266343981113,
  "train_loss_reduction": 0.1192202143586969,
  "weight_norm": 15.160379988924817,
  "trace_s": 15.160379988924817,
  "top_eigenvalue": 15.152763801980196,
  "min_eigenvalue": -4.147239013077475e-17,
  "R1": 0.9994976255905081,
  "effective_rank": 1.0043277068525864,
  "config_suffix": "cov_toeplitz_mask_random_rho_0p9_lambda_1e-05_beta_1_d_200_T_50_lr_0p001_iter_5000_ntrain_300_seed_42",
  "ridge_lambda": 0.01,
  "ridge_train_loss": 0.09175141825062122,
  "ridge_population_risk": 0.12868073666272897,
  "ridge_generalization_gap": 0.03692931841210775,
  "ridge_excess_population_risk": 0.02030725599974563,
  "pca_n_components": 75,
  "pca_train_loss": 0.5728159597036652,
  "pca_population_risk": 0.9342941477232359,
  "pca_generalization_gap": 0.36147818801957077,
  "pca_excess_population_risk": 0.8259206670602526
}