{
  "alpha": null,
  "seed": 42,
  "n_train": 1000,
  "n_population": 5000,
  "train_loss": 1.0683063547433969,
  "population_risk": 1.071220108680787,
  "bayes_population_risk": 0.8444937602472408,
  "empirical_bayes_risk": 0.8482408077340883,
  "generalization_gap": 0.00291375393739024,
  "excess_population_risk": 0.22672634843354633,
  "runtime_seconds": 147.16618430055678,
  "runtime_per_step_seconds": 0.014716618430055678,
  "initial_objective": 1.073990811425794,
  "final_objective": 1.0683063534223798,
  "best_objective": 1.0683063521645517,
  "objective_reduction": 0.005684458003414106,
  "initial_train_loss_history": 1.0687311271446283,
  "final_train_loss_history": 1.0683063547433969,
  "best_train_loss_history": 1.067374401240839,
  "train_loss_reduction": 0.00042477240123139914,
  "weight_norm": 2.3792479056361747e-08,
  "trace_s": 2.379247905636175e-08,
  "top_eigenvalue": 2.378931669854445e-08,
  "min_eigenvalue": -4.036377525605463e-24,
  "R1": 0.9998670858211199
}