{
  "alpha": null,
  "seed": 42,
  "n_train": 4000,
  "n_population": 5000,
  "train_loss": 0.5768115691702014,
  "population_risk": 0.5824911420084027,
  "bayes_population_risk": 0.27570731707317064,
  "empirical_bayes_risk": 0.36043584447133203,
  "generalization_gap": 0.005679572838201308,
  "excess_population_risk": 0.30678382493523204,
  "runtime_seconds": 1492.8163863532245,
  "runtime_per_step_seconds": 0.14928163863532246,
  "initial_objective": 0.5903554004886412,
  "final_objective": 0.5843578939325782,
  "best_objective": 0.5843578928879345,
  "objective_reduction": 0.005997506556063015,
  "initial_train_loss_history": 0.5874291714181088,
  "final_train_loss_history": 0.5768115691702014,
  "best_train_loss_history": 0.5768035662252956,
  "train_loss_reduction": 0.01061760224790742,
  "weight_norm": 3.7731624069093352,
  "trace_s": 3.773162406909335,
  "top_eigenvalue": 0.4974641500770234,
  "min_eigenvalue": -1.1718592083614834e-16,
  "R1": 0.1318427611719224
}