{
  "alpha": null,
  "seed": 42,
  "n_train": 80,
  "n_population": 5000,
  "train_loss": 0.7565589176225406,
  "population_risk": 1.0299098010425847,
  "bayes_population_risk": 0.4371730888154475,
  "empirical_bayes_risk": 0.43939159457440746,
  "generalization_gap": 0.2733508834200441,
  "excess_population_risk": 0.5927367122271372,
  "runtime_seconds": 44.56067747250199,
  "runtime_per_step_seconds": 0.008912135494500399,
  "initial_objective": 0.8753577006398835,
  "final_objective": 0.7645356875016779,
  "best_objective": 0.7645356875016779,
  "objective_reduction": 0.11082201313820561,
  "initial_train_loss_history": 0.8745610175092569,
  "final_train_loss_history": 0.7565589176225406,
  "best_train_loss_history": 0.7565589176225406,
  "train_loss_reduction": 0.11800209988671628,
  "weight_norm": 15.953415484432849,
  "trace_s": 15.953415484432846,
  "top_eigenvalue": 8.937895460034824,
  "min_eigenvalue": 9.497987216956297e-11,
  "R1": 0.5602496511644366,
  "effective_rank": 3.1172915005171857,
  "config_suffix": "cov_toeplitz_bump_mask_random_rho_0p5_lambda_1e-05_beta_1_d_50_T_10_lr_0p001_iter_5000_ntrain_80_seed_42"
}