{
  "alpha": null,
  "seed": 42,
  "n_train": 40,
  "n_population": 5000,
  "train_loss": 0.3690750522062666,
  "population_risk": 1.1658788773507527,
  "bayes_population_risk": 0.1214410313285021,
  "empirical_bayes_risk": 0.12030200441186636,
  "generalization_gap": 0.7968038251444861,
  "excess_population_risk": 1.0444378460222505,
  "runtime_seconds": 29.282285502180457,
  "runtime_per_step_seconds": 0.0058564571004360915,
  "initial_objective": 0.6285599963665162,
  "final_objective": 0.39357750902617017,
  "best_objective": 0.39357750902617017,
  "objective_reduction": 0.234982487340346,
  "initial_train_loss_history": 0.6279675408060037,
  "final_train_loss_history": 0.3690750522062666,
  "best_train_loss_history": 0.3690750522062666,
  "train_loss_reduction": 0.2588924885997371,
  "weight_norm": 98.00402596804372,
  "trace_s": 98.00402596804372,
  "top_eigenvalue": 41.87601864428402,
  "min_eigenvalue": 6.090082948173737e-05,
  "R1": 0.42728875911626907,
  "effective_rank": 5.349021028163351,
  "config_suffix": "cov_toeplitz_bump_mask_random_rho_0p7_lambda_1e-05_beta_1_d_25_T_5_lr_0p001_iter_5000_ntrain_40_seed_42"
}