{
  "alpha": null,
  "seed": 42,
  "n_train": 20,
  "n_population": 5000,
  "train_loss": 0.42152259208352083,
  "population_risk": 1.3994203645785184,
  "bayes_population_risk": 0.09796305337869733,
  "empirical_bayes_risk": 0.09867130994717853,
  "generalization_gap": 0.9778977724949975,
  "excess_population_risk": 1.301457311199821,
  "runtime_seconds": 32.592003878206015,
  "runtime_per_step_seconds": 0.006518400775641203,
  "initial_objective": 0.8262504568261251,
  "final_objective": 0.43970105071675847,
  "best_objective": 0.43970105071675847,
  "objective_reduction": 0.3865494061093666,
  "initial_train_loss_history": 0.8253321604393073,
  "final_train_loss_history": 0.42152259208352083,
  "best_train_loss_history": 0.42152259208352083,
  "train_loss_reduction": 0.4038095683557865,
  "weight_norm": 36.35528727671827,
  "trace_s": 36.35528727671827,
  "top_eigenvalue": 23.32901939354359,
  "min_eigenvalue": 5.931428280987941e-08,
  "R1": 0.641695366508171,
  "effective_rank": 3.0278494327634826,
  "config_suffix": "cov_toeplitz_bump_mask_random_rho_0p5_lambda_1e-05_beta_1_d_50_T_5_lr_0p001_iter_5000_ntrain_20_seed_42"
}