{
  "alpha": null,
  "seed": 42,
  "n_train": 500,
  "n_population": 5000,
  "train_loss": 0.23390719722686215,
  "population_risk": 0.23551158764758676,
  "bayes_population_risk": 0.13898342541436456,
  "empirical_bayes_risk": 0.13894687599605798,
  "generalization_gap": 0.0016043904207246051,
  "excess_population_risk": 0.09652816223322219,
  "runtime_seconds": 14.417985247448087,
  "runtime_per_step_seconds": 0.014417985247448088,
  "initial_objective": 0.2912811398191875,
  "final_objective": 0.24015287843802396,
  "best_objective": 0.24015287843802396,
  "objective_reduction": 0.05112826138116355,
  "initial_train_loss_history": 0.2898661529807473,
  "final_train_loss_history": 0.23390719722686215,
  "best_train_loss_history": 0.23390719722686215,
  "train_loss_reduction": 0.05595895575388515,
  "weight_norm": 12.483292184342172,
  "trace_s": 12.483292184342174,
  "top_eigenvalue": 1.2999912740225343,
  "min_eigenvalue": 1.5683444921227292e-07,
  "R1": 0.10413849606541427,
  "config_suffix": "cov_toeplitz_mask_random_rho_0p9_lambda_1e-05_beta_1_d_50_T_5_lr_0p001_iter_1000_ntrain_500_seed_42"
}