{
  "alpha": null,
  "seed": 42,
  "n_train": 300,
  "n_population": 5000,
  "train_loss": 1.0510580741093123,
  "population_risk": 1.0507823963470266,
  "bayes_population_risk": 1.0,
  "empirical_bayes_risk": 0.9995305361158792,
  "generalization_gap": -0.0002756777622856532,
  "excess_population_risk": 0.05078239634702664,
  "runtime_seconds": 115.40940107963979,
  "runtime_per_step_seconds": 0.02308188021592796,
  "initial_objective": 1.0547643922611298,
  "final_objective": 1.0519137771086204,
  "best_objective": 1.05191377710862,
  "objective_reduction": 0.002850615152509395,
  "initial_train_loss_history": 1.0527607963914054,
  "final_train_loss_history": 1.0510580741093123,
  "best_train_loss_history": 1.0510577064980766,
  "train_loss_reduction": 0.0017027222820931165,
  "weight_norm": 0.4278514997353921,
  "trace_s": 0.42785149973539216,
  "top_eigenvalue": 0.42785149973528736,
  "min_eigenvalue": -2.073998764658918e-17,
  "R1": 0.9999999999997553,
  "effective_rank": 1.0,
  "config_suffix": "cov_identity_mask_random_rho_NA_lambda_1e-05_beta_1_d_200_T_20_lr_0p001_iter_5000_ntrain_300_seed_42"
}