{
  "alpha": null,
  "seed": 42,
  "n_train": 100,
  "n_population": 5000,
  "train_loss": 0.6280407001753463,
  "population_risk": 0.8188181391470306,
  "bayes_population_risk": 0.10837348066298334,
  "empirical_bayes_risk": 0.10879968483892617,
  "generalization_gap": 0.1907774389716843,
  "excess_population_risk": 0.7104446584840473,
  "runtime_seconds": 86.13416062109172,
  "runtime_per_step_seconds": 0.017226832124218345,
  "initial_objective": 0.7049725402591652,
  "final_objective": 0.6337840335041086,
  "best_objective": 0.6337840335041086,
  "objective_reduction": 0.07118850675505661,
  "initial_train_loss_history": 0.7043424178588302,
  "final_train_loss_history": 0.6280407001753463,
  "best_train_loss_history": 0.6280407001753463,
  "train_loss_reduction": 0.07630171768348393,
  "weight_norm": 11.486661039537653,
  "trace_s": 11.486661039537653,
  "top_eigenvalue": 11.198958160109614,
  "min_eigenvalue": 7.459865331464933e-15,
  "R1": 0.9749533064101268,
  "effective_rank": 1.1333025334782658,
  "config_suffix": "cov_toeplitz_mask_random_rho_0p9_lambda_1e-05_beta_1_d_50_T_50_lr_0p001_iter_5000_ntrain_100_seed_42",
  "ridge_lambda": 0.01,
  "ridge_train_loss": 0.05414836285077386,
  "ridge_population_risk": 0.21264942573717885,
  "ridge_generalization_gap": 0.15850106288640498,
  "ridge_excess_population_risk": 0.1042759450741955,
  "pca_n_components": 75,
  "pca_train_loss": 0.10253689677464253,
  "pca_population_risk": 0.8023841766833886,
  "pca_generalization_gap": 0.6998472799087461,
  "pca_excess_population_risk": 0.6940106960204052
}