{
  "alpha": null,
  "seed": 42,
  "n_train": 9000,
  "n_population": 5000,
  "train_loss": 0.5797676085163617,
  "population_risk": 0.581496865038288,
  "bayes_population_risk": 0.27570731707317064,
  "empirical_bayes_risk": 0.3604182795190481,
  "generalization_gap": 0.0017292565219263478,
  "excess_population_risk": 0.30578954796511737,
  "runtime_seconds": 476.4700548443943,
  "runtime_per_step_seconds": 0.4764700548443943,
  "initial_objective": 0.5921787197658898,
  "final_objective": 0.5870100512860231,
  "best_objective": 0.5870100512860231,
  "objective_reduction": 0.005168668479866634,
  "initial_train_loss_history": 0.5892447480781127,
  "final_train_loss_history": 0.5797676085163617,
  "best_train_loss_history": 0.5797676085163617,
  "train_loss_reduction": 0.009477139561751002,
  "weight_norm": 3.621128427432822,
  "trace_s": 3.621128427432822,
  "top_eigenvalue": 0.3524793537692217,
  "min_eigenvalue": 1.8833276186351877e-13,
  "R1": 0.0973396444873152
}