{
  "alpha": null,
  "seed": 42,
  "n_train": 5000,
  "n_population": 5000,
  "train_loss": 0.7166060582320046,
  "population_risk": 0.7244385865675257,
  "bayes_population_risk": 0.10837348066298334,
  "empirical_bayes_risk": 0.10868432263573163,
  "generalization_gap": 0.00783252833552106,
  "excess_population_risk": 0.6160651059045423,
  "runtime_seconds": 4294.396120524034,
  "runtime_per_step_seconds": 0.8588792241048068,
  "initial_objective": 0.7236502414937861,
  "final_objective": 0.7184336191508677,
  "best_objective": 0.7184336191508676,
  "objective_reduction": 0.00521662234291842,
  "initial_train_loss_history": 0.7216177726881726,
  "final_train_loss_history": 0.7166060582320046,
  "best_train_loss_history": 0.7166056038686153,
  "train_loss_reduction": 0.005011714456167993,
  "weight_norm": 0.9137804594315702,
  "trace_s": 0.9137804594315702,
  "top_eigenvalue": 0.9137804594315703,
  "min_eigenvalue": -3.1993840992827215e-16,
  "R1": 1.0000000000000002,
  "effective_rank": 1.0,
  "config_suffix": "cov_toeplitz_mask_random_rho_0p9_lambda_1e-05_beta_1_d_200_T_50_lr_0p001_iter_5000_ntrain_5000_seed_42",
  "ridge_lambda": 0.01,
  "ridge_train_loss": 0.10698725095108591,
  "ridge_population_risk": 0.1097308245765807,
  "ridge_generalization_gap": 0.002743573625494794,
  "ridge_excess_population_risk": 0.0013573439135973614,
  "pca_n_components": 75,
  "pca_train_loss": 0.8494606862759674,
  "pca_population_risk": 0.9031799254568476,
  "pca_generalization_gap": 0.053719239180880174,
  "pca_excess_population_risk": 0.7948064447938642
}