{
  "alpha": null,
  "seed": 42,
  "n_train": 100,
  "n_population": 5000,
  "train_loss": 1.0371032708532848,
  "population_risk": 1.0414048945124184,
  "bayes_population_risk": 0.8498899082568808,
  "empirical_bayes_risk": 0.8490037649066245,
  "generalization_gap": 0.004301623659133558,
  "excess_population_risk": 0.19151498625553753,
  "runtime_seconds": 11.91862235032022,
  "runtime_per_step_seconds": 0.01191862235032022,
  "initial_objective": 1.0652314111152479,
  "final_objective": 1.0405230235686143,
  "best_objective": 1.0405230235686143,
  "objective_reduction": 0.024708387546633626,
  "initial_train_loss_history": 1.0646165580056275,
  "final_train_loss_history": 1.0371032708532848,
  "best_train_loss_history": 1.0371032708532848,
  "train_loss_reduction": 0.02751328715234269,
  "weight_norm": 6.8355017050129705,
  "trace_s": 6.835501705012971,
  "top_eigenvalue": 2.7051286239698484,
  "min_eigenvalue": 1.3441369976826998e-08,
  "R1": 0.3957469020870817
}