{
  "alpha": null,
  "seed": 42,
  "n_train": 200,
  "n_population": 5000,
  "train_loss": 0.7934308115597508,
  "population_risk": 0.8547416481936003,
  "bayes_population_risk": 0.4961178375737193,
  "empirical_bayes_risk": 0.4975975686005129,
  "generalization_gap": 0.06131083663384951,
  "excess_population_risk": 0.358623810619881,
  "runtime_seconds": 41.42725987546146,
  "runtime_per_step_seconds": 0.008285451975092293,
  "initial_objective": 0.835528723606539,
  "final_objective": 0.798354666212916,
  "best_objective": 0.798354666212916,
  "objective_reduction": 0.037174057393623006,
  "initial_train_loss_history": 0.8348138152420854,
  "final_train_loss_history": 0.7934308115597508,
  "best_train_loss_history": 0.7934308115597508,
  "train_loss_reduction": 0.04138300368233461,
  "weight_norm": 9.847701454112181,
  "trace_s": 9.847701454112185,
  "top_eigenvalue": 4.021543831026627,
  "min_eigenvalue": 3.4607572566302864e-16,
  "R1": 0.40837385757133393,
  "effective_rank": 3.7409665041746303,
  "config_suffix": "cov_exponential_mask_random_rho_NA_lambda_1e-05_beta_1_d_50_T_10_lr_0p001_iter_5000_ntrain_200_seed_42"
}