{
  "alpha": null,
  "seed": 42,
  "n_train": 1500,
  "n_population": 5000,
  "train_loss": 1.205523555901707,
  "population_risk": 1.2026869970766756,
  "bayes_population_risk": 1.0,
  "empirical_bayes_risk": 1.0005025912576848,
  "generalization_gap": -0.002836558825031421,
  "excess_population_risk": 0.2026869970766756,
  "runtime_seconds": 59.39762847870588,
  "runtime_per_step_seconds": 0.011879525695741177,
  "initial_objective": 1.2072294576525375,
  "final_objective": 1.2057509934170656,
  "best_objective": 1.2057509931127908,
  "objective_reduction": 0.0014784642354719324,
  "initial_train_loss_history": 1.2061882794491336,
  "final_train_loss_history": 1.205523555901707,
  "best_train_loss_history": 1.2055081898310567,
  "train_loss_reduction": 0.0006647235474266378,
  "weight_norm": 0.22743910995086,
  "trace_s": 0.22743910995086009,
  "top_eigenvalue": 0.22743910732537523,
  "min_eigenvalue": 5.671284473522486e-17,
  "R1": 0.9999999884563169,
  "effective_rank": 1.000000256261626,
  "config_suffix": "cov_identity_mask_random_rho_NA_lambda_1e-05_beta_1_d_100_T_5_lr_0p001_iter_5000_ntrain_1500_seed_42",
  "ridge_lambda": 0.01,
  "ridge_train_loss": 1.0012526989865322,
  "ridge_population_risk": 1.003281395253574,
  "ridge_generalization_gap": 0.0020286962670417186,
  "ridge_excess_population_risk": 0.00328139525357396,
  "pca_n_components": 75,
  "pca_train_loss": 1.0142544496625623,
  "pca_population_risk": 1.2324816273077728,
  "pca_generalization_gap": 0.2182271776452105,
  "pca_excess_population_risk": 0.23248162730777278
}