{
  "alpha": null,
  "seed": 42,
  "n_train": 1000,
  "n_population": 5000,
  "train_loss": 0.07225997616864463,
  "population_risk": 0.07237980746356468,
  "bayes_population_risk": 0.011034997727387535,
  "empirical_bayes_risk": 0.0110159570301091,
  "generalization_gap": 0.00011983129492004752,
  "excess_population_risk": 0.06134480973617714,
  "runtime_seconds": 116.43575662374496,
  "runtime_per_step_seconds": 0.023287151324748994,
  "initial_objective": 0.07654952887371809,
  "final_objective": 0.07391663462717322,
  "best_objective": 0.07391663462717322,
  "objective_reduction": 0.0026328942465448646,
  "initial_train_loss_history": 0.07591175459845133,
  "final_train_loss_history": 0.07225997616864463,
  "best_train_loss_history": 0.07225809906007444,
  "train_loss_reduction": 0.0036517784298066985,
  "weight_norm": 3.3133168167790914,
  "trace_s": 3.3133168167790905,
  "top_eigenvalue": 0.6621279981733134,
  "min_eigenvalue": 1.20298649568578e-16,
  "R1": 0.19983842016561965,
  "effective_rank": 8.853387026377806,
  "config_suffix": "cov_toeplitz_mask_random_rho_0p99_lambda_1e-05_beta_1_d_50_T_20_lr_0p001_iter_5000_ntrain_1000_seed_42",
  "ridge_lambda": 0.01,
  "ridge_train_loss": 0.010874529351229305,
  "ridge_population_risk": 0.011230281893049173,
  "ridge_generalization_gap": 0.0003557525418198676,
  "ridge_excess_population_risk": 0.00019528416566163762,
  "pca_n_components": 75,
  "pca_train_loss": 0.04396856970140847,
  "pca_population_risk": 0.054419046175684306,
  "pca_generalization_gap": 0.010450476474275834,
  "pca_excess_population_risk": 0.04338404844829677
}