{
  "alpha": null,
  "seed": 42,
  "n_train": 150,
  "n_population": 5000,
  "train_loss": 0.0710470683939932,
  "population_risk": 0.07434612976168418,
  "bayes_population_risk": 0.011034997727387535,
  "empirical_bayes_risk": 0.011019088241696676,
  "generalization_gap": 0.003299061367690981,
  "excess_population_risk": 0.06331113203429665,
  "runtime_seconds": 100.88870320096612,
  "runtime_per_step_seconds": 0.020177740640193224,
  "initial_objective": 0.07381120011853125,
  "final_objective": 0.07182534623243718,
  "best_objective": 0.07182534596527103,
  "objective_reduction": 0.001985853886094069,
  "initial_train_loss_history": 0.0716955173779477,
  "final_train_loss_history": 0.0710470683939932,
  "best_train_loss_history": 0.07104332011031794,
  "train_loss_reduction": 0.0006484489839544971,
  "weight_norm": 0.38913893833243896,
  "trace_s": 0.38913893833243896,
  "top_eigenvalue": 0.1815623051023129,
  "min_eigenvalue": -5.650621030204613e-18,
  "R1": 0.46657449876477114,
  "effective_rank": 2.9270320844490523,
  "config_suffix": "cov_toeplitz_mask_random_rho_0p99_lambda_1e-05_beta_1_d_200_T_20_lr_0p001_iter_5000_ntrain_150_seed_42"
}