{
  "alpha": null,
  "seed": 42,
  "n_train": 1750,
  "n_population": 5000,
  "train_loss": 0.9699044713855925,
  "population_risk": 0.9776997476261448,
  "bayes_population_risk": 0.8028223802788139,
  "empirical_bayes_risk": 0.8068908482537581,
  "generalization_gap": 0.007795276240552207,
  "excess_population_risk": 0.17487736734733084,
  "runtime_seconds": 109.30238499119878,
  "runtime_per_step_seconds": 0.021860476998239755,
  "initial_objective": 0.9788219539562777,
  "final_objective": 0.97176661471734,
  "best_objective": 0.97176661471734,
  "objective_reduction": 0.007055339238937641,
  "initial_train_loss_history": 0.9780085122072217,
  "final_train_loss_history": 0.9699044713855925,
  "best_train_loss_history": 0.9699044169387367,
  "train_loss_reduction": 0.008104040821629188,
  "weight_norm": 3.724286421663434,
  "trace_s": 3.7242864216634333,
  "top_eigenvalue": 0.8693607477877466,
  "min_eigenvalue": -2.814260213931425e-17,
  "R1": 0.23343015261416206,
  "effective_rank": 7.515903995125461,
  "config_suffix": "cov_exponential_mask_random_rho_NA_lambda_1e-05_beta_1_d_50_T_5_lr_0p001_iter_5000_ntrain_1750_seed_42"
}