{
  "alpha": null,
  "seed": 42,
  "n_train": 5000,
  "n_population": 5000,
  "train_loss": 0.8078190941631781,
  "population_risk": 0.8108117717578506,
  "bayes_population_risk": 0.24553354982376377,
  "empirical_bayes_risk": 0.2464158376575097,
  "generalization_gap": 0.002992677594672477,
  "excess_population_risk": 0.5652782219340868,
  "runtime_seconds": 1542.0708449762315,
  "runtime_per_step_seconds": 0.3084141689952463,
  "initial_objective": 0.8126083698551709,
  "final_objective": 0.8097623519468133,
  "best_objective": 0.8097623519468133,
  "objective_reduction": 0.00284601790835759,
  "initial_train_loss_history": 0.8114416619754835,
  "final_train_loss_history": 0.8078190941631781,
  "best_train_loss_history": 0.807787044329165,
  "train_loss_reduction": 0.0036225678123054106,
  "weight_norm": 1.9432577813436924,
  "trace_s": 1.9432577813436922,
  "top_eigenvalue": 1.94303517518509,
  "min_eigenvalue": -1.957947398293176e-17,
  "R1": 0.999885446922822,
  "effective_rank": 1.0011593217488863,
  "config_suffix": "cov_matern_mask_random_rho_NA_lambda_1e-05_beta_1_d_100_T_10_lr_0p001_iter_5000_ntrain_5000_seed_42"
}