{
  "alpha": null,
  "seed": 42,
  "n_train": 70,
  "n_population": 5000,
  "train_loss": 0.1566316454652244,
  "population_risk": 0.4957077982650001,
  "bayes_population_risk": 0.09356768304525143,
  "empirical_bayes_risk": 0.09351455389590439,
  "generalization_gap": 0.3390761527997757,
  "excess_population_risk": 0.4021401152197487,
  "runtime_seconds": 42.05091789364815,
  "runtime_per_step_seconds": 0.00841018357872963,
  "initial_objective": 0.24995510177833222,
  "final_objective": 0.17938832335507357,
  "best_objective": 0.17938832335507357,
  "objective_reduction": 0.07056677842325865,
  "initial_train_loss_history": 0.24766920198195247,
  "final_train_loss_history": 0.1566316454652244,
  "best_train_loss_history": 0.1566316454652244,
  "train_loss_reduction": 0.09103755651672807,
  "weight_norm": 22.756661172275997,
  "trace_s": 22.756661172276,
  "top_eigenvalue": 11.7182463728087,
  "min_eigenvalue": 4.505628502693031e-13,
  "R1": 0.5149369797307882,
  "effective_rank": 4.019339752194038,
  "config_suffix": "cov_circulant_ar1_mask_random_rho_0p9_lambda_1e-05_beta_1_d_100_T_5_lr_0p001_iter_5000_ntrain_70_seed_42"
}