{
  "alpha": null,
  "seed": 42,
  "n_train": 500,
  "n_population": 5000,
  "train_loss": 1.1433803096065538,
  "population_risk": 1.1595592455040777,
  "bayes_population_risk": 0.8444937602472408,
  "empirical_bayes_risk": 0.8991850294967831,
  "generalization_gap": 0.01617893589752395,
  "excess_population_risk": 0.315065485256837,
  "runtime_seconds": 20.866665456444025,
  "runtime_per_step_seconds": 0.020866665456444024,
  "initial_objective": 1.1531613491215809,
  "final_objective": 1.1449905723930847,
  "best_objective": 1.1449905723930847,
  "objective_reduction": 0.008170776728496199,
  "initial_train_loss_history": 1.152585499467246,
  "final_train_loss_history": 1.1433803096065538,
  "best_train_loss_history": 1.1433803096065538,
  "train_loss_reduction": 0.009205189860692187,
  "weight_norm": 3.220066350262596,
  "trace_s": 3.2200663502625946,
  "top_eigenvalue": 0.9887297002725318,
  "min_eigenvalue": 3.935366322188238e-10,
  "R1": 0.30705258610335817
}