{
  "alpha": null,
  "seed": 42,
  "n_train": 500,
  "n_population": 5000,
  "train_loss": 0.844047717558914,
  "population_risk": 0.8563904616509687,
  "bayes_population_risk": 0.66,
  "empirical_bayes_risk": 0.6587575318513075,
  "generalization_gap": 0.012342744092054714,
  "excess_population_risk": 0.19639046165096863,
  "runtime_seconds": 70.77676913700998,
  "runtime_per_step_seconds": 0.0070776769137009974,
  "initial_objective": 0.8690481904312244,
  "final_objective": 0.8484178907404606,
  "best_objective": 0.8484178584275333,
  "objective_reduction": 0.020630299690763798,
  "initial_train_loss_history": 0.865811661173969,
  "final_train_loss_history": 0.844047717558914,
  "best_train_loss_history": 0.8440474823145245,
  "train_loss_reduction": 0.02176394361505507,
  "weight_norm": 8.740352834144655,
  "trace_s": 8.740352834144655,
  "top_eigenvalue": 2.1896924959423614,
  "min_eigenvalue": 6.077851092452541e-14,
  "R1": 0.2505267850730479
}