{
  "alpha": 0.5,
  "seed": 0,
  "n_train": 1250,
  "n_population": 5000,
  "train_loss": 0.46420201143739676,
  "population_risk": 0.46454167015588954,
  "bayes_population_risk": 0.28975609756097553,
  "empirical_bayes_risk": 0.29058737485216396,
  "weight_norm": 0.004415735735867734,
  "trace_s": 0.0044157357358677336,
  "top_eigenvalue": 0.00042815210597383876,
  "R1": 0.0969605364958967
}