{
  "alpha": null,
  "seed": 42,
  "n_train": 100,
  "n_population": 5000,
  "train_loss": 0.37990536665167995,
  "population_risk": 0.48950224526363173,
  "bayes_population_risk": 0.27570731707317064,
  "empirical_bayes_risk": 0.27823372025693127,
  "generalization_gap": 0.10959687861195178,
  "excess_population_risk": 0.2137949281904611,
  "runtime_seconds": 46.84092506207526,
  "runtime_per_step_seconds": 0.0046840925062075255,
  "initial_objective": 0.4793436640044894,
  "final_objective": 0.39085494356973915,
  "best_objective": 0.39085494356973915,
  "objective_reduction": 0.08848872043475026,
  "initial_train_loss_history": 0.47807014467362285,
  "final_train_loss_history": 0.37990536665167995,
  "best_train_loss_history": 0.37990536665167995,
  "train_loss_reduction": 0.0981647780219429,
  "weight_norm": 21.89915382657406,
  "trace_s": 21.899153826574064,
  "top_eigenvalue": 12.935706505110435,
  "min_eigenvalue": 5.259047270288669e-16,
  "R1": 0.5906943531952038
}