{
  "alpha": null,
  "seed": 42,
  "n_train": 2000,
  "n_population": 5000,
  "train_loss": 0.9777879556298629,
  "population_risk": 0.9731546047695354,
  "bayes_population_risk": 0.45666666666666667,
  "empirical_bayes_risk": 0.459392781336547,
  "generalization_gap": -0.0046333508603274565,
  "excess_population_risk": 0.5164879381028687,
  "runtime_seconds": 258.2477560117841,
  "runtime_per_step_seconds": 0.025824775601178407,
  "initial_objective": 0.9840910538065273,
  "final_objective": 0.9787269543874584,
  "best_objective": 0.9787266879951018,
  "objective_reduction": 0.005364099419068902,
  "initial_train_loss_history": 0.9774435482566493,
  "final_train_loss_history": 0.9777879556298629,
  "best_train_loss_history": 0.9768541017774778,
  "train_loss_reduction": -0.0003444073732136177,
  "weight_norm": 0.18781057563097558,
  "trace_s": 0.18781057563097545,
  "top_eigenvalue": 0.18780880830256688,
  "min_eigenvalue": -2.1573866072969686e-17,
  "R1": 0.999990589835515
}