{
  "alpha": null,
  "seed": 42,
  "n_train": 10,
  "n_population": 5000,
  "train_loss": 0.9496108131441632,
  "population_risk": 1.4787224437096227,
  "bayes_population_risk": 1.0,
  "empirical_bayes_risk": 1.0022838852467642,
  "generalization_gap": 0.5291116305654595,
  "excess_population_risk": 0.4787224437096227,
  "runtime_seconds": 49.242523834109306,
  "runtime_per_step_seconds": 0.00984850476682186,
  "initial_objective": 1.0839442810440312,
  "final_objective": 0.9719496534110104,
  "best_objective": 0.9719496534110104,
  "objective_reduction": 0.11199462763302082,
  "initial_train_loss_history": 1.0827838827950156,
  "final_train_loss_history": 0.9496108131441632,
  "best_train_loss_history": 0.9496108131441632,
  "train_loss_reduction": 0.1331730696508524,
  "weight_norm": 22.338840242225285,
  "trace_s": 22.338840242225277,
  "top_eigenvalue": 22.338831365517404,
  "min_eigenvalue": -7.98244889065763e-17,
  "R1": 0.9999996026334507,
  "effective_rank": 1.0000068331333678,
  "config_suffix": "cov_identity_mask_random_rho_NA_lambda_1e-05_beta_1_d_100_T_50_lr_0p001_iter_5000_ntrain_10_seed_42"
}