{
  "alpha": null,
  "seed": 42,
  "n_train": 2000,
  "n_population": 5000,
  "train_loss": 1.149771290298726,
  "population_risk": 1.1281590656730924,
  "bayes_population_risk": 0.9710902924899966,
  "empirical_bayes_risk": 0.9704754891347307,
  "generalization_gap": -0.021612224625633614,
  "excess_population_risk": 0.15706877318309587,
  "runtime_seconds": 102.4122992027551,
  "runtime_per_step_seconds": 0.02048245984055102,
  "initial_objective": 1.1529553012104592,
  "final_objective": 1.1500556483890163,
  "best_objective": 1.1500556483890163,
  "objective_reduction": 0.0028996528214428885,
  "initial_train_loss_history": 1.15257660310974,
  "final_train_loss_history": 1.149771290298726,
  "best_train_loss_history": 1.1497712759016414,
  "train_loss_reduction": 0.002805312811013927,
  "weight_norm": 1.1374323597563567,
  "trace_s": 1.1374323597563565,
  "top_eigenvalue": 0.6966432559728843,
  "min_eigenvalue": -1.5151814612031526e-17,
  "R1": 0.6124700515133125,
  "effective_rank": 2.6790712115775066,
  "config_suffix": "cov_exponential_mask_random_rho_NA_lambda_1e-05_beta_1_d_25_T_5_lr_0p001_iter_5000_ntrain_2000_seed_42"
}