{
  "alpha": null,
  "seed": 42,
  "n_train": 50,
  "n_population": 5000,
  "train_loss": 0.8728299484689286,
  "population_risk": 1.190403423613192,
  "bayes_population_risk": 0.8028223802788139,
  "empirical_bayes_risk": 0.801127538873513,
  "generalization_gap": 0.3175734751442634,
  "excess_population_risk": 0.38758104333437804,
  "runtime_seconds": 20.323921585455537,
  "runtime_per_step_seconds": 0.004064784317091107,
  "initial_objective": 0.9591140236695578,
  "final_objective": 0.8838852990243419,
  "best_objective": 0.8838852990243419,
  "objective_reduction": 0.0752287246452159,
  "initial_train_loss_history": 0.9582804615573857,
  "final_train_loss_history": 0.8728299484689286,
  "best_train_loss_history": 0.8728299484689286,
  "train_loss_reduction": 0.08545051308845708,
  "weight_norm": 22.11060398540159,
  "trace_s": 22.110603985401585,
  "top_eigenvalue": 9.979662000932034,
  "min_eigenvalue": 3.0577497943196395e-12,
  "R1": 0.4513518494348258,
  "effective_rank": 4.881368480047665,
  "config_suffix": "cov_exponential_mask_random_rho_NA_lambda_1e-05_beta_1_d_50_T_5_lr_0p001_iter_5000_ntrain_50_seed_42",
  "ridge_lambda": 0.01,
  "ridge_train_loss": 0.7236568426324864,
  "ridge_population_risk": 0.8732575377474397,
  "ridge_generalization_gap": 0.14960069511495333,
  "ridge_excess_population_risk": 0.07043515746862583,
  "pca_n_components": 75,
  "pca_train_loss": 2.746952651916579e-16,
  "pca_population_risk": 1.2593532366912994,
  "pca_generalization_gap": 1.2593532366912992,
  "pca_excess_population_risk": 0.4565308564124855
}