{
  "alpha": null,
  "seed": 42,
  "n_train": 5000,
  "n_population": 5000,
  "train_loss": 1.1504154725116431,
  "population_risk": 1.1544256744496297,
  "bayes_population_risk": 0.8444937602472408,
  "empirical_bayes_risk": 0.899992517724235,
  "generalization_gap": 0.004010201937986624,
  "excess_population_risk": 0.30993191420238897,
  "runtime_seconds": 484.06765232793987,
  "runtime_per_step_seconds": 0.04840676523279399,
  "initial_objective": 1.151970254390693,
  "final_objective": 1.1504874462484374,
  "best_objective": 1.150487381497713,
  "objective_reduction": 0.0014828081422555428,
  "initial_train_loss_history": 1.1513376091197345,
  "final_train_loss_history": 1.1504154725116431,
  "best_train_loss_history": 1.1504146203409498,
  "train_loss_reduction": 0.0009221366080913729,
  "weight_norm": 0.14396562470348626,
  "trace_s": 0.1439656247034863,
  "top_eigenvalue": 0.1439647201197043,
  "min_eigenvalue": -5.8582787331996646e-18,
  "R1": 0.9999937166682392
}