{
  "alpha": null,
  "seed": 42,
  "n_train": 750,
  "n_population": 5000,
  "train_loss": 1.0232214134462243,
  "population_risk": 1.0209870437200967,
  "bayes_population_risk": 0.9267692307692309,
  "empirical_bayes_risk": 0.9224987462797019,
  "generalization_gap": -0.002234369726127561,
  "excess_population_risk": 0.09421781295086584,
  "runtime_seconds": 79.65178310312331,
  "runtime_per_step_seconds": 0.015930356620624662,
  "initial_objective": 1.0255105382887701,
  "final_objective": 1.0237054120465447,
  "best_objective": 1.0237054120465445,
  "objective_reduction": 0.0018051262422253966,
  "initial_train_loss_history": 1.0249721428769678,
  "final_train_loss_history": 1.0232214134462243,
  "best_train_loss_history": 1.0232214134462243,
  "train_loss_reduction": 0.0017507294307435028,
  "weight_norm": 0.9679972006411118,
  "trace_s": 0.9679972006411119,
  "top_eigenvalue": 0.9679972006411122,
  "min_eigenvalue": -1.7818685060967768e-16,
  "R1": 1.0,
  "effective_rank": 1.0,
  "config_suffix": "cov_toeplitz_mask_random_rho_0p2_lambda_1e-05_beta_1_d_50_T_20_lr_0p001_iter_5000_ntrain_750_seed_42",
  "ridge_lambda": 0.01,
  "ridge_train_loss": 0.9003650186567614,
  "ridge_population_risk": 0.9467963543021196,
  "ridge_generalization_gap": 0.046431335645358174,
  "ridge_excess_population_risk": 0.020027123532888713,
  "pca_n_components": 75,
  "pca_train_loss": 0.8297957261915929,
  "pca_population_risk": 1.0691538549474506,
  "pca_generalization_gap": 0.2393581287558577,
  "pca_excess_population_risk": 0.14238462417821973
}