{
  "alpha": null,
  "seed": 42,
  "n_train": 125,
  "n_population": 5000,
  "train_loss": 0.9524371982147527,
  "population_risk": 1.0314930407190477,
  "bayes_population_risk": 0.7822082681172894,
  "empirical_bayes_risk": 0.7813452199563832,
  "generalization_gap": 0.07905584250429498,
  "excess_population_risk": 0.2492847726017583,
  "runtime_seconds": 81.70581038109958,
  "runtime_per_step_seconds": 0.016341162076219915,
  "initial_objective": 1.0014741663640687,
  "final_objective": 0.9621416270871779,
  "best_objective": 0.9621416266998164,
  "objective_reduction": 0.03933253927689084,
  "initial_train_loss_history": 1.0003309136068879,
  "final_train_loss_history": 0.9524371982147527,
  "best_train_loss_history": 0.9524370975801977,
  "train_loss_reduction": 0.04789371539213516,
  "weight_norm": 9.704424960900438,
  "trace_s": 9.70442496090044,
  "top_eigenvalue": 5.5838677050423495,
  "min_eigenvalue": 3.2041084433156227e-16,
  "R1": 0.5753939803275314,
  "effective_rank": 2.7503137385052168,
  "config_suffix": "cov_exponential_mask_random_rho_NA_lambda_1e-05_beta_1_d_100_T_10_lr_0p001_iter_5000_ntrain_125_seed_42"
}