{
  "alpha": null,
  "seed": 42,
  "n_train": 300,
  "n_population": 5000,
  "train_loss": 0.7516757439821349,
  "population_risk": 0.8829512041687356,
  "bayes_population_risk": 0.24553354982376377,
  "empirical_bayes_risk": 0.2443374196353726,
  "generalization_gap": 0.13127546018660075,
  "excess_population_risk": 0.6374176543449719,
  "runtime_seconds": 107.68305554799736,
  "runtime_per_step_seconds": 0.021536611109599473,
  "initial_objective": 0.825566440555171,
  "final_objective": 0.7656442621737899,
  "best_objective": 0.7656442621737899,
  "objective_reduction": 0.05992217838138114,
  "initial_train_loss_history": 0.8243293921196869,
  "final_train_loss_history": 0.7516757439821349,
  "best_train_loss_history": 0.7516757439821349,
  "train_loss_reduction": 0.07265364813755204,
  "weight_norm": 13.968516679765008,
  "trace_s": 13.968516679765012,
  "top_eigenvalue": 8.83403793167074,
  "min_eigenvalue": 1.8484335256349618e-16,
  "R1": 0.6324249119785101,
  "effective_rank": 3.327533597597262,
  "config_suffix": "cov_matern_mask_random_rho_NA_lambda_1e-05_beta_1_d_100_T_10_lr_0p001_iter_5000_ntrain_300_seed_42"
}