{
  "alpha": null,
  "seed": 42,
  "n_train": 80,
  "n_population": 5000,
  "train_loss": 0.16892872074871357,
  "population_risk": 0.5721711887133554,
  "bayes_population_risk": 0.13898342541436456,
  "empirical_bayes_risk": 0.13983181662938837,
  "generalization_gap": 0.4032424679646418,
  "excess_population_risk": 0.4331877632989908,
  "runtime_seconds": 17.31786642409861,
  "runtime_per_step_seconds": 0.0034635732848197222,
  "initial_objective": 0.27659322177366524,
  "final_objective": 0.19313255363423903,
  "best_objective": 0.19313255363423903,
  "objective_reduction": 0.08346066813942621,
  "initial_train_loss_history": 0.2741929881228852,
  "final_train_loss_history": 0.16892872074871357,
  "best_train_loss_history": 0.16892872074871357,
  "train_loss_reduction": 0.1052642673741716,
  "weight_norm": 24.20381966546513,
  "trace_s": 24.203819665465133,
  "top_eigenvalue": 12.394431838892306,
  "min_eigenvalue": 2.933743552647077e-13,
  "R1": 0.5120857786168816,
  "effective_rank": 4.2845607459004995,
  "config_suffix": "cov_toeplitz_mask_random_rho_0p9_lambda_1e-05_beta_1_d_100_T_5_lr_0p001_iter_5000_ntrain_80_seed_42",
  "ridge_lambda": 0.01,
  "ridge_train_loss": 0.12558830862606687,
  "ridge_population_risk": 0.14728854074557277,
  "ridge_generalization_gap": 0.02170023211950589,
  "ridge_excess_population_risk": 0.008305115331208202,
  "pca_n_components": 75,
  "pca_train_loss": 0.009456896857111208,
  "pca_population_risk": 0.6576808367258593,
  "pca_generalization_gap": 0.6482239398687482,
  "pca_excess_population_risk": 0.5186974113114947
}