{
  "alpha": null,
  "seed": 42,
  "n_train": 400,
  "n_population": 5000,
  "train_loss": 0.3236355280648739,
  "population_risk": 0.35206027997795347,
  "bayes_population_risk": 0.12197790055248611,
  "empirical_bayes_risk": 0.121680304033401,
  "generalization_gap": 0.028424751913079582,
  "excess_population_risk": 0.23008237942546736,
  "runtime_seconds": 26.7988845333457,
  "runtime_per_step_seconds": 0.00535977690666914,
  "initial_objective": 0.3511129494950098,
  "final_objective": 0.3302971391262404,
  "best_objective": 0.3302971391262404,
  "objective_reduction": 0.020815810368769394,
  "initial_train_loss_history": 0.35035826440685874,
  "final_train_loss_history": 0.3236355280648739,
  "best_train_loss_history": 0.3236355280648739,
  "train_loss_reduction": 0.026722736341984854,
  "weight_norm": 13.323219828840989,
  "trace_s": 13.323219828840989,
  "top_eigenvalue": 5.145376936358313,
  "min_eigenvalue": 1.5807545509659978e-14,
  "R1": 0.38619620500594243,
  "effective_rank": 6.385914807352192,
  "config_suffix": "cov_toeplitz_mask_random_rho_0p9_lambda_1e-05_beta_1_d_50_T_10_lr_0p001_iter_5000_ntrain_400_seed_42",
  "ridge_lambda": 0.01,
  "ridge_train_loss": 0.11974225938241387,
  "ridge_population_risk": 0.12451589455003755,
  "ridge_generalization_gap": 0.004773635167623677,
  "ridge_excess_population_risk": 0.0025379939975514326,
  "pca_n_components": 75,
  "pca_train_loss": 0.19214149951588425,
  "pca_population_risk": 0.31605646433089757,
  "pca_generalization_gap": 0.12391496481501332,
  "pca_excess_population_risk": 0.19407856377841146
}