{
  "alpha": null,
  "seed": 42,
  "n_train": 500,
  "n_population": 5000,
  "train_loss": 1.1474193341824486,
  "population_risk": 1.153108816562157,
  "bayes_population_risk": 0.9000135482996884,
  "empirical_bayes_risk": 0.8991850294967831,
  "generalization_gap": 0.005689482379708455,
  "excess_population_risk": 0.25309526826246864,
  "runtime_seconds": 14.275691572576761,
  "runtime_per_step_seconds": 0.01427569157257676,
  "initial_objective": 1.1577520909524588,
  "final_objective": 1.1496471340146692,
  "best_objective": 1.1496471340146692,
  "objective_reduction": 0.008104956937789565,
  "initial_train_loss_history": 1.152597682943441,
  "final_train_loss_history": 1.1474193341824486,
  "best_train_loss_history": 1.1474193341824486,
  "train_loss_reduction": 0.005178348760992435,
  "weight_norm": 0.4455591694224642,
  "trace_s": 0.4455591694224641,
  "top_eigenvalue": 0.44547275844593454,
  "min_eigenvalue": 4.69108915055315e-13,
  "R1": 0.9998060617254456,
  "config_suffix": "cov_tridiagonal_mask_last_rho_0p3_lambda_0p0001_beta_1_d_50_T_5_lr_0p001_iter_1000_ntrain_500_seed_42"
}