{
  "alpha": null,
  "seed": 42,
  "n_train": 10,
  "n_population": 5000,
  "train_loss": 0.6883557348543452,
  "population_risk": 1.0764600628001775,
  "bayes_population_risk": 0.66,
  "empirical_bayes_risk": 0.6616785614093658,
  "generalization_gap": 0.3881043279458323,
  "excess_population_risk": 0.41646006280017744,
  "runtime_seconds": 7.9402307868003845,
  "runtime_per_step_seconds": 0.007940230786800385,
  "initial_objective": 0.9194766504191049,
  "final_objective": 0.7344586953741761,
  "best_objective": 0.7344586953741761,
  "objective_reduction": 0.1850179550449288,
  "initial_train_loss_history": 0.9137980815942042,
  "final_train_loss_history": 0.6883557348543452,
  "best_train_loss_history": 0.6883557348543452,
  "train_loss_reduction": 0.22544234673985897,
  "weight_norm": 9.218989575583592,
  "trace_s": 9.218989575583592,
  "top_eigenvalue": 5.897954328148241,
  "min_eigenvalue": 2.5113940069734492e-08,
  "R1": 0.6397614705812145,
  "config_suffix": "cov_toeplitz_mask_random_rho_0p5_lambda_0p0001_beta_1_d_50_T_5_lr_0p001_iter_1000_ntrain_10_seed_42"
}