{
  "alpha": null,
  "seed": 42,
  "n_train": 125,
  "n_population": 5000,
  "train_loss": 1.1854495766809356,
  "population_risk": 1.1490764477066187,
  "bayes_population_risk": 0.9710902924899966,
  "empirical_bayes_risk": 0.9639602938211345,
  "generalization_gap": -0.03637312897431699,
  "excess_population_risk": 0.1779861552166221,
  "runtime_seconds": 22.51214451342821,
  "runtime_per_step_seconds": 0.0045024289026856425,
  "initial_objective": 1.2046035491385683,
  "final_objective": 1.1867848845416415,
  "best_objective": 1.1867848845416415,
  "objective_reduction": 0.017818664596926714,
  "initial_train_loss_history": 1.20425378757418,
  "final_train_loss_history": 1.1854495766809356,
  "best_train_loss_history": 1.1854495303607082,
  "train_loss_reduction": 0.018804210893244244,
  "weight_norm": 5.341229082864511,
  "trace_s": 5.341229082864512,
  "top_eigenvalue": 2.7138373647926737,
  "min_eigenvalue": 7.322654563435004e-15,
  "R1": 0.5080922991112821,
  "effective_rank": 2.905878317290295,
  "config_suffix": "cov_exponential_mask_random_rho_NA_lambda_1e-05_beta_1_d_25_T_5_lr_0p001_iter_5000_ntrain_125_seed_42",
  "ridge_lambda": 0.01,
  "ridge_train_loss": 0.9813805273879277,
  "ridge_population_risk": 0.9984251072407462,
  "ridge_generalization_gap": 0.017044579852818487,
  "ridge_excess_population_risk": 0.027334814750749614,
  "pca_n_components": 62,
  "pca_train_loss": 0.5181078098583299,
  "pca_population_risk": 2.547647780152986,
  "pca_generalization_gap": 2.0295399702946564,
  "pca_excess_population_risk": 1.5765574876629898
}