{
  "alpha": null,
  "seed": 42,
  "n_train": 1250,
  "n_population": 5000,
  "train_loss": 0.7977863781484542,
  "population_risk": 0.8220007674889257,
  "bayes_population_risk": 0.24553354982376377,
  "empirical_bayes_risk": 0.24395046888148644,
  "generalization_gap": 0.024214389340471487,
  "excess_population_risk": 0.576467217665162,
  "runtime_seconds": 422.3454773761332,
  "runtime_per_step_seconds": 0.08446909547522664,
  "initial_objective": 0.8161829638350216,
  "final_objective": 0.8032522524681692,
  "best_objective": 0.8032522267071301,
  "objective_reduction": 0.012930711366852421,
  "initial_train_loss_history": 0.8150267239517771,
  "final_train_loss_history": 0.7977863781484542,
  "best_train_loss_history": 0.7977854911610641,
  "train_loss_reduction": 0.0172403458033229,
  "weight_norm": 5.465856841524031,
  "trace_s": 5.46585684152403,
  "top_eigenvalue": 4.177249260317472,
  "min_eigenvalue": -5.9648697367034485e-19,
  "R1": 0.7642441764268275,
  "effective_rank": 2.304705659736569,
  "config_suffix": "cov_matern_mask_random_rho_NA_lambda_1e-05_beta_1_d_100_T_10_lr_0p001_iter_5000_ntrain_1250_seed_42"
}