{
  "alpha": 2.0,
  "seed": 0,
  "n_train": 5000,
  "n_population": 5000,
  "train_loss": 0.846510720396093,
  "population_risk": 0.8462798142965458,
  "bayes_population_risk": 0.66,
  "empirical_bayes_risk": 0.6601247920553202,
  "generalization_gap": -0.0002309060995472345,
  "excess_population_risk": 0.18627981429654572,
  "runtime_seconds": 72.53757712501101,
  "runtime_per_step_seconds": 0.07253757712501101,
  "initial_objective": 0.8651894845625359,
  "final_objective": 0.8469657669842647,
  "best_objective": 0.8469657669842647,
  "objective_reduction": 0.018223717578271126,
  "initial_train_loss_history": 0.8620764592950815,
  "final_train_loss_history": 0.846510720396093,
  "best_train_loss_history": 0.846510720396093,
  "train_loss_reduction": 0.01556573889898849,
  "weight_norm": 0.9091555191183619,
  "trace_s": 0.9091555191183619,
  "top_eigenvalue": 0.14196190380446738,
  "min_eigenvalue": 3.028580060574039e-10,
  "R1": 0.15614699665699935
}