{
  "alpha": null,
  "seed": 42,
  "n_train": 8000,
  "n_population": 5000,
  "train_loss": 0.32754326237952214,
  "population_risk": 0.33013727047952723,
  "bayes_population_risk": 0.18999999999999984,
  "empirical_bayes_risk": 0.19024938721308135,
  "generalization_gap": 0.0025940081000050963,
  "excess_population_risk": 0.1401372704795274,
  "runtime_seconds": 879.9991752319038,
  "runtime_per_step_seconds": 0.08799991752319038,
  "initial_objective": 0.3648357541985163,
  "final_objective": 0.3325566224716548,
  "best_objective": 0.3325566224716548,
  "objective_reduction": 0.03227913172686153,
  "initial_train_loss_history": 0.3636000607625102,
  "final_train_loss_history": 0.32754326237952214,
  "best_train_loss_history": 0.32754326237952214,
  "train_loss_reduction": 0.03605679838298809,
  "weight_norm": 10.026720162575655,
  "trace_s": 10.026720162575657,
  "top_eigenvalue": 0.7889673825196922,
  "min_eigenvalue": 3.2430694105094635e-15,
  "R1": 0.07868648668030873,
  "config_suffix": "cov_toeplitz_mask_last_rho_0p9_lambda_1e-05_beta_1_d_50_T_5_lr_0p001_iter_10000_ntrain_8000_seed_42"
}