{
  "alpha": null,
  "seed": 42,
  "n_train": 150,
  "n_population": 5000,
  "train_loss": 0.6780184388630613,
  "population_risk": 0.7889685112159215,
  "bayes_population_risk": 0.10837348066298334,
  "empirical_bayes_risk": 0.1087115572480127,
  "generalization_gap": 0.11095007235286014,
  "excess_population_risk": 0.6805950305529381,
  "runtime_seconds": 101.19900570064783,
  "runtime_per_step_seconds": 0.020239801140129566,
  "initial_objective": 0.7323895550730557,
  "final_objective": 0.6819526420473266,
  "best_objective": 0.6819526420473266,
  "objective_reduction": 0.05043691302572906,
  "initial_train_loss_history": 0.7317383034631227,
  "final_train_loss_history": 0.6780184388630613,
  "best_train_loss_history": 0.6780184388630613,
  "train_loss_reduction": 0.053719864600061396,
  "weight_norm": 7.868399988463634,
  "trace_s": 7.868399988463637,
  "top_eigenvalue": 6.910848609419973,
  "min_eigenvalue": 3.886380746532941e-15,
  "R1": 0.8783041812252053,
  "effective_rank": 1.5662063633777341,
  "config_suffix": "cov_toeplitz_mask_random_rho_0p9_lambda_1e-05_beta_1_d_50_T_50_lr_0p001_iter_5000_ntrain_150_seed_42"
}