{
  "alpha": null,
  "seed": 42,
  "n_train": 175,
  "n_population": 5000,
  "train_loss": 0.7966745373006475,
  "population_risk": 0.8353475704964222,
  "bayes_population_risk": 0.24553354982376377,
  "empirical_bayes_risk": 0.24600761177214595,
  "generalization_gap": 0.03867303319577464,
  "excess_population_risk": 0.5898140206726584,
  "runtime_seconds": 19.270075159147382,
  "runtime_per_step_seconds": 0.0038540150318294763,
  "initial_objective": 0.818182889014453,
  "final_objective": 0.7983648753430137,
  "best_objective": 0.7983648753430137,
  "objective_reduction": 0.019818013671439316,
  "initial_train_loss_history": 0.8177578281390142,
  "final_train_loss_history": 0.7966745373006475,
  "best_train_loss_history": 0.7966745373006475,
  "train_loss_reduction": 0.021083290838366686,
  "weight_norm": 6.761339454687633,
  "trace_s": 6.761339454687633,
  "top_eigenvalue": 3.880394846922278,
  "min_eigenvalue": 7.628953023081961e-12,
  "R1": 0.5739091895810677,
  "effective_rank": 2.766502072693787,
  "config_suffix": "cov_matern_mask_random_rho_NA_lambda_1e-05_beta_1_d_25_T_10_lr_0p001_iter_5000_ntrain_175_seed_42",
  "ridge_lambda": 0.01,
  "ridge_train_loss": 0.2379417464254334,
  "ridge_population_risk": 0.2598431617001107,
  "ridge_generalization_gap": 0.02190141527467729,
  "ridge_excess_population_risk": 0.014309611876346912,
  "pca_n_components": 75,
  "pca_train_loss": 0.20955611078444478,
  "pca_population_risk": 0.7247045443240304,
  "pca_generalization_gap": 0.5151484335395856,
  "pca_excess_population_risk": 0.4791709945002667
}