{
  "alpha": null,
  "seed": 42,
  "n_train": 200,
  "n_population": 5000,
  "train_loss": 0.6563086167592631,
  "population_risk": 0.782807573406255,
  "bayes_population_risk": 0.5301185178874289,
  "empirical_bayes_risk": 0.5313906243705228,
  "generalization_gap": 0.12649895664699184,
  "excess_population_risk": 0.25268905551882603,
  "runtime_seconds": 25.115150338038802,
  "runtime_per_step_seconds": 0.00502303006760776,
  "initial_objective": 0.7392026928677722,
  "final_objective": 0.6747235434702981,
  "best_objective": 0.6747235434702981,
  "objective_reduction": 0.06447914939747412,
  "initial_train_loss_history": 0.7375010540196518,
  "final_train_loss_history": 0.6563086167592631,
  "best_train_loss_history": 0.6563086167592631,
  "train_loss_reduction": 0.08119243726038872,
  "weight_norm": 18.41492257759013,
  "trace_s": 18.414922577590133,
  "top_eigenvalue": 7.482791434787474,
  "min_eigenvalue": 1.1886561825918647e-13,
  "R1": 0.40634389871905235,
  "effective_rank": 5.849799416079649,
  "config_suffix": "cov_exponential_mask_random_rho_NA_lambda_1e-05_beta_1_d_100_T_5_lr_0p001_iter_5000_ntrain_200_seed_42",
  "ridge_lambda": 0.01,
  "ridge_train_loss": 0.5189726526500104,
  "ridge_population_risk": 0.5422224654145682,
  "ridge_generalization_gap": 0.023249812764557842,
  "ridge_excess_population_risk": 0.01210394752713928,
  "pca_n_components": 75,
  "pca_train_loss": 0.3830437829922458,
  "pca_population_risk": 0.9683990094123816,
  "pca_generalization_gap": 0.5853552264201358,
  "pca_excess_population_risk": 0.43828049152495263
}