{
  "alpha": null,
  "seed": 42,
  "n_train": 300,
  "n_population": 5000,
  "train_loss": 0.9954697495867354,
  "population_risk": 1.0099653933491397,
  "bayes_population_risk": 0.9245538461538463,
  "empirical_bayes_risk": 0.9214566893702609,
  "generalization_gap": 0.014495643762404309,
  "excess_population_risk": 0.08541154719529342,
  "runtime_seconds": 184.86486490629613,
  "runtime_per_step_seconds": 0.036972972981259226,
  "initial_objective": 0.9997709557417733,
  "final_objective": 0.9965334316852291,
  "best_objective": 0.9965334173887656,
  "objective_reduction": 0.0032375240565442054,
  "initial_train_loss_history": 0.9987350940240113,
  "final_train_loss_history": 0.9954697495867354,
  "best_train_loss_history": 0.9954695000603363,
  "train_loss_reduction": 0.0032653444372758855,
  "weight_norm": 1.0636933784472857,
  "trace_s": 1.063693378447286,
  "top_eigenvalue": 1.0636932728660584,
  "min_eigenvalue": 7.062816410544309e-16,
  "R1": 0.9999999007409187,
  "effective_rank": 1.0000020425622116,
  "config_suffix": "cov_toeplitz_mask_random_rho_0p2_lambda_1e-05_beta_1_d_100_T_50_lr_0p001_iter_5000_ntrain_300_seed_42",
  "ridge_lambda": 0.01,
  "ridge_train_loss": 0.76501325833374,
  "ridge_population_risk": 1.1036135637421545,
  "ridge_generalization_gap": 0.33860030540841446,
  "ridge_excess_population_risk": 0.1790597175883082,
  "pca_n_components": 75,
  "pca_train_loss": 0.6705694501951152,
  "pca_population_risk": 1.015609265121107,
  "pca_generalization_gap": 0.3450398149259919,
  "pca_excess_population_risk": 0.09105541896726077
}