{
  "alpha": null,
  "seed": 42,
  "n_train": 175,
  "n_population": 5000,
  "train_loss": 0.2298391983241761,
  "population_risk": 0.4741470090275304,
  "bayes_population_risk": 0.07006953088198194,
  "empirical_bayes_risk": 0.06987380165897701,
  "generalization_gap": 0.24430781070335428,
  "excess_population_risk": 0.40407747814554845,
  "runtime_seconds": 56.16875271499157,
  "runtime_per_step_seconds": 0.011233750542998314,
  "initial_objective": 0.35645979544502876,
  "final_objective": 0.26086046530108875,
  "best_objective": 0.26086046530108875,
  "objective_reduction": 0.09559933014394001,
  "initial_train_loss_history": 0.35441098692028766,
  "final_train_loss_history": 0.2298391983241761,
  "best_train_loss_history": 0.2298391983241761,
  "train_loss_reduction": 0.12457178859611157,
  "weight_norm": 31.021241468920525,
  "trace_s": 31.02124146892053,
  "top_eigenvalue": 14.71421209211239,
  "min_eigenvalue": 8.433916797552372e-14,
  "R1": 0.47432699000309914,
  "effective_rank": 5.04993901683082,
  "config_suffix": "cov_matern_mask_random_rho_NA_lambda_1e-05_beta_1_d_100_T_5_lr_0p001_iter_5000_ntrain_175_seed_42"
}