{
  "alpha": null,
  "seed": 42,
  "n_train": 1000,
  "n_population": 5000,
  "train_loss": 1.1111830420090545,
  "population_risk": 1.0998941785231495,
  "bayes_population_risk": 1.0,
  "empirical_bayes_risk": 0.9990816202752041,
  "generalization_gap": -0.011288863485904965,
  "excess_population_risk": 0.09989417852314952,
  "runtime_seconds": 48.85209035500884,
  "runtime_per_step_seconds": 0.009770418071001768,
  "initial_objective": 1.1126482236455346,
  "final_objective": 1.11134572614335,
  "best_objective": 1.1113457261433497,
  "objective_reduction": 0.0013024975021846963,
  "initial_train_loss_history": 1.1121211153879091,
  "final_train_loss_history": 1.1111830420090545,
  "best_train_loss_history": 1.111181618555916,
  "train_loss_reduction": 0.0009380733788546536,
  "weight_norm": 0.32536826859100143,
  "trace_s": 0.3253682685910015,
  "top_eigenvalue": 0.3253682685910015,
  "min_eigenvalue": -6.024967088600597e-17,
  "R1": 1.0,
  "effective_rank": 1.0,
  "config_suffix": "cov_identity_mask_random_rho_NA_lambda_1e-05_beta_1_d_50_T_10_lr_0p001_iter_5000_ntrain_1000_seed_42",
  "ridge_lambda": 0.01,
  "ridge_train_loss": 1.0019706493063445,
  "ridge_population_risk": 1.0073651078998587,
  "ridge_generalization_gap": 0.005394458593514173,
  "ridge_excess_population_risk": 0.007365107899858669,
  "pca_n_components": 75,
  "pca_train_loss": 0.938813392312989,
  "pca_population_risk": 1.1996957423389814,
  "pca_generalization_gap": 0.26088235002599236,
  "pca_excess_population_risk": 0.19969574233898135
}