{
  "alpha": null,
  "seed": 42,
  "n_train": 500,
  "n_population": 5000,
  "train_loss": 1.0263420556270857,
  "population_risk": 1.0246819751574523,
  "bayes_population_risk": 0.9267692307692309,
  "empirical_bayes_risk": 0.9256804060935659,
  "generalization_gap": -0.001660080469633396,
  "excess_population_risk": 0.0979127443882214,
  "runtime_seconds": 174.820363227278,
  "runtime_per_step_seconds": 0.0349640726454556,
  "initial_objective": 1.0309524062051054,
  "final_objective": 1.0276958612265956,
  "best_objective": 1.0276958612265952,
  "objective_reduction": 0.003256544978509801,
  "initial_train_loss_history": 1.028921325125541,
  "final_train_loss_history": 1.0263420556270857,
  "best_train_loss_history": 1.026341703995113,
  "train_loss_reduction": 0.0025792694984552167,
  "weight_norm": 0.6769027997549115,
  "trace_s": 0.6769027997549115,
  "top_eigenvalue": 0.6769027997549114,
  "min_eigenvalue": -3.6568914606022047e-16,
  "R1": 1.0000000000000007,
  "effective_rank": 1.0,
  "config_suffix": "cov_toeplitz_mask_random_rho_0p2_lambda_1e-05_beta_1_d_200_T_20_lr_0p001_iter_5000_ntrain_500_seed_42",
  "ridge_lambda": 0.01,
  "ridge_train_loss": 0.8992276292673029,
  "ridge_population_risk": 0.9618534541231127,
  "ridge_generalization_gap": 0.06262582485580981,
  "ridge_excess_population_risk": 0.03508422335388184,
  "pca_n_components": 75,
  "pca_train_loss": 0.7895626430608047,
  "pca_population_risk": 1.0182518357347639,
  "pca_generalization_gap": 0.22868919267395915,
  "pca_excess_population_risk": 0.09148260496553295
}