{
  "alpha": null,
  "seed": 42,
  "n_train": 70,
  "n_population": 5000,
  "train_loss": 0.521497931673188,
  "population_risk": 1.279170608406464,
  "bayes_population_risk": 0.09796305337869733,
  "empirical_bayes_risk": 0.09711025137411688,
  "generalization_gap": 0.757672676733276,
  "excess_population_risk": 1.1812075550277668,
  "runtime_seconds": 34.28362010791898,
  "runtime_per_step_seconds": 0.006856724021583795,
  "initial_objective": 0.7678214215470078,
  "final_objective": 0.5576834953717815,
  "best_objective": 0.5576834953717815,
  "objective_reduction": 0.2101379261752263,
  "initial_train_loss_history": 0.7666900035682536,
  "final_train_loss_history": 0.521497931673188,
  "best_train_loss_history": 0.521497931673188,
  "train_loss_reduction": 0.24519207189506553,
  "weight_norm": 72.36994410630194,
  "trace_s": 72.36994410630194,
  "top_eigenvalue": 28.590246294047596,
  "min_eigenvalue": 5.474816072322755e-09,
  "R1": 0.3950569072162372,
  "effective_rank": 5.73648413314075,
  "config_suffix": "cov_toeplitz_bump_mask_random_rho_0p5_lambda_1e-05_beta_1_d_50_T_5_lr_0p001_iter_5000_ntrain_70_seed_42"
}