{
  "alpha": null,
  "seed": 42,
  "n_train": 400,
  "n_population": 5000,
  "train_loss": 0.9859936676289952,
  "population_risk": 0.9862454890140114,
  "bayes_population_risk": 0.7459898192227884,
  "empirical_bayes_risk": 0.7455648546764164,
  "generalization_gap": 0.00025182138501622653,
  "excess_population_risk": 0.24025566979122304,
  "runtime_seconds": 20.017780194059014,
  "runtime_per_step_seconds": 0.004003556038811803,
  "initial_objective": 1.0026182967344557,
  "final_objective": 0.9871040617120515,
  "best_objective": 0.9871040617120515,
  "objective_reduction": 0.015514235022404232,
  "initial_train_loss_history": 1.0020875864117504,
  "final_train_loss_history": 0.9859936676289952,
  "best_train_loss_history": 0.9859936674312855,
  "train_loss_reduction": 0.016093918782755234,
  "weight_norm": 4.441575817610755,
  "trace_s": 4.4415758176107545,
  "top_eigenvalue": 1.3653600994397799,
  "min_eigenvalue": 1.1054263620395227e-14,
  "R1": 0.30740443381066596,
  "effective_rank": 5.499902050943656,
  "config_suffix": "cov_matern_mask_random_rho_NA_lambda_1e-05_beta_1_d_25_T_5_lr_0p001_iter_5000_ntrain_400_seed_42",
  "ridge_lambda": 0.01,
  "ridge_train_loss": 0.7497212370116801,
  "ridge_population_risk": 0.7534728281984763,
  "ridge_generalization_gap": 0.0037515911867961327,
  "ridge_excess_population_risk": 0.007483008975687877,
  "pca_n_components": 62,
  "pca_train_loss": 0.8920887474108316,
  "pca_population_risk": 1.5380643109420564,
  "pca_generalization_gap": 0.6459755635312249,
  "pca_excess_population_risk": 0.792074491719268
}