{
  "alpha": null,
  "seed": 42,
  "n_train": 400,
  "n_population": 5000,
  "train_loss": 0.9621192580176451,
  "population_risk": 0.9890718193702427,
  "bayes_population_risk": 0.7459898192227884,
  "empirical_bayes_risk": 0.7425632250984063,
  "generalization_gap": 0.026952561352597604,
  "excess_population_risk": 0.2430820001474543,
  "runtime_seconds": 93.3971935454756,
  "runtime_per_step_seconds": 0.01867943870909512,
  "initial_objective": 0.9897077642571439,
  "final_objective": 0.9709765002789973,
  "best_objective": 0.9709765002789973,
  "objective_reduction": 0.018731263978146617,
  "initial_train_loss_history": 0.9882892323878061,
  "final_train_loss_history": 0.9621192580176451,
  "best_train_loss_history": 0.9621175731203516,
  "train_loss_reduction": 0.026169974370160998,
  "weight_norm": 8.857242072983315,
  "trace_s": 8.857242072983313,
  "top_eigenvalue": 2.763204194992345,
  "min_eigenvalue": 3.684926749518151e-16,
  "R1": 0.3119711725414814,
  "effective_rank": 6.542088251691087,
  "config_suffix": "cov_matern_mask_random_rho_NA_lambda_1e-05_beta_1_d_100_T_5_lr_0p001_iter_5000_ntrain_400_seed_42"
}