{
  "alpha": null,
  "seed": 42,
  "n_train": 40,
  "n_population": 5000,
  "train_loss": 0.188383057015106,
  "population_risk": 0.5214298183298872,
  "bayes_population_risk": 0.13898342541436456,
  "empirical_bayes_risk": 0.13768429485006287,
  "generalization_gap": 0.3330467613147812,
  "excess_population_risk": 0.3824463929155226,
  "runtime_seconds": 15.086190611124039,
  "runtime_per_step_seconds": 0.0030172381222248077,
  "initial_objective": 0.3064478230497784,
  "final_objective": 0.19957826538040382,
  "best_objective": 0.19957826538040382,
  "objective_reduction": 0.10686955766937459,
  "initial_train_loss_history": 0.30561663777340264,
  "final_train_loss_history": 0.188383057015106,
  "best_train_loss_history": 0.188383057015106,
  "train_loss_reduction": 0.11723358075829665,
  "weight_norm": 44.77760995307327,
  "trace_s": 44.777609953073274,
  "top_eigenvalue": 27.23743709005477,
  "min_eigenvalue": 3.1760018576964645e-07,
  "R1": 0.6082825125905438,
  "effective_rank": 3.9467629726781532,
  "config_suffix": "cov_toeplitz_mask_random_rho_0p9_lambda_1e-05_beta_1_d_25_T_5_lr_0p001_iter_5000_ntrain_40_seed_42",
  "ridge_lambda": 0.01,
  "ridge_train_loss": 0.1358458828266516,
  "ridge_population_risk": 0.15302548829370288,
  "ridge_generalization_gap": 0.017179605467051273,
  "ridge_excess_population_risk": 0.014042062879338318,
  "pca_n_components": 62,
  "pca_train_loss": 3.6307967541646406e-16,
  "pca_population_risk": 0.5148848377709946,
  "pca_generalization_gap": 0.5148848377709943,
  "pca_excess_population_risk": 0.37590141235663
}