{
  "alpha": null,
  "seed": 42,
  "n_train": 1250,
  "n_population": 5000,
  "train_loss": 0.7154587462787649,
  "population_risk": 0.7278498853559828,
  "bayes_population_risk": 0.10837348066298334,
  "empirical_bayes_risk": 0.10821324887614012,
  "generalization_gap": 0.012391139077217894,
  "excess_population_risk": 0.6194764046929995,
  "runtime_seconds": 490.0795665308833,
  "runtime_per_step_seconds": 0.09801591330617666,
  "initial_objective": 0.7226886096286541,
  "final_objective": 0.7163286082183921,
  "best_objective": 0.7163286082183921,
  "objective_reduction": 0.006360001410262051,
  "initial_train_loss_history": 0.7221330620467143,
  "final_train_loss_history": 0.7154587462787649,
  "best_train_loss_history": 0.7154587462787649,
  "train_loss_reduction": 0.0066743157679494125,
  "weight_norm": 1.7397238792541663,
  "trace_s": 1.7397238792541663,
  "top_eigenvalue": 1.739723879240281,
  "min_eigenvalue": -2.1564565808211292e-16,
  "R1": 0.9999999999920189,
  "effective_rank": 1.0000000002081677,
  "config_suffix": "cov_toeplitz_mask_random_rho_0p9_lambda_1e-05_beta_1_d_50_T_50_lr_0p001_iter_5000_ntrain_1250_seed_42",
  "ridge_lambda": 0.01,
  "ridge_train_loss": 0.10459076929121607,
  "ridge_population_risk": 0.11272772963900632,
  "ridge_generalization_gap": 0.008136960347790254,
  "ridge_excess_population_risk": 0.004354248976022976,
  "pca_n_components": 75,
  "pca_train_loss": 0.5430525911907794,
  "pca_population_risk": 0.6542409262862919,
  "pca_generalization_gap": 0.11118833509551251,
  "pca_excess_population_risk": 0.5458674456233086
}