{
  "alpha": null,
  "seed": 42,
  "n_train": 100,
  "n_population": 5000,
  "train_loss": 0.24654588710361316,
  "population_risk": 0.9649549233117403,
  "bayes_population_risk": 0.13898342541436456,
  "empirical_bayes_risk": 0.19012401206654797,
  "generalization_gap": 0.7184090362081271,
  "excess_population_risk": 0.8259714978973757,
  "runtime_seconds": 134.31192686781287,
  "runtime_per_step_seconds": 0.013431192686781288,
  "initial_objective": 0.3723996336845858,
  "final_objective": 0.29891320821510836,
  "best_objective": 0.2989132082149011,
  "objective_reduction": 0.07348642546947742,
  "initial_train_loss_history": 0.3688394958049363,
  "final_train_loss_history": 0.24654588710361316,
  "best_train_loss_history": 0.2465412362036869,
  "train_loss_reduction": 0.12229360870132314,
  "weight_norm": 26.18366055619483,
  "trace_s": 26.183660556194834,
  "top_eigenvalue": 15.194416414030316,
  "min_eigenvalue": -1.9816664542111797e-15,
  "R1": 0.580301458668102
}