{
  "alpha": null,
  "seed": 42,
  "n_train": 125,
  "n_population": 5000,
  "train_loss": 0.9248308175992013,
  "population_risk": 1.0093148128240297,
  "bayes_population_risk": 0.8028223802788139,
  "empirical_bayes_risk": 0.8006644234346938,
  "generalization_gap": 0.08448399522482841,
  "excess_population_risk": 0.20649243254521576,
  "runtime_seconds": 22.127500677481294,
  "runtime_per_step_seconds": 0.004425500135496259,
  "initial_objective": 0.9651449496940411,
  "final_objective": 0.9312536076460017,
  "best_objective": 0.9312536076460017,
  "objective_reduction": 0.03389134204803934,
  "initial_train_loss_history": 0.9644800480476661,
  "final_train_loss_history": 0.9248308175992013,
  "best_train_loss_history": 0.9248308175992013,
  "train_loss_reduction": 0.0396492304484648,
  "weight_norm": 12.84557329541572,
  "trace_s": 12.845573295415722,
  "top_eigenvalue": 3.869485739671946,
  "min_eigenvalue": 1.6996670918369412e-12,
  "R1": 0.3012310661956109,
  "effective_rank": 5.764829611778284,
  "config_suffix": "cov_exponential_mask_random_rho_NA_lambda_1e-05_beta_1_d_50_T_5_lr_0p001_iter_5000_ntrain_125_seed_42",
  "ridge_lambda": 0.01,
  "ridge_train_loss": 0.7678166184992676,
  "ridge_population_risk": 0.8289642680042927,
  "ridge_generalization_gap": 0.06114764950502505,
  "ridge_excess_population_risk": 0.026141887725478763,
  "pca_n_components": 75,
  "pca_train_loss": 0.26544414085837553,
  "pca_population_risk": 1.4299025505554237,
  "pca_generalization_gap": 1.164458409697048,
  "pca_excess_population_risk": 0.6270801702766098
}