{
  "alpha": null,
  "seed": 42,
  "n_train": 500,
  "n_population": 5000,
  "train_loss": 1.1474166620330435,
  "population_risk": 1.1531108206164746,
  "bayes_population_risk": 0.8444937602472408,
  "empirical_bayes_risk": 0.8991850294967831,
  "generalization_gap": 0.0056941585834311415,
  "excess_population_risk": 0.30861706036923386,
  "runtime_seconds": 77.47170805186033,
  "runtime_per_step_seconds": 0.007747170805186034,
  "initial_objective": 1.1577520909524588,
  "final_objective": 1.1496467771348426,
  "best_objective": 1.1496467771347685,
  "objective_reduction": 0.008105313817616144,
  "initial_train_loss_history": 1.152597682943441,
  "final_train_loss_history": 1.1474166620330435,
  "best_train_loss_history": 1.1474152205866988,
  "train_loss_reduction": 0.005181020910397516,
  "weight_norm": 0.44602302034558405,
  "trace_s": 0.4460230203455842,
  "top_eigenvalue": 0.4460230203455824,
  "min_eigenvalue": -8.426335801733216e-17,
  "R1": 0.9999999999999962
}