{
  "alpha": null,
  "seed": 42,
  "n_train": 5000,
  "n_population": 5000,
  "train_loss": 1.2015678252276165,
  "population_risk": 1.200728776764042,
  "bayes_population_risk": 1.0,
  "empirical_bayes_risk": 0.9998612920026871,
  "generalization_gap": -0.000839048463574521,
  "excess_population_risk": 0.200728776764042,
  "runtime_seconds": 556.7356152255088,
  "runtime_per_step_seconds": 0.11134712304510176,
  "initial_objective": 1.2028563592859585,
  "final_objective": 1.2016044574545295,
  "best_objective": 1.201604457454529,
  "objective_reduction": 0.001251901831428981,
  "initial_train_loss_history": 1.2018167772638149,
  "final_train_loss_history": 1.2015678252276165,
  "best_train_loss_history": 1.2015670580520608,
  "train_loss_reduction": 0.0002489520361983466,
  "weight_norm": 0.036632226912887984,
  "trace_s": 0.03663222691288798,
  "top_eigenvalue": 0.03663222691288797,
  "min_eigenvalue": -8.037362457228224e-18,
  "R1": 0.9999999999999998,
  "effective_rank": 1.0,
  "config_suffix": "cov_identity_mask_random_rho_NA_lambda_1e-05_beta_1_d_100_T_5_lr_0p001_iter_5000_ntrain_5000_seed_42"
}