{
  "alpha": null,
  "seed": 42,
  "n_train": 250,
  "n_population": 5000,
  "train_loss": 0.8460830432586186,
  "population_risk": 0.9144200796577923,
  "bayes_population_risk": 0.4371730888154475,
  "empirical_bayes_risk": 0.44079940176380716,
  "generalization_gap": 0.06833703639917366,
  "excess_population_risk": 0.4772469908423448,
  "runtime_seconds": 23.747168781235814,
  "runtime_per_step_seconds": 0.004749433756247163,
  "initial_objective": 0.8754311374804443,
  "final_objective": 0.8503437731041006,
  "best_objective": 0.8503437731041006,
  "objective_reduction": 0.025087364376343735,
  "initial_train_loss_history": 0.8747761617073535,
  "final_train_loss_history": 0.8460830432586186,
  "best_train_loss_history": 0.8460830432586186,
  "train_loss_reduction": 0.0286931184487349,
  "weight_norm": 8.521453427940083,
  "trace_s": 8.521453427940084,
  "top_eigenvalue": 3.386762184541335,
  "min_eigenvalue": 2.15320502183038e-14,
  "R1": 0.39743949939770157,
  "effective_rank": 4.829404703024362,
  "config_suffix": "cov_toeplitz_bump_mask_random_rho_0p5_lambda_1e-05_beta_1_d_50_T_10_lr_0p001_iter_5000_ntrain_250_seed_42",
  "ridge_lambda": 0.01,
  "ridge_train_loss": 0.4122812296713099,
  "ridge_population_risk": 0.45730447319060585,
  "ridge_generalization_gap": 0.04502324351929593,
  "ridge_excess_population_risk": 0.02013138437515838,
  "pca_n_components": 75,
  "pca_train_loss": 0.44419968662528236,
  "pca_population_risk": 0.976055416665498,
  "pca_generalization_gap": 0.5318557300402156,
  "pca_excess_population_risk": 0.5388823278500505
}