{
  "alpha": null,
  "seed": 42,
  "n_train": 600,
  "n_population": 5000,
  "train_loss": 1.0886527807321107,
  "population_risk": 1.0840886612239893,
  "bayes_population_risk": 0.8556104261592068,
  "empirical_bayes_risk": 0.8545467248520339,
  "generalization_gap": -0.004564119508121411,
  "excess_population_risk": 0.2284782350647825,
  "runtime_seconds": 22.45308288373053,
  "runtime_per_step_seconds": 0.022453082883730532,
  "initial_objective": 1.1029732519582387,
  "final_objective": 1.0915183389388103,
  "best_objective": 1.0915183389388103,
  "objective_reduction": 0.011454913019428359,
  "initial_train_loss_history": 1.102193215270791,
  "final_train_loss_history": 1.0886527807321107,
  "best_train_loss_history": 1.0886527807321107,
  "train_loss_reduction": 0.013540434538680257,
  "weight_norm": 5.729621225227246,
  "trace_s": 5.7296212252272465,
  "top_eigenvalue": 1.4849910205520596,
  "min_eigenvalue": 9.46759065372887e-09,
  "R1": 0.25917786921301456
}