{
  "alpha": null,
  "seed": 42,
  "n_train": 70,
  "n_population": 5000,
  "train_loss": 0.638507426427941,
  "population_risk": 0.8018557303414784,
  "bayes_population_risk": 0.5301185178874289,
  "empirical_bayes_risk": 0.5323441264473078,
  "generalization_gap": 0.16334830391353738,
  "excess_population_risk": 0.27173721245404947,
  "runtime_seconds": 22.342628242447972,
  "runtime_per_step_seconds": 0.004468525648489595,
  "initial_objective": 0.7282990273025004,
  "final_objective": 0.6430488152963966,
  "best_objective": 0.6430488152963966,
  "objective_reduction": 0.08525021200610383,
  "initial_train_loss_history": 0.7273538517826464,
  "final_train_loss_history": 0.638507426427941,
  "best_train_loss_history": 0.638507426427941,
  "train_loss_reduction": 0.08884642535470544,
  "weight_norm": 18.164741456842474,
  "trace_s": 18.164741456842474,
  "top_eigenvalue": 5.6119560994849245,
  "min_eigenvalue": 1.5225190201724758e-08,
  "R1": 0.30894775534341323,
  "effective_rank": 5.3091436572783275,
  "config_suffix": "cov_exponential_mask_random_rho_NA_lambda_1e-05_beta_1_d_25_T_5_lr_0p001_iter_5000_ntrain_70_seed_42"
}