{
  "alpha": null,
  "seed": 42,
  "n_train": 2000,
  "n_population": 5000,
  "train_loss": 0.32658174047867733,
  "population_risk": 0.32967912560303764,
  "bayes_population_risk": 0.13898342541436456,
  "empirical_bayes_risk": 0.19017323010720413,
  "generalization_gap": 0.003097385124360308,
  "excess_population_risk": 0.19069570018867307,
  "runtime_seconds": 35.90039183944464,
  "runtime_per_step_seconds": 0.035900391839444636,
  "initial_objective": 0.3629148194293278,
  "final_objective": 0.3313966101147614,
  "best_objective": 0.3313966101147614,
  "objective_reduction": 0.03151820931456639,
  "initial_train_loss_history": 0.36168625633435636,
  "final_train_loss_history": 0.32658174047867733,
  "best_train_loss_history": 0.32658174047867733,
  "train_loss_reduction": 0.03510451585567903,
  "weight_norm": 9.626985128005318,
  "trace_s": 9.626985128005316,
  "top_eigenvalue": 0.7801737589257104,
  "min_eigenvalue": 2.3566621883437677e-09,
  "R1": 0.08104029959038278
}