{
  "alpha": null,
  "seed": 42,
  "n_train": 90,
  "n_population": 5000,
  "train_loss": 0.32303689100987787,
  "population_risk": 1.168451368177267,
  "bayes_population_risk": 0.1214410313285021,
  "empirical_bayes_risk": 0.12068180846429032,
  "generalization_gap": 0.8454144771673892,
  "excess_population_risk": 1.0470103368487649,
  "runtime_seconds": 45.734627379104495,
  "runtime_per_step_seconds": 0.009146925475820899,
  "initial_objective": 0.556197795426187,
  "final_objective": 0.37427545114756705,
  "best_objective": 0.37427545114756705,
  "objective_reduction": 0.18192234427861992,
  "initial_train_loss_history": 0.5544005066911379,
  "final_train_loss_history": 0.32303689100987787,
  "best_train_loss_history": 0.32303689100987787,
  "train_loss_reduction": 0.23136361568126007,
  "weight_norm": 51.23849703127134,
  "trace_s": 51.23849703127135,
  "top_eigenvalue": 27.040615959183114,
  "min_eigenvalue": 6.940885602491859e-12,
  "R1": 0.527740225141264,
  "effective_rank": 4.293783508122503,
  "config_suffix": "cov_toeplitz_bump_mask_random_rho_0p7_lambda_1e-05_beta_1_d_100_T_5_lr_0p001_iter_5000_ntrain_90_seed_42"
}