{
  "alpha": 3.0,
  "seed": 0,
  "n_train": 7500,
  "n_population": 5000,
  "train_loss": 0.46166232389442097,
  "population_risk": 0.4607426171883646,
  "bayes_population_risk": 0.28975609756097553,
  "empirical_bayes_risk": 0.28821516453926105,
  "weight_norm": 0.004619110782594976,
  "trace_s": 0.004619110782594976,
  "top_eigenvalue": 0.0004916749524027176,
  "R1": 0.10644363721592724
}