{
  "alpha": null,
  "seed": 42,
  "n_train": 750,
  "n_population": 5000,
  "train_loss": 1.1618021936629925,
  "population_risk": 1.1726274090104745,
  "bayes_population_risk": 0.9582577132486388,
  "empirical_bayes_risk": 0.957376985058855,
  "generalization_gap": 0.010825215347481931,
  "excess_population_risk": 0.21436969576183562,
  "runtime_seconds": 72.08091739937663,
  "runtime_per_step_seconds": 0.007208091739937663,
  "initial_objective": 1.1672755061142208,
  "final_objective": 1.162997523379402,
  "best_objective": 1.1629975233793972,
  "objective_reduction": 0.004277982734818719,
  "initial_train_loss_history": 1.166717846976711,
  "final_train_loss_history": 1.1618021936629925,
  "best_train_loss_history": 1.1618001268245148,
  "train_loss_reduction": 0.00491565331371846,
  "weight_norm": 2.3906594328194752,
  "trace_s": 2.3906594328194752,
  "top_eigenvalue": 1.0329380492877638,
  "min_eigenvalue": -2.0875478492040077e-16,
  "R1": 0.432072437883612,
  "config_suffix": "cov_tridiagonal_mask_last_rho_0p2_lambda_1e-05_beta_1_d_50_T_5_lr_0p001_iter_10000_ntrain_750_seed_42"
}