{
  "alpha": null,
  "seed": 42,
  "n_train": 50,
  "n_population": 5000,
  "train_loss": 1.0638791218508887,
  "population_risk": 1.254534426414868,
  "bayes_population_risk": 0.91,
  "empirical_bayes_risk": 0.908618396197601,
  "generalization_gap": 0.19065530456397917,
  "excess_population_risk": 0.34453442641486787,
  "runtime_seconds": 37.47859548404813,
  "runtime_per_step_seconds": 0.003747859548404813,
  "initial_objective": 1.1404114638270975,
  "final_objective": 1.0710026690381615,
  "best_objective": 1.0710026155301882,
  "objective_reduction": 0.06940879478893591,
  "initial_train_loss_history": 1.1397185558183751,
  "final_train_loss_history": 1.0638791218508887,
  "best_train_loss_history": 1.0638790797458504,
  "train_loss_reduction": 0.07583943396748638,
  "weight_norm": 14.247040785629256,
  "trace_s": 14.247040785629254,
  "top_eigenvalue": 7.039492213712467,
  "min_eigenvalue": -1.1807124668572018e-16,
  "R1": 0.4941020608864322,
  "config_suffix": "cov_toeplitz_mask_last_rho_0p3_lambda_1e-05_beta_1_d_50_T_5_lr_0p001_iter_10000_ntrain_50_seed_42"
}