{
  "alpha": null,
  "seed": 42,
  "n_train": 300,
  "n_population": 5000,
  "train_loss": 0.7041700536500335,
  "population_risk": 0.7481418394172813,
  "bayes_population_risk": 0.10837348066298334,
  "empirical_bayes_risk": 0.10821395112667326,
  "generalization_gap": 0.043971785767247806,
  "excess_population_risk": 0.6397683587542979,
  "runtime_seconds": 133.54368911124766,
  "runtime_per_step_seconds": 0.026708737822249532,
  "initial_objective": 0.7342284099011088,
  "final_objective": 0.7070905855555513,
  "best_objective": 0.7070905855555513,
  "objective_reduction": 0.02713782434555756,
  "initial_train_loss_history": 0.7336380534979642,
  "final_train_loss_history": 0.7041700536500335,
  "best_train_loss_history": 0.7041700536500335,
  "train_loss_reduction": 0.029467999847930693,
  "weight_norm": 5.841063769095262,
  "trace_s": 5.84106376909526,
  "top_eigenvalue": 5.841051642825022,
  "min_eigenvalue": 1.3916853003041247e-17,
  "R1": 0.9999979239620184,
  "effective_rank": 1.0000316386884656,
  "config_suffix": "cov_toeplitz_mask_random_rho_0p9_lambda_1e-05_beta_1_d_50_T_50_lr_0p001_iter_5000_ntrain_300_seed_42",
  "ridge_lambda": 0.01,
  "ridge_train_loss": 0.09008195401446638,
  "ridge_population_risk": 0.1292058330407076,
  "ridge_generalization_gap": 0.03912387902624122,
  "ridge_excess_population_risk": 0.020832352377724253,
  "pca_n_components": 75,
  "pca_train_loss": 0.3895797120836184,
  "pca_population_risk": 0.7267422919313681,
  "pca_generalization_gap": 0.33716257984774967,
  "pca_excess_population_risk": 0.6183688112683847
}