{
  "alpha": null,
  "seed": 42,
  "n_train": 500,
  "n_population": 5000,
  "train_loss": 1.066321574663775,
  "population_risk": 1.0702568099765544,
  "bayes_population_risk": 0.8444937602472408,
  "empirical_bayes_risk": 0.842247243540013,
  "generalization_gap": 0.003935235312779284,
  "excess_population_risk": 0.2257630497293136,
  "runtime_seconds": 33.795229936018586,
  "runtime_per_step_seconds": 0.033795229936018585,
  "initial_objective": 1.0789050185533944,
  "final_objective": 1.0688400674325187,
  "best_objective": 1.0688394791184723,
  "objective_reduction": 0.010064951120875687,
  "initial_train_loss_history": 1.0769107865672023,
  "final_train_loss_history": 1.066321574663775,
  "best_train_loss_history": 1.0663179286114701,
  "train_loss_reduction": 0.01058921190342721,
  "weight_norm": 5.037986989884343,
  "trace_s": 5.037986989884343,
  "top_eigenvalue": 1.6302710879853286,
  "min_eigenvalue": 4.273751708864723e-14,
  "R1": 0.3235957320371633
}