{
  "alpha": null,
  "seed": 42,
  "n_train": 10,
  "n_population": 5000,
  "train_loss": 0.5410245677419502,
  "population_risk": 1.5090469313338775,
  "bayes_population_risk": 0.48757509716865854,
  "empirical_bayes_risk": 0.48575042751949293,
  "generalization_gap": 0.9680223635919273,
  "excess_population_risk": 1.021471834165219,
  "runtime_seconds": 17.797996871173382,
  "runtime_per_step_seconds": 0.0035595993742346763,
  "initial_objective": 0.7826609182875186,
  "final_objective": 0.5514582643774769,
  "best_objective": 0.5514582643774769,
  "objective_reduction": 0.2312026539100417,
  "initial_train_loss_history": 0.7810539015887293,
  "final_train_loss_history": 0.5410245677419502,
  "best_train_loss_history": 0.5410245677419502,
  "train_loss_reduction": 0.24002933384677916,
  "weight_norm": 10.433676813907732,
  "trace_s": 10.43367681390773,
  "top_eigenvalue": 8.353059660267956,
  "min_eigenvalue": 8.173903137734265e-13,
  "R1": 0.8005863905170623,
  "effective_rank": 1.7328382405774885,
  "config_suffix": "cov_toeplitz_bump_mask_random_rho_0p5_lambda_1e-05_beta_1_d_100_T_5_lr_0p001_iter_5000_ntrain_10_seed_42",
  "ridge_lambda": 0.01,
  "ridge_train_loss": 0.3230064494644357,
  "ridge_population_risk": 0.8315993079382668,
  "ridge_generalization_gap": 0.5085928584738311,
  "ridge_excess_population_risk": 0.3440242107696082,
  "pca_n_components": 75,
  "pca_train_loss": 1.4542273991712097e-16,
  "pca_population_risk": 1.10177097003588,
  "pca_generalization_gap": 1.1017709700358798,
  "pca_excess_population_risk": 0.6141958728672214
}