{
  "alpha": null,
  "seed": 42,
  "n_train": 5000,
  "n_population": 5000,
  "train_loss": 0.2731227079030787,
  "population_risk": 0.2750121543726005,
  "bayes_population_risk": 0.06837077148121563,
  "empirical_bayes_risk": 0.06829838458266528,
  "generalization_gap": 0.0018894464695218272,
  "excess_population_risk": 0.2066413828913849,
  "runtime_seconds": 802.8304364196956,
  "runtime_per_step_seconds": 0.16056608728393912,
  "initial_objective": 0.28607244838974705,
  "final_objective": 0.2769052519541064,
  "best_objective": 0.2769052519541064,
  "objective_reduction": 0.009167196435640623,
  "initial_train_loss_history": 0.2852863431062672,
  "final_train_loss_history": 0.2731227079030787,
  "best_train_loss_history": 0.2731227079030787,
  "train_loss_reduction": 0.012163635203188528,
  "weight_norm": 7.565086005775623,
  "trace_s": 7.565086005775621,
  "top_eigenvalue": 1.0539211544040132,
  "min_eigenvalue": 4.831070491720403e-14,
  "R1": 0.13931383643218195,
  "effective_rank": 16.70745536119454,
  "config_suffix": "cov_circulant_ar1_mask_random_rho_0p9_lambda_1e-05_beta_1_d_50_T_10_lr_0p001_iter_5000_ntrain_5000_seed_42"
}