{
  "alpha": 3.0,
  "seed": 0,
  "n_train": 7500,
  "n_population": 5000,
  "train_loss": 1.0921485556549866,
  "population_risk": 1.0900308772578768,
  "bayes_population_risk": 0.9310364973015884,
  "empirical_bayes_risk": 0.9299296826426539,
  "weight_norm": 0.004415411650886583,
  "trace_s": 0.004415411650886582,
  "top_eigenvalue": 0.00042758749455522603,
  "R1": 0.09683978037911134
}