{
  "alpha": null,
  "seed": 42,
  "n_train": 500,
  "n_population": 5000,
  "train_loss": 0.31521944764533366,
  "population_risk": 0.33959113791807366,
  "bayes_population_risk": 0.13898342541436456,
  "empirical_bayes_risk": 0.1903133175061846,
  "generalization_gap": 0.02437169027274,
  "excess_population_risk": 0.2006077125037091,
  "runtime_seconds": 88.13462267629802,
  "runtime_per_step_seconds": 0.008813462267629803,
  "initial_objective": 0.36607694042331573,
  "final_objective": 0.3244059881287129,
  "best_objective": 0.3244059881287129,
  "objective_reduction": 0.041670952294602825,
  "initial_train_loss_history": 0.36482861722330245,
  "final_train_loss_history": 0.31521944764533366,
  "best_train_loss_history": 0.3152186737661475,
  "train_loss_reduction": 0.04960916957796879,
  "weight_norm": 18.37308092631447,
  "trace_s": 18.37308092631447,
  "top_eigenvalue": 6.876733412314888,
  "min_eigenvalue": 2.1966988615455047e-16,
  "R1": 0.3742830851229653
}