{
  "alpha": null,
  "seed": 42,
  "n_train": 400,
  "n_population": 5000,
  "train_loss": 1.037651972461271,
  "population_risk": 1.058191573046871,
  "bayes_population_risk": 1.0,
  "empirical_bayes_risk": 1.005255349096402,
  "generalization_gap": 0.020539600585600004,
  "excess_population_risk": 0.05819157304687095,
  "runtime_seconds": 52.43559003248811,
  "runtime_per_step_seconds": 0.010487118006497622,
  "initial_objective": 1.0409994339296604,
  "final_objective": 1.0381943987622697,
  "best_objective": 1.0381943987622693,
  "objective_reduction": 0.0028050351673907237,
  "initial_train_loss_history": 1.0404655252719004,
  "final_train_loss_history": 1.037651972461271,
  "best_train_loss_history": 1.037651972461271,
  "train_loss_reduction": 0.0028135528106294494,
  "weight_norm": 1.0848526019971079,
  "trace_s": 1.0848526019971074,
  "top_eigenvalue": 1.0848526019971074,
  "min_eigenvalue": -2.723819870345312e-16,
  "R1": 1.0000000000000002,
  "effective_rank": 1.0,
  "config_suffix": "cov_identity_mask_random_rho_NA_lambda_1e-05_beta_1_d_50_T_20_lr_0p001_iter_5000_ntrain_400_seed_42",
  "ridge_lambda": 0.01,
  "ridge_train_loss": 0.9481923009760125,
  "ridge_population_risk": 1.0563914216401489,
  "ridge_generalization_gap": 0.1081991206641364,
  "ridge_excess_population_risk": 0.056391421640148875,
  "pca_n_components": 75,
  "pca_train_loss": 0.7189405946212812,
  "pca_population_risk": 1.0939477837477793,
  "pca_generalization_gap": 0.3750071891264981,
  "pca_excess_population_risk": 0.09394778374777935
}