{
  "alpha": null,
  "seed": 42,
  "n_train": 1500,
  "n_population": 5000,
  "train_loss": 1.0720434917274382,
  "population_risk": 1.0669504310382982,
  "bayes_population_risk": 0.9675589362829065,
  "empirical_bayes_risk": 0.9671776146133177,
  "generalization_gap": -0.00509306068913995,
  "excess_population_risk": 0.09939149475539177,
  "runtime_seconds": 168.52347304858267,
  "runtime_per_step_seconds": 0.033704694609716535,
  "initial_objective": 1.073784539883513,
  "final_objective": 1.0724086449629737,
  "best_objective": 1.0724086449454793,
  "objective_reduction": 0.0013758949205393556,
  "initial_train_loss_history": 1.073238630818158,
  "final_train_loss_history": 1.0720434917274382,
  "best_train_loss_history": 1.0720434799847605,
  "train_loss_reduction": 0.0011951390907198878,
  "weight_norm": 0.7303064801660448,
  "trace_s": 0.730306480166045,
  "top_eigenvalue": 0.6385004833875787,
  "min_eigenvalue": -7.852060813442453e-18,
  "R1": 0.8742911376637479,
  "effective_rank": 1.459614298005676,
  "config_suffix": "cov_exponential_mask_random_rho_NA_lambda_1e-05_beta_1_d_50_T_10_lr_0p001_iter_5000_ntrain_1500_seed_42"
}