{
  "alpha": 0.5,
  "seed": 0,
  "n_train": 1250,
  "n_population": 5000,
  "train_loss": 0.8609647003446691,
  "population_risk": 0.8547967097249708,
  "bayes_population_risk": 0.66,
  "empirical_bayes_risk": 0.6596827905453209,
  "generalization_gap": -0.006167990619698305,
  "excess_population_risk": 0.19479670972497076,
  "runtime_seconds": 27.48620441701496,
  "runtime_per_step_seconds": 0.02748620441701496,
  "initial_objective": 0.9182703006573274,
  "final_objective": 0.8609648275438676,
  "best_objective": 0.8609648275438676,
  "objective_reduction": 0.05730547311345979,
  "initial_train_loss_history": 2.009338472580586,
  "final_train_loss_history": 0.8609647003446691,
  "best_train_loss_history": 0.8527632104907252,
  "train_loss_reduction": 1.1483737722359169,
  "weight_norm": 2.54258754548889e-06,
  "trace_s": 2.54258754548889e-06,
  "top_eigenvalue": 2.5425665352312653e-06,
  "min_eigenvalue": -2.20808486778254e-22,
  "R1": 0.9999917366630463
}