{
  "alpha": null,
  "seed": 42,
  "n_train": 10000,
  "n_population": 5000,
  "train_loss": 0.44284565705402756,
  "population_risk": 0.44310582460488,
  "bayes_population_risk": 0.27570731707317064,
  "empirical_bayes_risk": 0.2767711310607304,
  "generalization_gap": 0.0002601675508524526,
  "excess_population_risk": 0.16739850753170937,
  "runtime_seconds": 98.70222127996385,
  "runtime_per_step_seconds": 0.09870222127996385,
  "initial_objective": 0.4701847136049871,
  "final_objective": 0.45838057039944935,
  "best_objective": 0.45838057039944935,
  "objective_reduction": 0.011804143205537743,
  "initial_train_loss_history": 0.4601700134943654,
  "final_train_loss_history": 0.44284565705402756,
  "best_train_loss_history": 0.4428422568295262,
  "train_loss_reduction": 0.017324356440337862,
  "weight_norm": 3.1069818480953257,
  "trace_s": 3.106981848095325,
  "top_eigenvalue": 0.3809528944226701,
  "min_eigenvalue": 2.1537588424610968e-16,
  "R1": 0.12261188286510458
}