{
  "alpha": null,
  "seed": 42,
  "n_train": 1500,
  "n_population": 5000,
  "train_loss": 1.0245506609050081,
  "population_risk": 1.0245608680913436,
  "bayes_population_risk": 0.9267692307692309,
  "empirical_bayes_risk": 0.927416134775468,
  "generalization_gap": 1.0207186335486895e-05,
  "excess_population_risk": 0.09779163732211271,
  "runtime_seconds": 424.9551531933248,
  "runtime_per_step_seconds": 0.08499103063866496,
  "initial_objective": 1.0268406976419826,
  "final_objective": 1.0247347843965608,
  "best_objective": 1.0247347843965606,
  "objective_reduction": 0.0021059132454217533,
  "initial_train_loss_history": 1.0248218919158898,
  "final_train_loss_history": 1.0245506609050081,
  "best_train_loss_history": 1.0245506609050081,
  "train_loss_reduction": 0.00027123101088166734,
  "weight_norm": 0.09206174577637753,
  "trace_s": 0.09206174577637757,
  "top_eigenvalue": 0.09206174577637757,
  "min_eigenvalue": -2.6609431541907868e-17,
  "R1": 1.0000000000000002,
  "effective_rank": 1.0,
  "config_suffix": "cov_toeplitz_mask_random_rho_0p2_lambda_1e-05_beta_1_d_200_T_20_lr_0p001_iter_5000_ntrain_1500_seed_42"
}