{
  "alpha": null,
  "seed": 42,
  "n_train": 100,
  "n_population": 5000,
  "train_loss": 0.6564074117288092,
  "population_risk": 0.8992316903960724,
  "bayes_population_risk": 0.24760975609756097,
  "empirical_bayes_risk": 0.36028174220132375,
  "generalization_gap": 0.2428242786672632,
  "excess_population_risk": 0.6516219342985115,
  "runtime_seconds": 8.733679017052054,
  "runtime_per_step_seconds": 0.008733679017052054,
  "initial_objective": 0.7747894065466344,
  "final_objective": 0.6673410539033666,
  "best_objective": 0.6673410539033666,
  "objective_reduction": 0.1074483526432678,
  "initial_train_loss_history": 0.7741361887060078,
  "final_train_loss_history": 0.6564074117288092,
  "best_train_loss_history": 0.6564074117288092,
  "train_loss_reduction": 0.11772877697719852,
  "weight_norm": 21.80893776467527,
  "trace_s": 21.808937764675278,
  "top_eigenvalue": 12.359799843327,
  "min_eigenvalue": 4.005589168319122e-11,
  "R1": 0.5667309419969373
}