{
  "alpha": null,
  "seed": 42,
  "n_train": 10,
  "n_population": 5000,
  "train_loss": 0.6738113232941904,
  "population_risk": 1.1904624493984524,
  "bayes_population_risk": 0.66,
  "empirical_bayes_risk": 0.6616785614093658,
  "generalization_gap": 0.516651126104262,
  "excess_population_risk": 0.5304624493984523,
  "runtime_seconds": 9.672677543014288,
  "runtime_per_step_seconds": 0.009672677543014287,
  "initial_objective": 0.914885908588227,
  "final_objective": 0.6816104338469042,
  "best_objective": 0.6816104338469042,
  "objective_reduction": 0.23327547474132282,
  "initial_train_loss_history": 0.9137954697883645,
  "final_train_loss_history": 0.6738113232941904,
  "best_train_loss_history": 0.6738113232941904,
  "train_loss_reduction": 0.2399841464941741,
  "weight_norm": 15.566681379075542,
  "trace_s": 15.566681379075545,
  "top_eigenvalue": 8.544812077982488,
  "min_eigenvalue": 6.77021927854747e-07,
  "R1": 0.5489167453165882
}