{
  "alpha": null,
  "seed": 42,
  "n_train": 30,
  "n_population": 5000,
  "train_loss": 0.15116110639797356,
  "population_risk": 0.7909089503988905,
  "bayes_population_risk": 0.07006953088198194,
  "empirical_bayes_risk": 0.0697956326364022,
  "generalization_gap": 0.639747844000917,
  "excess_population_risk": 0.7208394195169086,
  "runtime_seconds": 14.858339032158256,
  "runtime_per_step_seconds": 0.002971667806431651,
  "initial_objective": 0.38419199836808643,
  "final_objective": 0.17155256955276516,
  "best_objective": 0.17155256955276516,
  "objective_reduction": 0.21263942881532127,
  "initial_train_loss_history": 0.3832097721788595,
  "final_train_loss_history": 0.15116110639797356,
  "best_train_loss_history": 0.15116110639797356,
  "train_loss_reduction": 0.23204866578088593,
  "weight_norm": 81.56179335340457,
  "trace_s": 81.56179335340457,
  "top_eigenvalue": 51.35255185453852,
  "min_eigenvalue": 8.218368358070109e-07,
  "R1": 0.6296152860694171,
  "effective_rank": 3.676179916169357,
  "config_suffix": "cov_matern_mask_random_rho_NA_lambda_1e-05_beta_1_d_25_T_5_lr_0p001_iter_5000_ntrain_30_seed_42",
  "ridge_lambda": 0.01,
  "ridge_train_loss": 0.06280620191962769,
  "ridge_population_risk": 0.081652320496686,
  "ridge_generalization_gap": 0.018846118577058313,
  "ridge_excess_population_risk": 0.011582789614704062,
  "pca_n_components": 62,
  "pca_train_loss": 2.5814143346505834e-16,
  "pca_population_risk": 0.6167370838792369,
  "pca_generalization_gap": 0.6167370838792366,
  "pca_excess_population_risk": 0.5466675529972549
}