{
  "alpha": 2.0,
  "seed": 0,
  "n_train": 5000,
  "n_population": 5000,
  "train_loss": 1.1374196090374111,
  "population_risk": 1.135024070679014,
  "bayes_population_risk": 0.9382971014492754,
  "empirical_bayes_risk": 0.9364845394341778,
  "weight_norm": 0.25019528388093065,
  "trace_s": 0.25019528388093065,
  "top_eigenvalue": 0.030811497303935197,
  "R1": 0.1231497925380502
}