{
  "alpha": null,
  "seed": 42,
  "n_train": 50,
  "n_population": 5000,
  "train_loss": 0.8671077457674304,
  "population_risk": 1.507308653354793,
  "bayes_population_risk": 0.75,
  "empirical_bayes_risk": 0.7493984358577586,
  "generalization_gap": 0.6402009075873626,
  "excess_population_risk": 0.757308653354793,
  "runtime_seconds": 30.432131551206112,
  "runtime_per_step_seconds": 0.003043213155120611,
  "initial_objective": 1.0197697329762432,
  "final_objective": 0.8891059727210902,
  "best_objective": 0.8891059727210902,
  "objective_reduction": 0.13066376025515303,
  "initial_train_loss_history": 1.019019129246211,
  "final_train_loss_history": 0.8671077457674304,
  "best_train_loss_history": 0.8671077457674304,
  "train_loss_reduction": 0.15191138347878053,
  "weight_norm": 43.996450068669546,
  "trace_s": 43.996450068669574,
  "top_eigenvalue": 22.258470738832102,
  "min_eigenvalue": 3.845425034142632e-13,
  "R1": 0.5059151523382256,
  "config_suffix": "cov_toeplitz_mask_last_rho_0p5_lambda_1e-05_beta_1_d_50_T_5_lr_0p001_iter_10000_ntrain_50_seed_42"
}