{
  "alpha": null,
  "seed": 42,
  "n_train": 1500,
  "n_population": 5000,
  "train_loss": 0.9818155642378678,
  "population_risk": 0.9998773047327726,
  "bayes_population_risk": 0.75,
  "empirical_bayes_risk": 0.7506797906518127,
  "generalization_gap": 0.018061740494904832,
  "excess_population_risk": 0.2498773047327726,
  "runtime_seconds": 190.0081990454346,
  "runtime_per_step_seconds": 0.01900081990454346,
  "initial_objective": 0.986442051067195,
  "final_objective": 0.9830558129958976,
  "best_objective": 0.9830558129958965,
  "objective_reduction": 0.0033862380712973428,
  "initial_train_loss_history": 0.9858645126036351,
  "final_train_loss_history": 0.9818155642378678,
  "best_train_loss_history": 0.9818142163779322,
  "train_loss_reduction": 0.004048948365767302,
  "weight_norm": 2.4804975160596094,
  "trace_s": 2.4804975160596086,
  "top_eigenvalue": 0.7363492075111095,
  "min_eigenvalue": -1.9753183978278e-16,
  "R1": 0.29685545046658063,
  "config_suffix": "cov_toeplitz_mask_last_rho_0p5_lambda_1e-05_beta_1_d_50_T_5_lr_0p001_iter_10000_ntrain_1500_seed_42"
}