{
  "alpha": null,
  "seed": 42,
  "n_train": 5000,
  "n_population": 5000,
  "train_loss": 1.0517616169621375,
  "population_risk": 1.0481319139584593,
  "bayes_population_risk": 1.0,
  "empirical_bayes_risk": 0.9980462672984682,
  "generalization_gap": -0.003629703003678264,
  "excess_population_risk": 0.04813191395845928,
  "runtime_seconds": 1513.7314073443413,
  "runtime_per_step_seconds": 0.30274628146886823,
  "initial_objective": 1.0537715216260948,
  "final_objective": 1.0517616169621375,
  "best_objective": 1.0517616169621375,
  "objective_reduction": 0.0020099046639572293,
  "initial_train_loss_history": 1.051794284910342,
  "final_train_loss_history": 1.0517616169621375,
  "best_train_loss_history": 1.0517592334739774,
  "train_loss_reduction": 3.266794820455665e-05,
  "weight_norm": 4.5893925258479227e-166,
  "trace_s": 4.5893925258479227e-166,
  "top_eigenvalue": 4.5893826433441167e-166,
  "min_eigenvalue": -1.1878601837988551e-181,
  "R1": NaN,
  "effective_rank": 0.0,
  "config_suffix": "cov_identity_mask_random_rho_NA_lambda_1e-05_beta_1_d_200_T_20_lr_0p001_iter_5000_ntrain_5000_seed_42"
}