{
  "alpha": null,
  "seed": 42,
  "n_train": 50,
  "n_population": 5000,
  "train_loss": 0.2120855574174042,
  "population_risk": 0.9165323592532449,
  "bayes_population_risk": 0.1134751381215469,
  "empirical_bayes_risk": 0.11368544379593082,
  "generalization_gap": 0.7044468018358407,
  "excess_population_risk": 0.8030572211316981,
  "runtime_seconds": 46.296202667057514,
  "runtime_per_step_seconds": 0.009259240533411503,
  "initial_objective": 0.49708529309076305,
  "final_objective": 0.2590447823202401,
  "best_objective": 0.2590447823202401,
  "objective_reduction": 0.23804051077052296,
  "initial_train_loss_history": 0.49579583777332503,
  "final_train_loss_history": 0.2120855574174042,
  "best_train_loss_history": 0.2120855574174042,
  "train_loss_reduction": 0.28371028035592083,
  "weight_norm": 46.959124067576596,
  "trace_s": 46.95912406757659,
  "top_eigenvalue": 35.62234138892265,
  "min_eigenvalue": 1.475246171019015e-11,
  "R1": 0.7585818964097434,
  "effective_rank": 2.4375915270290296,
  "config_suffix": "cov_toeplitz_mask_random_rho_0p9_lambda_1e-05_beta_1_d_100_T_20_lr_0p001_iter_5000_ntrain_50_seed_42"
}