{
  "alpha": null,
  "seed": 42,
  "n_train": 750,
  "n_population": 5000,
  "train_loss": 0.9880446781850585,
  "population_risk": 0.9965408835871709,
  "bayes_population_risk": 0.2928968253968254,
  "empirical_bayes_risk": 0.2890274611266068,
  "generalization_gap": 0.008496205402112378,
  "excess_population_risk": 0.7036440581903455,
  "runtime_seconds": 42.31939306855202,
  "runtime_per_step_seconds": 0.008463878613710403,
  "initial_objective": 0.9943593747264861,
  "final_objective": 0.9895636799437432,
  "best_objective": 0.9895636799437432,
  "objective_reduction": 0.0047956947827428875,
  "initial_train_loss_history": 0.9937529375903417,
  "final_train_loss_history": 0.9880446781850585,
  "best_train_loss_history": 0.9880438410826037,
  "train_loss_reduction": 0.005708259405283189,
  "weight_norm": 3.038003503767066,
  "trace_s": 3.0380035037670665,
  "top_eigenvalue": 1.3476584701375722,
  "min_eigenvalue": 1.5577893026850052e-17,
  "R1": 0.44360003813902826,
  "effective_rank": 3.461678521894764,
  "config_suffix": "cov_tridiagonal_mask_random_rho_0p5_lambda_1e-05_beta_1_d_50_T_10_lr_0p001_iter_5000_ntrain_750_seed_42",
  "ridge_lambda": 0.01,
  "ridge_train_loss": 0.2823957709962251,
  "ridge_population_risk": 0.29252388107537663,
  "ridge_generalization_gap": 0.010128110079151542,
  "ridge_excess_population_risk": -0.0003729443214487427,
  "pca_n_components": 75,
  "pca_train_loss": 0.7515034963522044,
  "pca_population_risk": 1.0373229876356613,
  "pca_generalization_gap": 0.28581949128345696,
  "pca_excess_population_risk": 0.744426162238836
}