{
  "alpha": null,
  "seed": 42,
  "n_train": 1250,
  "n_population": 5000,
  "train_loss": 0.5362603505172184,
  "population_risk": 0.5541105092465972,
  "bayes_population_risk": 0.1214410313285021,
  "empirical_bayes_risk": 0.12239025787666273,
  "generalization_gap": 0.017850158729378784,
  "excess_population_risk": 0.4326694779180951,
  "runtime_seconds": 51.313413724303246,
  "runtime_per_step_seconds": 0.01026268274486065,
  "initial_objective": 0.5795663710826814,
  "final_objective": 0.5497834114684532,
  "best_objective": 0.5497834114684532,
  "objective_reduction": 0.029782959614228166,
  "initial_train_loss_history": 0.5777672685675205,
  "final_train_loss_history": 0.5362603505172184,
  "best_train_loss_history": 0.5362588699783091,
  "train_loss_reduction": 0.041506918050302044,
  "weight_norm": 13.523059632678203,
  "trace_s": 13.5230596326782,
  "top_eigenvalue": 3.753220269267887,
  "min_eigenvalue": 8.304856002119267e-15,
  "R1": 0.2775422405295252,
  "effective_rank": 10.104078527647554,
  "config_suffix": "cov_toeplitz_bump_mask_random_rho_0p7_lambda_1e-05_beta_1_d_100_T_5_lr_0p001_iter_5000_ntrain_1250_seed_42",
  "ridge_lambda": 0.01,
  "ridge_train_loss": 0.12314698378276116,
  "ridge_population_risk": 0.12282333061096419,
  "ridge_generalization_gap": -0.0003236531717969726,
  "ridge_excess_population_risk": 0.001382299282462085,
  "pca_n_components": 75,
  "pca_train_loss": 0.553996558632477,
  "pca_population_risk": 0.6797711693675811,
  "pca_generalization_gap": 0.1257746107351041,
  "pca_excess_population_risk": 0.5583301380390789
}