{
  "alpha": null,
  "seed": 42,
  "n_train": 250,
  "n_population": 5000,
  "train_loss": 0.06814737191147294,
  "population_risk": 0.07246348620295961,
  "bayes_population_risk": 0.011034997727387535,
  "empirical_bayes_risk": 0.011021669899825644,
  "generalization_gap": 0.004316114291486678,
  "excess_population_risk": 0.06142848847557208,
  "runtime_seconds": 36.578585201874375,
  "runtime_per_step_seconds": 0.007315717040374875,
  "initial_objective": 0.07429707442101312,
  "final_objective": 0.07124535862975291,
  "best_objective": 0.07124535862975291,
  "objective_reduction": 0.0030517157912602066,
  "initial_train_loss_history": 0.07370066656567456,
  "final_train_loss_history": 0.06814737191147294,
  "best_train_loss_history": 0.06814717278008904,
  "train_loss_reduction": 0.005553294654201624,
  "weight_norm": 6.195973389987743,
  "trace_s": 6.195973389987743,
  "top_eigenvalue": 2.727931090271051,
  "min_eigenvalue": 1.5812019739394247e-16,
  "R1": 0.4402748234327789,
  "effective_rank": 5.217781284169323,
  "config_suffix": "cov_toeplitz_mask_random_rho_0p99_lambda_1e-05_beta_1_d_50_T_20_lr_0p001_iter_5000_ntrain_250_seed_42",
  "ridge_lambda": 0.01,
  "ridge_train_loss": 0.010289790821810325,
  "ridge_population_risk": 0.011917840832690032,
  "ridge_generalization_gap": 0.0016280500108797075,
  "ridge_excess_population_risk": 0.0008828431053024971,
  "pca_n_components": 75,
  "pca_train_loss": 0.030053492230597743,
  "pca_population_risk": 0.06698669279293777,
  "pca_generalization_gap": 0.03693320056234003,
  "pca_excess_population_risk": 0.055951695065550235
}