{
  "alpha": null,
  "seed": 42,
  "n_train": 70,
  "n_population": 5000,
  "train_loss": 0.32615922991369106,
  "population_risk": 1.1616493660823533,
  "bayes_population_risk": 0.1214410313285021,
  "empirical_bayes_risk": 0.12104245059858336,
  "generalization_gap": 0.8354901361686622,
  "excess_population_risk": 1.040208334753851,
  "runtime_seconds": 20.337785452604294,
  "runtime_per_step_seconds": 0.0040675570905208585,
  "initial_objective": 0.5767323032371028,
  "final_objective": 0.37775972521307655,
  "best_objective": 0.37775972521307655,
  "objective_reduction": 0.19897257802402624,
  "initial_train_loss_history": 0.5748087351607651,
  "final_train_loss_history": 0.32615922991369106,
  "best_train_loss_history": 0.32615922991369106,
  "train_loss_reduction": 0.24864950524707408,
  "weight_norm": 51.60037962916857,
  "trace_s": 51.60037962916858,
  "top_eigenvalue": 31.502047330441506,
  "min_eigenvalue": 8.008805239084732e-12,
  "R1": 0.6105003016806113,
  "effective_rank": 3.5155830103889456,
  "config_suffix": "cov_toeplitz_bump_mask_random_rho_0p7_lambda_1e-05_beta_1_d_100_T_5_lr_0p001_iter_5000_ntrain_70_seed_42",
  "ridge_lambda": 0.01,
  "ridge_train_loss": 0.11768874934406952,
  "ridge_population_risk": 0.1289183321862614,
  "ridge_generalization_gap": 0.011229582842191874,
  "ridge_excess_population_risk": 0.0074773008577592864,
  "pca_n_components": 75,
  "pca_train_loss": 2.0645407927855612e-16,
  "pca_population_risk": 0.9137915889821067,
  "pca_generalization_gap": 0.9137915889821064,
  "pca_excess_population_risk": 0.7923505576536045
}