{
  "alpha": null,
  "seed": 42,
  "n_train": 10,
  "n_population": 5000,
  "train_loss": 0.3327127887798603,
  "population_risk": 1.631856372557313,
  "bayes_population_risk": 0.2921672002085666,
  "empirical_bayes_risk": 0.28963649310154527,
  "generalization_gap": 1.2991435837774525,
  "excess_population_risk": 1.3396891723487463,
  "runtime_seconds": 25.70224668458104,
  "runtime_per_step_seconds": 0.0051404493369162085,
  "initial_objective": 0.7102245197645963,
  "final_objective": 0.3411406242686295,
  "best_objective": 0.3411406242686295,
  "objective_reduction": 0.3690838954959668,
  "initial_train_loss_history": 0.7091195946655159,
  "final_train_loss_history": 0.3327127887798603,
  "best_train_loss_history": 0.3327127887798603,
  "train_loss_reduction": 0.37640680588565556,
  "weight_norm": 16.85518778015164,
  "trace_s": 16.855187780151642,
  "top_eigenvalue": 12.800187847377043,
  "min_eigenvalue": 2.9346473854827227e-08,
  "R1": 0.7594212544134514,
  "effective_rank": 2.1220465682340173,
  "config_suffix": "cov_matern_mask_random_rho_NA_lambda_1e-05_beta_1_d_50_T_5_lr_0p001_iter_5000_ntrain_10_seed_42"
}