{
  "alpha": null,
  "seed": 42,
  "n_train": 125,
  "n_population": 5000,
  "train_loss": 1.0560729802123245,
  "population_risk": 1.080475121868527,
  "bayes_population_risk": 0.9675589362829065,
  "empirical_bayes_risk": 0.9697177181694023,
  "generalization_gap": 0.02440214165620236,
  "excess_population_risk": 0.11291618558562044,
  "runtime_seconds": 48.39319958537817,
  "runtime_per_step_seconds": 0.009678639917075633,
  "initial_objective": 1.0684805831845514,
  "final_objective": 1.0585626977064753,
  "best_objective": 1.0585626977064753,
  "objective_reduction": 0.00991788547807615,
  "initial_train_loss_history": 1.0678993265520562,
  "final_train_loss_history": 1.0560729802123245,
  "best_train_loss_history": 1.056072439958075,
  "train_loss_reduction": 0.011826346339731675,
  "weight_norm": 4.979434511672556,
  "trace_s": 4.979434511672555,
  "top_eigenvalue": 2.0905162473675394,
  "min_eigenvalue": 2.1583744365286984e-15,
  "R1": 0.41983005147814495,
  "effective_rank": 3.6341462785239353,
  "config_suffix": "cov_exponential_mask_random_rho_NA_lambda_1e-05_beta_1_d_50_T_10_lr_0p001_iter_5000_ntrain_125_seed_42"
}