{
  "alpha": null,
  "seed": 42,
  "n_train": 150,
  "n_population": 5000,
  "train_loss": 0.780285113206833,
  "population_risk": 0.8373834787498218,
  "bayes_population_risk": 0.48757509716865854,
  "empirical_bayes_risk": 0.48709146124293945,
  "generalization_gap": 0.05709836554298875,
  "excess_population_risk": 0.34980838158116323,
  "runtime_seconds": 15.312131809070706,
  "runtime_per_step_seconds": 0.003062426361814141,
  "initial_objective": 0.8315057370297055,
  "final_objective": 0.7831119197664239,
  "best_objective": 0.7831119197664239,
  "objective_reduction": 0.048393817263281624,
  "initial_train_loss_history": 0.8308920389532661,
  "final_train_loss_history": 0.780285113206833,
  "best_train_loss_history": 0.780285113206833,
  "train_loss_reduction": 0.05060692574643311,
  "weight_norm": 11.30721032988297,
  "trace_s": 11.30721032988297,
  "top_eigenvalue": 4.298654440006503,
  "min_eigenvalue": 2.8844850228832675e-11,
  "R1": 0.3801693180364669,
  "effective_rank": 4.098181614192632,
  "config_suffix": "cov_toeplitz_bump_mask_random_rho_0p5_lambda_1e-05_beta_1_d_25_T_5_lr_0p001_iter_5000_ntrain_150_seed_42",
  "ridge_lambda": 0.01,
  "ridge_train_loss": 0.47923287478713167,
  "ridge_population_risk": 0.5010797849462809,
  "ridge_generalization_gap": 0.021846910159149246,
  "ridge_excess_population_risk": 0.01350468777762237,
  "pca_n_components": 62,
  "pca_train_loss": 0.33669813579136415,
  "pca_population_risk": 1.197773517186954,
  "pca_generalization_gap": 0.8610753813955898,
  "pca_excess_population_risk": 0.7101984200182954
}