{
  "alpha": 0.5,
  "seed": 0,
  "n_train": 1250,
  "n_population": 5000,
  "train_loss": 0.9057902999843085,
  "population_risk": 0.9091081968225709,
  "bayes_population_risk": 0.6299999999999999,
  "empirical_bayes_risk": 0.6306753481946317,
  "generalization_gap": 0.0033178968382624463,
  "excess_population_risk": 0.27910819682257104,
  "runtime_seconds": 31.669011334015522,
  "runtime_per_step_seconds": 0.03166901133401552,
  "initial_objective": 0.9613723709809531,
  "final_objective": 0.9058570691212111,
  "best_objective": 0.9058570691212111,
  "objective_reduction": 0.05551530185974196,
  "initial_train_loss_history": 0.9101125865824513,
  "final_train_loss_history": 0.9057902999843085,
  "best_train_loss_history": 0.9037339875294627,
  "train_loss_reduction": 0.004322286598142822,
  "weight_norm": 0.001334625605666184,
  "trace_s": 0.0013346256056661842,
  "top_eigenvalue": 0.0012575333174608095,
  "min_eigenvalue": 1.891065766143952e-14,
  "R1": 0.9422367682156878
}