{
  "alpha": 2.0,
  "seed": 0,
  "n_train": 5000,
  "n_population": 5000,
  "train_loss": 0.9706093459204509,
  "population_risk": 0.9654058353015927,
  "bayes_population_risk": 0.5208333333333334,
  "empirical_bayes_risk": 0.5203553308622908,
  "weight_norm": 0.004415503905765671,
  "trace_s": 0.004415503905765672,
  "top_eigenvalue": 0.0004277740158391252,
  "R1": 0.09687999942216044
}