{
  "alpha": null,
  "seed": 42,
  "n_train": 2500,
  "n_population": 5000,
  "train_loss": 0.7204076542969317,
  "population_risk": 0.719695873352128,
  "bayes_population_risk": 0.10837348066298334,
  "empirical_bayes_risk": 0.10884949586416864,
  "generalization_gap": -0.0007117809448036194,
  "excess_population_risk": 0.6113223926891447,
  "runtime_seconds": 1466.6066312845796,
  "runtime_per_step_seconds": 0.2933213262569159,
  "initial_objective": 0.7237463258423501,
  "final_objective": 0.7208805843651321,
  "best_objective": 0.7208805843651319,
  "objective_reduction": 0.0028657414772179646,
  "initial_train_loss_history": 0.7232213909384418,
  "final_train_loss_history": 0.7204076542969317,
  "best_train_loss_history": 0.7204076542969317,
  "train_loss_reduction": 0.0028137366415101894,
  "weight_norm": 0.9458601364006918,
  "trace_s": 0.9458601364006921,
  "top_eigenvalue": 0.9458601364006923,
  "min_eigenvalue": -1.691743672417263e-16,
  "R1": 1.0000000000000002,
  "effective_rank": 1.0,
  "config_suffix": "cov_toeplitz_mask_random_rho_0p9_lambda_1e-05_beta_1_d_50_T_50_lr_0p001_iter_5000_ntrain_2500_seed_42",
  "ridge_lambda": 0.01,
  "ridge_train_loss": 0.10664717362369065,
  "ridge_population_risk": 0.11114897942089215,
  "ridge_generalization_gap": 0.004501805797201497,
  "ridge_excess_population_risk": 0.0027754987579088064,
  "pca_n_components": 75,
  "pca_train_loss": 0.5741676303261656,
  "pca_population_risk": 0.6299909514809106,
  "pca_generalization_gap": 0.055823321154744976,
  "pca_excess_population_risk": 0.5216174708179272
}