{
  "alpha": null,
  "seed": 42,
  "n_train": 60,
  "n_population": 5000,
  "train_loss": 0.6998440592743463,
  "population_risk": 1.0621798878721644,
  "bayes_population_risk": 0.4961178375737193,
  "empirical_bayes_risk": 0.49676621132386684,
  "generalization_gap": 0.3623358285978181,
  "excess_population_risk": 0.5660620502984451,
  "runtime_seconds": 24.947930635884404,
  "runtime_per_step_seconds": 0.004989586127176881,
  "initial_objective": 0.834481355027614,
  "final_objective": 0.7108815696760407,
  "best_objective": 0.7108815696760407,
  "objective_reduction": 0.12359978535157334,
  "initial_train_loss_history": 0.8337902081730572,
  "final_train_loss_history": 0.6998440592743463,
  "best_train_loss_history": 0.6998440592743463,
  "train_loss_reduction": 0.13394614889871082,
  "weight_norm": 22.074845062901577,
  "trace_s": 22.07484506290157,
  "top_eigenvalue": 9.210936051158921,
  "min_eigenvalue": 6.576886582451369e-11,
  "R1": 0.417259374863681,
  "effective_rank": 4.258957929814345,
  "config_suffix": "cov_exponential_mask_random_rho_NA_lambda_1e-05_beta_1_d_50_T_10_lr_0p001_iter_5000_ntrain_60_seed_42",
  "ridge_lambda": 0.01,
  "ridge_train_loss": 0.4272983739249438,
  "ridge_population_risk": 0.5807697948153767,
  "ridge_generalization_gap": 0.15347142089043292,
  "ridge_excess_population_risk": 0.08465195724165742,
  "pca_n_components": 75,
  "pca_train_loss": 1.6001886113365534e-16,
  "pca_population_risk": 1.023846505231874,
  "pca_generalization_gap": 1.0238465052318737,
  "pca_excess_population_risk": 0.5277286676581546
}