{
  "alpha": null,
  "seed": 42,
  "n_train": 1000,
  "n_population": 5000,
  "train_loss": 1.095201102776707,
  "population_risk": 1.1017525329562967,
  "bayes_population_risk": 0.9378461538461538,
  "empirical_bayes_risk": 0.9414840068239829,
  "generalization_gap": 0.006551430179589701,
  "excess_population_risk": 0.16390637911014294,
  "runtime_seconds": 116.95120038092136,
  "runtime_per_step_seconds": 0.011695120038092137,
  "initial_objective": 1.1004099702919288,
  "final_objective": 1.096531330021391,
  "best_objective": 1.096531310182919,
  "objective_reduction": 0.0038786402705377476,
  "initial_train_loss_history": 1.0990426710698775,
  "final_train_loss_history": 1.095201102776707,
  "best_train_loss_history": 1.0951959601308194,
  "train_loss_reduction": 0.0038415682931705053,
  "weight_norm": 2.6604655271889994,
  "trace_s": 2.6604655271889985,
  "top_eigenvalue": 1.0168310350359218,
  "min_eigenvalue": 1.7062426864074034e-16,
  "R1": 0.38220041742479854
}