{
  "alpha": null,
  "seed": 42,
  "n_train": 5000,
  "n_population": 5000,
  "train_loss": 1.068566820828897,
  "population_risk": 1.0596474514216991,
  "bayes_population_risk": 0.8444937602472408,
  "empirical_bayes_risk": 0.8444756521133798,
  "generalization_gap": -0.008919369407197841,
  "excess_population_risk": 0.21515369117445837,
  "runtime_seconds": 53.65462401136756,
  "runtime_per_step_seconds": 0.05365462401136756,
  "initial_objective": 1.0740461443640685,
  "final_objective": 1.06856752588343,
  "best_objective": 1.06856752588343,
  "objective_reduction": 0.005478618480638575,
  "initial_train_loss_history": 1.068790588696777,
  "final_train_loss_history": 1.068566820828897,
  "best_train_loss_history": 1.067566011651393,
  "train_loss_reduction": 0.00022376786788003145,
  "weight_norm": 0.00014009747634600227,
  "trace_s": 0.00014009747634600233,
  "top_eigenvalue": 3.277829949736589e-05,
  "min_eigenvalue": 3.138629890370798e-16,
  "R1": 0.23396780835946315
}