{
  "alpha": null,
  "seed": 42,
  "n_train": 1250,
  "n_population": 5000,
  "train_loss": 0.9836990268944191,
  "population_risk": 0.9851218231202375,
  "bayes_population_risk": 0.7822082681172894,
  "empirical_bayes_risk": 0.7821174958478697,
  "generalization_gap": 0.0014227962258184235,
  "excess_population_risk": 0.20291355500294816,
  "runtime_seconds": 320.6072927704081,
  "runtime_per_step_seconds": 0.06412145855408162,
  "initial_objective": 0.9884838985486676,
  "final_objective": 0.9852854256133298,
  "best_objective": 0.985285425613227,
  "objective_reduction": 0.003198472935337815,
  "initial_train_loss_history": 0.9874036022728855,
  "final_train_loss_history": 0.9836990268944191,
  "best_train_loss_history": 0.9836989492525706,
  "train_loss_reduction": 0.003704575378466357,
  "weight_norm": 1.5863987189759825,
  "trace_s": 1.5863987189759827,
  "top_eigenvalue": 1.5863987189759634,
  "min_eigenvalue": -2.660058961005221e-16,
  "R1": 0.9999999999999882,
  "effective_rank": 1.0,
  "config_suffix": "cov_exponential_mask_random_rho_NA_lambda_1e-05_beta_1_d_100_T_10_lr_0p001_iter_5000_ntrain_1250_seed_42"
}