{
  "alpha": null,
  "seed": 42,
  "n_train": 10,
  "n_population": 5000,
  "train_loss": 0.8889389836820228,
  "population_risk": 1.4512110151593696,
  "bayes_population_risk": 0.8444937602472408,
  "empirical_bayes_risk": 0.8468799067666092,
  "generalization_gap": 0.5622720314773467,
  "excess_population_risk": 0.6067172549121288,
  "runtime_seconds": 9.825354546308517,
  "runtime_per_step_seconds": 0.009825354546308517,
  "initial_objective": 1.110344322019057,
  "final_objective": 0.8969412287021961,
  "best_objective": 0.8969412287021961,
  "objective_reduction": 0.21340309331686091,
  "initial_train_loss_history": 1.1052812204498492,
  "final_train_loss_history": 0.8889389836820228,
  "best_train_loss_history": 0.8889389836820228,
  "train_loss_reduction": 0.21634223676782638,
  "weight_norm": 16.003966567111796,
  "trace_s": 16.003966567111796,
  "top_eigenvalue": 11.500430633845287,
  "min_eigenvalue": 2.6574707953848175e-09,
  "R1": 0.718598766475725
}