{
  "alpha": null,
  "seed": 42,
  "n_train": 500,
  "n_population": 5000,
  "train_loss": 0.7092418818892843,
  "population_risk": 0.778072721900977,
  "bayes_population_risk": 0.09796305337869733,
  "empirical_bayes_risk": 0.09689629656375584,
  "generalization_gap": 0.0688308400116927,
  "excess_population_risk": 0.6801096685222796,
  "runtime_seconds": 30.080653984099627,
  "runtime_per_step_seconds": 0.006016130796819925,
  "initial_objective": 0.7619397045996705,
  "final_objective": 0.7161877232965553,
  "best_objective": 0.7161877232965553,
  "objective_reduction": 0.0457519813031152,
  "initial_train_loss_history": 0.7607816116520295,
  "final_train_loss_history": 0.7092418818892843,
  "best_train_loss_history": 0.7092418818892843,
  "train_loss_reduction": 0.051539729762745234,
  "weight_norm": 13.891674324128326,
  "trace_s": 13.891674324128328,
  "top_eigenvalue": 3.0686773774713396,
  "min_eigenvalue": 3.5529603246682485e-12,
  "R1": 0.22090046929342283,
  "effective_rank": 7.84569652369579,
  "config_suffix": "cov_toeplitz_bump_mask_random_rho_0p5_lambda_1e-05_beta_1_d_50_T_5_lr_0p001_iter_5000_ntrain_500_seed_42",
  "ridge_lambda": 0.01,
  "ridge_train_loss": 0.09357149185153438,
  "ridge_population_risk": 0.0977682815805411,
  "ridge_generalization_gap": 0.004196789729006722,
  "ridge_excess_population_risk": -0.0001947717981562319,
  "pca_n_components": 75,
  "pca_train_loss": 0.45173416890292933,
  "pca_population_risk": 0.7464201050935166,
  "pca_generalization_gap": 0.2946859361905873,
  "pca_excess_population_risk": 0.6484570517148193
}