{
  "alpha": null,
  "seed": 42,
  "n_train": 200,
  "n_population": 5000,
  "train_loss": 0.19963875031341524,
  "population_risk": 0.2984120837388523,
  "bayes_population_risk": 0.13898342541436456,
  "empirical_bayes_risk": 0.13945119900098008,
  "generalization_gap": 0.09877333342543707,
  "excess_population_risk": 0.15942865832448774,
  "runtime_seconds": 23.353479513898492,
  "runtime_per_step_seconds": 0.004670695902779698,
  "initial_objective": 0.2856312268509596,
  "final_objective": 0.22159639509746137,
  "best_objective": 0.22159639509746137,
  "objective_reduction": 0.06403483175349822,
  "initial_train_loss_history": 0.28336263885953483,
  "final_train_loss_history": 0.19963875031341524,
  "best_train_loss_history": 0.19963875031341524,
  "train_loss_reduction": 0.08372388854611959,
  "weight_norm": 21.957631808150538,
  "trace_s": 21.957631808150534,
  "top_eigenvalue": 9.507189925302491,
  "min_eigenvalue": 3.03877667500777e-13,
  "R1": 0.43297883890071787,
  "effective_rank": 5.929274390260039,
  "config_suffix": "cov_toeplitz_mask_random_rho_0p9_lambda_1e-05_beta_1_d_100_T_5_lr_0p001_iter_5000_ntrain_200_seed_42",
  "ridge_lambda": 0.01,
  "ridge_train_loss": 0.13417226765571955,
  "ridge_population_risk": 0.14233596048894412,
  "ridge_generalization_gap": 0.008163692833224573,
  "ridge_excess_population_risk": 0.0033525350745795546,
  "pca_n_components": 75,
  "pca_train_loss": 0.1760285039481701,
  "pca_population_risk": 0.5098997908006724,
  "pca_generalization_gap": 0.3338712868525023,
  "pca_excess_population_risk": 0.3709163653863078
}