{
  "alpha": null,
  "seed": 42,
  "n_train": 125,
  "n_population": 5000,
  "train_loss": 0.9989346527872159,
  "population_risk": 1.0220085017751785,
  "bayes_population_risk": 0.9245538461538463,
  "empirical_bayes_risk": 0.9260650750120464,
  "generalization_gap": 0.02307384898796261,
  "excess_population_risk": 0.09745465562133226,
  "runtime_seconds": 87.83131178468466,
  "runtime_per_step_seconds": 0.01756626235693693,
  "initial_objective": 1.0107749291389247,
  "final_objective": 1.002086406315239,
  "best_objective": 1.002086406313905,
  "objective_reduction": 0.008688522823685707,
  "initial_train_loss_history": 1.0097516966016167,
  "final_train_loss_history": 0.9989346527872159,
  "best_train_loss_history": 0.9989346190079539,
  "train_loss_reduction": 0.01081704381440074,
  "weight_norm": 3.151753529938922,
  "trace_s": 3.1517535299389237,
  "top_eigenvalue": 3.151753529937289,
  "min_eigenvalue": -1.8184236488655005e-16,
  "R1": 0.9999999999994816,
  "effective_rank": 1.0,
  "config_suffix": "cov_toeplitz_mask_random_rho_0p2_lambda_1e-05_beta_1_d_100_T_50_lr_0p001_iter_5000_ntrain_125_seed_42",
  "ridge_lambda": 0.01,
  "ridge_train_loss": 0.5662387779793188,
  "ridge_population_risk": 1.528434224191072,
  "ridge_generalization_gap": 0.9621954462117532,
  "ridge_excess_population_risk": 0.6038803780372257,
  "pca_n_components": 75,
  "pca_train_loss": 0.3444248183227876,
  "pca_population_risk": 1.025081748344348,
  "pca_generalization_gap": 0.6806569300215604,
  "pca_excess_population_risk": 0.10052790219050167
}