{
  "alpha": null,
  "seed": 42,
  "n_train": 10000,
  "n_population": 5000,
  "train_loss": 1.1523530735310317,
  "population_risk": 1.1534046044955837,
  "bayes_population_risk": 0.9000135482996884,
  "empirical_bayes_risk": 0.8998923931691305,
  "generalization_gap": 0.0010515309645520166,
  "excess_population_risk": 0.2533910561958953,
  "runtime_seconds": 166.39224926009774,
  "runtime_per_step_seconds": 0.16639224926009774,
  "initial_objective": 1.1581823509027047,
  "final_objective": 1.1523868500556482,
  "best_objective": 1.1523868500556482,
  "objective_reduction": 0.0057955008470564895,
  "initial_train_loss_history": 1.153069151329874,
  "final_train_loss_history": 1.1523530735310317,
  "best_train_loss_history": 1.152351955540089,
  "train_loss_reduction": 0.0007160777988424183,
  "weight_norm": 0.00675515297249687,
  "trace_s": 0.0067551529724968725,
  "top_eigenvalue": 0.006745569145048981,
  "min_eigenvalue": 9.487745637960716e-14,
  "R1": 0.9985812567847225,
  "config_suffix": "cov_tridiagonal_mask_last_rho_0p3_lambda_0p0001_beta_1_d_50_T_5_lr_0p001_iter_1000_ntrain_10000_seed_42"
}