{
  "alpha": null,
  "seed": 42,
  "n_train": 70,
  "n_population": 5000,
  "train_loss": 0.24898484098875595,
  "population_risk": 0.9060727421897118,
  "bayes_population_risk": 0.1134751381215469,
  "empirical_bayes_risk": 0.11348569978858823,
  "generalization_gap": 0.6570879012009558,
  "excess_population_risk": 0.7925976040681649,
  "runtime_seconds": 48.558543264865875,
  "runtime_per_step_seconds": 0.009711708652973175,
  "initial_objective": 0.5168809617752085,
  "final_objective": 0.2963682827868146,
  "best_objective": 0.2963682827868146,
  "objective_reduction": 0.22051267898839388,
  "initial_train_loss_history": 0.5155883804825314,
  "final_train_loss_history": 0.24898484098875595,
  "best_train_loss_history": 0.24898484098875595,
  "train_loss_reduction": 0.26660353949377547,
  "weight_norm": 47.3832945260904,
  "trace_s": 47.383294526090374,
  "top_eigenvalue": 34.284964574654666,
  "min_eigenvalue": 3.317011265942135e-12,
  "R1": 0.7235664999143647,
  "effective_rank": 2.7027764149767552,
  "config_suffix": "cov_toeplitz_mask_random_rho_0p9_lambda_1e-05_beta_1_d_100_T_20_lr_0p001_iter_5000_ntrain_70_seed_42"
}