{
  "alpha": null,
  "seed": 42,
  "n_train": 500,
  "n_population": 5000,
  "train_loss": 1.0915302239928883,
  "population_risk": 1.096130644542476,
  "bayes_population_risk": 1.0,
  "empirical_bayes_risk": 0.997149959517363,
  "generalization_gap": 0.004600420549587758,
  "excess_population_risk": 0.0961306445424761,
  "runtime_seconds": 34.7968489844352,
  "runtime_per_step_seconds": 0.00695936979688704,
  "initial_objective": 1.0943364751575575,
  "final_objective": 1.0921738837198027,
  "best_objective": 1.0921738837198027,
  "objective_reduction": 0.0021625914377547684,
  "initial_train_loss_history": 1.0937684978575142,
  "final_train_loss_history": 1.0915302239928883,
  "best_train_loss_history": 1.0915282746039172,
  "train_loss_reduction": 0.0022382738646258282,
  "weight_norm": 1.2873194538235864,
  "trace_s": 1.2873194538235868,
  "top_eigenvalue": 0.8024689538748744,
  "min_eigenvalue": -1.946499289423994e-17,
  "R1": 0.6233642717752669,
  "effective_rank": 2.2174770828359036,
  "config_suffix": "cov_identity_mask_random_rho_NA_lambda_1e-05_beta_1_d_50_T_10_lr_0p001_iter_5000_ntrain_500_seed_42",
  "ridge_lambda": 0.01,
  "ridge_train_loss": 0.9785051054498917,
  "ridge_population_risk": 1.0168267059594636,
  "ridge_generalization_gap": 0.038321600509571896,
  "ridge_excess_population_risk": 0.01682670595946356,
  "pca_n_components": 75,
  "pca_train_loss": 0.7944186700211424,
  "pca_population_risk": 1.198142248926687,
  "pca_generalization_gap": 0.40372357890554467,
  "pca_excess_population_risk": 0.19814224892668708
}