{
  "alpha": null,
  "seed": 42,
  "n_train": 1250,
  "n_population": 5000,
  "train_loss": 1.1355079923588534,
  "population_risk": 1.1317699292697467,
  "bayes_population_risk": 0.9710902924899966,
  "empirical_bayes_risk": 0.9712775318707086,
  "generalization_gap": -0.0037380630891066247,
  "excess_population_risk": 0.16067963677975017,
  "runtime_seconds": 73.6201479267329,
  "runtime_per_step_seconds": 0.01472402958534658,
  "initial_objective": 1.1387379162529048,
  "final_objective": 1.1369031302588863,
  "best_objective": 1.1369031302588863,
  "objective_reduction": 0.0018347859940184286,
  "initial_train_loss_history": 1.1376026541487445,
  "final_train_loss_history": 1.1355079923588534,
  "best_train_loss_history": 1.1355031354191836,
  "train_loss_reduction": 0.00209466178989115,
  "weight_norm": 1.3951378988767527,
  "trace_s": 1.3951378988767524,
  "top_eigenvalue": 0.581081930726197,
  "min_eigenvalue": -1.1042802417296726e-17,
  "R1": 0.4165050144462676,
  "effective_rank": 3.775036697835013,
  "config_suffix": "cov_exponential_mask_random_rho_NA_lambda_1e-05_beta_1_d_100_T_5_lr_0p001_iter_5000_ntrain_1250_seed_42",
  "ridge_lambda": 0.01,
  "ridge_train_loss": 0.9724777016267306,
  "ridge_population_risk": 0.974666830731068,
  "ridge_generalization_gap": 0.0021891291043373284,
  "ridge_excess_population_risk": 0.003576538241071403,
  "pca_n_components": 75,
  "pca_train_loss": 0.9688631270918026,
  "pca_population_risk": 1.203692590687268,
  "pca_generalization_gap": 0.23482946359546542,
  "pca_excess_population_risk": 0.2326022981972714
}