{
  "alpha": 2.0,
  "seed": 0,
  "n_train": 5000,
  "n_population": 5000,
  "train_loss": 1.1644592149989448,
  "population_risk": 1.1621825539994333,
  "bayes_population_risk": 1.0,
  "empirical_bayes_risk": 0.9946715873280613,
  "weight_norm": 0.004415393259895615,
  "trace_s": 0.004415393259895615,
  "top_eigenvalue": 0.00042755522056259063,
  "R1": 0.09683287430952378
}