{
  "alpha": null,
  "seed": 42,
  "n_train": 1000,
  "n_population": 5000,
  "train_loss": 0.9433041964197437,
  "population_risk": 0.9946383299818639,
  "bayes_population_risk": 0.45666666666666667,
  "empirical_bayes_risk": 0.4601090584452273,
  "generalization_gap": 0.05133413356212013,
  "excess_population_risk": 0.5379716633151972,
  "runtime_seconds": 38.664262833073735,
  "runtime_per_step_seconds": 0.0077328525666147474,
  "initial_objective": 0.9701673345850332,
  "final_objective": 0.9522273120571044,
  "best_objective": 0.9522273120571044,
  "objective_reduction": 0.01794002252792881,
  "initial_train_loss_history": 0.9688755616241037,
  "final_train_loss_history": 0.9433041964197437,
  "best_train_loss_history": 0.9432999407517612,
  "train_loss_reduction": 0.025571365204359986,
  "weight_norm": 8.92311558132264,
  "trace_s": 8.923115581322644,
  "top_eigenvalue": 2.653464923037647,
  "min_eigenvalue": 7.198659121479211e-17,
  "R1": 0.29736978063936875,
  "effective_rank": 7.683886572727475,
  "config_suffix": "cov_tridiagonal_mask_random_rho_0p5_lambda_1e-05_beta_1_d_100_T_5_lr_0p001_iter_5000_ntrain_1000_seed_42",
  "ridge_lambda": 0.01,
  "ridge_train_loss": 0.4504628587318523,
  "ridge_population_risk": 0.46184670742109113,
  "ridge_generalization_gap": 0.011383848689238807,
  "ridge_excess_population_risk": 0.005180040754424464,
  "pca_n_components": 75,
  "pca_train_loss": 0.7879427304930087,
  "pca_population_risk": 1.0346230303892945,
  "pca_generalization_gap": 0.24668029989628582,
  "pca_excess_population_risk": 0.5779563637226278
}