{
  "alpha": null,
  "seed": 42,
  "n_train": 500,
  "n_population": 5000,
  "train_loss": 1.0038387952902774,
  "population_risk": 1.007942478192746,
  "bayes_population_risk": 0.9245538461538463,
  "empirical_bayes_risk": 0.9222211246743296,
  "generalization_gap": 0.004103682902468542,
  "excess_population_risk": 0.08338863203889968,
  "runtime_seconds": 292.8012519031763,
  "runtime_per_step_seconds": 0.05856025038063526,
  "initial_objective": 1.006698842295597,
  "final_objective": 1.0045509742285048,
  "best_objective": 1.0045509742285048,
  "objective_reduction": 0.002147868067092107,
  "initial_train_loss_history": 1.0056904145296583,
  "final_train_loss_history": 1.0038387952902774,
  "best_train_loss_history": 1.0038387952902772,
  "train_loss_reduction": 0.0018516192393809305,
  "weight_norm": 0.7121789382276918,
  "trace_s": 0.7121789382276918,
  "top_eigenvalue": 0.7121789382276918,
  "min_eigenvalue": -1.6686776204501089e-16,
  "R1": 1.0000000000000002,
  "effective_rank": 1.0,
  "config_suffix": "cov_toeplitz_mask_random_rho_0p2_lambda_1e-05_beta_1_d_100_T_50_lr_0p001_iter_5000_ntrain_500_seed_42",
  "ridge_lambda": 0.01,
  "ridge_train_loss": 0.8296530040727024,
  "ridge_population_risk": 1.0225692413613805,
  "ridge_generalization_gap": 0.19291623728867813,
  "ridge_excess_population_risk": 0.09801539520753422,
  "pca_n_components": 75,
  "pca_train_loss": 0.7833392211517893,
  "pca_population_risk": 1.0128404827523299,
  "pca_generalization_gap": 0.22950126160054052,
  "pca_excess_population_risk": 0.08828663659848357
}