{
  "alpha": null,
  "seed": 42,
  "n_train": 500,
  "n_population": 5000,
  "train_loss": 1.122351196097232,
  "population_risk": 1.1089339341493765,
  "bayes_population_risk": 0.9339407664588757,
  "empirical_bayes_risk": 0.9312708444425097,
  "generalization_gap": -0.013417261947855641,
  "excess_population_risk": 0.17499316769050077,
  "runtime_seconds": 37.482259061187506,
  "runtime_per_step_seconds": 0.0374822590611875,
  "initial_objective": 1.1286321884370167,
  "final_objective": 1.1225985050767344,
  "best_objective": 1.1225984628013241,
  "objective_reduction": 0.006033683360282316,
  "initial_train_loss_history": 1.1223673370446272,
  "final_train_loss_history": 1.122351196097232,
  "best_train_loss_history": 1.1218361805040167,
  "train_loss_reduction": 1.6140947395104632e-05,
  "weight_norm": 0.049455781099251646,
  "trace_s": 0.049455781099251625,
  "top_eigenvalue": 0.049455662032795764,
  "min_eigenvalue": -2.034693060859224e-20,
  "R1": 0.999997592466377
}