{
  "alpha": 0.5,
  "seed": 0,
  "n_train": 1250,
  "n_population": 5000,
  "train_loss": 0.9001275100693598,
  "population_risk": 0.9121915818778925,
  "bayes_population_risk": 0.6299999999999999,
  "empirical_bayes_risk": 0.6306753481946317,
  "generalization_gap": 0.01206407180853275,
  "excess_population_risk": 0.2821915818778926,
  "runtime_seconds": 31.163722124998458,
  "runtime_per_step_seconds": 0.031163722124998457,
  "initial_objective": 0.9159561463914926,
  "final_objective": 0.9022164782723894,
  "best_objective": 0.9022164782723894,
  "objective_reduction": 0.01373966811910321,
  "initial_train_loss_history": 0.9063837824380753,
  "final_train_loss_history": 0.9001275100693598,
  "best_train_loss_history": 0.9001170050438544,
  "train_loss_reduction": 0.00625627236871551,
  "weight_norm": 0.4177935698999368,
  "trace_s": 0.4177935698999368,
  "top_eigenvalue": 0.20897042567960245,
  "min_eigenvalue": 6.8533223359087675e-18,
  "R1": 0.5001762610411924
}