{
  "alpha": 1.0,
  "seed": 0,
  "n_train": 2500,
  "n_population": 5000,
  "train_loss": 0.48242022721344674,
  "population_risk": 0.4811338419989738,
  "bayes_population_risk": 0.2663414634146341,
  "empirical_bayes_risk": 0.26666183085655265,
  "weight_norm": 0.00441553250089814,
  "trace_s": 0.00441553250089814,
  "top_eigenvalue": 0.00042782915453194064,
  "R1": 0.09689185946313794
}