{
  "alpha": null,
  "seed": 42,
  "n_train": 90,
  "n_population": 5000,
  "train_loss": 1.0499779285907245,
  "population_risk": 1.0853716599533756,
  "bayes_population_risk": 0.9675589362829065,
  "empirical_bayes_risk": 0.9678284015253467,
  "generalization_gap": 0.035393731362651115,
  "excess_population_risk": 0.11781272367046913,
  "runtime_seconds": 30.11648391932249,
  "runtime_per_step_seconds": 0.0060232967838644985,
  "initial_objective": 1.0699786083098481,
  "final_objective": 1.0533475597820212,
  "best_objective": 1.0533475597820212,
  "objective_reduction": 0.01663104852782693,
  "initial_train_loss_history": 1.0694081980791796,
  "final_train_loss_history": 1.0499779285907245,
  "best_train_loss_history": 1.0499779285907245,
  "train_loss_reduction": 0.019430269488455165,
  "weight_norm": 6.739261914372462,
  "trace_s": 6.739261914372461,
  "top_eigenvalue": 3.4380975717615176,
  "min_eigenvalue": 4.168549794056869e-15,
  "R1": 0.5101593639548676,
  "effective_rank": 3.345290513727788,
  "config_suffix": "cov_exponential_mask_random_rho_NA_lambda_1e-05_beta_1_d_50_T_10_lr_0p001_iter_5000_ntrain_90_seed_42"
}