{
  "alpha": null,
  "seed": 42,
  "n_train": 1500,
  "n_population": 5000,
  "train_loss": 0.32422214363864177,
  "population_risk": 0.33047603388366104,
  "bayes_population_risk": 0.13898342541436456,
  "empirical_bayes_risk": 0.19024585878110697,
  "generalization_gap": 0.006253890245019267,
  "excess_population_risk": 0.19149260846929647,
  "runtime_seconds": 31.27517207711935,
  "runtime_per_step_seconds": 0.03127517207711935,
  "initial_objective": 0.3612607871975479,
  "final_objective": 0.32911973090271296,
  "best_objective": 0.32911973090271296,
  "objective_reduction": 0.032141056294834935,
  "initial_train_loss_history": 0.36003175682849525,
  "final_train_loss_history": 0.32422214363864177,
  "best_train_loss_history": 0.32422214363864177,
  "train_loss_reduction": 0.035809613189853484,
  "weight_norm": 9.791557413084973,
  "trace_s": 9.791557413084973,
  "top_eigenvalue": 0.9618706778028985,
  "min_eigenvalue": 3.8237216216607374e-09,
  "R1": 0.09823469722165953
}