{
  "alpha": null,
  "seed": 42,
  "n_train": 500,
  "n_population": 5000,
  "train_loss": 1.1072573989732577,
  "population_risk": 1.0932398101169702,
  "bayes_population_risk": 0.9378461538461538,
  "empirical_bayes_risk": 0.9352362572352835,
  "generalization_gap": -0.014017588856287455,
  "excess_population_risk": 0.15539365627081647,
  "runtime_seconds": 26.16358645260334,
  "runtime_per_step_seconds": 0.02616358645260334,
  "initial_objective": 1.1132398614946215,
  "final_objective": 1.1072854208988363,
  "best_objective": 1.1072854208988363,
  "objective_reduction": 0.005954440595785204,
  "initial_train_loss_history": 1.1079600429949215,
  "final_train_loss_history": 1.1072573989732577,
  "best_train_loss_history": 1.106323221842588,
  "train_loss_reduction": 0.0007026440216637564,
  "weight_norm": 0.005602324020899638,
  "trace_s": 0.005602324020899637,
  "top_eigenvalue": 0.005172480958443793,
  "min_eigenvalue": 2.769686308357862e-13,
  "R1": 0.9232741517890968
}