{
  "alpha": null,
  "seed": 42,
  "n_train": 750,
  "n_population": 5000,
  "train_loss": 0.5059145869079137,
  "population_risk": 0.5514497506241012,
  "bayes_population_risk": 0.05101341981519296,
  "empirical_bayes_risk": 0.049879222384249654,
  "generalization_gap": 0.04553516371618749,
  "excess_population_risk": 0.5004363308089083,
  "runtime_seconds": 34.41503003053367,
  "runtime_per_step_seconds": 0.006883006006106735,
  "initial_objective": 0.534780568563741,
  "final_objective": 0.5116704384252259,
  "best_objective": 0.5116704384252259,
  "objective_reduction": 0.02311013013851515,
  "initial_train_loss_history": 0.5340219197039267,
  "final_train_loss_history": 0.5059145869079137,
  "best_train_loss_history": 0.5059145869079137,
  "train_loss_reduction": 0.028107332796012963,
  "weight_norm": 11.51169947973374,
  "trace_s": 11.51169947973374,
  "top_eigenvalue": 3.018948877960744,
  "min_eigenvalue": 6.527323370768746e-12,
  "R1": 0.26225049422768376,
  "effective_rank": 7.6638431626004735,
  "config_suffix": "cov_matern_mask_random_rho_NA_lambda_1e-05_beta_1_d_50_T_10_lr_0p001_iter_5000_ntrain_750_seed_42",
  "ridge_lambda": 0.01,
  "ridge_train_loss": 0.04880778179346372,
  "ridge_population_risk": 0.05044845544014514,
  "ridge_generalization_gap": 0.001640673646681419,
  "ridge_excess_population_risk": -0.0005649643750478203,
  "pca_n_components": 75,
  "pca_train_loss": 0.3012216301675054,
  "pca_population_risk": 0.42026062055137037,
  "pca_generalization_gap": 0.11903899038386495,
  "pca_excess_population_risk": 0.3692472007361774
}