{
  "alpha": null,
  "seed": 42,
  "n_train": 5000,
  "n_population": 5000,
  "train_loss": 1.0644478631874277,
  "population_risk": 1.065698479137028,
  "bayes_population_risk": 0.9675589362829065,
  "empirical_bayes_risk": 0.9661837646916037,
  "generalization_gap": 0.0012506159496004088,
  "excess_population_risk": 0.09813954285412163,
  "runtime_seconds": 807.4965929742903,
  "runtime_per_step_seconds": 0.16149931859485805,
  "initial_objective": 1.0654874522188509,
  "final_objective": 1.0645449401797666,
  "best_objective": 1.0645449401797664,
  "objective_reduction": 0.0009425120390842423,
  "initial_train_loss_history": 1.0649362164208334,
  "final_train_loss_history": 1.0644478631874277,
  "best_train_loss_history": 1.0644465368419391,
  "train_loss_reduction": 0.0004883532334056806,
  "weight_norm": 0.1941539846780562,
  "trace_s": 0.19415398467805617,
  "top_eigenvalue": 0.19415398467805617,
  "min_eigenvalue": -3.846151816310086e-17,
  "R1": 1.0000000000000002,
  "effective_rank": 1.0,
  "config_suffix": "cov_exponential_mask_random_rho_NA_lambda_1e-05_beta_1_d_50_T_10_lr_0p001_iter_5000_ntrain_5000_seed_42"
}