{
  "alpha": null,
  "seed": 42,
  "n_train": 100,
  "n_population": 5000,
  "train_loss": 1.1048083000291238,
  "population_risk": 1.109997730601752,
  "bayes_population_risk": 0.9378461538461538,
  "empirical_bayes_risk": 0.941564983776498,
  "generalization_gap": 0.0051894305726283285,
  "excess_population_risk": 0.17215157675559833,
  "runtime_seconds": 23.714094607159495,
  "runtime_per_step_seconds": 0.023714094607159494,
  "initial_objective": 1.1307205022695355,
  "final_objective": 1.1163325963400692,
  "best_objective": 1.1163325963400692,
  "objective_reduction": 0.01438790592946626,
  "initial_train_loss_history": 1.1254054419918866,
  "final_train_loss_history": 1.1048083000291238,
  "best_train_loss_history": 1.1048083000291238,
  "train_loss_reduction": 0.020597141962762855,
  "weight_norm": 2.304835137221348,
  "trace_s": 2.304835137221348,
  "top_eigenvalue": 1.3214965171107398,
  "min_eigenvalue": 2.030492637106653e-11,
  "R1": 0.5733583698762521
}