{
  "alpha": null,
  "seed": 42,
  "n_train": 1000,
  "n_population": 5000,
  "train_loss": 0.473676234305158,
  "population_risk": 0.5084382720040838,
  "bayes_population_risk": 0.1134751381215469,
  "empirical_bayes_risk": 0.1137857905883515,
  "generalization_gap": 0.034762037698925774,
  "excess_population_risk": 0.39496313388253684,
  "runtime_seconds": 193.79106311872602,
  "runtime_per_step_seconds": 0.0387582126237452,
  "initial_objective": 0.4924433024377422,
  "final_objective": 0.47965491129849874,
  "best_objective": 0.47965491129849874,
  "objective_reduction": 0.01278839113924346,
  "initial_train_loss_history": 0.49135597498824257,
  "final_train_loss_history": 0.473676234305158,
  "best_train_loss_history": 0.47367287799543967,
  "train_loss_reduction": 0.017679740683084588,
  "weight_norm": 5.978676950991451,
  "trace_s": 5.978676950991452,
  "top_eigenvalue": 5.22854214151263,
  "min_eigenvalue": 4.506566596410846e-18,
  "R1": 0.874531637078263,
  "effective_rank": 1.6919870925021943,
  "config_suffix": "cov_toeplitz_mask_random_rho_0p9_lambda_1e-05_beta_1_d_100_T_20_lr_0p001_iter_5000_ntrain_1000_seed_42",
  "ridge_lambda": 0.01,
  "ridge_train_loss": 0.11067059693365203,
  "ridge_population_risk": 0.11607394629363191,
  "ridge_generalization_gap": 0.005403349359979881,
  "ridge_excess_population_risk": 0.002598808172085007,
  "pca_n_components": 75,
  "pca_train_loss": 0.5119292376654309,
  "pca_population_risk": 0.6513276584721521,
  "pca_generalization_gap": 0.13939842080672127,
  "pca_excess_population_risk": 0.5378525203506053
}