{
  "alpha": null,
  "seed": 42,
  "n_train": 1250,
  "n_population": 5000,
  "train_loss": 0.7192507963258544,
  "population_risk": 0.7285230801950279,
  "bayes_population_risk": 0.5301185178874289,
  "empirical_bayes_risk": 0.5312006210289756,
  "generalization_gap": 0.009272283869173448,
  "excess_population_risk": 0.19840456230759895,
  "runtime_seconds": 143.74311912804842,
  "runtime_per_step_seconds": 0.028748623825609686,
  "initial_objective": 0.7456226128939019,
  "final_objective": 0.7284878918185743,
  "best_objective": 0.7284878918185743,
  "objective_reduction": 0.01713472107532754,
  "initial_train_loss_history": 0.7440205409228243,
  "final_train_loss_history": 0.7192507963258544,
  "best_train_loss_history": 0.7192492789530428,
  "train_loss_reduction": 0.0247697445969699,
  "weight_norm": 9.237095184174542,
  "trace_s": 9.237095184174544,
  "top_eigenvalue": 2.2249944168014637,
  "min_eigenvalue": 5.024673374740378e-17,
  "R1": 0.2408759867077516,
  "effective_rank": 8.852922955952417,
  "config_suffix": "cov_exponential_mask_random_rho_NA_lambda_1e-05_beta_1_d_100_T_5_lr_0p001_iter_5000_ntrain_1250_seed_42"
}