{
  "alpha": null,
  "seed": 42,
  "n_train": 10,
  "n_population": 5000,
  "train_loss": 0.7582869850187752,
  "population_risk": 1.3958226393237434,
  "bayes_population_risk": 0.66,
  "empirical_bayes_risk": 0.749435007433993,
  "generalization_gap": 0.6375356543049682,
  "excess_population_risk": 0.7358226393237434,
  "runtime_seconds": 26.27720458805561,
  "runtime_per_step_seconds": 0.002627720458805561,
  "initial_objective": 0.982567377808164,
  "final_objective": 0.7653580264852087,
  "best_objective": 0.7653354182633161,
  "objective_reduction": 0.21720935132295538,
  "initial_train_loss_history": 0.9773766002060743,
  "final_train_loss_history": 0.7582869850187752,
  "best_train_loss_history": 0.7582620626108353,
  "train_loss_reduction": 0.21908961518729908,
  "weight_norm": 14.134268550723844,
  "trace_s": 14.134268550723844,
  "top_eigenvalue": 10.687360039699847,
  "min_eigenvalue": -1.8274204858931186e-16,
  "R1": 0.7561311009017531
}