{
  "alpha": null,
  "seed": 42,
  "n_train": 500,
  "n_population": 5000,
  "train_loss": 0.9282380611221149,
  "population_risk": 0.9610100490904381,
  "bayes_population_risk": 0.615,
  "empirical_bayes_risk": 0.6161936708542599,
  "generalization_gap": 0.032771987968323146,
  "excess_population_risk": 0.3460100490904381,
  "runtime_seconds": 33.62261479906738,
  "runtime_per_step_seconds": 0.03362261479906738,
  "initial_objective": 0.9373177522515946,
  "final_objective": 0.9293414795913498,
  "best_objective": 0.9293414795913498,
  "objective_reduction": 0.00797627266024481,
  "initial_train_loss_history": 0.936752832829198,
  "final_train_loss_history": 0.9282380611221149,
  "best_train_loss_history": 0.9282378712276177,
  "train_loss_reduction": 0.008514771707083035,
  "weight_norm": 2.206630827482696,
  "trace_s": 2.206630827482696,
  "top_eigenvalue": 2.013398703832746,
  "min_eigenvalue": 1.4721679659688548e-09,
  "R1": 0.91243115013018
}