{
  "alpha": null,
  "seed": 42,
  "n_train": 80,
  "n_population": 5000,
  "train_loss": 0.9274064256143779,
  "population_risk": 1.067334195115151,
  "bayes_population_risk": 0.7166519216006867,
  "empirical_bayes_risk": 0.7197806502815268,
  "generalization_gap": 0.139927769500773,
  "excess_population_risk": 0.35068227351446424,
  "runtime_seconds": 23.75208772905171,
  "runtime_per_step_seconds": 0.004750417545810342,
  "initial_objective": 0.9895317060737425,
  "final_objective": 0.9328029234298182,
  "best_objective": 0.9328029234298182,
  "objective_reduction": 0.056728782643924336,
  "initial_train_loss_history": 0.988792386059712,
  "final_train_loss_history": 0.9274064256143779,
  "best_train_loss_history": 0.9274064256143779,
  "train_loss_reduction": 0.061385960445334065,
  "weight_norm": 10.792980224806398,
  "trace_s": 10.792980224806398,
  "top_eigenvalue": 5.513635946183605,
  "min_eigenvalue": 2.117517276972513e-12,
  "R1": 0.5108538912645422,
  "effective_rank": 2.9447351527841077,
  "config_suffix": "cov_matern_mask_random_rho_NA_lambda_1e-05_beta_1_d_50_T_10_lr_0p001_iter_5000_ntrain_80_seed_42",
  "ridge_lambda": 0.01,
  "ridge_train_loss": 0.6280665055096628,
  "ridge_population_risk": 0.8122817989836456,
  "ridge_generalization_gap": 0.1842152934739828,
  "ridge_excess_population_risk": 0.09562987738295892,
  "pca_n_components": 75,
  "pca_train_loss": 0.024094422370047656,
  "pca_population_risk": 1.149948757290144,
  "pca_generalization_gap": 1.1258543349200962,
  "pca_excess_population_risk": 0.4332968356894572
}