{
  "alpha": null,
  "seed": 42,
  "n_train": 2000,
  "n_population": 5000,
  "train_loss": 0.992683468466525,
  "population_risk": 0.9780254099202641,
  "bayes_population_risk": 0.7459898192227884,
  "empirical_bayes_risk": 0.7430209155671573,
  "generalization_gap": -0.0146580585462609,
  "excess_population_risk": 0.2320355906974757,
  "runtime_seconds": 100.5978102311492,
  "runtime_per_step_seconds": 0.02011956204622984,
  "initial_objective": 1.0001037097705425,
  "final_objective": 0.9933886150865476,
  "best_objective": 0.9933886150865476,
  "objective_reduction": 0.006715094683994893,
  "initial_train_loss_history": 0.9996341097967341,
  "final_train_loss_history": 0.992683468466525,
  "best_train_loss_history": 0.992683468466525,
  "train_loss_reduction": 0.006950641330209062,
  "weight_norm": 2.820585957019074,
  "trace_s": 2.820585957019074,
  "top_eigenvalue": 1.0919624449950172,
  "min_eigenvalue": 2.5408566329583437e-14,
  "R1": 0.3871402827762262,
  "effective_rank": 4.587601430662219,
  "config_suffix": "cov_matern_mask_random_rho_NA_lambda_1e-05_beta_1_d_25_T_5_lr_0p001_iter_5000_ntrain_2000_seed_42"
}