{
  "alpha": null,
  "seed": 42,
  "n_train": 10,
  "n_population": 5000,
  "train_loss": 0.9063544917618532,
  "population_risk": 1.258191510794819,
  "bayes_population_risk": 0.8444937602472408,
  "empirical_bayes_risk": 0.8468799067666092,
  "generalization_gap": 0.3518370190329657,
  "excess_population_risk": 0.4136977505475782,
  "runtime_seconds": 10.383878758177161,
  "runtime_per_step_seconds": 0.01038387875817716,
  "initial_objective": 1.114935063849935,
  "final_objective": 0.950191421983441,
  "best_objective": 0.950191421983441,
  "objective_reduction": 0.16474364186649393,
  "initial_train_loss_history": 1.109337616899592,
  "final_train_loss_history": 0.9063544917618532,
  "best_train_loss_history": 0.9063544917618532,
  "train_loss_reduction": 0.20298312513773886,
  "weight_norm": 8.76582784729516,
  "trace_s": 8.765827847295162,
  "top_eigenvalue": 6.188943867300159,
  "min_eigenvalue": 2.606461303114697e-08,
  "R1": 0.7060307337897194
}