{
  "alpha": null,
  "seed": 42,
  "n_train": 30,
  "n_population": 5000,
  "train_loss": 0.7983188348776334,
  "population_risk": 1.2973332972289369,
  "bayes_population_risk": 0.8028223802788139,
  "empirical_bayes_risk": 0.8029794192827784,
  "generalization_gap": 0.4990144623513034,
  "excess_population_risk": 0.49451091695012295,
  "runtime_seconds": 16.42599947191775,
  "runtime_per_step_seconds": 0.00328519989438355,
  "initial_objective": 0.9454921686004072,
  "final_objective": 0.8104750702630935,
  "best_objective": 0.8104750702630935,
  "objective_reduction": 0.13501709833731368,
  "initial_train_loss_history": 0.944535616198287,
  "final_train_loss_history": 0.7983188348776334,
  "best_train_loss_history": 0.7983188348776334,
  "train_loss_reduction": 0.14621678132065352,
  "weight_norm": 24.311956965701082,
  "trace_s": 24.311956965701093,
  "top_eigenvalue": 12.150531287620709,
  "min_eigenvalue": 2.6106921609443432e-09,
  "R1": 0.49977594583449103,
  "effective_rank": 3.6131345099857657,
  "config_suffix": "cov_exponential_mask_random_rho_NA_lambda_1e-05_beta_1_d_50_T_5_lr_0p001_iter_5000_ntrain_30_seed_42",
  "ridge_lambda": 0.01,
  "ridge_train_loss": 0.6851450233078701,
  "ridge_population_risk": 0.9288808292517978,
  "ridge_generalization_gap": 0.24373580594392774,
  "ridge_excess_population_risk": 0.1260584489729839,
  "pca_n_components": 75,
  "pca_train_loss": 2.093137146791633e-16,
  "pca_population_risk": 1.1578288526893001,
  "pca_generalization_gap": 1.1578288526893,
  "pca_excess_population_risk": 0.3550064724104862
}