{
  "alpha": null,
  "seed": 42,
  "n_train": 20,
  "n_population": 5000,
  "train_loss": 0.129321324225026,
  "population_risk": 1.4335079658399972,
  "bayes_population_risk": 0.10837348066298334,
  "empirical_bayes_risk": 0.10838542074284119,
  "generalization_gap": 1.3041866416149712,
  "excess_population_risk": 1.325134485177014,
  "runtime_seconds": 124.9718800149858,
  "runtime_per_step_seconds": 0.02499437600299716,
  "initial_objective": 0.7015215078201804,
  "final_objective": 0.174301682420781,
  "best_objective": 0.174301682420781,
  "objective_reduction": 0.5272198253993994,
  "initial_train_loss_history": 0.6987167286182971,
  "final_train_loss_history": 0.129321324225026,
  "best_train_loss_history": 0.129321324225026,
  "train_loss_reduction": 0.5693954043932712,
  "weight_norm": 22.490150896236532,
  "trace_s": 22.490150896236536,
  "top_eigenvalue": 21.532833259696734,
  "min_eigenvalue": 1.300524809874867e-15,
  "R1": 0.9574339166972862,
  "effective_rank": 1.1977536639967743,
  "config_suffix": "cov_toeplitz_mask_random_rho_0p9_lambda_1e-05_beta_1_d_200_T_50_lr_0p001_iter_5000_ntrain_20_seed_42"
}