{
  "alpha": null,
  "seed": 42,
  "n_train": 80,
  "n_population": 5000,
  "train_loss": 0.3133532070263522,
  "population_risk": 1.176197595054808,
  "bayes_population_risk": 0.1214410313285021,
  "empirical_bayes_risk": 0.12298300587405334,
  "generalization_gap": 0.8628443880284558,
  "excess_population_risk": 1.0547565637263059,
  "runtime_seconds": 44.900370264425874,
  "runtime_per_step_seconds": 0.008980074052885175,
  "initial_objective": 0.5443003293041578,
  "final_objective": 0.3680766566430166,
  "best_objective": 0.3680766566430166,
  "objective_reduction": 0.17622367266114125,
  "initial_train_loss_history": 0.5422410910233731,
  "final_train_loss_history": 0.3133532070263522,
  "best_train_loss_history": 0.3133532070263522,
  "train_loss_reduction": 0.22888788399702092,
  "weight_norm": 54.72337618439244,
  "trace_s": 54.72337618439244,
  "top_eigenvalue": 31.155874291579764,
  "min_eigenvalue": 9.870616749884599e-14,
  "R1": 0.5693339202354563,
  "effective_rank": 3.974645931850936,
  "config_suffix": "cov_toeplitz_bump_mask_random_rho_0p7_lambda_1e-05_beta_1_d_100_T_5_lr_0p001_iter_5000_ntrain_80_seed_42"
}