{
  "alpha": null,
  "seed": 42,
  "n_train": 20,
  "n_population": 5000,
  "train_loss": 0.27179617614427126,
  "population_risk": 1.3573625409714345,
  "bayes_population_risk": 0.10837348066298334,
  "empirical_bayes_risk": 0.1084887756647959,
  "generalization_gap": 1.0855663648271632,
  "excess_population_risk": 1.2489890603084512,
  "runtime_seconds": 41.49465801566839,
  "runtime_per_step_seconds": 0.008298931603133679,
  "initial_objective": 0.7536968034786166,
  "final_objective": 0.2996512098935976,
  "best_objective": 0.2996512098935976,
  "objective_reduction": 0.45404559358501895,
  "initial_train_loss_history": 0.7528537453177906,
  "final_train_loss_history": 0.27179617614427126,
  "best_train_loss_history": 0.27179617614427126,
  "train_loss_reduction": 0.48105756917351933,
  "weight_norm": 55.70938533005177,
  "trace_s": 55.70938533005175,
  "top_eigenvalue": 50.85138022282843,
  "min_eigenvalue": 1.3729508787115412e-09,
  "R1": 0.9127973665758121,
  "effective_rank": 1.4374366771674747,
  "config_suffix": "cov_toeplitz_mask_random_rho_0p9_lambda_1e-05_beta_1_d_50_T_50_lr_0p001_iter_5000_ntrain_20_seed_42",
  "ridge_lambda": 0.01,
  "ridge_train_loss": 1.2455125586761208e-06,
  "ridge_population_risk": 0.3315803160707523,
  "ridge_generalization_gap": 0.3315790705581936,
  "ridge_excess_population_risk": 0.22320683540776892,
  "pca_n_components": 75,
  "pca_train_loss": 1.0929073650986131e-16,
  "pca_population_risk": 0.9908424551736996,
  "pca_generalization_gap": 0.9908424551736995,
  "pca_excess_population_risk": 0.8824689745107163
}