{
  "alpha": null,
  "seed": 42,
  "n_train": 300,
  "n_population": 5000,
  "train_loss": 0.7614115943171165,
  "population_risk": 0.8375767001314933,
  "bayes_population_risk": 0.48757509716865854,
  "empirical_bayes_risk": 0.4875296026916125,
  "generalization_gap": 0.07616510581437685,
  "excess_population_risk": 0.3500016029628348,
  "runtime_seconds": 78.5588740836829,
  "runtime_per_step_seconds": 0.01571177481673658,
  "initial_objective": 0.8226877823689985,
  "final_objective": 0.7758985014258811,
  "best_objective": 0.7758985014258811,
  "objective_reduction": 0.046789280943117406,
  "initial_train_loss_history": 0.8210130202066915,
  "final_train_loss_history": 0.7614115943171165,
  "best_train_loss_history": 0.761405805754318,
  "train_loss_reduction": 0.059601425889575066,
  "weight_norm": 14.486905865223573,
  "trace_s": 14.486905865223575,
  "top_eigenvalue": 5.653237352240586,
  "min_eigenvalue": 8.120385248378888e-16,
  "R1": 0.3902308336117113,
  "effective_rank": 6.075806419304742,
  "config_suffix": "cov_toeplitz_bump_mask_random_rho_0p5_lambda_1e-05_beta_1_d_100_T_5_lr_0p001_iter_5000_ntrain_300_seed_42"
}