{
  "alpha": null,
  "seed": 42,
  "n_train": 750,
  "n_population": 5000,
  "train_loss": 0.32512808829346035,
  "population_risk": 0.3308005968804262,
  "bayes_population_risk": 0.13898342541436456,
  "empirical_bayes_risk": 0.1903660068885318,
  "generalization_gap": 0.00567250858696583,
  "excess_population_risk": 0.19181717146606161,
  "runtime_seconds": 22.088092152029276,
  "runtime_per_step_seconds": 0.022088092152029275,
  "initial_objective": 0.36356797079721376,
  "final_objective": 0.33019723726516687,
  "best_objective": 0.33019723726516687,
  "objective_reduction": 0.03337073353204689,
  "initial_train_loss_history": 0.3623499463728925,
  "final_train_loss_history": 0.32512808829346035,
  "best_train_loss_history": 0.32512808829346035,
  "train_loss_reduction": 0.037221858079432124,
  "weight_norm": 10.130747332910424,
  "trace_s": 10.130747332910426,
  "top_eigenvalue": 1.301405647540153,
  "min_eigenvalue": 2.1296562071124375e-08,
  "R1": 0.12846097180930052
}