{
  "alpha": null,
  "seed": 42,
  "n_train": 10,
  "n_population": 5000,
  "train_loss": 1.0127348295506422,
  "population_risk": 1.2482582732352387,
  "bayes_population_risk": 0.96,
  "empirical_bayes_risk": 0.9584030225830357,
  "generalization_gap": 0.23552344368459655,
  "excess_population_risk": 0.2882582732352388,
  "runtime_seconds": 15.486982611939311,
  "runtime_per_step_seconds": 0.015486982611939312,
  "initial_objective": 1.1338144359772226,
  "final_objective": 1.040226491267664,
  "best_objective": 1.040226491267664,
  "objective_reduction": 0.09358794470955867,
  "initial_train_loss_history": 1.1283214768413006,
  "final_train_loss_history": 1.0127348295506422,
  "best_train_loss_history": 1.0127348295506422,
  "train_loss_reduction": 0.11558664729065837,
  "weight_norm": 5.497837590598458,
  "trace_s": 5.49783759059846,
  "top_eigenvalue": 4.381947126620945,
  "min_eigenvalue": 6.724847759930001e-09,
  "R1": 0.7970310243638817,
  "config_suffix": "cov_toeplitz_mask_last_rho_0p2_lambda_0p0001_beta_1_d_50_T_5_lr_0p001_iter_1000_ntrain_10_seed_42"
}