{
  "alpha": null,
  "seed": 42,
  "n_train": 1000,
  "n_population": 5000,
  "train_loss": 0.9820723895125308,
  "population_risk": 0.9837090579393934,
  "bayes_population_risk": 0.7822082681172894,
  "empirical_bayes_risk": 0.7815239730536907,
  "generalization_gap": 0.0016366684268626086,
  "excess_population_risk": 0.20150078982210406,
  "runtime_seconds": 223.64476743340492,
  "runtime_per_step_seconds": 0.04472895348668098,
  "initial_objective": 0.9860903724435705,
  "final_objective": 0.9833262579787995,
  "best_objective": 0.9833262579767319,
  "objective_reduction": 0.0027641144647709837,
  "initial_train_loss_history": 0.9849908388899744,
  "final_train_loss_history": 0.9820723895125308,
  "best_train_loss_history": 0.9820723075362214,
  "train_loss_reduction": 0.002918449377443566,
  "weight_norm": 1.2538684680892194,
  "trace_s": 1.2538684680892194,
  "top_eigenvalue": 1.2538684680883128,
  "min_eigenvalue": -4.389151482443247e-17,
  "R1": 0.9999999999992774,
  "effective_rank": 1.0,
  "config_suffix": "cov_exponential_mask_random_rho_NA_lambda_1e-05_beta_1_d_100_T_10_lr_0p001_iter_5000_ntrain_1000_seed_42"
}