{
  "alpha": 5.0,
  "seed": 0,
  "n_train": 12500,
  "n_population": 5000,
  "train_loss": 1.1353295922848639,
  "population_risk": 1.1392985858744906,
  "bayes_population_risk": 0.9382971014492754,
  "empirical_bayes_risk": 0.9374945137248273,
  "weight_norm": 0.004419035251787494,
  "trace_s": 0.004419035251787493,
  "top_eigenvalue": 0.0004294763413228185,
  "R1": 0.0971878061278411
}