{
  "alpha": null,
  "seed": 42,
  "n_train": 750,
  "n_population": 5000,
  "train_loss": 1.0650555811288158,
  "population_risk": 1.069416582146149,
  "bayes_population_risk": 0.9675589362829065,
  "empirical_bayes_risk": 0.9662736277105818,
  "generalization_gap": 0.004361001017333166,
  "excess_population_risk": 0.10185764586324253,
  "runtime_seconds": 153.88201624900103,
  "runtime_per_step_seconds": 0.030776403249800206,
  "initial_objective": 1.067339478040393,
  "final_objective": 1.0656541991828326,
  "best_objective": 1.0656541991828326,
  "objective_reduction": 0.0016852788575605349,
  "initial_train_loss_history": 1.0667573770738872,
  "final_train_loss_history": 1.0650555811288158,
  "best_train_loss_history": 1.0650555688285033,
  "train_loss_reduction": 0.0017017959450713604,
  "weight_norm": 1.197236108031337,
  "trace_s": 1.197236108031337,
  "top_eigenvalue": 0.6985854555955581,
  "min_eigenvalue": -9.395643467616131e-17,
  "R1": 0.5834984853106959,
  "effective_rank": 1.9721763503733407,
  "config_suffix": "cov_exponential_mask_random_rho_NA_lambda_1e-05_beta_1_d_50_T_10_lr_0p001_iter_5000_ntrain_750_seed_42"
}