{
  "alpha": 5.0,
  "seed": 0,
  "n_train": 12500,
  "n_population": 5000,
  "train_loss": 0.9657700873070987,
  "population_risk": 0.9697469802676167,
  "bayes_population_risk": 0.5208333333333334,
  "empirical_bayes_risk": 0.5204079413372245,
  "weight_norm": 0.004417299535188145,
  "trace_s": 0.004417299535188145,
  "top_eigenvalue": 0.0004299616982899565,
  "R1": 0.0973358711277983
}