{
  "alpha": null,
  "seed": 42,
  "n_train": 1750,
  "n_population": 5000,
  "train_loss": 0.9787023537132606,
  "population_risk": 0.9804935753425956,
  "bayes_population_risk": 0.7459898192227884,
  "empirical_bayes_risk": 0.7426986043044018,
  "generalization_gap": 0.0017912216293349825,
  "excess_population_risk": 0.23450375611980723,
  "runtime_seconds": 59.78649353608489,
  "runtime_per_step_seconds": 0.011957298707216978,
  "initial_objective": 0.9897151309623864,
  "final_objective": 0.9835371820912058,
  "best_objective": 0.9835371820912058,
  "objective_reduction": 0.006177948871180616,
  "initial_train_loss_history": 0.9884555823994341,
  "final_train_loss_history": 0.9787023537132606,
  "best_train_loss_history": 0.9787012488053797,
  "train_loss_reduction": 0.009753228686173454,
  "weight_norm": 4.83482836396812,
  "trace_s": 4.834828363968119,
  "top_eigenvalue": 1.6066344616575754,
  "min_eigenvalue": -1.8564685985862862e-18,
  "R1": 0.33230434272106246,
  "effective_rank": 6.281469339996869,
  "config_suffix": "cov_matern_mask_random_rho_NA_lambda_1e-05_beta_1_d_100_T_5_lr_0p001_iter_5000_ntrain_1750_seed_42",
  "ridge_lambda": 0.01,
  "ridge_train_loss": 0.7458805364589909,
  "ridge_population_risk": 0.7442236078194808,
  "ridge_generalization_gap": -0.001656928639510058,
  "ridge_excess_population_risk": -0.0017662114033075715,
  "pca_n_components": 75,
  "pca_train_loss": 0.8868135779104361,
  "pca_population_risk": 1.0401825012423496,
  "pca_generalization_gap": 0.15336892333191343,
  "pca_excess_population_risk": 0.29419268201956117
}