{
  "alpha": null,
  "seed": 42,
  "n_train": 100,
  "n_population": 5000,
  "train_loss": 1.0142770680496864,
  "population_risk": 1.0666828344630739,
  "bayes_population_risk": 0.615,
  "empirical_bayes_risk": 0.7515756492810045,
  "generalization_gap": 0.052405766413387456,
  "excess_population_risk": 0.4516828344630739,
  "runtime_seconds": 11.789922788739204,
  "runtime_per_step_seconds": 0.011789922788739204,
  "initial_objective": 1.037482776968287,
  "final_objective": 1.0162354013409653,
  "best_objective": 1.0162354013409653,
  "objective_reduction": 0.021247375627321707,
  "initial_train_loss_history": 1.0368918904429894,
  "final_train_loss_history": 1.0142770680496864,
  "best_train_loss_history": 1.0142770680496864,
  "train_loss_reduction": 0.022614822393302925,
  "weight_norm": 3.9161244071064187,
  "trace_s": 3.916124407106418,
  "top_eigenvalue": 3.293163249347713,
  "min_eigenvalue": 5.919593420046855e-09,
  "R1": 0.8409240634367372
}