{
  "alpha": null,
  "seed": 42,
  "n_train": 5000,
  "n_population": 5000,
  "train_loss": 0.846497520285494,
  "population_risk": 0.8406257206381719,
  "bayes_population_risk": 0.66,
  "empirical_bayes_risk": 0.6590529439555347,
  "generalization_gap": -0.005871799647322096,
  "excess_population_risk": 0.18062572063817184,
  "runtime_seconds": 63.048701629042625,
  "runtime_per_step_seconds": 0.06304870162904262,
  "initial_objective": 0.8586200623270442,
  "final_objective": 0.8490688299863636,
  "best_objective": 0.8490688299863636,
  "objective_reduction": 0.009551232340680671,
  "initial_train_loss_history": 0.8577519664758287,
  "final_train_loss_history": 0.846497520285494,
  "best_train_loss_history": 0.846497520285494,
  "train_loss_reduction": 0.011254446190334777,
  "weight_norm": 5.1410348868312035,
  "trace_s": 5.141034886831203,
  "top_eigenvalue": 0.7081584406638642,
  "min_eigenvalue": 1.172948730151168e-09,
  "R1": 0.13774628187756852
}