{
  "alpha": null,
  "seed": 42,
  "n_train": 500,
  "n_population": 5000,
  "train_loss": 0.9895219364691114,
  "population_risk": 0.9970661847108353,
  "bayes_population_risk": 0.66,
  "empirical_bayes_risk": 0.7499500525541332,
  "generalization_gap": 0.00754424824172395,
  "excess_population_risk": 0.33706618471083527,
  "runtime_seconds": 65.72929292358458,
  "runtime_per_step_seconds": 0.006572929292358458,
  "initial_objective": 1.001701956390274,
  "final_objective": 0.9938141089676505,
  "best_objective": 0.9938140674045729,
  "objective_reduction": 0.007887847422623495,
  "initial_train_loss_history": 0.9965071065292592,
  "final_train_loss_history": 0.9895219364691114,
  "best_train_loss_history": 0.9895200347835412,
  "train_loss_reduction": 0.006985170060147872,
  "weight_norm": 0.8584366379920364,
  "trace_s": 0.8584366379920366,
  "top_eigenvalue": 0.8584366191829744,
  "min_eigenvalue": 1.9424398922360204e-15,
  "R1": 0.9999999780891669
}