{
  "alpha": null,
  "seed": 42,
  "n_train": 5000,
  "n_population": 5000,
  "train_loss": 0.947906165910524,
  "population_risk": 0.9487316682517297,
  "bayes_population_risk": 0.615,
  "empirical_bayes_risk": 0.6147393666560899,
  "generalization_gap": 0.0008255023412057083,
  "excess_population_risk": 0.33373166825172973,
  "runtime_seconds": 222.87612475454807,
  "runtime_per_step_seconds": 0.22287612475454807,
  "initial_objective": 0.9490982473320638,
  "final_objective": 0.9481242334116994,
  "best_objective": 0.9481242334116994,
  "objective_reduction": 0.0009740139203644471,
  "initial_train_loss_history": 0.9485559817877612,
  "final_train_loss_history": 0.947906165910524,
  "best_train_loss_history": 0.947906165910524,
  "train_loss_reduction": 0.0006498158772372253,
  "weight_norm": 0.4361275340423502,
  "trace_s": 0.43612753404235016,
  "top_eigenvalue": 0.4346352659571607,
  "min_eigenvalue": 5.0704762591394515e-15,
  "R1": 0.9965783676362785
}