{
  "alpha": null,
  "seed": 42,
  "n_train": 80,
  "n_population": 5000,
  "train_loss": 0.4793273386928389,
  "population_risk": 1.3457836392853457,
  "bayes_population_risk": 0.24553354982376377,
  "empirical_bayes_risk": 0.24452864487260978,
  "generalization_gap": 0.8664563005925068,
  "excess_population_risk": 1.1002500894615819,
  "runtime_seconds": 68.82235461473465,
  "runtime_per_step_seconds": 0.01376447092294693,
  "initial_objective": 0.8362053759818028,
  "final_objective": 0.5377558805083742,
  "best_objective": 0.5377558805083742,
  "objective_reduction": 0.2984494954734286,
  "initial_train_loss_history": 0.8349658068779927,
  "final_train_loss_history": 0.4793273386928389,
  "best_train_loss_history": 0.4793273386928389,
  "train_loss_reduction": 0.3556384681851538,
  "weight_norm": 58.42832484017264,
  "trace_s": 58.42832484017264,
  "top_eigenvalue": 38.14503676464459,
  "min_eigenvalue": 5.719600744038757e-11,
  "R1": 0.652851795237809,
  "effective_rank": 3.126753032182042,
  "config_suffix": "cov_matern_mask_random_rho_NA_lambda_1e-05_beta_1_d_100_T_10_lr_0p001_iter_5000_ntrain_80_seed_42"
}