{
  "alpha": 5.0,
  "seed": 0,
  "n_train": 12500,
  "n_population": 5000,
  "train_loss": 1.1334049599444656,
  "population_risk": 1.137625995957642,
  "bayes_population_risk": 0.9382971014492754,
  "empirical_bayes_risk": 0.9374945137248273,
  "weight_norm": 2.013315946199271,
  "trace_s": 2.013315946199271,
  "top_eigenvalue": 0.27063618932369937,
  "R1": 0.13442310921671544
}