{
  "alpha": null,
  "seed": 42,
  "n_train": 1500,
  "n_population": 5000,
  "train_loss": 1.0497960090174512,
  "population_risk": 1.0504663973659436,
  "bayes_population_risk": 1.0,
  "empirical_bayes_risk": 1.000303211732455,
  "generalization_gap": 0.0006703883484924233,
  "excess_population_risk": 0.050466397365943605,
  "runtime_seconds": 502.23979481495917,
  "runtime_per_step_seconds": 0.10044795896299183,
  "initial_objective": 1.0519026481060778,
  "final_objective": 1.049851090536178,
  "best_objective": 1.0498510905361778,
  "objective_reduction": 0.002051557569899831,
  "initial_train_loss_history": 1.049889450876067,
  "final_train_loss_history": 1.0497960090174512,
  "best_train_loss_history": 1.0497960069778223,
  "train_loss_reduction": 9.3441858615817e-05,
  "weight_norm": 0.02754075936336091,
  "trace_s": 0.027540759363360902,
  "top_eigenvalue": 0.02754075936336091,
  "min_eigenvalue": -7.517463601657978e-18,
  "R1": 1.0,
  "effective_rank": 1.0,
  "config_suffix": "cov_identity_mask_random_rho_NA_lambda_1e-05_beta_1_d_200_T_20_lr_0p001_iter_5000_ntrain_1500_seed_42"
}