{
  "alpha": null,
  "seed": 42,
  "n_train": 70,
  "n_population": 5000,
  "train_loss": 0.26181626476470604,
  "population_risk": 1.12193570935467,
  "bayes_population_risk": 0.10837348066298334,
  "empirical_bayes_risk": 0.10820898292693314,
  "generalization_gap": 0.860119444589964,
  "excess_population_risk": 1.0135622286916868,
  "runtime_seconds": 184.67858203686774,
  "runtime_per_step_seconds": 0.036935716407373545,
  "initial_objective": 0.7126806022199067,
  "final_objective": 0.3462852150867696,
  "best_objective": 0.3462852150867696,
  "objective_reduction": 0.3663953871331371,
  "initial_train_loss_history": 0.7103315613945707,
  "final_train_loss_history": 0.26181626476470604,
  "best_train_loss_history": 0.26181626476470604,
  "train_loss_reduction": 0.4485152966298646,
  "weight_norm": 42.234469827464125,
  "trace_s": 42.234469827464125,
  "top_eigenvalue": 35.37277850617684,
  "min_eigenvalue": 6.05847363922836e-16,
  "R1": 0.8375333856606088,
  "effective_rank": 1.7999935111912646,
  "config_suffix": "cov_toeplitz_mask_random_rho_0p9_lambda_1e-05_beta_1_d_200_T_50_lr_0p001_iter_5000_ntrain_70_seed_42"
}