{
  "alpha": null,
  "seed": 42,
  "n_train": 70,
  "n_population": 5000,
  "train_loss": 0.15431657634693166,
  "population_risk": 1.0104783083487514,
  "bayes_population_risk": 0.07006953088198194,
  "empirical_bayes_risk": 0.06981302250046445,
  "generalization_gap": 0.8561617320018198,
  "excess_population_risk": 0.9404087774667694,
  "runtime_seconds": 37.69848745316267,
  "runtime_per_step_seconds": 0.007539697490632534,
  "initial_objective": 0.3692319455772085,
  "final_objective": 0.20035610906545315,
  "best_objective": 0.20035610906545315,
  "objective_reduction": 0.16887583651175536,
  "initial_train_loss_history": 0.3670908557640736,
  "final_train_loss_history": 0.15431657634693166,
  "best_train_loss_history": 0.15431657634693166,
  "train_loss_reduction": 0.21277427941714191,
  "weight_norm": 46.039487251103075,
  "trace_s": 46.03948725110307,
  "top_eigenvalue": 26.619511487198153,
  "min_eigenvalue": 4.8292537131116455e-12,
  "R1": 0.5781887044487093,
  "effective_rank": 4.032390394724731,
  "config_suffix": "cov_matern_mask_random_rho_NA_lambda_1e-05_beta_1_d_100_T_5_lr_0p001_iter_5000_ntrain_70_seed_42"
}