{
  "alpha": null,
  "seed": 42,
  "n_train": 70,
  "n_population": 5000,
  "train_loss": 1.0454485145185224,
  "population_risk": 1.0630998280545876,
  "bayes_population_risk": 1.0,
  "empirical_bayes_risk": 1.0000554734637483,
  "generalization_gap": 0.017651313536065194,
  "excess_population_risk": 0.06309982805458758,
  "runtime_seconds": 26.729958845302463,
  "runtime_per_step_seconds": 0.005345991769060493,
  "initial_objective": 1.0562291114201066,
  "final_objective": 1.0472597385862017,
  "best_objective": 1.0472597385862017,
  "objective_reduction": 0.008969372833904865,
  "initial_train_loss_history": 1.0556867479828116,
  "final_train_loss_history": 1.0454485145185224,
  "best_train_loss_history": 1.045448258296706,
  "train_loss_reduction": 0.010238233464289204,
  "weight_norm": 3.6224472589072474,
  "trace_s": 3.622447258907248,
  "top_eigenvalue": 2.9240659676390814,
  "min_eigenvalue": 4.865330419048688e-16,
  "R1": 0.8072073266074714,
  "effective_rank": 1.7268192663445279,
  "config_suffix": "cov_identity_mask_random_rho_NA_lambda_1e-05_beta_1_d_50_T_20_lr_0p001_iter_5000_ntrain_70_seed_42",
  "ridge_lambda": 0.01,
  "ridge_train_loss": 0.7395400141225115,
  "ridge_population_risk": 1.3883824688285518,
  "ridge_generalization_gap": 0.6488424547060403,
  "ridge_excess_population_risk": 0.38838246882855176,
  "pca_n_components": 75,
  "pca_train_loss": 1.2848064269825389e-16,
  "pca_population_risk": 1.0943058968473003,
  "pca_generalization_gap": 1.0943058968473,
  "pca_excess_population_risk": 0.09430589684730029
}