{
  "alpha": null,
  "seed": 42,
  "n_train": 30,
  "n_population": 5000,
  "train_loss": 0.9712456139901943,
  "population_risk": 1.21217513932684,
  "bayes_population_risk": 0.9267692307692309,
  "empirical_bayes_risk": 0.9243114648821785,
  "generalization_gap": 0.2409295253366458,
  "excess_population_risk": 0.28540590855760917,
  "runtime_seconds": 25.768100179731846,
  "runtime_per_step_seconds": 0.005153620035946369,
  "initial_objective": 1.0433943871714997,
  "final_objective": 0.9797806103364384,
  "best_objective": 0.9797806103364384,
  "objective_reduction": 0.06361377683506131,
  "initial_train_loss_history": 1.0427449214176086,
  "final_train_loss_history": 0.9712456139901943,
  "best_train_loss_history": 0.9712456139901943,
  "train_loss_reduction": 0.07149930742741428,
  "weight_norm": 17.069708411012684,
  "trace_s": 17.069708411012684,
  "top_eigenvalue": 6.833725956926099,
  "min_eigenvalue": 2.9953849614339877e-12,
  "R1": 0.4003422784022051,
  "effective_rank": 3.6781079822148754,
  "config_suffix": "cov_toeplitz_mask_random_rho_0p2_lambda_1e-05_beta_1_d_50_T_20_lr_0p001_iter_5000_ntrain_30_seed_42",
  "ridge_lambda": 0.01,
  "ridge_train_loss": 0.3401339776154282,
  "ridge_population_risk": 2.6394779144925824,
  "ridge_generalization_gap": 2.299343936877154,
  "ridge_excess_population_risk": 1.7127086837233514,
  "pca_n_components": 75,
  "pca_train_loss": 1.1699619714085263e-16,
  "pca_population_risk": 1.0596184658828574,
  "pca_generalization_gap": 1.0596184658828571,
  "pca_excess_population_risk": 0.13284923511362645
}