{
  "alpha": 0.5,
  "seed": 0,
  "n_train": 1250,
  "n_population": 5000,
  "train_loss": 0.9470984116215067,
  "population_risk": 0.9653728207902106,
  "bayes_population_risk": 0.5208333333333334,
  "empirical_bayes_risk": 0.522889729157922,
  "weight_norm": 7.281622069943782,
  "trace_s": 7.281622069943778,
  "top_eigenvalue": 1.4591531656582637,
  "R1": 0.2003884782322313
}