{
  "alpha": null,
  "seed": 42,
  "n_train": 10,
  "n_population": 5000,
  "train_loss": 0.19045131676931618,
  "population_risk": 1.327126478614378,
  "bayes_population_risk": 0.13898342541436456,
  "empirical_bayes_risk": 0.19010135577514434,
  "generalization_gap": 1.1366751618450617,
  "excess_population_risk": 1.1881430532000135,
  "runtime_seconds": 7.053113071247935,
  "runtime_per_step_seconds": 0.007053113071247935,
  "initial_objective": 0.3728633877477782,
  "final_objective": 0.19873973892587266,
  "best_objective": 0.19873973892587266,
  "objective_reduction": 0.17412364882190556,
  "initial_train_loss_history": 0.371293698514921,
  "final_train_loss_history": 0.19045131676931618,
  "best_train_loss_history": 0.19045131676931618,
  "train_loss_reduction": 0.18084238174560482,
  "weight_norm": 16.55486491652661,
  "trace_s": 16.55486491652661,
  "top_eigenvalue": 8.098567700260936,
  "min_eigenvalue": 3.1677210980897827e-07,
  "R1": 0.48919563772315583
}