{
  "alpha": null,
  "seed": 42,
  "n_train": 1000,
  "n_population": 5000,
  "train_loss": 0.8393290464197052,
  "population_risk": 0.8576804698185945,
  "bayes_population_risk": 0.66,
  "empirical_bayes_risk": 0.664045268478848,
  "generalization_gap": 0.01835142339888929,
  "excess_population_risk": 0.19768046981859444,
  "runtime_seconds": 15.194513268768787,
  "runtime_per_step_seconds": 0.015194513268768788,
  "initial_objective": 0.8570793689769546,
  "final_objective": 0.8426004985976321,
  "best_objective": 0.8426004985976321,
  "objective_reduction": 0.014478870379322495,
  "initial_train_loss_history": 0.8562064789469488,
  "final_train_loss_history": 0.8393290464197052,
  "best_train_loss_history": 0.8393290464197052,
  "train_loss_reduction": 0.016877432527243608,
  "weight_norm": 6.540651011825873,
  "trace_s": 6.540651011825872,
  "top_eigenvalue": 1.4288133767064708,
  "min_eigenvalue": 2.0572270805091516e-08,
  "R1": 0.21845124806737037
}