{
  "alpha": null,
  "seed": 42,
  "n_train": 100,
  "n_population": 5000,
  "train_loss": 0.06820529311519048,
  "population_risk": 0.07477498472531818,
  "bayes_population_risk": 0.011034997727387535,
  "empirical_bayes_risk": 0.011035609363347857,
  "generalization_gap": 0.006569691610127701,
  "excess_population_risk": 0.06373998699793065,
  "runtime_seconds": 60.80794290266931,
  "runtime_per_step_seconds": 0.012161588580533862,
  "initial_objective": 0.07214562501660178,
  "final_objective": 0.06959724488702869,
  "best_objective": 0.06959724143538736,
  "objective_reduction": 0.0025483801295730912,
  "initial_train_loss_history": 0.06994481392567523,
  "final_train_loss_history": 0.06820529311519048,
  "best_train_loss_history": 0.06820503754668449,
  "train_loss_reduction": 0.0017395208104847432,
  "weight_norm": 0.6959760538023916,
  "trace_s": 0.6959760538023919,
  "top_eigenvalue": 0.31782503487610725,
  "min_eigenvalue": -3.263791606212893e-17,
  "R1": 0.4566608766777304,
  "effective_rank": 2.7993163515304813,
  "config_suffix": "cov_toeplitz_mask_random_rho_0p99_lambda_1e-05_beta_1_d_200_T_20_lr_0p001_iter_5000_ntrain_100_seed_42",
  "ridge_lambda": 0.01,
  "ridge_train_loss": 0.008678514957783257,
  "ridge_population_risk": 0.013608098081861397,
  "ridge_generalization_gap": 0.00492958312407814,
  "ridge_excess_population_risk": 0.0025731003544738618,
  "pca_n_components": 75,
  "pca_train_loss": 0.068681900684799,
  "pca_population_risk": 0.6832326205216598,
  "pca_generalization_gap": 0.6145507198368608,
  "pca_excess_population_risk": 0.6721976227942722
}