{
  "alpha": null,
  "seed": 42,
  "n_train": 150,
  "n_population": 5000,
  "train_loss": 0.9468346347524939,
  "population_risk": 1.0158029133862034,
  "bayes_population_risk": 0.7822082681172894,
  "empirical_bayes_risk": 0.7834800263272824,
  "generalization_gap": 0.06896827863370958,
  "excess_population_risk": 0.23359464526891405,
  "runtime_seconds": 91.43963790684938,
  "runtime_per_step_seconds": 0.01828792758136988,
  "initial_objective": 0.9811911901712327,
  "final_objective": 0.9549084680433404,
  "best_objective": 0.9549084680433404,
  "objective_reduction": 0.02628272212789229,
  "initial_train_loss_history": 0.9800407636293927,
  "final_train_loss_history": 0.9468346347524939,
  "best_train_loss_history": 0.9468346347524939,
  "train_loss_reduction": 0.03320612887689889,
  "weight_norm": 8.073832916142555,
  "trace_s": 8.073832916142557,
  "top_eigenvalue": 5.0505959357359975,
  "min_eigenvalue": 8.329778794043176e-17,
  "R1": 0.6255512082294896,
  "effective_rank": 2.842745504439837,
  "config_suffix": "cov_exponential_mask_random_rho_NA_lambda_1e-05_beta_1_d_100_T_10_lr_0p001_iter_5000_ntrain_150_seed_42"
}