{
  "alpha": null,
  "seed": 42,
  "n_train": 100,
  "n_population": 5000,
  "train_loss": 1.0261797447441856,
  "population_risk": 1.0473257466564103,
  "bayes_population_risk": 0.8649174311926606,
  "empirical_bayes_risk": 0.8690179153144456,
  "generalization_gap": 0.02114600191222471,
  "excess_population_risk": 0.1824083154637497,
  "runtime_seconds": 19.297874961048365,
  "runtime_per_step_seconds": 0.019297874961048365,
  "initial_objective": 1.0633904741674012,
  "final_objective": 1.0429774212521674,
  "best_objective": 1.0429774212521674,
  "objective_reduction": 0.020413052915233765,
  "initial_train_loss_history": 1.0561730607091748,
  "final_train_loss_history": 1.0261797447441856,
  "best_train_loss_history": 1.0261740371211865,
  "train_loss_reduction": 0.02999331596498922,
  "weight_norm": 3.3595352981529936,
  "trace_s": 3.3595352981529936,
  "top_eigenvalue": 1.94647296250705,
  "min_eigenvalue": -2.816250118215663e-16,
  "R1": 0.5793875610049943
}