{
  "alpha": null,
  "seed": 42,
  "n_train": 60,
  "n_population": 5000,
  "train_loss": 0.2278596834566222,
  "population_risk": 0.7030124634613437,
  "bayes_population_risk": 0.12197790055248611,
  "empirical_bayes_risk": 0.12239626414147108,
  "generalization_gap": 0.4751527800047215,
  "excess_population_risk": 0.5810345629088576,
  "runtime_seconds": 38.86407529003918,
  "runtime_per_step_seconds": 0.007772815058007836,
  "initial_objective": 0.3511605128752,
  "final_objective": 0.24797514781658245,
  "best_objective": 0.24797514781658245,
  "objective_reduction": 0.10318536505861756,
  "initial_train_loss_history": 0.3504432927675687,
  "final_train_loss_history": 0.2278596834566222,
  "best_train_loss_history": 0.2278596834566222,
  "train_loss_reduction": 0.1225836093109465,
  "weight_norm": 40.23070187930112,
  "trace_s": 40.230701879301115,
  "top_eigenvalue": 25.205881319128828,
  "min_eigenvalue": 3.293233901693153e-11,
  "R1": 0.6265334717438118,
  "effective_rank": 3.445405845528795,
  "config_suffix": "cov_toeplitz_mask_random_rho_0p9_lambda_1e-05_beta_1_d_50_T_10_lr_0p001_iter_5000_ntrain_60_seed_42"
}