{
  "alpha": null,
  "seed": 42,
  "n_train": 300,
  "n_population": 5000,
  "train_loss": 0.9970251653399833,
  "population_risk": 1.0013347011095461,
  "bayes_population_risk": 0.7166519216006867,
  "empirical_bayes_risk": 0.7165711787081736,
  "generalization_gap": 0.004309535769562833,
  "excess_population_risk": 0.28468277950885945,
  "runtime_seconds": 25.85820828936994,
  "runtime_per_step_seconds": 0.005171641657873988,
  "initial_objective": 1.0110585304513429,
  "final_objective": 0.9995596428934919,
  "best_objective": 0.9995596428934919,
  "objective_reduction": 0.011498887557851,
  "initial_train_loss_history": 1.0104637657628237,
  "final_train_loss_history": 0.9970251653399833,
  "best_train_loss_history": 0.9970251653399833,
  "train_loss_reduction": 0.013438600422840397,
  "weight_norm": 5.068954326673926,
  "trace_s": 5.068954326673926,
  "top_eigenvalue": 2.413752454971922,
  "min_eigenvalue": 3.908909623661673e-14,
  "R1": 0.47618350835600143,
  "effective_rank": 2.8587162148145686,
  "config_suffix": "cov_matern_mask_random_rho_NA_lambda_1e-05_beta_1_d_50_T_10_lr_0p001_iter_5000_ntrain_300_seed_42",
  "ridge_lambda": 0.01,
  "ridge_train_loss": 0.6916631772321074,
  "ridge_population_risk": 0.7383460781138075,
  "ridge_generalization_gap": 0.04668290088170013,
  "ridge_excess_population_risk": 0.021694156513120788,
  "pca_n_components": 75,
  "pca_train_loss": 0.5785017034714967,
  "pca_population_risk": 1.0916266681016231,
  "pca_generalization_gap": 0.5131249646301265,
  "pca_excess_population_risk": 0.37497474650093643
}