{
  "alpha": null,
  "seed": 42,
  "n_train": 2500,
  "n_population": 5000,
  "train_loss": 0.23351707130985314,
  "population_risk": 0.23167049993169686,
  "bayes_population_risk": 0.13898342541436456,
  "empirical_bayes_risk": 0.13909060539400128,
  "generalization_gap": -0.0018465713781562754,
  "excess_population_risk": 0.0926870745173323,
  "runtime_seconds": 54.92237437143922,
  "runtime_per_step_seconds": 0.010984474874287845,
  "initial_objective": 0.29167364375898086,
  "final_objective": 0.23676732966395683,
  "best_objective": 0.23676732966395683,
  "objective_reduction": 0.05490631409502403,
  "initial_train_loss_history": 0.29080318547408085,
  "final_train_loss_history": 0.23351707130985314,
  "best_train_loss_history": 0.23351707130985314,
  "train_loss_reduction": 0.057286114164227714,
  "weight_norm": 13.000610142577807,
  "trace_s": 13.000610142577807,
  "top_eigenvalue": 1.8836453479766584,
  "min_eigenvalue": 4.9071212261157137e-08,
  "R1": 0.14488899577163714,
  "effective_rank": 13.434404715091157,
  "config_suffix": "cov_toeplitz_mask_random_rho_0p9_lambda_1e-05_beta_1_d_25_T_5_lr_0p001_iter_5000_ntrain_2500_seed_42",
  "ridge_lambda": 0.01,
  "ridge_train_loss": 0.14067468831101737,
  "ridge_population_risk": 0.13925044559183405,
  "ridge_generalization_gap": -0.0014242427191833162,
  "ridge_excess_population_risk": 0.00026702017746949025,
  "pca_n_components": 62,
  "pca_train_loss": 0.19609421200666624,
  "pca_population_risk": 0.20833607310366856,
  "pca_generalization_gap": 0.012241861097002316,
  "pca_excess_population_risk": 0.06935264768930399
}