{
  "alpha": null,
  "seed": 42,
  "n_train": 500,
  "n_population": 5000,
  "train_loss": 1.049605243293276,
  "population_risk": 1.051627411533874,
  "bayes_population_risk": 0.8111236094129751,
  "empirical_bayes_risk": 0.9025151617819164,
  "generalization_gap": 0.002022168240597866,
  "excess_population_risk": 0.24050380212089884,
  "runtime_seconds": 43.337059039622545,
  "runtime_per_step_seconds": 0.043337059039622546,
  "initial_objective": 1.0522704285932782,
  "final_objective": 1.0500163025926017,
  "best_objective": 1.0500163025926017,
  "objective_reduction": 0.0022541260006765373,
  "initial_train_loss_history": 1.0517277137548249,
  "final_train_loss_history": 1.049605243293276,
  "best_train_loss_history": 1.049605243293276,
  "train_loss_reduction": 0.0021224704615487866,
  "weight_norm": 0.8220943620132135,
  "trace_s": 0.8220943620132138,
  "top_eigenvalue": 0.8173229577563632,
  "min_eigenvalue": 2.564659509142523e-11,
  "R1": 0.9941960382197902
}