{
  "alpha": null,
  "seed": 42,
  "n_train": 200,
  "n_population": 5000,
  "train_loss": 0.2996817830467878,
  "population_risk": 0.37195056023607137,
  "bayes_population_risk": 0.12197790055248611,
  "empirical_bayes_risk": 0.12234480543818434,
  "generalization_gap": 0.0722687771892836,
  "excess_population_risk": 0.24997265968358526,
  "runtime_seconds": 27.367399852722883,
  "runtime_per_step_seconds": 0.005473479970544577,
  "initial_objective": 0.3514985325747762,
  "final_objective": 0.3093080215202175,
  "best_objective": 0.3093080215202175,
  "objective_reduction": 0.04219051105455868,
  "initial_train_loss_history": 0.3506618740023783,
  "final_train_loss_history": 0.2996817830467878,
  "best_train_loss_history": 0.2996817830467878,
  "train_loss_reduction": 0.05098009095559053,
  "weight_norm": 19.252461191594556,
  "trace_s": 19.252461191594566,
  "top_eigenvalue": 9.281658515236106,
  "min_eigenvalue": 1.9500976029903654e-11,
  "R1": 0.4821024399357517,
  "effective_rank": 5.505600962288061,
  "config_suffix": "cov_toeplitz_mask_random_rho_0p9_lambda_1e-05_beta_1_d_50_T_10_lr_0p001_iter_5000_ntrain_200_seed_42",
  "ridge_lambda": 0.01,
  "ridge_train_loss": 0.11761557241088685,
  "ridge_population_risk": 0.12822561107092045,
  "ridge_generalization_gap": 0.0106100386600336,
  "ridge_excess_population_risk": 0.006247710518434341,
  "pca_n_components": 75,
  "pca_train_loss": 0.13452058419379354,
  "pca_population_risk": 0.36876977369581865,
  "pca_generalization_gap": 0.2342491895020251,
  "pca_excess_population_risk": 0.24679187314333254
}