{
  "alpha": null,
  "seed": 42,
  "n_train": 1000,
  "n_population": 5000,
  "train_loss": 0.5792416464126491,
  "population_risk": 0.5844128167687687,
  "bayes_population_risk": 0.27570731707317064,
  "empirical_bayes_risk": 0.3602981478894696,
  "generalization_gap": 0.005171170356119581,
  "excess_population_risk": 0.308705499695598,
  "runtime_seconds": 108.34117285721004,
  "runtime_per_step_seconds": 0.010834117285721003,
  "initial_objective": 0.5923860881164709,
  "final_objective": 0.5855948794124578,
  "best_objective": 0.5855931586815875,
  "objective_reduction": 0.006791208704013063,
  "initial_train_loss_history": 0.5843486621997686,
  "final_train_loss_history": 0.5792416464126491,
  "best_train_loss_history": 0.579225201812573,
  "train_loss_reduction": 0.005107015787119473,
  "weight_norm": 1.270675456646963,
  "trace_s": 1.270675456646963,
  "top_eigenvalue": 0.4136435749022142,
  "min_eigenvalue": -7.991564654351182e-18,
  "R1": 0.3255304670743621
}