{
  "alpha": null,
  "seed": 42,
  "n_train": 100,
  "n_population": 5000,
  "train_loss": 0.09106443525410239,
  "population_risk": 0.30744305891810814,
  "bayes_population_risk": 0.010443997575880022,
  "empirical_bayes_risk": 0.010424090291324031,
  "generalization_gap": 0.21637862366400573,
  "excess_population_risk": 0.2969990613422281,
  "runtime_seconds": 93.77336769364774,
  "runtime_per_step_seconds": 0.01875467353872955,
  "initial_objective": 0.15581378966512796,
  "final_objective": 0.1176931824962738,
  "best_objective": 0.1176931824962738,
  "objective_reduction": 0.03812060716885417,
  "initial_train_loss_history": 0.15476106978401863,
  "final_train_loss_history": 0.09106443525410239,
  "best_train_loss_history": 0.09106443525410239,
  "train_loss_reduction": 0.06369663452991624,
  "weight_norm": 26.628746866138123,
  "trace_s": 26.62874686613813,
  "top_eigenvalue": 18.818538325982267,
  "min_eigenvalue": 7.129004586729649e-16,
  "R1": 0.7067001094937916,
  "effective_rank": 2.7328772599740345,
  "config_suffix": "cov_toeplitz_mask_random_rho_0p99_lambda_1e-05_beta_1_d_100_T_50_lr_0p001_iter_5000_ntrain_100_seed_42",
  "ridge_lambda": 0.01,
  "ridge_train_loss": 0.005501217047946073,
  "ridge_population_risk": 0.019939102447333504,
  "ridge_generalization_gap": 0.01443788539938743,
  "ridge_excess_population_risk": 0.009495104871453481,
  "pca_n_components": 75,
  "pca_train_loss": 0.041979463223791334,
  "pca_population_risk": 0.4905713753010813,
  "pca_generalization_gap": 0.44859191207729,
  "pca_excess_population_risk": 0.48012737772520125
}