{
  "alpha": null,
  "seed": 42,
  "n_train": 50,
  "n_population": 5000,
  "train_loss": 1.0172556319267267,
  "population_risk": 1.1054623289386514,
  "bayes_population_risk": 0.8444937602472408,
  "empirical_bayes_risk": 0.8418920147649287,
  "generalization_gap": 0.08820669701192463,
  "excess_population_risk": 0.2609685686914106,
  "runtime_seconds": 32.05352198332548,
  "runtime_per_step_seconds": 0.003205352198332548,
  "initial_objective": 1.095804291354247,
  "final_objective": 1.0470335665068502,
  "best_objective": 1.0470335665067105,
  "objective_reduction": 0.04877072484739675,
  "initial_train_loss_history": 1.0904103702098233,
  "final_train_loss_history": 1.0172556319267267,
  "best_train_loss_history": 1.0172239568857473,
  "train_loss_reduction": 0.0731547382830966,
  "weight_norm": 5.955586916055347,
  "trace_s": 5.955586916055345,
  "top_eigenvalue": 3.5467905389768797,
  "min_eigenvalue": -1.0132160203633803e-15,
  "R1": 0.5955400515464361
}