{
  "alpha": null,
  "seed": 42,
  "n_train": 1000,
  "n_population": 5000,
  "train_loss": 0.784124093186507,
  "population_risk": 0.806603160943497,
  "bayes_population_risk": 0.48757509716865854,
  "empirical_bayes_risk": 0.4864268941740491,
  "generalization_gap": 0.022479067756990045,
  "excess_population_risk": 0.3190280637748385,
  "runtime_seconds": 26.36779104731977,
  "runtime_per_step_seconds": 0.005273558209463954,
  "initial_objective": 0.8026261398990862,
  "final_objective": 0.785531479189736,
  "best_objective": 0.785531479189736,
  "objective_reduction": 0.017094660709350173,
  "initial_train_loss_history": 0.8020744360797957,
  "final_train_loss_history": 0.784124093186507,
  "best_train_loss_history": 0.784124093186507,
  "train_loss_reduction": 0.017950342893288673,
  "weight_norm": 5.629538964442495,
  "trace_s": 5.629538964442495,
  "top_eigenvalue": 1.9193312387900172,
  "min_eigenvalue": 2.9306623245470803e-12,
  "R1": 0.3409393292972958,
  "effective_rank": 5.267977324320406,
  "config_suffix": "cov_toeplitz_bump_mask_random_rho_0p5_lambda_1e-05_beta_1_d_25_T_5_lr_0p001_iter_5000_ntrain_1000_seed_42",
  "ridge_lambda": 0.01,
  "ridge_train_loss": 0.48584565649925515,
  "ridge_population_risk": 0.4884514842575214,
  "ridge_generalization_gap": 0.0026058277582662326,
  "ridge_excess_population_risk": 0.00087638708886284,
  "pca_n_components": 62,
  "pca_train_loss": 0.6829548498165403,
  "pca_population_risk": 0.8241059127722523,
  "pca_generalization_gap": 0.141151062955712,
  "pca_excess_population_risk": 0.33653081560359377
}