{
  "alpha": null,
  "seed": 42,
  "n_train": 250,
  "n_population": 5000,
  "train_loss": 0.905772405843449,
  "population_risk": 1.0512313734010756,
  "bayes_population_risk": 0.45666666666666667,
  "empirical_bayes_risk": 0.4614304493457604,
  "generalization_gap": 0.14545896755762666,
  "excess_population_risk": 0.594564706734409,
  "runtime_seconds": 24.486479938030243,
  "runtime_per_step_seconds": 0.0048972959876060485,
  "initial_objective": 0.9770398214651129,
  "final_objective": 0.9226975730634338,
  "best_objective": 0.9226975730634338,
  "objective_reduction": 0.054342248401679116,
  "initial_train_loss_history": 0.97566288213552,
  "final_train_loss_history": 0.905772405843449,
  "best_train_loss_history": 0.905772405843449,
  "train_loss_reduction": 0.06989047629207101,
  "weight_norm": 16.925164340664328,
  "trace_s": 16.925164340664335,
  "top_eigenvalue": 5.682772172557835,
  "min_eigenvalue": 4.931759270806315e-14,
  "R1": 0.335758758862059,
  "effective_rank": 6.476980293922204,
  "config_suffix": "cov_tridiagonal_mask_random_rho_0p5_lambda_1e-05_beta_1_d_100_T_5_lr_0p001_iter_5000_ntrain_250_seed_42",
  "ridge_lambda": 0.01,
  "ridge_train_loss": 0.4472819278089189,
  "ridge_population_risk": 0.46904088578952213,
  "ridge_generalization_gap": 0.021758957980603233,
  "ridge_excess_population_risk": 0.012374219122855468,
  "pca_n_components": 75,
  "pca_train_loss": 0.5134301206159896,
  "pca_population_risk": 1.0817441943935489,
  "pca_generalization_gap": 0.5683140737775593,
  "pca_excess_population_risk": 0.6250775277268822
}