{
  "alpha": null,
  "seed": 42,
  "n_train": 50,
  "n_population": 5000,
  "train_loss": 0.2276607683427515,
  "population_risk": 1.0172548671643535,
  "bayes_population_risk": 0.18999999999999984,
  "empirical_bayes_risk": 0.19012324406448752,
  "generalization_gap": 0.789594098821602,
  "excess_population_risk": 0.8272548671643537,
  "runtime_seconds": 39.88190170004964,
  "runtime_per_step_seconds": 0.003988190170004964,
  "initial_objective": 0.3802547463288562,
  "final_objective": 0.2570302391694409,
  "best_objective": 0.2570302391694409,
  "objective_reduction": 0.1232245071594153,
  "initial_train_loss_history": 0.3789130094049081,
  "final_train_loss_history": 0.2276607683427515,
  "best_train_loss_history": 0.2276607683427515,
  "train_loss_reduction": 0.15125224106215657,
  "weight_norm": 58.738941217154114,
  "trace_s": 58.7389412171541,
  "top_eigenvalue": 38.893605991383986,
  "min_eigenvalue": 2.1772777354121287e-15,
  "R1": 0.6621434636963712,
  "config_suffix": "cov_toeplitz_mask_last_rho_0p9_lambda_1e-05_beta_1_d_50_T_5_lr_0p001_iter_10000_ntrain_50_seed_42"
}