{
  "alpha": null,
  "seed": 42,
  "n_train": 2000,
  "n_population": 5000,
  "train_loss": 1.0698463207446662,
  "population_risk": 1.0625992013980012,
  "bayes_population_risk": 0.8444937602472408,
  "empirical_bayes_risk": 0.8436625903214746,
  "generalization_gap": -0.007247119346664999,
  "excess_population_risk": 0.21810544115076047,
  "runtime_seconds": 23.57568123191595,
  "runtime_per_step_seconds": 0.02357568123191595,
  "initial_objective": 1.075294381656527,
  "final_objective": 1.06984728786,
  "best_objective": 1.06984728786,
  "objective_reduction": 0.0054470937965269695,
  "initial_train_loss_history": 1.0700432506121464,
  "final_train_loss_history": 1.0698463207446662,
  "best_train_loss_history": 1.0688573606961176,
  "train_loss_reduction": 0.00019692986748021113,
  "weight_norm": 0.00019242893862022066,
  "trace_s": 0.0001924289386202206,
  "top_eigenvalue": 7.255111740130931e-05,
  "min_eigenvalue": 8.127352627237375e-17,
  "R1": 0.37702810149827226
}