{
  "alpha": null,
  "seed": 42,
  "n_train": 100,
  "n_population": 5000,
  "train_loss": 1.0317277310738324,
  "population_risk": 1.1507621491161824,
  "bayes_population_risk": 0.8556104261592068,
  "empirical_bayes_risk": 0.8555756951796706,
  "generalization_gap": 0.11903441804234993,
  "excess_population_risk": 0.29515172295697556,
  "runtime_seconds": 16.888524673879147,
  "runtime_per_step_seconds": 0.016888524673879145,
  "initial_objective": 1.0840498894817094,
  "final_objective": 1.038523027221242,
  "best_objective": 1.038523027221242,
  "objective_reduction": 0.04552686226046743,
  "initial_train_loss_history": 1.0833553376334257,
  "final_train_loss_history": 1.0317277310738324,
  "best_train_loss_history": 1.0317277310738324,
  "train_loss_reduction": 0.05162760655959331,
  "weight_norm": 13.58455332099293,
  "trace_s": 13.584553320992928,
  "top_eigenvalue": 2.5633526413464907,
  "min_eigenvalue": 3.758417537034449e-07,
  "R1": 0.18869613013960534
}