{
  "alpha": null,
  "seed": 42,
  "n_train": 2000,
  "n_population": 5000,
  "train_loss": 1.065631337474923,
  "population_risk": 1.0623101828076627,
  "bayes_population_risk": 0.8444937602472408,
  "empirical_bayes_risk": 0.8436625903214746,
  "generalization_gap": -0.00332115466726024,
  "excess_population_risk": 0.21781642256042189,
  "runtime_seconds": 182.1657921038568,
  "runtime_per_step_seconds": 0.01821657921038568,
  "initial_objective": 1.070703639825649,
  "final_objective": 1.0669701814708659,
  "best_objective": 1.066969948800336,
  "objective_reduction": 0.0037334583547832256,
  "initial_train_loss_history": 1.069189213201375,
  "final_train_loss_history": 1.065631337474923,
  "best_train_loss_history": 1.0656298320473092,
  "train_loss_reduction": 0.0035578757264520533,
  "weight_norm": 2.677719942825422,
  "trace_s": 2.6777199428254215,
  "top_eigenvalue": 0.8620053898274654,
  "min_eigenvalue": 6.538859881829619e-15,
  "R1": 0.32191767930663884
}