{
  "alpha": null,
  "seed": 42,
  "n_train": 5000,
  "n_population": 5000,
  "train_loss": 0.9793444707106631,
  "population_risk": 0.9715087151736563,
  "bayes_population_risk": 0.7459898192227884,
  "empirical_bayes_risk": 0.7401688204922425,
  "generalization_gap": -0.007835755537006772,
  "excess_population_risk": 0.22551889595086794,
  "runtime_seconds": 49.52698043175042,
  "runtime_per_step_seconds": 0.009905396086350084,
  "initial_objective": 0.9847133617015846,
  "final_objective": 0.9799255585519144,
  "best_objective": 0.9799255585519144,
  "objective_reduction": 0.0047878031496702,
  "initial_train_loss_history": 0.9843085237132325,
  "final_train_loss_history": 0.9793444707106631,
  "best_train_loss_history": 0.9793444704178259,
  "train_loss_reduction": 0.004964053002569413,
  "weight_norm": 2.3243508059601927,
  "trace_s": 2.3243508059601923,
  "top_eigenvalue": 0.6948173405940148,
  "min_eigenvalue": 4.953204402742147e-14,
  "R1": 0.29892963609982465,
  "effective_rank": 5.980804189932793,
  "config_suffix": "cov_matern_mask_random_rho_NA_lambda_1e-05_beta_1_d_25_T_5_lr_0p001_iter_5000_ntrain_5000_seed_42",
  "ridge_lambda": 0.01,
  "ridge_train_loss": 0.74841680385404,
  "ridge_population_risk": 0.7405812294471715,
  "ridge_generalization_gap": -0.00783557440686844,
  "ridge_excess_population_risk": -0.005408589775616868,
  "pca_n_components": 62,
  "pca_train_loss": 1.1235700522484,
  "pca_population_risk": 1.1675422787874412,
  "pca_generalization_gap": 0.043972226539041204,
  "pca_excess_population_risk": 0.4215524595646528
}