{
  "alpha": 2.0,
  "seed": 0,
  "n_train": 5000,
  "n_population": 5000,
  "train_loss": 1.0905244429999166,
  "population_risk": 1.0882763321809106,
  "bayes_population_risk": 0.9310364973015884,
  "empirical_bayes_risk": 0.9264067811593232,
  "weight_norm": 0.004415411146687193,
  "trace_s": 0.004415411146687192,
  "top_eigenvalue": 0.00042758933124744064,
  "R1": 0.09684020741041377
}