{
  "alpha": null,
  "seed": 42,
  "n_train": 1000,
  "n_population": 5000,
  "train_loss": 1.1614715482614961,
  "population_risk": 1.17148002531417,
  "bayes_population_risk": 0.9582577132486388,
  "empirical_bayes_risk": 0.9571507972477761,
  "generalization_gap": 0.010008477052673825,
  "excess_population_risk": 0.2132223120655311,
  "runtime_seconds": 21.617885256186128,
  "runtime_per_step_seconds": 0.021617885256186128,
  "initial_objective": 1.1653022925412435,
  "final_objective": 1.1621814242215505,
  "best_objective": 1.1621814242215505,
  "objective_reduction": 0.0031208683196930487,
  "initial_train_loss_history": 1.164754214440999,
  "final_train_loss_history": 1.1614715482614961,
  "best_train_loss_history": 1.1614715482614961,
  "train_loss_reduction": 0.003282666179502902,
  "weight_norm": 1.4197081558599243,
  "trace_s": 1.4197081558599243,
  "top_eigenvalue": 0.632251165964984,
  "min_eigenvalue": 1.0516450181684727e-10,
  "R1": 0.445338827811429,
  "config_suffix": "cov_tridiagonal_mask_last_rho_0p2_lambda_1e-05_beta_1_d_50_T_5_lr_0p001_iter_1000_ntrain_1000_seed_42"
}