{
  "alpha": 0.5,
  "seed": 0,
  "n_train": 1250,
  "n_population": 5000,
  "train_loss": 1.1401236168835198,
  "population_risk": 1.1391101885614099,
  "bayes_population_risk": 0.9382971014492754,
  "empirical_bayes_risk": 0.9420820895947599,
  "weight_norm": 0.004419062754358601,
  "trace_s": 0.004419062754358602,
  "top_eigenvalue": 0.00042951967984321396,
  "R1": 0.09719700844247368
}