{
  "alpha": null,
  "seed": 42,
  "n_train": 2000,
  "n_population": 5000,
  "train_loss": 1.0399395893472607,
  "population_risk": 1.0367895816868244,
  "bayes_population_risk": 0.615,
  "empirical_bayes_risk": 0.7499997299398733,
  "generalization_gap": -0.0031500076604362715,
  "excess_population_risk": 0.42178958168682446,
  "runtime_seconds": 83.8171226195991,
  "runtime_per_step_seconds": 0.0838171226195991,
  "initial_objective": 1.042125801284818,
  "final_objective": 1.040094596472927,
  "best_objective": 1.040094596472927,
  "objective_reduction": 0.0020312048118911186,
  "initial_train_loss_history": 1.041593623355447,
  "final_train_loss_history": 1.0399395893472607,
  "best_train_loss_history": 1.0399395893472607,
  "train_loss_reduction": 0.0016540340081863114,
  "weight_norm": 0.31000928323369714,
  "trace_s": 0.3100092832336971,
  "top_eigenvalue": 0.3096539400606484,
  "min_eigenvalue": 1.1000486930386172e-14,
  "R1": 0.9988537660248689
}