{
  "alpha": null,
  "seed": 42,
  "n_train": 50,
  "n_population": 5000,
  "train_loss": 0.49891175362551143,
  "population_risk": 0.67143428944214,
  "bayes_population_risk": 0.3599999999999999,
  "empirical_bayes_risk": 0.36010793434563754,
  "generalization_gap": 0.17252253581662857,
  "excess_population_risk": 0.31143428944214013,
  "runtime_seconds": 38.046602914109826,
  "runtime_per_step_seconds": 0.0038046602914109827,
  "initial_objective": 0.6154395814466446,
  "final_objective": 0.5580209394950275,
  "best_objective": 0.558020939458661,
  "objective_reduction": 0.057418641951617055,
  "initial_train_loss_history": 0.6063475278312461,
  "final_train_loss_history": 0.49891175362551143,
  "best_train_loss_history": 0.4989092574766398,
  "train_loss_reduction": 0.10743577420573469,
  "weight_norm": 11.821837175832272,
  "trace_s": 11.821837175832274,
  "top_eigenvalue": 7.205611473549883,
  "min_eigenvalue": -1.8312999538369667e-16,
  "R1": 0.6095170629046158,
  "config_suffix": "cov_toeplitz_mask_last_rho_0p8_lambda_0p0001_beta_1_d_50_T_5_lr_0p01_iter_10000_ntrain_50_seed_42"
}