{
  "alpha": null,
  "seed": 42,
  "n_train": 100,
  "n_population": 5000,
  "train_loss": 0.3601922628678612,
  "population_risk": 1.0299430990452951,
  "bayes_population_risk": 0.1214410313285021,
  "empirical_bayes_risk": 0.12257248072661009,
  "generalization_gap": 0.6697508361774339,
  "excess_population_risk": 0.908502067716793,
  "runtime_seconds": 46.815594205632806,
  "runtime_per_step_seconds": 0.009363118841126561,
  "initial_objective": 0.5721801743302332,
  "final_objective": 0.41203002801807387,
  "best_objective": 0.41203002801807387,
  "objective_reduction": 0.1601501463121593,
  "initial_train_loss_history": 0.5703684376925369,
  "final_train_loss_history": 0.3601922628678612,
  "best_train_loss_history": 0.3601922628678612,
  "train_loss_reduction": 0.21017617482467565,
  "weight_norm": 51.83770772510516,
  "trace_s": 51.837707725105155,
  "top_eigenvalue": 31.360480863280756,
  "min_eigenvalue": 9.134624417014368e-13,
  "R1": 0.6049742984312705,
  "effective_rank": 3.73689760024839,
  "config_suffix": "cov_toeplitz_bump_mask_random_rho_0p7_lambda_1e-05_beta_1_d_100_T_5_lr_0p001_iter_5000_ntrain_100_seed_42"
}