{
  "alpha": null,
  "seed": 42,
  "n_train": 2500,
  "n_population": 5000,
  "train_loss": 0.8868627099265061,
  "population_risk": 0.8829382085455484,
  "bayes_population_risk": 0.4371730888154475,
  "empirical_bayes_risk": 0.4342075993737832,
  "generalization_gap": -0.003924501380957679,
  "excess_population_risk": 0.4457651197301009,
  "runtime_seconds": 369.3940241150558,
  "runtime_per_step_seconds": 0.07387880482301117,
  "initial_objective": 0.892018747280127,
  "final_objective": 0.8882604097450167,
  "best_objective": 0.8882604097450167,
  "objective_reduction": 0.0037583375351102344,
  "initial_train_loss_history": 0.8913994800473778,
  "final_train_loss_history": 0.8868627099265061,
  "best_train_loss_history": 0.8868626738796149,
  "train_loss_reduction": 0.004536770120871725,
  "weight_norm": 2.795399585569572,
  "trace_s": 2.7953995855695717,
  "top_eigenvalue": 1.5916964117015988,
  "min_eigenvalue": -1.2517241910336265e-17,
  "R1": 0.5693985288966429,
  "effective_rank": 3.098377866344831,
  "config_suffix": "cov_toeplitz_bump_mask_random_rho_0p5_lambda_1e-05_beta_1_d_50_T_10_lr_0p001_iter_5000_ntrain_2500_seed_42"
}