{
  "alpha": null,
  "seed": 42,
  "n_train": 1750,
  "n_population": 5000,
  "train_loss": 0.7417297399308196,
  "population_risk": 0.7579359831955701,
  "bayes_population_risk": 0.09796305337869733,
  "empirical_bayes_risk": 0.0974927250045949,
  "generalization_gap": 0.01620624326475051,
  "excess_population_risk": 0.6599729298168727,
  "runtime_seconds": 136.13251697458327,
  "runtime_per_step_seconds": 0.027226503394916654,
  "initial_objective": 0.7679364696085794,
  "final_objective": 0.7459604670829995,
  "best_objective": 0.7459604670829995,
  "objective_reduction": 0.021976002525579963,
  "initial_train_loss_history": 0.7668936077801223,
  "final_train_loss_history": 0.7417297399308196,
  "best_train_loss_history": 0.7417297399308196,
  "train_loss_reduction": 0.02516386784930269,
  "weight_norm": 8.461452519263602,
  "trace_s": 8.461452519263602,
  "top_eigenvalue": 1.7609602628984167,
  "min_eigenvalue": 1.6022616471744716e-14,
  "R1": 0.2081155994067638,
  "effective_rank": 9.275793810253813,
  "config_suffix": "cov_toeplitz_bump_mask_random_rho_0p5_lambda_1e-05_beta_1_d_50_T_5_lr_0p001_iter_5000_ntrain_1750_seed_42"
}