{
  "alpha": null,
  "seed": 42,
  "n_train": 750,
  "n_population": 5000,
  "train_loss": 0.9559502957254874,
  "population_risk": 0.9813471164982908,
  "bayes_population_risk": 0.45666666666666667,
  "empirical_bayes_risk": 0.4534495711175194,
  "generalization_gap": 0.025396820772803363,
  "excess_population_risk": 0.5246804498316241,
  "runtime_seconds": 138.1959742642939,
  "runtime_per_step_seconds": 0.027639194852858782,
  "initial_objective": 0.9815708248753252,
  "final_objective": 0.9646773919817917,
  "best_objective": 0.9646773729673634,
  "objective_reduction": 0.01689343289353351,
  "initial_train_loss_history": 0.9802882759407715,
  "final_train_loss_history": 0.9559502957254874,
  "best_train_loss_history": 0.9559467039700277,
  "train_loss_reduction": 0.024337980215284105,
  "weight_norm": 8.727237465452067,
  "trace_s": 8.727237465452065,
  "top_eigenvalue": 2.6130437297268374,
  "min_eigenvalue": 5.487267468528325e-15,
  "R1": 0.29941247044908764,
  "effective_rank": 7.173423260427618,
  "config_suffix": "cov_tridiagonal_mask_random_rho_0p5_lambda_1e-05_beta_1_d_100_T_5_lr_0p001_iter_5000_ntrain_750_seed_42"
}