{
  "alpha": null,
  "seed": 42,
  "n_train": 5000,
  "n_population": 5000,
  "train_loss": 1.0983308049381795,
  "population_risk": 1.090219853692357,
  "bayes_population_risk": 0.9378461538461538,
  "empirical_bayes_risk": 0.937999909140587,
  "generalization_gap": -0.008110951245822395,
  "excess_population_risk": 0.1523736998462033,
  "runtime_seconds": 626.0046350806952,
  "runtime_per_step_seconds": 0.06260046350806951,
  "initial_objective": 1.1038704682725353,
  "final_objective": 1.0983308131748957,
  "best_objective": 1.0983308041125832,
  "objective_reduction": 0.005539655097639651,
  "initial_train_loss_history": 1.0986393558941068,
  "final_train_loss_history": 1.0983308049381795,
  "best_train_loss_history": 1.0976192574534254,
  "train_loss_reduction": 0.0003085509559273003,
  "weight_norm": 9.322187564249114e-09,
  "trace_s": 9.322187564249113e-09,
  "top_eigenvalue": 9.254615800771113e-09,
  "min_eigenvalue": -1.3572446163263494e-24,
  "R1": NaN
}