{
  "alpha": null,
  "seed": 42,
  "n_train": 8000,
  "n_population": 5000,
  "train_loss": 0.5793845585516018,
  "population_risk": 0.5818720412407391,
  "bayes_population_risk": 0.27570731707317064,
  "empirical_bayes_risk": 0.3600728986780991,
  "generalization_gap": 0.0024874826891373436,
  "excess_population_risk": 0.30616472416756846,
  "runtime_seconds": 3352.483220104128,
  "runtime_per_step_seconds": 0.3352483220104128,
  "initial_objective": 0.5918821777465344,
  "final_objective": 0.5865939294683534,
  "best_objective": 0.586593912167729,
  "objective_reduction": 0.005288248278180974,
  "initial_train_loss_history": 0.5889511520070628,
  "final_train_loss_history": 0.5793845585516018,
  "best_train_loss_history": 0.5793741129445389,
  "train_loss_reduction": 0.00956659345546107,
  "weight_norm": 3.6046862180646895,
  "trace_s": 3.604686218064689,
  "top_eigenvalue": 0.40719933982658235,
  "min_eigenvalue": -6.339518175030393e-17,
  "R1": 0.1129638795704117
}