{
  "alpha": null,
  "seed": 42,
  "n_train": 175,
  "n_population": 5000,
  "train_loss": 1.0245366155755027,
  "population_risk": 1.0274416136614757,
  "bayes_population_risk": 0.9267692307692309,
  "empirical_bayes_risk": 0.9247503350773386,
  "generalization_gap": 0.0029049980859729985,
  "excess_population_risk": 0.10067238289224478,
  "runtime_seconds": 95.82312299124897,
  "runtime_per_step_seconds": 0.01916462459824979,
  "initial_objective": 1.0351639041613696,
  "final_objective": 1.0284223371337988,
  "best_objective": 1.0284223371337986,
  "objective_reduction": 0.006741567027570783,
  "initial_train_loss_history": 1.0331354843158576,
  "final_train_loss_history": 1.0245366155755027,
  "best_train_loss_history": 1.0245364041675247,
  "train_loss_reduction": 0.00859886874035487,
  "weight_norm": 1.9428607791480892,
  "trace_s": 1.942860779148089,
  "top_eigenvalue": 1.942860779148089,
  "min_eigenvalue": -4.786716447002907e-16,
  "R1": 1.0000000000000002,
  "effective_rank": 1.0,
  "config_suffix": "cov_toeplitz_mask_random_rho_0p2_lambda_1e-05_beta_1_d_200_T_20_lr_0p001_iter_5000_ntrain_175_seed_42"
}