{
  "alpha": 1.0,
  "seed": 0,
  "n_train": 2500,
  "n_population": 5000,
  "train_loss": 1.1211012218940237,
  "population_risk": 1.117904352894653,
  "bayes_population_risk": 0.9415384615384615,
  "empirical_bayes_risk": 0.9386062792670183,
  "weight_norm": 0.004415446483424733,
  "trace_s": 0.004415446483424734,
  "top_eigenvalue": 0.00042766556218955704,
  "R1": 0.09685669700561035
}