{
  "alpha": null,
  "seed": 42,
  "n_train": 2500,
  "n_population": 5000,
  "train_loss": 1.1314814999637266,
  "population_risk": 1.1354330449901642,
  "bayes_population_risk": 0.9710902924899966,
  "empirical_bayes_risk": 0.9732161805303673,
  "generalization_gap": 0.003951545026437575,
  "excess_population_risk": 0.1643427525001676,
  "runtime_seconds": 122.01785279996693,
  "runtime_per_step_seconds": 0.024403570559993388,
  "initial_objective": 1.134676864619676,
  "final_objective": 1.1317723569796425,
  "best_objective": 1.1317723569796425,
  "objective_reduction": 0.0029045076400335823,
  "initial_train_loss_history": 1.1343279374780133,
  "final_train_loss_history": 1.1314814999637266,
  "best_train_loss_history": 1.131481426003498,
  "train_loss_reduction": 0.0028464375142867038,
  "weight_norm": 1.163427860491886,
  "trace_s": 1.163427860491886,
  "top_eigenvalue": 0.6140515028175499,
  "min_eigenvalue": 9.217328721033035e-16,
  "R1": 0.5277950818179091,
  "effective_rank": 2.745430391921144,
  "config_suffix": "cov_exponential_mask_random_rho_NA_lambda_1e-05_beta_1_d_25_T_5_lr_0p001_iter_5000_ntrain_2500_seed_42"
}