{
  "alpha": null,
  "seed": 42,
  "n_train": 50,
  "n_population": 5000,
  "train_loss": 1.0875168707693166,
  "population_risk": 1.1391622141631177,
  "bayes_population_risk": 1.0,
  "empirical_bayes_risk": 1.001917984101938,
  "generalization_gap": 0.05164534339380111,
  "excess_population_risk": 0.1391622141631177,
  "runtime_seconds": 19.22694547753781,
  "runtime_per_step_seconds": 0.003845389095507562,
  "initial_objective": 1.116309877771059,
  "final_objective": 1.0913793435908694,
  "best_objective": 1.0913793435908694,
  "objective_reduction": 0.024930534180189534,
  "initial_train_loss_history": 1.1157081855216144,
  "final_train_loss_history": 1.0875168707693166,
  "best_train_loss_history": 1.0875168707693166,
  "train_loss_reduction": 0.028191314752297858,
  "weight_norm": 7.724944488454242,
  "trace_s": 7.724944488454241,
  "top_eigenvalue": 3.327019965563959,
  "min_eigenvalue": 1.7045962383514948e-14,
  "R1": 0.4306852910770488,
  "effective_rank": 3.6495546001221246,
  "config_suffix": "cov_identity_mask_random_rho_NA_lambda_1e-05_beta_1_d_50_T_10_lr_0p001_iter_5000_ntrain_50_seed_42",
  "ridge_lambda": 0.01,
  "ridge_train_loss": 0.836822431713462,
  "ridge_population_risk": 1.2156395978985435,
  "ridge_generalization_gap": 0.37881716618508143,
  "ridge_excess_population_risk": 0.21563959789854348,
  "pca_n_components": 75,
  "pca_train_loss": 1.515626134558871e-16,
  "pca_population_risk": 1.1472414997998632,
  "pca_generalization_gap": 1.147241499799863,
  "pca_excess_population_risk": 0.14724149979986323
}