{
  "alpha": null,
  "seed": 42,
  "n_train": 2000,
  "n_population": 5000,
  "train_loss": 0.2333546011513904,
  "population_risk": 0.23181215730068488,
  "bayes_population_risk": 0.13898342541436456,
  "empirical_bayes_risk": 0.13807699890692102,
  "generalization_gap": -0.0015424438507055105,
  "excess_population_risk": 0.09282873188632032,
  "runtime_seconds": 32.024894058704376,
  "runtime_per_step_seconds": 0.0064049788117408754,
  "initial_objective": 0.28878287491549265,
  "final_objective": 0.23673600063236466,
  "best_objective": 0.23673600063236466,
  "objective_reduction": 0.052046874283127986,
  "initial_train_loss_history": 0.2878886706140043,
  "final_train_loss_history": 0.2333546011513904,
  "best_train_loss_history": 0.2333546011513904,
  "train_loss_reduction": 0.05453406946261391,
  "weight_norm": 13.525238207726279,
  "trace_s": 13.525238207726282,
  "top_eigenvalue": 2.197481742517122,
  "min_eigenvalue": 1.4891719754272996e-08,
  "R1": 0.1624726831991626,
  "effective_rank": 12.983822857179073,
  "config_suffix": "cov_toeplitz_mask_random_rho_0p9_lambda_1e-05_beta_1_d_25_T_5_lr_0p001_iter_5000_ntrain_2000_seed_42",
  "ridge_lambda": 0.01,
  "ridge_train_loss": 0.14086778953997284,
  "ridge_population_risk": 0.13827873335559576,
  "ridge_generalization_gap": -0.0025890561843770754,
  "ridge_excess_population_risk": -0.0007046920587688021,
  "pca_n_components": 62,
  "pca_train_loss": 0.19333148473984593,
  "pca_population_risk": 0.21091391001494922,
  "pca_generalization_gap": 0.017582425275103286,
  "pca_excess_population_risk": 0.07193048460058465
}