{
  "alpha": null,
  "seed": 42,
  "n_train": 30,
  "n_population": 5000,
  "train_loss": 0.35674571619724255,
  "population_risk": 1.3938134821507921,
  "bayes_population_risk": 0.24553354982376377,
  "empirical_bayes_risk": 0.2495718400019613,
  "generalization_gap": 1.0370677659535497,
  "excess_population_risk": 1.1482799323270283,
  "runtime_seconds": 36.05945138074458,
  "runtime_per_step_seconds": 0.007211890276148916,
  "initial_objective": 0.8321812116210119,
  "final_objective": 0.4043384628788702,
  "best_objective": 0.4043384628788702,
  "objective_reduction": 0.4278427487421417,
  "initial_train_loss_history": 0.830678235853201,
  "final_train_loss_history": 0.35674571619724255,
  "best_train_loss_history": 0.35674571619724255,
  "train_loss_reduction": 0.47393251965595845,
  "weight_norm": 47.592602745464,
  "trace_s": 47.592602745464,
  "top_eigenvalue": 35.737270950588986,
  "min_eigenvalue": 6.309913341353189e-11,
  "R1": 0.750899696360798,
  "effective_rank": 2.412117535183633,
  "config_suffix": "cov_matern_mask_random_rho_NA_lambda_1e-05_beta_1_d_100_T_10_lr_0p001_iter_5000_ntrain_30_seed_42"
}