{
  "alpha": null,
  "seed": 42,
  "n_train": 80,
  "n_population": 5000,
  "train_loss": 1.0450540158333586,
  "population_risk": 1.0536558017875919,
  "bayes_population_risk": 1.0,
  "empirical_bayes_risk": 0.9985321971689675,
  "generalization_gap": 0.008601785954233332,
  "excess_population_risk": 0.053655801787591884,
  "runtime_seconds": 60.08296806178987,
  "runtime_per_step_seconds": 0.012016593612357974,
  "initial_objective": 1.0562816997940614,
  "final_objective": 1.0493520213868668,
  "best_objective": 1.0493520213868666,
  "objective_reduction": 0.006929678407194606,
  "initial_train_loss_history": 1.054251891561499,
  "final_train_loss_history": 1.0450540158333586,
  "best_train_loss_history": 1.0450538029596748,
  "train_loss_reduction": 0.009197875728140348,
  "weight_norm": 2.1490027767541355,
  "trace_s": 2.149002776754135,
  "top_eigenvalue": 2.1490027767541355,
  "min_eigenvalue": -5.895585134623679e-16,
  "R1": 1.0000000000000002,
  "effective_rank": 1.0,
  "config_suffix": "cov_identity_mask_random_rho_NA_lambda_1e-05_beta_1_d_200_T_20_lr_0p001_iter_5000_ntrain_80_seed_42",
  "ridge_lambda": 0.01,
  "ridge_train_loss": 0.7620859052393923,
  "ridge_population_risk": 1.3183280293729212,
  "ridge_generalization_gap": 0.5562421241335288,
  "ridge_excess_population_risk": 0.31832802937292115,
  "pca_n_components": 75,
  "pca_train_loss": 0.04038044186020865,
  "pca_population_risk": 1.030990503699722,
  "pca_generalization_gap": 0.9906100618395134,
  "pca_excess_population_risk": 0.030990503699722005
}