{
  "alpha": null,
  "seed": 42,
  "n_train": 250,
  "n_population": 5000,
  "train_loss": 0.980776779905655,
  "population_risk": 0.9967242453905801,
  "bayes_population_risk": 0.8028223802788139,
  "empirical_bayes_risk": 0.801200519818642,
  "generalization_gap": 0.015947465484925094,
  "excess_population_risk": 0.19390186511176621,
  "runtime_seconds": 41.51737803593278,
  "runtime_per_step_seconds": 0.008303475607186556,
  "initial_objective": 1.0076228237243092,
  "final_objective": 0.9857448957036838,
  "best_objective": 0.9857448957036838,
  "objective_reduction": 0.02187792802062538,
  "initial_train_loss_history": 1.0069724709949373,
  "final_train_loss_history": 0.980776779905655,
  "best_train_loss_history": 0.9807767360696041,
  "train_loss_reduction": 0.026195691089282214,
  "weight_norm": 9.936230961288262,
  "trace_s": 9.936230961288262,
  "top_eigenvalue": 2.609166517597591,
  "min_eigenvalue": 5.386714098564974e-15,
  "R1": 0.26259117041088836,
  "effective_rank": 6.724855479042396,
  "config_suffix": "cov_exponential_mask_random_rho_NA_lambda_1e-05_beta_1_d_50_T_5_lr_0p001_iter_5000_ntrain_250_seed_42"
}