{
  "alpha": null,
  "seed": 42,
  "n_train": 500,
  "n_population": 5000,
  "train_loss": 1.066323849721851,
  "population_risk": 1.0701732154004362,
  "bayes_population_risk": 0.8444937602472408,
  "empirical_bayes_risk": 0.842247243540013,
  "generalization_gap": 0.0038493656785851815,
  "excess_population_risk": 0.22567945515319543,
  "runtime_seconds": 58.692755149677396,
  "runtime_per_step_seconds": 0.00586927551496774,
  "initial_objective": 1.0789050185533944,
  "final_objective": 1.068843284387108,
  "best_objective": 1.0688393631315922,
  "objective_reduction": 0.010061734166286307,
  "initial_train_loss_history": 1.0769107865672023,
  "final_train_loss_history": 1.066323849721851,
  "best_train_loss_history": 1.0663179286114701,
  "train_loss_reduction": 0.01058693684535128,
  "weight_norm": 5.037939681023661,
  "trace_s": 5.037939681023661,
  "top_eigenvalue": 1.634854822116578,
  "min_eigenvalue": 7.507925477529599e-15,
  "R1": 0.3245086137641869
}