{
  "alpha": null,
  "seed": 42,
  "n_train": 125,
  "n_population": 5000,
  "train_loss": 0.2901840677680855,
  "population_risk": 0.40649677034477105,
  "bayes_population_risk": 0.12197790055248611,
  "empirical_bayes_risk": 0.12261158512689503,
  "generalization_gap": 0.11631270257668558,
  "excess_population_risk": 0.2845188697922849,
  "runtime_seconds": 48.17435347661376,
  "runtime_per_step_seconds": 0.009634870695322753,
  "initial_objective": 0.34130844988133163,
  "final_objective": 0.3020957524188566,
  "best_objective": 0.3020957524188566,
  "objective_reduction": 0.03921269746247502,
  "initial_train_loss_history": 0.340569338053257,
  "final_train_loss_history": 0.2901840677680855,
  "best_train_loss_history": 0.2901840677680855,
  "train_loss_reduction": 0.050385270285171535,
  "weight_norm": 23.823344536204168,
  "trace_s": 23.82334453620417,
  "top_eigenvalue": 12.806410729303074,
  "min_eigenvalue": 2.2048679255183523e-12,
  "R1": 0.5375572145145807,
  "effective_rank": 4.282845571965509,
  "config_suffix": "cov_toeplitz_mask_random_rho_0p9_lambda_1e-05_beta_1_d_50_T_10_lr_0p001_iter_5000_ntrain_125_seed_42"
}