{
  "alpha": null,
  "seed": 42,
  "n_train": 100,
  "n_population": 5000,
  "train_loss": 0.237182915658192,
  "population_risk": 0.31994770929754607,
  "bayes_population_risk": 0.06837077148121563,
  "empirical_bayes_risk": 0.06902591634877224,
  "generalization_gap": 0.08276479363935407,
  "excess_population_risk": 0.25157693781633045,
  "runtime_seconds": 43.244121136143804,
  "runtime_per_step_seconds": 0.008648824227228761,
  "initial_objective": 0.2914674562634366,
  "final_objective": 0.24818371790317573,
  "best_objective": 0.24818371790317573,
  "objective_reduction": 0.04328373836026089,
  "initial_train_loss_history": 0.29065666529384154,
  "final_train_loss_history": 0.237182915658192,
  "best_train_loss_history": 0.237182915658192,
  "train_loss_reduction": 0.05347374963564955,
  "weight_norm": 22.001579841862675,
  "trace_s": 22.001579841862682,
  "top_eigenvalue": 13.64144331781758,
  "min_eigenvalue": 2.135219979661032e-12,
  "R1": 0.6200210810253649,
  "effective_rank": 3.5853996443111975,
  "config_suffix": "cov_circulant_ar1_mask_random_rho_0p9_lambda_1e-05_beta_1_d_50_T_10_lr_0p001_iter_5000_ntrain_100_seed_42"
}