{
  "alpha": null,
  "seed": 42,
  "n_train": 175,
  "n_population": 5000,
  "train_loss": 0.7966745373006474,
  "population_risk": 0.8353475704964222,
  "bayes_population_risk": 0.24553354982376377,
  "empirical_bayes_risk": 0.24600761177214595,
  "generalization_gap": 0.03867303319577475,
  "excess_population_risk": 0.5898140206726584,
  "runtime_seconds": 40.38275647722185,
  "runtime_per_step_seconds": 0.00807655129544437,
  "initial_objective": 0.818182889014453,
  "final_objective": 0.7983648753430137,
  "best_objective": 0.7983648753430137,
  "objective_reduction": 0.019818013671439316,
  "initial_train_loss_history": 0.8177578281390142,
  "final_train_loss_history": 0.7966745373006474,
  "best_train_loss_history": 0.7966745373006474,
  "train_loss_reduction": 0.021083290838366797,
  "weight_norm": 6.761339454687633,
  "trace_s": 6.761339454687633,
  "top_eigenvalue": 3.880394846922276,
  "min_eigenvalue": 7.628948949724508e-12,
  "R1": 0.5739091895810676,
  "effective_rank": 2.7665020726937906,
  "config_suffix": "cov_matern_mask_random_rho_NA_lambda_1e-05_beta_1_d_25_T_10_lr_0p001_iter_5000_ntrain_175_seed_42"
}