{
  "alpha": null,
  "seed": 42,
  "n_train": 500,
  "n_population": 5000,
  "train_loss": 0.31030799997184033,
  "population_risk": 0.3593258191840159,
  "bayes_population_risk": 0.07006953088198194,
  "empirical_bayes_risk": 0.07040912757357151,
  "generalization_gap": 0.04901781921217557,
  "excess_population_risk": 0.289256288302034,
  "runtime_seconds": 109.91504448652267,
  "runtime_per_step_seconds": 0.021983008897304535,
  "initial_objective": 0.38870513607963253,
  "final_objective": 0.33275456629854183,
  "best_objective": 0.33275456629854183,
  "objective_reduction": 0.0559505697810907,
  "initial_train_loss_history": 0.3865770347216226,
  "final_train_loss_history": 0.31030799997184033,
  "best_train_loss_history": 0.31030799997184033,
  "train_loss_reduction": 0.07626903474978225,
  "weight_norm": 22.446560165761383,
  "trace_s": 22.44656016576138,
  "top_eigenvalue": 8.638852204204536,
  "min_eigenvalue": 1.3741599925597959e-13,
  "R1": 0.384863076587642,
  "effective_rank": 8.337971251620665,
  "config_suffix": "cov_matern_mask_random_rho_NA_lambda_1e-05_beta_1_d_100_T_5_lr_0p001_iter_5000_ntrain_500_seed_42"
}