{
  "alpha": null,
  "seed": 42,
  "n_train": 2500,
  "n_population": 5000,
  "train_loss": 0.8013581284025366,
  "population_risk": 0.8022758308616287,
  "bayes_population_risk": 0.48757509716865854,
  "empirical_bayes_risk": 0.48736538773198174,
  "generalization_gap": 0.0009177024590920624,
  "excess_population_risk": 0.31470073369297014,
  "runtime_seconds": 275.4878479987383,
  "runtime_per_step_seconds": 0.05509756959974766,
  "initial_objective": 0.8212163387848959,
  "final_objective": 0.8087735018791125,
  "best_objective": 0.8087735018791125,
  "objective_reduction": 0.012442836905783405,
  "initial_train_loss_history": 0.8195961350318919,
  "final_train_loss_history": 0.8013581284025366,
  "best_train_loss_history": 0.801356526499734,
  "train_loss_reduction": 0.018238006629355263,
  "weight_norm": 7.41537330855983,
  "trace_s": 7.415373308559833,
  "top_eigenvalue": 1.9481672363695548,
  "min_eigenvalue": 2.800161243886644e-16,
  "R1": 0.2627200486482204,
  "effective_rank": 9.291792617391687,
  "config_suffix": "cov_toeplitz_bump_mask_random_rho_0p5_lambda_1e-05_beta_1_d_100_T_5_lr_0p001_iter_5000_ntrain_2500_seed_42"
}