{
  "alpha": null,
  "seed": 42,
  "n_train": 1250,
  "n_population": 5000,
  "train_loss": 0.821532711709137,
  "population_risk": 0.8263572335094875,
  "bayes_population_risk": 0.4961178375737193,
  "empirical_bayes_risk": 0.4956079417574855,
  "generalization_gap": 0.004824521800350534,
  "excess_population_risk": 0.33023939593576823,
  "runtime_seconds": 60.67783727683127,
  "runtime_per_step_seconds": 0.012135567455366253,
  "initial_objective": 0.8287290735409139,
  "final_objective": 0.8236633709182738,
  "best_objective": 0.8236633709182738,
  "objective_reduction": 0.005065702622640056,
  "initial_train_loss_history": 0.8281046651054655,
  "final_train_loss_history": 0.821532711709137,
  "best_train_loss_history": 0.8215320787899575,
  "train_loss_reduction": 0.006571953396328545,
  "weight_norm": 4.2613183459122315,
  "trace_s": 4.26131834591223,
  "top_eigenvalue": 1.4040985085149735,
  "min_eigenvalue": 4.0358130311342785e-15,
  "R1": 0.329498618628643,
  "effective_rank": 4.06877231424428,
  "config_suffix": "cov_exponential_mask_random_rho_NA_lambda_1e-05_beta_1_d_50_T_10_lr_0p001_iter_5000_ntrain_1250_seed_42",
  "ridge_lambda": 0.01,
  "ridge_train_loss": 0.4948445059580825,
  "ridge_population_risk": 0.49944769954767,
  "ridge_generalization_gap": 0.004603193589587495,
  "ridge_excess_population_risk": 0.0033298619739506874,
  "pca_n_components": 75,
  "pca_train_loss": 0.6636029233101796,
  "pca_population_risk": 0.8013855788311451,
  "pca_generalization_gap": 0.13778265552096558,
  "pca_excess_population_risk": 0.30526774125742584
}