{
  "alpha": null,
  "seed": 42,
  "n_train": 2000,
  "n_population": 5000,
  "train_loss": 0.7309018966858045,
  "population_risk": 0.7227811046404812,
  "bayes_population_risk": 0.5301185178874289,
  "empirical_bayes_risk": 0.5274080408695776,
  "generalization_gap": -0.008120792045323344,
  "excess_population_risk": 0.19266258675305226,
  "runtime_seconds": 105.49008553102612,
  "runtime_per_step_seconds": 0.021098017106205225,
  "initial_objective": 0.7507500665749196,
  "final_objective": 0.732355320925091,
  "best_objective": 0.732355320925091,
  "objective_reduction": 0.01839474564982857,
  "initial_train_loss_history": 0.7501332367712179,
  "final_train_loss_history": 0.7309018966858045,
  "best_train_loss_history": 0.7309018966858045,
  "train_loss_reduction": 0.019231340085413384,
  "weight_norm": 5.813690941676806,
  "trace_s": 5.813690941676806,
  "top_eigenvalue": 1.530396941610934,
  "min_eigenvalue": 1.892544535128518e-12,
  "R1": 0.26324016136460315,
  "effective_rank": 6.704243510069933,
  "config_suffix": "cov_exponential_mask_random_rho_NA_lambda_1e-05_beta_1_d_25_T_5_lr_0p001_iter_5000_ntrain_2000_seed_42"
}