{
  "alpha": null,
  "seed": 42,
  "n_train": 1000,
  "n_population": 5000,
  "train_loss": 0.8125377930695685,
  "population_risk": 0.8175515444471977,
  "bayes_population_risk": 0.24553354982376377,
  "empirical_bayes_risk": 0.24813723221383183,
  "generalization_gap": 0.005013751377629161,
  "excess_population_risk": 0.572017994623434,
  "runtime_seconds": 43.16862024739385,
  "runtime_per_step_seconds": 0.008633724049478769,
  "initial_objective": 0.8262672553100571,
  "final_objective": 0.8136876758700143,
  "best_objective": 0.8136876758700143,
  "objective_reduction": 0.012579579440042732,
  "initial_train_loss_history": 0.8257467084033407,
  "final_train_loss_history": 0.8125377930695685,
  "best_train_loss_history": 0.8125377930695685,
  "train_loss_reduction": 0.01320891533377222,
  "weight_norm": 4.599525156655274,
  "trace_s": 4.599525156655275,
  "top_eigenvalue": 2.4259205341425325,
  "min_eigenvalue": 2.4953884049546813e-13,
  "R1": 0.5274284739224333,
  "effective_rank": 3.3512228788726532,
  "config_suffix": "cov_matern_mask_random_rho_NA_lambda_1e-05_beta_1_d_25_T_10_lr_0p001_iter_5000_ntrain_1000_seed_42",
  "ridge_lambda": 0.01,
  "ridge_train_loss": 0.2466044311270719,
  "ridge_population_risk": 0.25026623732755904,
  "ridge_generalization_gap": 0.0036618062004871443,
  "ridge_excess_population_risk": 0.004732687503795269,
  "pca_n_components": 75,
  "pca_train_loss": 0.41147289308749485,
  "pca_population_risk": 0.517701521216447,
  "pca_generalization_gap": 0.10622862812895212,
  "pca_excess_population_risk": 0.27216797139268323
}