{
  "alpha": null,
  "seed": 42,
  "n_train": 150,
  "n_population": 5000,
  "train_loss": 1.217533291458131,
  "population_risk": 1.2124444263059546,
  "bayes_population_risk": 1.0,
  "empirical_bayes_risk": 1.0022155264998733,
  "generalization_gap": -0.005088865152176325,
  "excess_population_risk": 0.21244442630595461,
  "runtime_seconds": 38.073682429268956,
  "runtime_per_step_seconds": 0.007614736485853792,
  "initial_objective": 1.2315330859940825,
  "final_objective": 1.222456738662568,
  "best_objective": 1.222456738662568,
  "objective_reduction": 0.009076347331514523,
  "initial_train_loss_history": 1.230471168863986,
  "final_train_loss_history": 1.217533291458131,
  "best_train_loss_history": 1.2175308254347192,
  "train_loss_reduction": 0.012937877405855058,
  "weight_norm": 4.923447159485036,
  "trace_s": 4.923447159485036,
  "top_eigenvalue": 1.5522763145101417,
  "min_eigenvalue": 7.16272791636902e-17,
  "R1": 0.31528241580082295,
  "effective_rank": 4.9732702725549105,
  "config_suffix": "cov_identity_mask_random_rho_NA_lambda_1e-05_beta_1_d_100_T_5_lr_0p001_iter_5000_ntrain_150_seed_42"
}