{
  "alpha": null,
  "seed": 42,
  "n_train": 80,
  "n_population": 5000,
  "train_loss": 0.2618555879617847,
  "population_risk": 0.9035333724920606,
  "bayes_population_risk": 0.05101341981519296,
  "empirical_bayes_risk": 0.05147197759397843,
  "generalization_gap": 0.6416777845302759,
  "excess_population_risk": 0.8525199526768676,
  "runtime_seconds": 17.69108765386045,
  "runtime_per_step_seconds": 0.00353821753077209,
  "initial_objective": 0.5105897150506264,
  "final_objective": 0.2879895073315845,
  "best_objective": 0.2879895073315845,
  "objective_reduction": 0.22260020771904193,
  "initial_train_loss_history": 0.5096836685373993,
  "final_train_loss_history": 0.2618555879617847,
  "best_train_loss_history": 0.2618555879617847,
  "train_loss_reduction": 0.24782808057561462,
  "weight_norm": 52.267007371496064,
  "trace_s": 52.267007371496064,
  "top_eigenvalue": 36.62289546617188,
  "min_eigenvalue": 1.159391142858121e-10,
  "R1": 0.7006885855520448,
  "effective_rank": 3.0831176662284925,
  "config_suffix": "cov_matern_mask_random_rho_NA_lambda_1e-05_beta_1_d_50_T_10_lr_0p001_iter_5000_ntrain_80_seed_42",
  "ridge_lambda": 0.01,
  "ridge_train_loss": 0.03941509258185662,
  "ridge_population_risk": 0.05791108454725163,
  "ridge_generalization_gap": 0.01849599196539501,
  "ridge_excess_population_risk": 0.006897664732058668,
  "pca_n_components": 75,
  "pca_train_loss": 0.007518521085129457,
  "pca_population_risk": 0.6589003216524864,
  "pca_generalization_gap": 0.651381800567357,
  "pca_excess_population_risk": 0.6078869018372934
}