{
  "alpha": null,
  "seed": 42,
  "n_train": 5000,
  "n_population": 5000,
  "train_loss": 1.0265033073156138,
  "population_risk": 1.0276099649250883,
  "bayes_population_risk": 0.8649174311926606,
  "empirical_bayes_risk": 0.8659191394331996,
  "generalization_gap": 0.0011066576094744818,
  "excess_population_risk": 0.16269253373242765,
  "runtime_seconds": 113.03781556524336,
  "runtime_per_step_seconds": 0.11303781556524337,
  "initial_objective": 1.0306568871663335,
  "final_objective": 1.0284913062977425,
  "best_objective": 1.0284913062977425,
  "objective_reduction": 0.002165580868590977,
  "initial_train_loss_history": 1.029390410608894,
  "final_train_loss_history": 1.0265033073156138,
  "best_train_loss_history": 1.0265033073156138,
  "train_loss_reduction": 0.0028871032932802354,
  "weight_norm": 1.987951693973259,
  "trace_s": 1.987951693973259,
  "top_eigenvalue": 0.46895413969516253,
  "min_eigenvalue": 8.527678738413821e-14,
  "R1": 0.23589815643753295
}