{
  "alpha": null,
  "seed": 42,
  "n_train": 1750,
  "n_population": 5000,
  "train_loss": 0.23337071054198655,
  "population_risk": 0.23155744368554912,
  "bayes_population_risk": 0.13898342541436456,
  "empirical_bayes_risk": 0.13789013496983393,
  "generalization_gap": -0.0018132668564374288,
  "excess_population_risk": 0.09257401827118455,
  "runtime_seconds": 31.04501118697226,
  "runtime_per_step_seconds": 0.006209002237394452,
  "initial_objective": 0.2907585260488538,
  "final_objective": 0.23674284675901439,
  "best_objective": 0.23674284675901439,
  "objective_reduction": 0.05401567928983944,
  "initial_train_loss_history": 0.28976464604394425,
  "final_train_loss_history": 0.23337071054198655,
  "best_train_loss_history": 0.23337071054198655,
  "train_loss_reduction": 0.056393935501957704,
  "weight_norm": 13.488108722095946,
  "trace_s": 13.488108722095948,
  "top_eigenvalue": 2.4106407370932272,
  "min_eigenvalue": 5.648877556990789e-08,
  "R1": 0.17872340642866885,
  "effective_rank": 12.044293748383087,
  "config_suffix": "cov_toeplitz_mask_random_rho_0p9_lambda_1e-05_beta_1_d_25_T_5_lr_0p001_iter_5000_ntrain_1750_seed_42",
  "ridge_lambda": 0.01,
  "ridge_train_loss": 0.14007675361020355,
  "ridge_population_risk": 0.1381970215635114,
  "ridge_generalization_gap": -0.0018797320466921452,
  "ridge_excess_population_risk": -0.0007864038508531568,
  "pca_n_components": 62,
  "pca_train_loss": 0.19156127896097694,
  "pca_population_risk": 0.21185845521333585,
  "pca_generalization_gap": 0.02029717625235891,
  "pca_excess_population_risk": 0.07287502979897129
}