{
  "alpha": null,
  "seed": 42,
  "n_train": 1750,
  "n_population": 5000,
  "train_loss": 0.3322454671766259,
  "population_risk": 0.3407846113782039,
  "bayes_population_risk": 0.12197790055248611,
  "empirical_bayes_risk": 0.12176690743902814,
  "generalization_gap": 0.00853914420157803,
  "excess_population_risk": 0.21880671082571782,
  "runtime_seconds": 66.50742186047137,
  "runtime_per_step_seconds": 0.013301484372094274,
  "initial_objective": 0.34656614070333225,
  "final_objective": 0.3366742879681062,
  "best_objective": 0.3366742879681062,
  "objective_reduction": 0.009891852735226025,
  "initial_train_loss_history": 0.34584325409001265,
  "final_train_loss_history": 0.3322454671766259,
  "best_train_loss_history": 0.3322454671766259,
  "train_loss_reduction": 0.013597786913386756,
  "weight_norm": 8.857640676063363,
  "trace_s": 8.857640676063362,
  "top_eigenvalue": 2.507764734250598,
  "min_eigenvalue": 1.3190595311381082e-13,
  "R1": 0.28311881526505256,
  "effective_rank": 9.100302157190619,
  "config_suffix": "cov_toeplitz_mask_random_rho_0p9_lambda_1e-05_beta_1_d_50_T_10_lr_0p001_iter_5000_ntrain_1750_seed_42",
  "ridge_lambda": 0.01,
  "ridge_train_loss": 0.12138097761547557,
  "ridge_population_risk": 0.12239803620866326,
  "ridge_generalization_gap": 0.0010170585931876808,
  "ridge_excess_population_risk": 0.00042013565617714244,
  "pca_n_components": 75,
  "pca_train_loss": 0.2383399109090014,
  "pca_population_risk": 0.27518601604068493,
  "pca_generalization_gap": 0.03684610513168354,
  "pca_excess_population_risk": 0.15320811548819882
}