{
  "alpha": null,
  "seed": 42,
  "n_train": 125,
  "n_population": 5000,
  "train_loss": 1.0180620435669132,
  "population_risk": 1.0059626723093162,
  "bayes_population_risk": 0.7459898192227884,
  "empirical_bayes_risk": 0.7408585413829043,
  "generalization_gap": -0.01209937125759697,
  "excess_population_risk": 0.25997285308652784,
  "runtime_seconds": 23.061402129009366,
  "runtime_per_step_seconds": 0.004612280425801873,
  "initial_objective": 1.0483436815704303,
  "final_objective": 1.0199250208340715,
  "best_objective": 1.0199250208340715,
  "objective_reduction": 0.028418660736358792,
  "initial_train_loss_history": 1.047895731435976,
  "final_train_loss_history": 1.0180620435669132,
  "best_train_loss_history": 1.0180620435669132,
  "train_loss_reduction": 0.02983368786906282,
  "weight_norm": 7.451904641377675,
  "trace_s": 7.451904641377678,
  "top_eigenvalue": 3.198151170244256,
  "min_eigenvalue": 3.031899990840678e-13,
  "R1": 0.42917231555622737,
  "effective_rank": 3.753864252544243,
  "config_suffix": "cov_matern_mask_random_rho_NA_lambda_1e-05_beta_1_d_25_T_5_lr_0p001_iter_5000_ntrain_125_seed_42"
}