{
  "alpha": null,
  "seed": 42,
  "n_train": 1500,
  "n_population": 5000,
  "train_loss": 1.0201887158450045,
  "population_risk": 1.0275781468665584,
  "bayes_population_risk": 0.9267692307692309,
  "empirical_bayes_risk": 0.9305616553676901,
  "generalization_gap": 0.007389431021553872,
  "excess_population_risk": 0.10080891609732745,
  "runtime_seconds": 149.31892213597894,
  "runtime_per_step_seconds": 0.029863784427195787,
  "initial_objective": 1.021412426956845,
  "final_objective": 1.020345705458422,
  "best_objective": 1.0203457054584217,
  "objective_reduction": 0.0010667214984230178,
  "initial_train_loss_history": 1.0208686860114837,
  "final_train_loss_history": 1.0201887158450045,
  "best_train_loss_history": 1.020188715248045,
  "train_loss_reduction": 0.000679970166479249,
  "weight_norm": 0.3139792268353589,
  "trace_s": 0.3139792268353589,
  "top_eigenvalue": 0.31397922683535895,
  "min_eigenvalue": -4.5900846301968843e-17,
  "R1": 1.0000000000000002,
  "effective_rank": 1.0,
  "config_suffix": "cov_toeplitz_mask_random_rho_0p2_lambda_1e-05_beta_1_d_50_T_20_lr_0p001_iter_5000_ntrain_1500_seed_42",
  "ridge_lambda": 0.01,
  "ridge_train_loss": 0.9154041157191177,
  "ridge_population_risk": 0.9426241477737495,
  "ridge_generalization_gap": 0.02722003205463175,
  "ridge_excess_population_risk": 0.015854917004518576,
  "pca_n_components": 75,
  "pca_train_loss": 0.9082238633584749,
  "pca_population_risk": 1.0696592173757646,
  "pca_generalization_gap": 0.1614353540172897,
  "pca_excess_population_risk": 0.14288998660653374
}