{
  "alpha": null,
  "seed": 42,
  "n_train": 1250,
  "n_population": 5000,
  "train_loss": 0.9674407992740315,
  "population_risk": 0.9710310273405728,
  "bayes_population_risk": 0.8028223802788139,
  "empirical_bayes_risk": 0.8011124115204759,
  "generalization_gap": 0.003590228066541301,
  "excess_population_risk": 0.16820864706175886,
  "runtime_seconds": 41.197862070053816,
  "runtime_per_step_seconds": 0.008239572414010764,
  "initial_objective": 0.978617346725961,
  "final_objective": 0.9697426766503859,
  "best_objective": 0.9697426766503859,
  "objective_reduction": 0.008874670075575075,
  "initial_train_loss_history": 0.9778156503346509,
  "final_train_loss_history": 0.9674407992740315,
  "best_train_loss_history": 0.9674407095687546,
  "train_loss_reduction": 0.010374851060619417,
  "weight_norm": 4.603754617055416,
  "trace_s": 4.603754617055418,
  "top_eigenvalue": 1.3021285500589455,
  "min_eigenvalue": 1.1798149991289345e-15,
  "R1": 0.28284056349028297,
  "effective_rank": 6.718683050409505,
  "config_suffix": "cov_exponential_mask_random_rho_NA_lambda_1e-05_beta_1_d_50_T_5_lr_0p001_iter_5000_ntrain_1250_seed_42",
  "ridge_lambda": 0.01,
  "ridge_train_loss": 0.798774528938639,
  "ridge_population_risk": 0.8033201936547628,
  "ridge_generalization_gap": 0.004545664716123832,
  "ridge_excess_population_risk": 0.0004978133759488967,
  "pca_n_components": 75,
  "pca_train_loss": 0.9110252716007122,
  "pca_population_risk": 1.1418871739443917,
  "pca_generalization_gap": 0.23086190234367943,
  "pca_excess_population_risk": 0.33906479366557774
}