{
  "alpha": null,
  "seed": 42,
  "n_train": 2500,
  "n_population": 5000,
  "train_loss": 1.0172311587780092,
  "population_risk": 1.0163301785004055,
  "bayes_population_risk": 1.0,
  "empirical_bayes_risk": 0.9964775467160983,
  "generalization_gap": -0.000900980277603658,
  "excess_population_risk": 0.016330178500405523,
  "runtime_seconds": 1213.062030814588,
  "runtime_per_step_seconds": 0.24261240616291763,
  "initial_objective": 1.018428873327385,
  "final_objective": 1.017337855324695,
  "best_objective": 1.0173378553246948,
  "objective_reduction": 0.0010910180026899585,
  "initial_train_loss_history": 1.0174297515824855,
  "final_train_loss_history": 1.0172311587780092,
  "best_train_loss_history": 1.0172311587780092,
  "train_loss_reduction": 0.00019859280447631633,
  "weight_norm": 0.10669654668589755,
  "trace_s": 0.10669654668589758,
  "top_eigenvalue": 0.10669654668589752,
  "min_eigenvalue": -3.6824644782644676e-17,
  "R1": 1.0000000000000002,
  "effective_rank": 1.0,
  "config_suffix": "cov_identity_mask_random_rho_NA_lambda_1e-05_beta_1_d_100_T_50_lr_0p001_iter_5000_ntrain_2500_seed_42",
  "ridge_lambda": 0.01,
  "ridge_train_loss": 0.9777135091812612,
  "ridge_population_risk": 1.0162539674405746,
  "ridge_generalization_gap": 0.038540458259313404,
  "ridge_excess_population_risk": 0.016253967440574613,
  "pca_n_components": 75,
  "pca_train_loss": 0.9457679804189963,
  "pca_population_risk": 1.0123951771363995,
  "pca_generalization_gap": 0.06662719671740314,
  "pca_excess_population_risk": 0.012395177136399482
}