{
  "alpha": null,
  "seed": 42,
  "n_train": 90,
  "n_population": 5000,
  "train_loss": 0.6524191984749598,
  "population_risk": 0.7531258534024964,
  "bayes_population_risk": 0.5301185178874289,
  "empirical_bayes_risk": 0.531442675344944,
  "generalization_gap": 0.10070665492753661,
  "excess_population_risk": 0.22300733551506746,
  "runtime_seconds": 16.454947896301746,
  "runtime_per_step_seconds": 0.003290989579260349,
  "initial_objective": 0.7123895926575322,
  "final_objective": 0.6555139904090408,
  "best_objective": 0.6555139904090408,
  "objective_reduction": 0.05687560224849142,
  "initial_train_loss_history": 0.7117403850202418,
  "final_train_loss_history": 0.6524191984749598,
  "best_train_loss_history": 0.6524191984749598,
  "train_loss_reduction": 0.05932118654528207,
  "weight_norm": 12.37907132253597,
  "trace_s": 12.379071322535973,
  "top_eigenvalue": 3.8563642493244403,
  "min_eigenvalue": 3.044604653340863e-12,
  "R1": 0.3115229041700381,
  "effective_rank": 4.720233641135229,
  "config_suffix": "cov_exponential_mask_random_rho_NA_lambda_1e-05_beta_1_d_25_T_5_lr_0p001_iter_5000_ntrain_90_seed_42",
  "ridge_lambda": 0.01,
  "ridge_train_loss": 0.4932549763304896,
  "ridge_population_risk": 0.557281904388555,
  "ridge_generalization_gap": 0.06402692805806537,
  "ridge_excess_population_risk": 0.02716338650112604,
  "pca_n_components": 62,
  "pca_train_loss": 0.14609221756394347,
  "pca_population_risk": 1.5052863518108877,
  "pca_generalization_gap": 1.3591941342469442,
  "pca_excess_population_risk": 0.9751678339234587
}