{
  "alpha": 5.0,
  "seed": 0,
  "n_train": 12500,
  "n_population": 5000,
  "train_loss": 0.9054421936144906,
  "population_risk": 0.9074185569730102,
  "bayes_population_risk": 0.6299999999999999,
  "empirical_bayes_risk": 0.6312811400224353,
  "generalization_gap": 0.001976363358519584,
  "excess_population_risk": 0.2774185569730103,
  "runtime_seconds": 298.74500075000105,
  "runtime_per_step_seconds": 0.29874500075000104,
  "initial_objective": 0.9124898190221332,
  "final_objective": 0.905652494528831,
  "best_objective": 0.905652494528831,
  "objective_reduction": 0.00683732449330221,
  "initial_train_loss_history": 0.9079655059745704,
  "final_train_loss_history": 0.9054421936144906,
  "best_train_loss_history": 0.9054421936144906,
  "train_loss_reduction": 0.0025233123600797436,
  "weight_norm": 0.4206001523048204,
  "trace_s": 0.42060015230482045,
  "top_eigenvalue": 0.10748980875792662,
  "min_eigenvalue": 1.2447738513319584e-16,
  "R1": 0.25556293351036585
}