{
  "alpha": 2.0,
  "seed": 0,
  "n_train": 5000,
  "n_population": 5000,
  "train_loss": 0.4799079403714059,
  "population_risk": 0.4799566409943298,
  "bayes_population_risk": 0.2663414634146341,
  "empirical_bayes_risk": 0.2653005744819174,
  "weight_norm": 0.0044155375433494294,
  "trace_s": 0.004415537543349429,
  "top_eigenvalue": 0.0004278357194507342,
  "R1": 0.09689323559146937
}