{
  "alpha": 3.0,
  "seed": 0,
  "n_train": 7500,
  "n_population": 5000,
  "train_loss": 0.9081571093618993,
  "population_risk": 0.9090997034935977,
  "bayes_population_risk": 0.6299999999999999,
  "empirical_bayes_risk": 0.6308155800504741,
  "generalization_gap": 0.0009425941316983932,
  "excess_population_risk": 0.2790997034935978,
  "runtime_seconds": 194.89389887504512,
  "runtime_per_step_seconds": 0.19489389887504513,
  "initial_objective": 0.9195062948400158,
  "final_objective": 0.9088417151714098,
  "best_objective": 0.9088417151714098,
  "objective_reduction": 0.010664579668606011,
  "initial_train_loss_history": 0.9135522755007038,
  "final_train_loss_history": 0.9081571093618993,
  "best_train_loss_history": 0.9078149101156544,
  "train_loss_reduction": 0.00539516613880453,
  "weight_norm": 0.1369034507152472,
  "trace_s": 0.13690345071524726,
  "top_eigenvalue": 0.0847273353162677,
  "min_eigenvalue": 1.215880940346926e-12,
  "R1": 0.6188838548160234
}