{
  "alpha": null,
  "seed": 42,
  "n_train": 200,
  "n_population": 5000,
  "train_loss": 1.0690768205646863,
  "population_risk": 1.0973426595767912,
  "bayes_population_risk": 0.8556104261592068,
  "empirical_bayes_risk": 0.8567470781501619,
  "generalization_gap": 0.028265839012104887,
  "excess_population_risk": 0.24173223341758443,
  "runtime_seconds": 19.533766111359,
  "runtime_per_step_seconds": 0.019533766111359,
  "initial_objective": 1.096331828980173,
  "final_objective": 1.0729163767092051,
  "best_objective": 1.0729163767092051,
  "objective_reduction": 0.02341545227096775,
  "initial_train_loss_history": 1.0955811131992297,
  "final_train_loss_history": 1.0690768205646863,
  "best_train_loss_history": 1.0690768205646863,
  "train_loss_reduction": 0.026504292634543347,
  "weight_norm": 7.675315388634193,
  "trace_s": 7.675315388634191,
  "top_eigenvalue": 1.6794343777168983,
  "min_eigenvalue": 1.4735955209170984e-08,
  "R1": 0.21880981988099782
}