{
  "objective": [
    0.46724142515058226,
    0.46621732316330133,
    0.46527132065624327,
    0.46439972447326233,
    0.4635981499001764,
    0.46286171411450344,
    0.46218546967808943,
    0.46156462124078845,
    0.4609946007418715,
    0.46047107786007113,
    0.4599899502787264,
    0.4595473402269492,
    0.4591396016346862,
    0.45876333137252484,
    0.4584153782162998,
    0.45809284708836984,
    0.4577930988396889,
    0.45751374660904204,
    0.4572526495734841,
    0.4570079044493079,
    0.4567778347059867,
    0.4565609771995824,
    0.45635606589545813,
    0.4561620126075519,
    0.4559778851965468,
    0.45580288425374677,
    0.45563631970737517,
    0.45547758886699313,
    0.4553261571698598,
    0.45518154243184156,
    0.45504330289173417,
    0.4549110288907811,
    0.45478433770268073,
    0.45466287082640505,
    0.4545462929585802,
    0.45443429186154866,
    0.45432657843064195,
    0.45422288642697767,
    0.4541229715531779,
    0.4540266097702587,
    0.4539335949462766,
    0.45384373606432654,
    0.4537568542882148,
    0.45367278019101087,
    0.453591351405485,
    0.45351241087133964,
    0.45343580575002274,
    0.45336138697306894,
    0.4532890093029952,
    0.4532185317312734,
    0.453149818022989,
    0.45308273724063886,
    0.4530171641303267,
    0.45295297931764583,
    0.45289006932216913,
    0.4528283264458246,
    0.45276764861382707,
    0.45270793924564995,
    0.452649107211691,
    0.45259106689678263,
    0.45253373835430694,
    0.4524770475036998,
    0.4524209263063617,
    0.45236531285349024,
    0.452310151313079,
    0.45225539170794027,
    0.45220098952576065,
    0.452146905189307,
    0.4520931034346433,
    0.45203955265456225,
    0.4519862242629791,
    0.45193309212565397,
    0.4518801320867146,
    0.4518273216029619,
    0.4517746394823569,
    0.4517220657118314,
    0.45166958135363955,
    0.4516171684885856,
    0.45156481018731126,
    0.45151249049570313,
    0.45146019442565916,
    0.4514079079467089,
    0.4513556179766684,
    0.45130331237062077,
    0.4512509799074904,
    0.45119861027295904,
    0.45114619403707723,
    0.45109372262504543,
    0.4510411882803796,
    0.45098858402088476,
    0.4509359035891941,
    0.45088314140071223,
    0.45083029249234474,
    0.4507773524752514,
    0.45072431749408426,
    0.450671184193967,
    0.45061794969512503,
    0.450564611573888,
    0.4505111678479814,
    0.45045761696372444
  ],
  "train_loss": [
    0.46117386251409204,
    0.46022876113089217,
    0.4593562301145463,
    0.4585518990913108,
    0.45781095111798914,
    0.45712856912819516,
    0.4565000880346529,
    0.4559210498065338,
    0.4553872132080688,
    0.45489454887836306,
    0.45443924197590424,
    0.4540177043440019,
    0.4536265889092487,
    0.45326280019474324,
    0.4529234990121667,
    0.45260610201515117,
    0.45230827743130836,
    0.4520279379932089,
    0.45176323159415066,
    0.4515125297567611,
    0.4512744136999536,
    0.4510476577118568,
    0.45083120976345065,
    0.4506241697901908,
    0.45042576663444855,
    0.4502353350366644,
    0.45005229413477366,
    0.44987612868179383,
    0.449706373740396,
    0.44954260311348443,
    0.4493844213361129,
    0.44923145873785836,
    0.44908336888891376,
    0.4489398276530353,
    0.44880053307498824,
    0.4486652054224042,
    0.44853358686816147,
    0.44840544051113707,
    0.448280548651526,
    0.44815871042429495,
    0.4480397390252722,
    0.44792345882920415,
    0.44780970270113024,
    0.4476983097528202,
    0.4475891237101115,
    0.4474819919526332,
    0.44737676518373154,
    0.44727329760366774,
    0.4471714474072852,
    0.4470710774149034,
    0.44697205566987225,
    0.44687425588795,
    0.4467775577077067,
    0.4466818467520888,
    0.4465870145565671,
    0.4464929584416271,
    0.4463995814054456,
    0.4463067920906142,
    0.4462145048447484,
    0.44612263985846634,
    0.4460311233346171,
    0.4459398876262693,
    0.4458488712805937,
    0.44575801894011907,
    0.44566728107745995,
    0.44557661356818856,
    0.44548597713262744,
    0.4453953366958648,
    0.44530466072343544,
    0.4452139205876497,
    0.4451230900084693,
    0.4450321445965731,
    0.4449410615086866,
    0.4448498192097978,
    0.4447583973258631,
    0.4446667765649438,
    0.44457493868405995,
    0.44448286648207164,
    0.44439054380390175,
    0.4442979555467067,
    0.44420508766297767,
    0.44411192715840414,
    0.44401846208364804,
    0.44392468151939785,
    0.4438305755538079,
    0.4437361352512727,
    0.4436413526117944,
    0.44354622052106,
    0.4434507326925855,
    0.44335488360457215,
    0.4432586684350887,
    0.4431620829995782,
    0.44306512369436607,
    0.4429677874488915,
    0.4428700716880151,
    0.4427719743042721,
    0.44267349363863806,
    0.4425746284674859,
    0.4424753779930475,
    0.4423757418348401
  ]
}