{
  "alpha": null,
  "seed": 42,
  "n_train": 1000,
  "n_population": 5000,
  "train_loss": 1.0309465180093853,
  "population_risk": 1.033828863182716,
  "bayes_population_risk": 0.8649174311926606,
  "empirical_bayes_risk": 0.8688157167447763,
  "generalization_gap": 0.002882345173330636,
  "excess_population_risk": 0.16891143199005532,
  "runtime_seconds": 15.018520019948483,
  "runtime_per_step_seconds": 0.015018520019948483,
  "initial_objective": 1.0365685732365033,
  "final_objective": 1.030946516200207,
  "best_objective": 1.0309465158849531,
  "objective_reduction": 0.0056220570362963684,
  "initial_train_loss_history": 1.0301733911030795,
  "final_train_loss_history": 1.0309465180093853,
  "best_train_loss_history": 1.0297118786469022,
  "train_loss_reduction": -0.000773126906305821,
  "weight_norm": 1.7003299923142493e-08,
  "trace_s": 1.7003299923142493e-08,
  "top_eigenvalue": 1.669881847384436e-08,
  "min_eigenvalue": -2.642371873860808e-24,
  "R1": 0.982092802533953
}