{
  "alpha": null,
  "seed": 42,
  "n_train": 750,
  "n_population": 5000,
  "train_loss": 0.3310798025109197,
  "population_risk": 0.34154687491627894,
  "bayes_population_risk": 0.13898342541436456,
  "empirical_bayes_risk": 0.19017950835212072,
  "generalization_gap": 0.010467072405359268,
  "excess_population_risk": 0.20256344950191438,
  "runtime_seconds": 51.10655687190592,
  "runtime_per_step_seconds": 0.05110655687190592,
  "initial_objective": 0.3677746987999638,
  "final_objective": 0.345181022451141,
  "best_objective": 0.345181022451141,
  "objective_reduction": 0.022593676348822755,
  "initial_train_loss_history": 0.36430529865669564,
  "final_train_loss_history": 0.3310798025109197,
  "best_train_loss_history": 0.3310798025109197,
  "train_loss_reduction": 0.03322549614577597,
  "weight_norm": 7.050189282087385,
  "trace_s": 7.050189282087386,
  "top_eigenvalue": 0.8382298187281156,
  "min_eigenvalue": 5.753406936855279e-17,
  "R1": 0.11889465448223209
}