{
  "alpha": 1.0,
  "seed": 0,
  "n_train": 2500,
  "n_population": 5000,
  "train_loss": 0.8537984829135065,
  "population_risk": 0.853267557781269,
  "bayes_population_risk": 0.66,
  "empirical_bayes_risk": 0.6587840184498182,
  "generalization_gap": -0.0005309251322375141,
  "excess_population_risk": 0.19326755778126892,
  "runtime_seconds": 34.3399530419847,
  "runtime_per_step_seconds": 0.0343399530419847,
  "initial_objective": 0.9101849450106935,
  "final_objective": 0.8537984062192261,
  "best_objective": 0.8537983677777211,
  "objective_reduction": 0.05638653879146738,
  "initial_train_loss_history": 0.8476182151538345,
  "final_train_loss_history": 0.8537984829135065,
  "best_train_loss_history": 0.8454636879285721,
  "train_loss_reduction": -0.0061802677596719535,
  "weight_norm": 7.4810633260015e-08,
  "trace_s": 7.481063326001503e-08,
  "top_eigenvalue": 7.46858039935905e-08,
  "min_eigenvalue": -1.1424823951272085e-23,
  "R1": 0.9983313967415482
}