{
  "alpha": 3.0,
  "seed": 0,
  "n_train": 7500,
  "n_population": 5000,
  "train_loss": 2.003102746139149,
  "population_risk": 2.0029572212736313,
  "bayes_population_risk": 0.66,
  "empirical_bayes_risk": 0.6562527752992612,
  "generalization_gap": -0.0001455248655175545,
  "excess_population_risk": 1.3429572212736312,
  "runtime_seconds": 139.8383566249977,
  "runtime_per_step_seconds": 0.1398383566249977,
  "initial_objective": 0.8655999016206419,
  "final_objective": 2.0038081411662456,
  "best_objective": 0.8655999016206419,
  "objective_reduction": -1.1382082395456037,
  "initial_train_loss_history": 2.001582344531834,
  "final_train_loss_history": 2.003102746139149,
  "best_train_loss_history": 1.368578012056686,
  "train_loss_reduction": -0.001520401607314703,
  "weight_norm": 1.4068590103525307,
  "trace_s": 1.406859010352531,
  "top_eigenvalue": 1.4007414515545538,
  "min_eigenvalue": -2.2094349013778753e-16,
  "R1": 0.9956516191367004
}