{
  "alpha": null,
  "seed": 42,
  "n_train": 250,
  "n_population": 5000,
  "train_loss": 0.1355726693557689,
  "population_risk": 0.16529997618975067,
  "bayes_population_risk": 0.010443997575880022,
  "empirical_bayes_risk": 0.010432996681862896,
  "generalization_gap": 0.02972730683398178,
  "excess_population_risk": 0.15485597861387065,
  "runtime_seconds": 152.9238832872361,
  "runtime_per_step_seconds": 0.03058477665744722,
  "initial_objective": 0.15416292465822976,
  "final_objective": 0.14521618144176265,
  "best_objective": 0.14521618144110202,
  "objective_reduction": 0.008946743216467101,
  "initial_train_loss_history": 0.15313690943453617,
  "final_train_loss_history": 0.1355726693557689,
  "best_train_loss_history": 0.13557231892322216,
  "train_loss_reduction": 0.01756424007876728,
  "weight_norm": 9.643512086537456,
  "trace_s": 9.643512086537452,
  "top_eigenvalue": 7.760825805815307,
  "min_eigenvalue": -1.2168344553877551e-16,
  "R1": 0.8047717196984261,
  "effective_rank": 2.1578904290994565,
  "config_suffix": "cov_toeplitz_mask_random_rho_0p99_lambda_1e-05_beta_1_d_100_T_50_lr_0p001_iter_5000_ntrain_250_seed_42"
}