{
  "alpha": null,
  "seed": 42,
  "n_train": 20,
  "n_population": 5000,
  "train_loss": 0.5178499312087367,
  "population_risk": 1.357154119930524,
  "bayes_population_risk": 0.4961178375737193,
  "empirical_bayes_risk": 0.49504360155058114,
  "generalization_gap": 0.8393041887217872,
  "excess_population_risk": 0.8610362823568046,
  "runtime_seconds": 29.377297399565578,
  "runtime_per_step_seconds": 0.005875459479913116,
  "initial_objective": 0.7906884208404467,
  "final_objective": 0.5357223453957197,
  "best_objective": 0.5357223453957197,
  "objective_reduction": 0.25496607544472694,
  "initial_train_loss_history": 0.7898674476480542,
  "final_train_loss_history": 0.5178499312087367,
  "best_train_loss_history": 0.5178499312087367,
  "train_loss_reduction": 0.2720175164393175,
  "weight_norm": 35.74441156480832,
  "trace_s": 35.74441156480833,
  "top_eigenvalue": 26.406496699128112,
  "min_eigenvalue": 1.2135993840371114e-08,
  "R1": 0.7387587469792418,
  "effective_rank": 2.317123711812211,
  "config_suffix": "cov_exponential_mask_random_rho_NA_lambda_1e-05_beta_1_d_50_T_10_lr_0p001_iter_5000_ntrain_20_seed_42"
}