{
  "alpha": null,
  "seed": 42,
  "n_train": 10000,
  "n_population": 5000,
  "train_loss": 0.9706065444228176,
  "population_risk": 0.9695767830046381,
  "bayes_population_risk": 0.45666666666666667,
  "empirical_bayes_risk": 0.4580780225598208,
  "generalization_gap": -0.0010297614181794534,
  "excess_population_risk": 0.5129101163379715,
  "runtime_seconds": 119.58078137785196,
  "runtime_per_step_seconds": 0.11958078137785197,
  "initial_objective": 0.9767226008635245,
  "final_objective": 0.9721902572973071,
  "best_objective": 0.9721902572973071,
  "objective_reduction": 0.004532343566217345,
  "initial_train_loss_history": 0.9759655931584588,
  "final_train_loss_history": 0.9706065444228176,
  "best_train_loss_history": 0.9706065444228176,
  "train_loss_reduction": 0.005359048735641192,
  "weight_norm": 3.1669873831525557,
  "trace_s": 3.1669873831525557,
  "top_eigenvalue": 0.6501166269592566,
  "min_eigenvalue": 6.85742467418823e-11,
  "R1": 0.20527919701154684,
  "config_suffix": "cov_tridiagonal_mask_random_rho_0p5_lambda_1e-05_beta_1_d_50_T_5_lr_0p001_iter_1000_ntrain_10000_seed_42"
}