{
  "alpha": null,
  "seed": 42,
  "n_train": 200,
  "n_population": 5000,
  "train_loss": 0.7749257007075928,
  "population_risk": 0.8361718328512489,
  "bayes_population_risk": 0.24553354982376377,
  "empirical_bayes_risk": 0.24309917594285657,
  "generalization_gap": 0.06124613214365604,
  "excess_population_risk": 0.5906382830274851,
  "runtime_seconds": 37.34433363005519,
  "runtime_per_step_seconds": 0.007468866726011038,
  "initial_objective": 0.8086832035109953,
  "final_objective": 0.7766604485032552,
  "best_objective": 0.7766604485032552,
  "objective_reduction": 0.0320227550077401,
  "initial_train_loss_history": 0.8082426601643874,
  "final_train_loss_history": 0.7749257007075928,
  "best_train_loss_history": 0.7749257007075928,
  "train_loss_reduction": 0.03331695945679458,
  "weight_norm": 6.938948749525196,
  "trace_s": 6.938948749525196,
  "top_eigenvalue": 3.3748631388554893,
  "min_eigenvalue": 1.3499044914404856e-12,
  "R1": 0.4863651917138627,
  "effective_rank": 2.7248344461079377,
  "config_suffix": "cov_matern_mask_random_rho_NA_lambda_1e-05_beta_1_d_25_T_10_lr_0p001_iter_5000_ntrain_200_seed_42"
}