{
  "alpha": null,
  "seed": 42,
  "n_train": 1000,
  "n_population": 5000,
  "train_loss": 1.0287219922635402,
  "population_risk": 1.0232383330463453,
  "bayes_population_risk": 0.9267692307692309,
  "empirical_bayes_risk": 0.9249991138303598,
  "generalization_gap": -0.005483659217194958,
  "excess_population_risk": 0.09646910227711436,
  "runtime_seconds": 93.96667436882854,
  "runtime_per_step_seconds": 0.018793334873765707,
  "initial_objective": 1.030743904040131,
  "final_objective": 1.0290497257278137,
  "best_objective": 1.0290497257278133,
  "objective_reduction": 0.0016941783123172183,
  "initial_train_loss_history": 1.030191354398377,
  "final_train_loss_history": 1.0287219922635402,
  "best_train_loss_history": 1.0287219921754274,
  "train_loss_reduction": 0.001469362134836727,
  "weight_norm": 0.6554669285470254,
  "trace_s": 0.6554669285470254,
  "top_eigenvalue": 0.6554669285470256,
  "min_eigenvalue": -1.667809657989702e-16,
  "R1": 1.0000000000000002,
  "effective_rank": 1.0,
  "config_suffix": "cov_toeplitz_mask_random_rho_0p2_lambda_1e-05_beta_1_d_50_T_20_lr_0p001_iter_5000_ntrain_1000_seed_42"
}