{
  "alpha": null,
  "seed": 42,
  "n_train": 50,
  "n_population": 5000,
  "train_loss": 1.0524738103649844,
  "population_risk": 1.291389064330856,
  "bayes_population_risk": 0.8222472188202141,
  "empirical_bayes_risk": 0.9012888420262889,
  "generalization_gap": 0.23891525396587165,
  "excess_population_risk": 0.469141845510642,
  "runtime_seconds": 9.780614912509918,
  "runtime_per_step_seconds": 0.009780614912509918,
  "initial_objective": 1.1379802200162317,
  "final_objective": 1.0694956828409807,
  "best_objective": 1.0694956828409807,
  "objective_reduction": 0.06848453717525094,
  "initial_train_loss_history": 1.1368357703098304,
  "final_train_loss_history": 1.0524738103649844,
  "best_train_loss_history": 1.0524738103649844,
  "train_loss_reduction": 0.08436195994484597,
  "weight_norm": 17.01628456136583,
  "trace_s": 17.01628456136583,
  "top_eigenvalue": 10.375672311787174,
  "min_eigenvalue": 2.0540966154031712e-09,
  "R1": 0.6097495769049569
}