{
  "alpha": null,
  "seed": 42,
  "n_train": 7000,
  "n_population": 5000,
  "train_loss": 0.32843435184150216,
  "population_risk": 0.32965755071803604,
  "bayes_population_risk": 0.13898342541436456,
  "empirical_bayes_risk": 0.18983685558967522,
  "generalization_gap": 0.001223198876533882,
  "excess_population_risk": 0.19067412530367148,
  "runtime_seconds": 69.25451433099806,
  "runtime_per_step_seconds": 0.06925451433099807,
  "initial_objective": 0.36485168058336476,
  "final_objective": 0.33337554730389524,
  "best_objective": 0.33337554730389524,
  "objective_reduction": 0.03147613327946952,
  "initial_train_loss_history": 0.3636165323326407,
  "final_train_loss_history": 0.32843435184150216,
  "best_train_loss_history": 0.32843435184150216,
  "train_loss_reduction": 0.035182180491138526,
  "weight_norm": 9.881173449788285,
  "trace_s": 9.881173449788285,
  "top_eigenvalue": 0.7279811701965976,
  "min_eigenvalue": 3.0232506478532948e-09,
  "R1": 0.07367355445138912
}