{
  "alpha": null,
  "seed": 42,
  "n_train": 100,
  "n_population": 5000,
  "train_loss": 0.8255336649273537,
  "population_risk": 0.8797892071504276,
  "bayes_population_risk": 0.66,
  "empirical_bayes_risk": 0.6642334742117835,
  "generalization_gap": 0.05425554222307394,
  "excess_population_risk": 0.2197892071504276,
  "runtime_seconds": 8.188726168125868,
  "runtime_per_step_seconds": 0.008188726168125868,
  "initial_objective": 0.8881833067434542,
  "final_objective": 0.85372569309598,
  "best_objective": 0.85372569309598,
  "objective_reduction": 0.03445761364747424,
  "initial_train_loss_history": 0.8826379975186245,
  "final_train_loss_history": 0.8255336649273537,
  "best_train_loss_history": 0.8255336649273537,
  "train_loss_reduction": 0.05710433259127079,
  "weight_norm": 5.638186994608674,
  "trace_s": 5.638186994608674,
  "top_eigenvalue": 3.330271222755486,
  "min_eigenvalue": 4.631624621252794e-11,
  "R1": 0.5906634927042942,
  "config_suffix": "cov_toeplitz_mask_random_rho_0p5_lambda_0p0001_beta_1_d_50_T_5_lr_0p001_iter_1000_ntrain_100_seed_42"
}