{
  "alpha": null,
  "seed": 42,
  "n_train": 1500,
  "n_population": 5000,
  "train_loss": 0.8066666075232488,
  "population_risk": 0.8116420412938198,
  "bayes_population_risk": 0.24553354982376377,
  "empirical_bayes_risk": 0.2470492437992542,
  "generalization_gap": 0.0049754337705709695,
  "excess_population_risk": 0.566108491470056,
  "runtime_seconds": 178.08529427275062,
  "runtime_per_step_seconds": 0.035617058854550125,
  "initial_objective": 0.8156096300943135,
  "final_objective": 0.807633408512972,
  "best_objective": 0.807633408512972,
  "objective_reduction": 0.00797622158134148,
  "initial_train_loss_history": 0.8152025650534427,
  "final_train_loss_history": 0.8066666075232488,
  "best_train_loss_history": 0.8066666075232488,
  "train_loss_reduction": 0.008535957530193872,
  "weight_norm": 3.8672025804305257,
  "trace_s": 3.867202580430526,
  "top_eigenvalue": 1.3829120942934294,
  "min_eigenvalue": 9.797529520678043e-14,
  "R1": 0.35760011675919845,
  "effective_rank": 4.1674744939748845,
  "config_suffix": "cov_matern_mask_random_rho_NA_lambda_1e-05_beta_1_d_25_T_10_lr_0p001_iter_5000_ntrain_1500_seed_42"
}