{
  "alpha": null,
  "seed": 42,
  "n_train": 150,
  "n_population": 5000,
  "train_loss": 0.31180665479521535,
  "population_risk": 0.406812594575284,
  "bayes_population_risk": 0.12197790055248611,
  "empirical_bayes_risk": 0.1220575226189123,
  "generalization_gap": 0.09500593978006866,
  "excess_population_risk": 0.28483469402279793,
  "runtime_seconds": 21.574175346642733,
  "runtime_per_step_seconds": 0.004314835069328547,
  "initial_objective": 0.37163106640260235,
  "final_objective": 0.3244601350083579,
  "best_objective": 0.3244601350083579,
  "objective_reduction": 0.04717093139424444,
  "initial_train_loss_history": 0.3708565813716964,
  "final_train_loss_history": 0.31180665479521535,
  "best_train_loss_history": 0.31180665479521535,
  "train_loss_reduction": 0.05904992657648106,
  "weight_norm": 25.306759606634063,
  "trace_s": 25.306759606634056,
  "top_eigenvalue": 11.136488351707712,
  "min_eigenvalue": 1.0240372664812125e-11,
  "R1": 0.4400598308441011,
  "effective_rank": 5.53102158847606,
  "config_suffix": "cov_toeplitz_mask_random_rho_0p9_lambda_1e-05_beta_1_d_50_T_10_lr_0p001_iter_5000_ntrain_150_seed_42",
  "ridge_lambda": 0.01,
  "ridge_train_loss": 0.12540335064012756,
  "ridge_population_risk": 0.13001399195465368,
  "ridge_generalization_gap": 0.004610641314526126,
  "ridge_excess_population_risk": 0.008036091402167572,
  "pca_n_components": 75,
  "pca_train_loss": 0.10953973086746704,
  "pca_population_risk": 0.40545870224156644,
  "pca_generalization_gap": 0.2959189713740994,
  "pca_excess_population_risk": 0.2834808016890803
}