{
  "alpha": null,
  "seed": 42,
  "n_train": 2000,
  "n_population": 5000,
  "train_loss": 0.4416743474725089,
  "population_risk": 0.4447235063333701,
  "bayes_population_risk": 0.27570731707317064,
  "empirical_bayes_risk": 0.27664366680881985,
  "generalization_gap": 0.003049158860861212,
  "excess_population_risk": 0.16901618926019946,
  "runtime_seconds": 26.18117294460535,
  "runtime_per_step_seconds": 0.02618117294460535,
  "initial_objective": 0.4714736694068851,
  "final_objective": 0.4578228387759906,
  "best_objective": 0.4578228387759906,
  "objective_reduction": 0.013650830630894506,
  "initial_train_loss_history": 0.4614273880452437,
  "final_train_loss_history": 0.4416743474725089,
  "best_train_loss_history": 0.44165329371391193,
  "train_loss_reduction": 0.019753040572734804,
  "weight_norm": 3.2296977307542325,
  "trace_s": 3.2296977307542334,
  "top_eigenvalue": 0.6147868612642202,
  "min_eigenvalue": 8.180202298447796e-17,
  "R1": 0.19035430325569466
}