{
  "alpha": null,
  "seed": 42,
  "n_train": 1000,
  "n_population": 5000,
  "train_loss": 0.3211312917321656,
  "population_risk": 0.33328549821209896,
  "bayes_population_risk": 0.18999999999999984,
  "empirical_bayes_risk": 0.19022908070127287,
  "generalization_gap": 0.012154206479933372,
  "excess_population_risk": 0.14328549821209913,
  "runtime_seconds": 123.03640320152044,
  "runtime_per_step_seconds": 0.012303640320152045,
  "initial_objective": 0.3630130717096363,
  "final_objective": 0.32805078626564277,
  "best_objective": 0.32805078626564277,
  "objective_reduction": 0.034962285443993546,
  "initial_train_loss_history": 0.3617915583800558,
  "final_train_loss_history": 0.3211312917321656,
  "best_train_loss_history": 0.32113117526074836,
  "train_loss_reduction": 0.040660266647890186,
  "weight_norm": 13.838989059967334,
  "trace_s": 13.838989059967336,
  "top_eigenvalue": 3.729911443672819,
  "min_eigenvalue": -6.754392385532251e-17,
  "R1": 0.26952195911929,
  "config_suffix": "cov_toeplitz_mask_last_rho_0p9_lambda_1e-05_beta_1_d_50_T_5_lr_0p001_iter_10000_ntrain_1000_seed_42"
}