{
  "alpha": null,
  "seed": 42,
  "n_train": 1750,
  "n_population": 5000,
  "train_loss": 0.2749112671410853,
  "population_risk": 0.2774597652973335,
  "bayes_population_risk": 0.06837077148121563,
  "empirical_bayes_risk": 0.06849797276392289,
  "generalization_gap": 0.002548498156248191,
  "excess_population_risk": 0.2090889938161179,
  "runtime_seconds": 299.69742362573743,
  "runtime_per_step_seconds": 0.059939484725147485,
  "initial_objective": 0.2890350752251533,
  "final_objective": 0.2792975128782234,
  "best_objective": 0.2792975128782234,
  "objective_reduction": 0.009737562346929907,
  "initial_train_loss_history": 0.28830275134848876,
  "final_train_loss_history": 0.2749112671410853,
  "best_train_loss_history": 0.2749112671410853,
  "train_loss_reduction": 0.013391484207403437,
  "weight_norm": 8.772490247024484,
  "trace_s": 8.772490247024484,
  "top_eigenvalue": 2.4187636679839573,
  "min_eigenvalue": 1.644274772770773e-13,
  "R1": 0.27572144281429917,
  "effective_rank": 9.934060199312048,
  "config_suffix": "cov_circulant_ar1_mask_random_rho_0p9_lambda_1e-05_beta_1_d_50_T_10_lr_0p001_iter_5000_ntrain_1750_seed_42"
}