{
  "alpha": null,
  "seed": 42,
  "n_train": 400,
  "n_population": 5000,
  "train_loss": 0.9716101374596993,
  "population_risk": 0.9998317394550664,
  "bayes_population_risk": 0.2928968253968254,
  "empirical_bayes_risk": 0.2918970739904832,
  "generalization_gap": 0.028221601995367163,
  "excess_population_risk": 0.706934914058241,
  "runtime_seconds": 25.43701970204711,
  "runtime_per_step_seconds": 0.005087403940409422,
  "initial_objective": 0.9821684759869606,
  "final_objective": 0.9735973122134209,
  "best_objective": 0.9735973122134209,
  "objective_reduction": 0.008571163773539614,
  "initial_train_loss_history": 0.9815852315681035,
  "final_train_loss_history": 0.9716101374596993,
  "best_train_loss_history": 0.9716024721509097,
  "train_loss_reduction": 0.009975094108404248,
  "weight_norm": 3.974349368775247,
  "trace_s": 3.9743493687752474,
  "top_eigenvalue": 2.1800054200401875,
  "min_eigenvalue": 1.0907123355877482e-14,
  "R1": 0.5485188184932988,
  "effective_rank": 2.847240305508002,
  "config_suffix": "cov_tridiagonal_mask_random_rho_0p5_lambda_1e-05_beta_1_d_50_T_10_lr_0p001_iter_5000_ntrain_400_seed_42",
  "ridge_lambda": 0.01,
  "ridge_train_loss": 0.29170541270422967,
  "ridge_population_risk": 0.2989584306981408,
  "ridge_generalization_gap": 0.007253017993911148,
  "ridge_excess_population_risk": 0.0060616053013154425,
  "pca_n_components": 75,
  "pca_train_loss": 0.6265464546873594,
  "pca_population_risk": 1.050861300339504,
  "pca_generalization_gap": 0.4243148456521446,
  "pca_excess_population_risk": 0.7579644749426786
}