{
  "alpha": 0.5,
  "seed": 0,
  "n_train": 1250,
  "n_population": 5000,
  "train_loss": 1.9983699203015295,
  "population_risk": 2.002069815987934,
  "bayes_population_risk": 0.6299999999999999,
  "empirical_bayes_risk": 0.6306753481946317,
  "generalization_gap": 0.0036998956864047194,
  "excess_population_risk": 1.3720698159879343,
  "runtime_seconds": 31.0957259159768,
  "runtime_per_step_seconds": 0.0310957259159768,
  "initial_objective": 0.9114145239325465,
  "final_objective": 1.998688547538193,
  "best_objective": 0.9114145239325465,
  "objective_reduction": -1.0872740236056466,
  "initial_train_loss_history": 1.9979866538626003,
  "final_train_loss_history": 1.9983699203015295,
  "best_train_loss_history": 1.589015068335003,
  "train_loss_reduction": -0.000383266438929164,
  "weight_norm": 0.6346822148242123,
  "trace_s": 0.6346822148242122,
  "top_eigenvalue": 0.6286751010087144,
  "min_eigenvalue": -2.3660199812653836e-17,
  "R1": 0.9905352416135348
}