{
  "alpha": null,
  "seed": 42,
  "n_train": 175,
  "n_population": 5000,
  "train_loss": 1.191825638294014,
  "population_risk": 1.2125280120040065,
  "bayes_population_risk": 1.0,
  "empirical_bayes_risk": 1.0013046509371124,
  "generalization_gap": 0.020702373709992505,
  "excess_population_risk": 0.2125280120040065,
  "runtime_seconds": 17.96501631848514,
  "runtime_per_step_seconds": 0.003593003263697028,
  "initial_objective": 1.2073944254517208,
  "final_objective": 1.1972163840527794,
  "best_objective": 1.1972163840527794,
  "objective_reduction": 0.010178041398941406,
  "initial_train_loss_history": 1.2063131841070163,
  "final_train_loss_history": 1.191825638294014,
  "best_train_loss_history": 1.1918235088416151,
  "train_loss_reduction": 0.014487545813002267,
  "weight_norm": 5.390745774726898,
  "trace_s": 5.390745774726897,
  "top_eigenvalue": 1.4119675988261637,
  "min_eigenvalue": 1.422363460192396e-17,
  "R1": 0.2619243529245628,
  "effective_rank": 5.518250912824703,
  "config_suffix": "cov_identity_mask_random_rho_NA_lambda_1e-05_beta_1_d_100_T_5_lr_0p001_iter_5000_ntrain_175_seed_42",
  "ridge_lambda": 0.01,
  "ridge_train_loss": 0.9820277097815164,
  "ridge_population_risk": 1.0253503294316773,
  "ridge_generalization_gap": 0.04332261965016082,
  "ridge_excess_population_risk": 0.025350329431677254,
  "pca_n_components": 75,
  "pca_train_loss": 0.46044200514405004,
  "pca_population_risk": 1.2432382011232874,
  "pca_generalization_gap": 0.7827961959792373,
  "pca_excess_population_risk": 0.24323820112328742
}