{
  "alpha": null,
  "seed": 42,
  "n_train": 2000,
  "n_population": 5000,
  "train_loss": 0.232686650359552,
  "population_risk": 0.23429501793250837,
  "bayes_population_risk": 0.13898342541436456,
  "empirical_bayes_risk": 0.1396106892043969,
  "generalization_gap": 0.0016083675729563762,
  "excess_population_risk": 0.0953115925181438,
  "runtime_seconds": 38.05949832499027,
  "runtime_per_step_seconds": 0.038059498324990275,
  "initial_objective": 0.2877345122041554,
  "final_objective": 0.23929686939350905,
  "best_objective": 0.23929686939350905,
  "objective_reduction": 0.04843764281064636,
  "initial_train_loss_history": 0.2863337861812925,
  "final_train_loss_history": 0.232686650359552,
  "best_train_loss_history": 0.232686650359552,
  "train_loss_reduction": 0.05364713582174052,
  "weight_norm": 13.217614319564486,
  "trace_s": 13.217614319564486,
  "top_eigenvalue": 1.0160840337037087,
  "min_eigenvalue": 1.74634372897087e-09,
  "R1": 0.07687348179010779,
  "config_suffix": "cov_toeplitz_mask_random_rho_0p9_lambda_1e-05_beta_1_d_50_T_5_lr_0p001_iter_1000_ntrain_2000_seed_42"
}