{
  "alpha": null,
  "seed": 42,
  "n_train": 40,
  "n_population": 5000,
  "train_loss": 0.8599917518474808,
  "population_risk": 1.2362271179104973,
  "bayes_population_risk": 0.8028223802788139,
  "empirical_bayes_risk": 0.7983871752257543,
  "generalization_gap": 0.37623536606301655,
  "excess_population_risk": 0.4334047376316834,
  "runtime_seconds": 16.472685208544135,
  "runtime_per_step_seconds": 0.003294537041708827,
  "initial_objective": 0.9715804126664854,
  "final_objective": 0.8720939568745276,
  "best_objective": 0.8720939568745276,
  "objective_reduction": 0.0994864557919578,
  "initial_train_loss_history": 0.9708676348300646,
  "final_train_loss_history": 0.8599917518474808,
  "best_train_loss_history": 0.8599917518474808,
  "train_loss_reduction": 0.11087588298258377,
  "weight_norm": 24.204276004107783,
  "trace_s": 24.204276004107772,
  "top_eigenvalue": 8.911076705300681,
  "min_eigenvalue": 4.274502706629126e-10,
  "R1": 0.36816125810944966,
  "effective_rank": 5.057989658315847,
  "config_suffix": "cov_exponential_mask_random_rho_NA_lambda_1e-05_beta_1_d_50_T_5_lr_0p001_iter_5000_ntrain_40_seed_42",
  "ridge_lambda": 0.01,
  "ridge_train_loss": 0.7190559215871313,
  "ridge_population_risk": 0.8880397799396443,
  "ridge_generalization_gap": 0.16898385835251306,
  "ridge_excess_population_risk": 0.08521739966083042,
  "pca_n_components": 75,
  "pca_train_loss": 2.4679053349424717e-16,
  "pca_population_risk": 1.2021833151138988,
  "pca_generalization_gap": 1.2021833151138985,
  "pca_excess_population_risk": 0.39936093483508484
}