{
  "alpha": null,
  "seed": 42,
  "n_train": 50,
  "n_population": 5000,
  "train_loss": 0.9093622441305592,
  "population_risk": 1.0151208045666438,
  "bayes_population_risk": 0.7822082681172894,
  "empirical_bayes_risk": 0.7812676401079575,
  "generalization_gap": 0.10575856043608456,
  "excess_population_risk": 0.2329125364493544,
  "runtime_seconds": 20.0292195007205,
  "runtime_per_step_seconds": 0.0040058439001441,
  "initial_objective": 0.9436813657816574,
  "final_objective": 0.9111419506438914,
  "best_objective": 0.9111419506438914,
  "objective_reduction": 0.03253941513776604,
  "initial_train_loss_history": 0.9433071290117002,
  "final_train_loss_history": 0.9093622441305592,
  "best_train_loss_history": 0.9093622441305592,
  "train_loss_reduction": 0.033944884881141,
  "weight_norm": 7.118771928341896,
  "trace_s": 7.1187719283418955,
  "top_eigenvalue": 2.9062444779741745,
  "min_eigenvalue": 3.062858040266307e-11,
  "R1": 0.40825082011738195,
  "effective_rank": 3.275312360878071,
  "config_suffix": "cov_exponential_mask_random_rho_NA_lambda_1e-05_beta_1_d_25_T_10_lr_0p001_iter_5000_ntrain_50_seed_42",
  "ridge_lambda": 0.01,
  "ridge_train_loss": 0.643424429050304,
  "ridge_population_risk": 0.9558149256884,
  "ridge_generalization_gap": 0.31239049663809604,
  "ridge_excess_population_risk": 0.1736066575711106,
  "pca_n_components": 75,
  "pca_train_loss": 1.9096592082605525e-16,
  "pca_population_risk": 1.2231511545348406,
  "pca_generalization_gap": 1.2231511545348404,
  "pca_excess_population_risk": 0.4409428864175512
}