{
  "alpha": null,
  "seed": 42,
  "n_train": 750,
  "n_population": 5000,
  "train_loss": 0.7440452221414374,
  "population_risk": 0.7712960869823282,
  "bayes_population_risk": 0.09796305337869733,
  "empirical_bayes_risk": 0.09995533766632496,
  "generalization_gap": 0.027250864840890787,
  "excess_population_risk": 0.6733330336036308,
  "runtime_seconds": 41.29909222573042,
  "runtime_per_step_seconds": 0.008259818445146084,
  "initial_objective": 0.7785718801472292,
  "final_objective": 0.7491398139437188,
  "best_objective": 0.7491398139437188,
  "objective_reduction": 0.029432066203510465,
  "initial_train_loss_history": 0.777530699526745,
  "final_train_loss_history": 0.7440452221414374,
  "best_train_loss_history": 0.7440452221414374,
  "train_loss_reduction": 0.033485477385307605,
  "weight_norm": 10.18917883186208,
  "trace_s": 10.18917883186208,
  "top_eigenvalue": 2.246012693846292,
  "min_eigenvalue": 3.295897214857568e-12,
  "R1": 0.22043117810661014,
  "effective_rank": 7.790432412140968,
  "config_suffix": "cov_toeplitz_bump_mask_random_rho_0p5_lambda_1e-05_beta_1_d_50_T_5_lr_0p001_iter_5000_ntrain_750_seed_42",
  "ridge_lambda": 0.01,
  "ridge_train_loss": 0.09865446661508502,
  "ridge_population_risk": 0.10049467786483172,
  "ridge_generalization_gap": 0.0018402112497467038,
  "ridge_excess_population_risk": 0.002531624486134393,
  "pca_n_components": 75,
  "pca_train_loss": 0.5061950174110398,
  "pca_population_risk": 0.7170404874536336,
  "pca_generalization_gap": 0.2108454700425938,
  "pca_excess_population_risk": 0.6190774340749362
}