{
  "alpha": null,
  "seed": 42,
  "n_train": 30,
  "n_population": 5000,
  "train_loss": 0.558181659469852,
  "population_risk": 1.145857568904467,
  "bayes_population_risk": 0.5301185178874289,
  "empirical_bayes_risk": 0.5312876492252703,
  "generalization_gap": 0.587675909434615,
  "excess_population_risk": 0.6157390510170381,
  "runtime_seconds": 35.401684533804655,
  "runtime_per_step_seconds": 0.007080336906760931,
  "initial_objective": 0.7415591254060387,
  "final_objective": 0.5810566801573901,
  "best_objective": 0.5810566801573901,
  "objective_reduction": 0.16050244524864865,
  "initial_train_loss_history": 0.7399240065439229,
  "final_train_loss_history": 0.558181659469852,
  "best_train_loss_history": 0.558181659469852,
  "train_loss_reduction": 0.1817423470740709,
  "weight_norm": 22.874997504651745,
  "trace_s": 22.874997504651745,
  "top_eigenvalue": 12.164796548436984,
  "min_eigenvalue": 9.470622576599024e-13,
  "R1": 0.5317944426425929,
  "effective_rank": 3.4372534240958963,
  "config_suffix": "cov_exponential_mask_random_rho_NA_lambda_1e-05_beta_1_d_100_T_5_lr_0p001_iter_5000_ntrain_30_seed_42"
}