{
  "alpha": 2.0,
  "seed": 0,
  "n_train": 5000,
  "n_population": 5000,
  "train_loss": 1.164474932255725,
  "population_risk": 1.162199911048247,
  "bayes_population_risk": 1.0,
  "empirical_bayes_risk": 0.9946715873280613,
  "weight_norm": 0.004445232618215652,
  "trace_s": 0.004445232618215651,
  "top_eigenvalue": 0.0004392871596200785,
  "R1": 0.09882208589489105
}