{
  "alpha": null,
  "seed": 42,
  "n_train": 30,
  "n_population": 5000,
  "train_loss": 1.0091520695378933,
  "population_risk": 1.1403912128366722,
  "bayes_population_risk": 1.0,
  "empirical_bayes_risk": 0.9987693471827266,
  "generalization_gap": 0.13123914329877895,
  "excess_population_risk": 0.14039121283667222,
  "runtime_seconds": 77.94799368456006,
  "runtime_per_step_seconds": 0.015589598736912012,
  "initial_objective": 1.0532978184746848,
  "final_objective": 1.0193279666581052,
  "best_objective": 1.0193279666581052,
  "objective_reduction": 0.03396985181657963,
  "initial_train_loss_history": 1.0522275797229457,
  "final_train_loss_history": 1.0091520695378933,
  "best_train_loss_history": 1.0091520695378933,
  "train_loss_reduction": 0.0430755101850524,
  "weight_norm": 10.175897120211856,
  "trace_s": 10.175897120211857,
  "top_eigenvalue": 10.175897120203453,
  "min_eigenvalue": -1.980214252414019e-15,
  "R1": 0.9999999999991738,
  "effective_rank": 1.0000000000215268,
  "config_suffix": "cov_identity_mask_random_rho_NA_lambda_1e-05_beta_1_d_100_T_50_lr_0p001_iter_5000_ntrain_30_seed_42"
}