{
  "alpha": null,
  "seed": 42,
  "n_train": 1500,
  "n_population": 5000,
  "train_loss": 0.33227581695988406,
  "population_risk": 0.3418024238869465,
  "bayes_population_risk": 0.12197790055248611,
  "empirical_bayes_risk": 0.12156259701932094,
  "generalization_gap": 0.00952660692706242,
  "excess_population_risk": 0.21982452333446037,
  "runtime_seconds": 283.9939966816455,
  "runtime_per_step_seconds": 0.0567987993363291,
  "initial_objective": 0.35097106880683615,
  "final_objective": 0.3376934911796293,
  "best_objective": 0.3376934911796293,
  "objective_reduction": 0.013277577627206827,
  "initial_train_loss_history": 0.3502258920404496,
  "final_train_loss_history": 0.33227581695988406,
  "best_train_loss_history": 0.33227581695988406,
  "train_loss_reduction": 0.017950075080565564,
  "weight_norm": 10.835346565295351,
  "trace_s": 10.835346565295351,
  "top_eigenvalue": 3.679079544180424,
  "min_eigenvalue": 3.058269691580273e-13,
  "R1": 0.33954424272539546,
  "effective_rank": 8.655638473032138,
  "config_suffix": "cov_toeplitz_mask_random_rho_0p9_lambda_1e-05_beta_1_d_50_T_10_lr_0p001_iter_5000_ntrain_1500_seed_42"
}