{
  "alpha": null,
  "seed": 42,
  "n_train": 10000,
  "n_population": 5000,
  "train_loss": 0.9759600714258757,
  "population_risk": 0.9730022900871913,
  "bayes_population_risk": 0.45666666666666667,
  "empirical_bayes_risk": 0.4580780225598208,
  "generalization_gap": -0.0029577813386844065,
  "excess_population_risk": 0.5163356234205246,
  "runtime_seconds": 1057.1231097988784,
  "runtime_per_step_seconds": 0.10571231097988784,
  "initial_objective": 0.9813133426944023,
  "final_objective": 0.9759598398636763,
  "best_objective": 0.97595971827254,
  "objective_reduction": 0.005353502830725998,
  "initial_train_loss_history": 0.9746169345324918,
  "final_train_loss_history": 0.9759600714258757,
  "best_train_loss_history": 0.9740551871027466,
  "train_loss_reduction": -0.001343136893383945,
  "weight_norm": 2.1401413663060237e-06,
  "trace_s": 2.1401413663060232e-06,
  "top_eigenvalue": 2.140141363602731e-06,
  "min_eigenvalue": -3.5405010595551303e-22,
  "R1": 0.9999999987368632
}