{
  "alpha": null,
  "seed": 42,
  "n_train": 200,
  "n_population": 5000,
  "train_loss": 0.961424387717378,
  "population_risk": 0.9994607658163728,
  "bayes_population_risk": 0.7822082681172894,
  "empirical_bayes_risk": 0.7811627086149567,
  "generalization_gap": 0.03803637809899474,
  "excess_population_risk": 0.2172524976990834,
  "runtime_seconds": 31.042945966124535,
  "runtime_per_step_seconds": 0.006208589193224907,
  "initial_objective": 0.9867516758782529,
  "final_objective": 0.9676605808698082,
  "best_objective": 0.9676605808698082,
  "objective_reduction": 0.019091095008444636,
  "initial_train_loss_history": 0.9856460922648993,
  "final_train_loss_history": 0.961424387717378,
  "best_train_loss_history": 0.9614219463447696,
  "train_loss_reduction": 0.02422170454752126,
  "weight_norm": 6.2361929846576905,
  "trace_s": 6.236192984657688,
  "top_eigenvalue": 3.7263404019844444,
  "min_eigenvalue": -1.935325865946792e-17,
  "R1": 0.5975344911794753,
  "effective_rank": 2.8389155780807824,
  "config_suffix": "cov_exponential_mask_random_rho_NA_lambda_1e-05_beta_1_d_100_T_10_lr_0p001_iter_5000_ntrain_200_seed_42",
  "ridge_lambda": 0.01,
  "ridge_train_loss": 0.7476685719039529,
  "ridge_population_risk": 0.8182833543053429,
  "ridge_generalization_gap": 0.07061478240139007,
  "ridge_excess_population_risk": 0.03607508618805355,
  "pca_n_components": 75,
  "pca_train_loss": 0.487490671907617,
  "pca_population_risk": 1.0586153428015515,
  "pca_generalization_gap": 0.5711246708939344,
  "pca_excess_population_risk": 0.27640707468426207
}