{
  "alpha": null,
  "seed": 42,
  "n_train": 40,
  "n_population": 5000,
  "train_loss": 0.883407067259302,
  "population_risk": 1.225442192831885,
  "bayes_population_risk": 0.7459898192227884,
  "empirical_bayes_risk": 0.7385255568028051,
  "generalization_gap": 0.3420351255725831,
  "excess_population_risk": 0.47945237360909665,
  "runtime_seconds": 23.40798973478377,
  "runtime_per_step_seconds": 0.0046815979469567535,
  "initial_objective": 1.0011085479662376,
  "final_objective": 0.8882057444384355,
  "best_objective": 0.8882057444384355,
  "objective_reduction": 0.11290280352780213,
  "initial_train_loss_history": 1.0006705277318662,
  "final_train_loss_history": 0.883407067259302,
  "best_train_loss_history": 0.883407067259302,
  "train_loss_reduction": 0.1172634604725642,
  "weight_norm": 19.19442557990961,
  "trace_s": 19.194425579909606,
  "top_eigenvalue": 10.307342700011775,
  "min_eigenvalue": 1.6611463933843296e-10,
  "R1": 0.5369966742219285,
  "effective_rank": 3.4681992289597927,
  "config_suffix": "cov_matern_mask_random_rho_NA_lambda_1e-05_beta_1_d_25_T_5_lr_0p001_iter_5000_ntrain_40_seed_42",
  "ridge_lambda": 0.01,
  "ridge_train_loss": 0.6769599589779162,
  "ridge_population_risk": 0.8227009788725641,
  "ridge_generalization_gap": 0.14574101989464794,
  "ridge_excess_population_risk": 0.0767111596497757,
  "pca_n_components": 62,
  "pca_train_loss": 4.4195004680543924e-16,
  "pca_population_risk": 1.4694854446700873,
  "pca_generalization_gap": 1.469485444670087,
  "pca_excess_population_risk": 0.723495625447299
}