{
  "alpha": null,
  "seed": 42,
  "n_train": 5000,
  "n_population": 5000,
  "train_loss": 0.5726173477637664,
  "population_risk": 0.5767081089805057,
  "bayes_population_risk": 0.27570731707317064,
  "empirical_bayes_risk": 0.3603457643471859,
  "generalization_gap": 0.004090761216739347,
  "excess_population_risk": 0.3010007919073351,
  "runtime_seconds": 561.4965857341886,
  "runtime_per_step_seconds": 0.05614965857341886,
  "initial_objective": 0.5897510542627282,
  "final_objective": 0.5757137448111025,
  "best_objective": 0.5757137448111025,
  "objective_reduction": 0.014037309451625735,
  "initial_train_loss_history": 0.5887809233914114,
  "final_train_loss_history": 0.5726173477637664,
  "best_train_loss_history": 0.5726173030965283,
  "train_loss_reduction": 0.016163575627645033,
  "weight_norm": 6.192794093939039,
  "trace_s": 6.19279409393904,
  "top_eigenvalue": 0.8782317287298513,
  "min_eigenvalue": -2.294175419882705e-17,
  "R1": 0.14181510242515355
}