{
  "alpha": null,
  "seed": 42,
  "n_train": 60,
  "n_population": 5000,
  "train_loss": 0.5016814874263521,
  "population_risk": 1.2026204874503585,
  "bayes_population_risk": 0.09796305337869733,
  "empirical_bayes_risk": 0.09777409176579499,
  "generalization_gap": 0.7009390000240064,
  "excess_population_risk": 1.1046574340716613,
  "runtime_seconds": 15.937835967168212,
  "runtime_per_step_seconds": 0.0031875671934336425,
  "initial_objective": 0.7703831989598096,
  "final_objective": 0.5351626818442765,
  "best_objective": 0.5351626818442765,
  "objective_reduction": 0.23522051711553305,
  "initial_train_loss_history": 0.7692378150127157,
  "final_train_loss_history": 0.5016814874263521,
  "best_train_loss_history": 0.5016814874263521,
  "train_loss_reduction": 0.2675563275863636,
  "weight_norm": 66.95999673371071,
  "trace_s": 66.95999673371071,
  "top_eigenvalue": 36.352487588890696,
  "min_eigenvalue": 2.4216442405711065e-08,
  "R1": 0.5428985866510534,
  "effective_rank": 4.458662276859,
  "config_suffix": "cov_toeplitz_bump_mask_random_rho_0p5_lambda_1e-05_beta_1_d_50_T_5_lr_0p001_iter_5000_ntrain_60_seed_42",
  "ridge_lambda": 0.01,
  "ridge_train_loss": 0.0916215253852579,
  "ridge_population_risk": 0.10478133633237781,
  "ridge_generalization_gap": 0.013159810947119904,
  "ridge_excess_population_risk": 0.006818282953680477,
  "pca_n_components": 75,
  "pca_train_loss": 2.6898007568622524e-16,
  "pca_population_risk": 1.0196564700571051,
  "pca_generalization_gap": 1.019656470057105,
  "pca_excess_population_risk": 0.9216934166784078
}