{
  "alpha": null,
  "seed": 42,
  "n_train": 2500,
  "n_population": 5000,
  "train_loss": 0.5316546652000766,
  "population_risk": 0.5338191207784617,
  "bayes_population_risk": 0.05101341981519296,
  "empirical_bayes_risk": 0.04992472438964993,
  "generalization_gap": 0.0021644555783850716,
  "excess_population_risk": 0.48280570096326875,
  "runtime_seconds": 99.9033968821168,
  "runtime_per_step_seconds": 0.01998067937642336,
  "initial_objective": 0.5461438305803958,
  "final_objective": 0.5353941247634512,
  "best_objective": 0.5353941247634512,
  "objective_reduction": 0.010749705816944677,
  "initial_train_loss_history": 0.5454217943044775,
  "final_train_loss_history": 0.5316546652000766,
  "best_train_loss_history": 0.5316546272787704,
  "train_loss_reduction": 0.01376712910440081,
  "weight_norm": 7.478918573705764,
  "trace_s": 7.4789185737057675,
  "top_eigenvalue": 2.6333741377856676,
  "min_eigenvalue": 9.757618325681051e-14,
  "R1": 0.3521062720276207,
  "effective_rank": 7.047665063653563,
  "config_suffix": "cov_matern_mask_random_rho_NA_lambda_1e-05_beta_1_d_50_T_10_lr_0p001_iter_5000_ntrain_2500_seed_42",
  "ridge_lambda": 0.01,
  "ridge_train_loss": 0.05158172374304947,
  "ridge_population_risk": 0.05008223565743257,
  "ridge_generalization_gap": -0.0014994880856169027,
  "ridge_excess_population_risk": -0.0009311841577603897,
  "pca_n_components": 75,
  "pca_train_loss": 0.3527705858162493,
  "pca_population_risk": 0.38844757428871884,
  "pca_generalization_gap": 0.03567698847246953,
  "pca_excess_population_risk": 0.33743415447352587
}