{
  "alpha": null,
  "seed": 42,
  "n_train": 40,
  "n_population": 5000,
  "train_loss": 0.5243281010035752,
  "population_risk": 1.2438177590602701,
  "bayes_population_risk": 0.48757509716865854,
  "empirical_bayes_risk": 0.48686305322522805,
  "generalization_gap": 0.719489658056695,
  "excess_population_risk": 0.7562426618916116,
  "runtime_seconds": 38.3418885441497,
  "runtime_per_step_seconds": 0.00766837770882994,
  "initial_objective": 0.8006498467349412,
  "final_objective": 0.5590813545406323,
  "best_objective": 0.5590813545406323,
  "objective_reduction": 0.24156849219430887,
  "initial_train_loss_history": 0.7986666578947353,
  "final_train_loss_history": 0.5243281010035752,
  "best_train_loss_history": 0.5243281010035752,
  "train_loss_reduction": 0.27433855689116016,
  "weight_norm": 34.75318223015019,
  "trace_s": 34.75318223015018,
  "top_eigenvalue": 21.78388428979622,
  "min_eigenvalue": 1.4410417855048304e-12,
  "R1": 0.6268169673077474,
  "effective_rank": 3.3074682768683608,
  "config_suffix": "cov_toeplitz_bump_mask_random_rho_0p5_lambda_1e-05_beta_1_d_100_T_5_lr_0p001_iter_5000_ntrain_40_seed_42"
}