{
  "alpha": 3.0,
  "seed": 0,
  "n_train": 7500,
  "n_population": 5000,
  "train_loss": 0.8484647523176969,
  "population_risk": 0.847274551895215,
  "bayes_population_risk": 0.675,
  "empirical_bayes_risk": 0.67302363444799,
  "weight_norm": 0.004420595469778039,
  "trace_s": 0.00442059546977804,
  "top_eigenvalue": 0.00043145446053802705,
  "R1": 0.09760098237617988
}