{
  "alpha": null,
  "seed": 42,
  "n_train": 10,
  "n_population": 5000,
  "train_loss": 0.9339527149096382,
  "population_risk": 1.287755670084347,
  "bayes_population_risk": 0.8423761467889908,
  "empirical_bayes_risk": 0.9102453871228495,
  "generalization_gap": 0.35380295517470894,
  "excess_population_risk": 0.44537952329535635,
  "runtime_seconds": 23.064997136592865,
  "runtime_per_step_seconds": 0.023064997136592866,
  "initial_objective": 1.085562076206395,
  "final_objective": 0.9480500511805424,
  "best_objective": 0.9480500511805424,
  "objective_reduction": 0.1375120250258527,
  "initial_train_loss_history": 1.0843549269711112,
  "final_train_loss_history": 0.9339527149096382,
  "best_train_loss_history": 0.9339527149096382,
  "train_loss_reduction": 0.15040221206147308,
  "weight_norm": 14.079102428224305,
  "trace_s": 14.079102428224306,
  "top_eigenvalue": 12.729543048561197,
  "min_eigenvalue": 3.5874843812885713e-10,
  "R1": 0.9041445016439648
}