{
  "alpha": null,
  "seed": 42,
  "n_train": 2000,
  "n_population": 5000,
  "train_loss": 0.9777882742997428,
  "population_risk": 0.9731454812577663,
  "bayes_population_risk": 0.45666666666666667,
  "empirical_bayes_risk": 0.459392781336547,
  "generalization_gap": -0.004642793041976456,
  "excess_population_risk": 0.5164788145910997,
  "runtime_seconds": 38.98577192239463,
  "runtime_per_step_seconds": 0.038985771922394635,
  "initial_objective": 0.9840910538065273,
  "final_objective": 0.9787266926899574,
  "best_objective": 0.9787266879951023,
  "objective_reduction": 0.0053643611165699046,
  "initial_train_loss_history": 0.9774435482566493,
  "final_train_loss_history": 0.9777882742997428,
  "best_train_loss_history": 0.9768541017774778,
  "train_loss_reduction": -0.00034472604309354615,
  "weight_norm": 0.1876864893747058,
  "trace_s": 0.18768648937470578,
  "top_eigenvalue": 0.18768645663021766,
  "min_eigenvalue": -3.981973374798453e-18,
  "R1": 0.9999998255362531
}