{
  "alpha": null,
  "seed": 42,
  "n_train": 2000,
  "n_population": 5000,
  "train_loss": 1.0881773848864682,
  "population_risk": 1.0805477501004905,
  "bayes_population_risk": 0.8556104261592068,
  "empirical_bayes_risk": 0.8540601397854243,
  "generalization_gap": -0.007629634785977668,
  "excess_population_risk": 0.22493732394128374,
  "runtime_seconds": 23.35753670707345,
  "runtime_per_step_seconds": 0.02335753670707345,
  "initial_objective": 1.0936693674266103,
  "final_objective": 1.088205909875285,
  "best_objective": 1.088205909875285,
  "objective_reduction": 0.005463457551325268,
  "initial_train_loss_history": 1.0883114473909123,
  "final_train_loss_history": 1.0881773848864682,
  "best_train_loss_history": 1.0862422403156093,
  "train_loss_reduction": 0.00013406250444414347,
  "weight_norm": 0.005698516565552153,
  "trace_s": 0.005698516565552154,
  "top_eigenvalue": 0.0013538509821846639,
  "min_eigenvalue": 6.706583748596173e-14,
  "R1": 0.23757954664355402
}