{
  "alpha": null,
  "seed": 42,
  "n_train": 50,
  "n_population": 5000,
  "train_loss": 0.1942255715433108,
  "population_risk": 0.5903368608964876,
  "bayes_population_risk": 0.06837077148121563,
  "empirical_bayes_risk": 0.0685440904266314,
  "generalization_gap": 0.39611128935317685,
  "excess_population_risk": 0.521966089415272,
  "runtime_seconds": 37.912310015410185,
  "runtime_per_step_seconds": 0.007582462003082037,
  "initial_objective": 0.29252370145324447,
  "final_objective": 0.2122447213270443,
  "best_objective": 0.2122447213270443,
  "objective_reduction": 0.08027898012620016,
  "initial_train_loss_history": 0.29177185818700246,
  "final_train_loss_history": 0.1942255715433108,
  "best_train_loss_history": 0.1942255715433108,
  "train_loss_reduction": 0.09754628664369167,
  "weight_norm": 36.03824452822369,
  "trace_s": 36.03824452822369,
  "top_eigenvalue": 22.454134584242425,
  "min_eigenvalue": 1.182056491631038e-10,
  "R1": 0.6230640498223287,
  "effective_rank": 3.1845622985677604,
  "config_suffix": "cov_circulant_ar1_mask_random_rho_0p9_lambda_1e-05_beta_1_d_50_T_10_lr_0p001_iter_5000_ntrain_50_seed_42"
}