{
  "alpha": null,
  "seed": 42,
  "n_train": 250,
  "n_population": 5000,
  "train_loss": 0.5037749325328854,
  "population_risk": 0.5673272173740769,
  "bayes_population_risk": 0.1214410313285021,
  "empirical_bayes_risk": 0.12037961800370285,
  "generalization_gap": 0.06355228484119146,
  "excess_population_risk": 0.4458861860455748,
  "runtime_seconds": 34.133012399077415,
  "runtime_per_step_seconds": 0.006826602479815483,
  "initial_objective": 0.5690165829896462,
  "final_objective": 0.5076510216311528,
  "best_objective": 0.5076510216311528,
  "objective_reduction": 0.06136556135849336,
  "initial_train_loss_history": 0.568061076659682,
  "final_train_loss_history": 0.5037749325328854,
  "best_train_loss_history": 0.5037749325328854,
  "train_loss_reduction": 0.06428614412679656,
  "weight_norm": 15.504061880719396,
  "trace_s": 15.504061880719393,
  "top_eigenvalue": 4.176348830976002,
  "min_eigenvalue": 1.6507277435026158e-08,
  "R1": 0.26937126948452406,
  "effective_rank": 6.17849853063561,
  "config_suffix": "cov_toeplitz_bump_mask_random_rho_0p7_lambda_1e-05_beta_1_d_25_T_5_lr_0p001_iter_5000_ntrain_250_seed_42"
}