{
  "alpha": null,
  "seed": 42,
  "n_train": 5000,
  "n_population": 5000,
  "train_loss": 1.0196720183924797,
  "population_risk": 1.0180115116396244,
  "bayes_population_risk": 1.0,
  "empirical_bayes_risk": 0.9973758361886327,
  "generalization_gap": -0.0016605067528552286,
  "excess_population_risk": 0.018011511639624445,
  "runtime_seconds": 2693.1144265830517,
  "runtime_per_step_seconds": 0.5386228853166103,
  "initial_objective": 1.0206951760061485,
  "final_objective": 1.019672381106674,
  "best_objective": 1.0196723811066737,
  "objective_reduction": 0.001022794899474544,
  "initial_train_loss_history": 1.0197073778460615,
  "final_train_loss_history": 1.0196720183924797,
  "best_train_loss_history": 1.0196613010586113,
  "train_loss_reduction": 3.535945358179582e-05,
  "weight_norm": 0.00036271419408063664,
  "trace_s": 0.0003627141940806367,
  "top_eigenvalue": 0.0003627141940805003,
  "min_eigenvalue": -1.511887943701125e-20,
  "R1": 0.9999999999996244,
  "effective_rank": 1.0,
  "config_suffix": "cov_identity_mask_random_rho_NA_lambda_1e-05_beta_1_d_100_T_50_lr_0p001_iter_5000_ntrain_5000_seed_42"
}