{
  "alpha": null,
  "seed": 42,
  "n_train": 125,
  "n_population": 5000,
  "train_loss": 0.5329141150967005,
  "population_risk": 0.5995027866230839,
  "bayes_population_risk": 0.1214410313285021,
  "empirical_bayes_risk": 0.12168997553048067,
  "generalization_gap": 0.06658867152638337,
  "excess_population_risk": 0.4780617552945818,
  "runtime_seconds": 30.364638302475214,
  "runtime_per_step_seconds": 0.006072927660495043,
  "initial_objective": 0.6100741874889617,
  "final_objective": 0.537696654138717,
  "best_objective": 0.537696654138717,
  "objective_reduction": 0.07237753335024466,
  "initial_train_loss_history": 0.6094094393185531,
  "final_train_loss_history": 0.5329141150967005,
  "best_train_loss_history": 0.5329141150967005,
  "train_loss_reduction": 0.07649532422185257,
  "weight_norm": 19.12976309766917,
  "trace_s": 19.12976309766917,
  "top_eigenvalue": 6.8766792674421335,
  "min_eigenvalue": 3.144386366472496e-09,
  "R1": 0.3594754013592574,
  "effective_rank": 5.575854353132389,
  "config_suffix": "cov_toeplitz_bump_mask_random_rho_0p7_lambda_1e-05_beta_1_d_25_T_5_lr_0p001_iter_5000_ntrain_125_seed_42"
}