{
  "alpha": null,
  "seed": 42,
  "n_train": 10,
  "n_population": 5000,
  "train_loss": 0.8934591969029494,
  "population_risk": 1.3527443515402213,
  "bayes_population_risk": 0.8649174311926606,
  "empirical_bayes_risk": 0.8673961771058454,
  "generalization_gap": 0.45928515463727193,
  "excess_population_risk": 0.4878269203475607,
  "runtime_seconds": 42.923219146206975,
  "runtime_per_step_seconds": 0.004292321914620698,
  "initial_objective": 1.0717384232151497,
  "final_objective": 0.9004347404491575,
  "best_objective": 0.9004347404491575,
  "objective_reduction": 0.17130368276599217,
  "initial_train_loss_history": 1.070756506849047,
  "final_train_loss_history": 0.8934591969029494,
  "best_train_loss_history": 0.8934590784184323,
  "train_loss_reduction": 0.1772973099460976,
  "weight_norm": 13.951086405311953,
  "trace_s": 13.951086405311953,
  "top_eigenvalue": 9.46733331175455,
  "min_eigenvalue": -1.7830031122711892e-16,
  "R1": 0.6786090370818585
}