{
  "alpha": null,
  "seed": 42,
  "n_train": 750,
  "n_population": 5000,
  "train_loss": 0.8021371381896722,
  "population_risk": 0.8138790877371853,
  "bayes_population_risk": 0.24553354982376377,
  "empirical_bayes_risk": 0.24567449822935777,
  "generalization_gap": 0.011741949547513064,
  "excess_population_risk": 0.5683455379134216,
  "runtime_seconds": 101.9106734097004,
  "runtime_per_step_seconds": 0.02038213468194008,
  "initial_objective": 0.8136991045886722,
  "final_objective": 0.803541346088644,
  "best_objective": 0.803541346088644,
  "objective_reduction": 0.010157758500028202,
  "initial_train_loss_history": 0.8133354917209968,
  "final_train_loss_history": 0.8021371381896722,
  "best_train_loss_history": 0.8021371381896722,
  "train_loss_reduction": 0.01119835353132459,
  "weight_norm": 5.616830319937641,
  "trace_s": 5.61683031993764,
  "top_eigenvalue": 1.9926361465152629,
  "min_eigenvalue": 5.66562210547307e-14,
  "R1": 0.35476167749667487,
  "effective_rank": 4.268178054607198,
  "config_suffix": "cov_matern_mask_random_rho_NA_lambda_1e-05_beta_1_d_25_T_10_lr_0p001_iter_5000_ntrain_750_seed_42"
}