{
  "alpha": 3.0,
  "seed": 0,
  "n_train": 7500,
  "n_population": 5000,
  "train_loss": 1.0915928330324902,
  "population_risk": 1.08998043336443,
  "bayes_population_risk": 0.9310364973015884,
  "empirical_bayes_risk": 0.9299296826426539,
  "weight_norm": 0.17911676437002366,
  "trace_s": 0.17911676437002363,
  "top_eigenvalue": 0.025059099906434866,
  "R1": 0.13990371026727114
}