{
  "alpha": null,
  "seed": 42,
  "n_train": 5000,
  "n_population": 5000,
  "train_loss": 0.32764891555618875,
  "population_risk": 0.33640369291634326,
  "bayes_population_risk": 0.07006953088198194,
  "empirical_bayes_risk": 0.0709497729230106,
  "generalization_gap": 0.008754777360154509,
  "excess_population_risk": 0.26633416203436133,
  "runtime_seconds": 147.12563545256853,
  "runtime_per_step_seconds": 0.029425127090513706,
  "initial_objective": 0.3768533005008463,
  "final_objective": 0.3405885143712215,
  "best_objective": 0.3405885143712215,
  "objective_reduction": 0.036264786129624804,
  "initial_train_loss_history": 0.3746561241262021,
  "final_train_loss_history": 0.32764891555618875,
  "best_train_loss_history": 0.32764891555618875,
  "train_loss_reduction": 0.04700720857001334,
  "weight_norm": 12.939594201156142,
  "trace_s": 12.939594201156147,
  "top_eigenvalue": 1.6107172968611772,
  "min_eigenvalue": 3.1351553679847515e-14,
  "R1": 0.12447973806761733,
  "effective_rank": 21.36914044178744,
  "config_suffix": "cov_matern_mask_random_rho_NA_lambda_1e-05_beta_1_d_100_T_5_lr_0p001_iter_5000_ntrain_5000_seed_42",
  "ridge_lambda": 0.01,
  "ridge_train_loss": 0.07050831456250005,
  "ridge_population_risk": 0.07100429872990845,
  "ridge_generalization_gap": 0.0004959841674083976,
  "ridge_excess_population_risk": 0.0009347678479265098,
  "pca_n_components": 75,
  "pca_train_loss": 0.44207233899982795,
  "pca_population_risk": 0.48885343976103013,
  "pca_generalization_gap": 0.04678110076120218,
  "pca_excess_population_risk": 0.4187839088790482
}