{
  "alpha": null,
  "seed": 42,
  "n_train": 175,
  "n_population": 5000,
  "train_loss": 0.7029184049737441,
  "population_risk": 0.8742956420999272,
  "bayes_population_risk": 0.48757509716865854,
  "empirical_bayes_risk": 0.4877872352874733,
  "generalization_gap": 0.17137723712618302,
  "excess_population_risk": 0.3867205449312686,
  "runtime_seconds": 58.90020857192576,
  "runtime_per_step_seconds": 0.011780041714385152,
  "initial_objective": 0.7969320457251124,
  "final_objective": 0.7220296056901591,
  "best_objective": 0.7220296056901591,
  "objective_reduction": 0.07490244003495339,
  "initial_train_loss_history": 0.7953829259282846,
  "final_train_loss_history": 0.7029184049737441,
  "best_train_loss_history": 0.7029184049737441,
  "train_loss_reduction": 0.0924645209545405,
  "weight_norm": 19.111191705980694,
  "trace_s": 19.111191705980694,
  "top_eigenvalue": 6.72125135213329,
  "min_eigenvalue": 2.976321444371231e-13,
  "R1": 0.35169190155891383,
  "effective_rank": 5.912419627155992,
  "config_suffix": "cov_toeplitz_bump_mask_random_rho_0p5_lambda_1e-05_beta_1_d_100_T_5_lr_0p001_iter_5000_ntrain_175_seed_42"
}