{
  "alpha": null,
  "seed": 42,
  "n_train": 5000,
  "n_population": 5000,
  "train_loss": 1.096524728660829,
  "population_risk": 1.0894288359475597,
  "bayes_population_risk": 0.9378461538461538,
  "empirical_bayes_risk": 0.937999909140587,
  "generalization_gap": -0.0070958927132693805,
  "excess_population_risk": 0.1515826821014059,
  "runtime_seconds": 557.1515374239534,
  "runtime_per_step_seconds": 0.05571515374239534,
  "initial_objective": 1.0992797264416574,
  "final_objective": 1.09730906195253,
  "best_objective": 1.0973087212393087,
  "objective_reduction": 0.001970664489127305,
  "initial_train_loss_history": 1.0978995827626472,
  "final_train_loss_history": 1.096524728660829,
  "best_train_loss_history": 1.096524245688678,
  "train_loss_reduction": 0.001374854101818146,
  "weight_norm": 1.568497366518435,
  "trace_s": 1.5684973665184347,
  "top_eigenvalue": 0.42926099270003926,
  "min_eigenvalue": 2.519439382229224e-17,
  "R1": 0.2736765785286985
}