{
  "alpha": null,
  "seed": 42,
  "n_train": 1000,
  "n_population": 5000,
  "train_loss": 0.3211312917321656,
  "population_risk": 0.33328549821209896,
  "bayes_population_risk": 0.13898342541436456,
  "empirical_bayes_risk": 0.19022908070127287,
  "generalization_gap": 0.012154206479933372,
  "excess_population_risk": 0.1943020727977344,
  "runtime_seconds": 90.69130485504866,
  "runtime_per_step_seconds": 0.009069130485504865,
  "initial_objective": 0.3630130717096363,
  "final_objective": 0.32805078626564277,
  "best_objective": 0.32805078626564277,
  "objective_reduction": 0.034962285443993546,
  "initial_train_loss_history": 0.3617915583800558,
  "final_train_loss_history": 0.3211312917321656,
  "best_train_loss_history": 0.32113117526074836,
  "train_loss_reduction": 0.040660266647890186,
  "weight_norm": 13.838989059967334,
  "trace_s": 13.838989059967336,
  "top_eigenvalue": 3.729911443672819,
  "min_eigenvalue": -6.754392385532251e-17,
  "R1": 0.26952195911929
}