{
  "alpha": 2.0,
  "seed": 0,
  "n_train": 5000,
  "n_population": 5000,
  "train_loss": 0.8463172796121132,
  "population_risk": 0.8463166618499683,
  "bayes_population_risk": 0.66,
  "empirical_bayes_risk": 0.6601247920553202,
  "generalization_gap": -6.177621448832937e-07,
  "excess_population_risk": 0.1863166618499683,
  "runtime_seconds": 80.45282845798647,
  "runtime_per_step_seconds": 0.08045282845798647,
  "initial_objective": 0.8651894845625359,
  "final_objective": 0.8467698868389424,
  "best_objective": 0.8467698868389424,
  "objective_reduction": 0.018419597723593473,
  "initial_train_loss_history": 0.8520116884691459,
  "final_train_loss_history": 0.8463172796121132,
  "best_train_loss_history": 0.8463172796121132,
  "train_loss_reduction": 0.005694408857032651,
  "weight_norm": 0.9052091578681979,
  "trace_s": 0.9052091578681978,
  "top_eigenvalue": 0.1506715859011574,
  "min_eigenvalue": 2.399029222337451e-16,
  "R1": 0.1664494714746311
}