{
  "alpha": null,
  "seed": 42,
  "n_train": 10000,
  "n_population": 5000,
  "train_loss": 1.1124755388662952,
  "population_risk": 1.1089174903684542,
  "bayes_population_risk": 0.9339407664588757,
  "empirical_bayes_risk": 0.934017982317851,
  "generalization_gap": -0.0035580484978410265,
  "excess_population_risk": 0.17497672390957852,
  "runtime_seconds": 93.54361318796873,
  "runtime_per_step_seconds": 0.09354361318796874,
  "initial_objective": 1.118090096835036,
  "final_objective": 1.1124755367010113,
  "best_objective": 1.112475532047456,
  "objective_reduction": 0.005614560134024726,
  "initial_train_loss_history": 1.1122239410870602,
  "final_train_loss_history": 1.1124755388662952,
  "best_train_loss_history": 1.111957128853874,
  "train_loss_reduction": -0.00025159777923500215,
  "weight_norm": 9.739822657640398e-08,
  "trace_s": 9.7398226576404e-08,
  "top_eigenvalue": 9.454433914348838e-08,
  "min_eigenvalue": -2.01231487748235e-23,
  "R1": 0.970698774164262
}