{
  "alpha": null,
  "seed": 42,
  "n_train": 10,
  "n_population": 5000,
  "train_loss": 0.9496108131441632,
  "population_risk": 1.4787224437096227,
  "bayes_population_risk": 1.0,
  "empirical_bayes_risk": 1.0022838852467642,
  "generalization_gap": 0.5291116305654595,
  "excess_population_risk": 0.4787224437096227,
  "runtime_seconds": 51.79829843528569,
  "runtime_per_step_seconds": 0.010359659687057137,
  "initial_objective": 1.0839442810440312,
  "final_objective": 0.9719496534110104,
  "best_objective": 0.9719496534110104,
  "objective_reduction": 0.11199462763302082,
  "initial_train_loss_history": 1.0827838827950156,
  "final_train_loss_history": 0.9496108131441632,
  "best_train_loss_history": 0.9496108131441632,
  "train_loss_reduction": 0.1331730696508524,
  "weight_norm": 22.338840242225285,
  "trace_s": 22.338840242225277,
  "top_eigenvalue": 22.338831365517404,
  "min_eigenvalue": -7.98244889065763e-17,
  "R1": 0.9999996026334507,
  "effective_rank": 1.0000068331333678,
  "config_suffix": "cov_identity_mask_random_rho_NA_lambda_1e-05_beta_1_d_100_T_50_lr_0p001_iter_5000_ntrain_10_seed_42",
  "ridge_lambda": 0.01,
  "ridge_train_loss": 9.568425032947809e-08,
  "ridge_population_risk": 1.2658778287862316,
  "ridge_generalization_gap": 1.2658777331019813,
  "ridge_excess_population_risk": 0.26587782878623156,
  "pca_n_components": 75,
  "pca_train_loss": 1.0034837228282167e-16,
  "pca_population_risk": 1.107291900117552,
  "pca_generalization_gap": 1.107291900117552,
  "pca_excess_population_risk": 0.10729190011755207
}