{
  "alpha": null,
  "seed": 42,
  "n_train": 40,
  "n_population": 5000,
  "train_loss": 0.6729371397544939,
  "population_risk": 1.1665342186146177,
  "bayes_population_risk": 0.48757509716865854,
  "empirical_bayes_risk": 0.4825739653110326,
  "generalization_gap": 0.49359707886012383,
  "excess_population_risk": 0.6789591214459592,
  "runtime_seconds": 28.397755874320865,
  "runtime_per_step_seconds": 0.005679551174864173,
  "initial_objective": 0.8527069930083796,
  "final_objective": 0.6837639345209291,
  "best_objective": 0.6837639345209291,
  "objective_reduction": 0.1689430584874505,
  "initial_train_loss_history": 0.8522258844192923,
  "final_train_loss_history": 0.6729371397544939,
  "best_train_loss_history": 0.6729371397544939,
  "train_loss_reduction": 0.17928874466479838,
  "weight_norm": 43.30589525636193,
  "trace_s": 43.305895256361936,
  "top_eigenvalue": 28.115927452042783,
  "min_eigenvalue": 2.0241634733232934e-09,
  "R1": 0.6492401850972556,
  "effective_rank": 3.083052713160719,
  "config_suffix": "cov_toeplitz_bump_mask_random_rho_0p5_lambda_1e-05_beta_1_d_25_T_5_lr_0p001_iter_5000_ntrain_40_seed_42"
}