{
  "alpha": null,
  "seed": 42,
  "n_train": 250,
  "n_population": 5000,
  "train_loss": 0.7584367781482682,
  "population_risk": 0.8212083806959312,
  "bayes_population_risk": 0.48757509716865854,
  "empirical_bayes_risk": 0.4850081272126472,
  "generalization_gap": 0.06277160254766301,
  "excess_population_risk": 0.3336332835272726,
  "runtime_seconds": 35.36025828495622,
  "runtime_per_step_seconds": 0.007072051656991244,
  "initial_objective": 0.8002621666021694,
  "final_objective": 0.7609274703308524,
  "best_objective": 0.7609274703308524,
  "objective_reduction": 0.03933469627131703,
  "initial_train_loss_history": 0.7995141708924528,
  "final_train_loss_history": 0.7584367781482682,
  "best_train_loss_history": 0.7584367781482682,
  "train_loss_reduction": 0.04107739274418465,
  "weight_norm": 9.962742485108548,
  "trace_s": 9.962742485108548,
  "top_eigenvalue": 3.4632559990640153,
  "min_eigenvalue": 5.057534405334494e-13,
  "R1": 0.34762074842751306,
  "effective_rank": 4.78018581310084,
  "config_suffix": "cov_toeplitz_bump_mask_random_rho_0p5_lambda_1e-05_beta_1_d_25_T_5_lr_0p001_iter_5000_ntrain_250_seed_42"
}