{
  "alpha": null,
  "seed": 42,
  "n_train": 20,
  "n_population": 5000,
  "train_loss": 0.02802490490480883,
  "population_risk": 1.7371020757546096,
  "bayes_population_risk": 0.011034997727387535,
  "empirical_bayes_risk": 0.010984428418573954,
  "generalization_gap": 1.7090771708498007,
  "excess_population_risk": 1.726067078027222,
  "runtime_seconds": 39.677541544660926,
  "runtime_per_step_seconds": 0.007935508308932184,
  "initial_objective": 0.08075602230023257,
  "final_objective": 0.04971918606824251,
  "best_objective": 0.04971914557824684,
  "objective_reduction": 0.031036836231990064,
  "initial_train_loss_history": 0.0785827991876256,
  "final_train_loss_history": 0.02802490490480883,
  "best_train_loss_history": 0.028012838252401008,
  "train_loss_reduction": 0.050557894282816776,
  "weight_norm": 10.847128184364657,
  "trace_s": 10.84712818436466,
  "top_eigenvalue": 9.429898001261563,
  "min_eigenvalue": 2.6247587322930655e-17,
  "R1": 0.869345124440778,
  "effective_rank": 1.5784058111746748,
  "config_suffix": "cov_toeplitz_mask_random_rho_0p99_lambda_1e-05_beta_1_d_200_T_20_lr_0p001_iter_5000_ntrain_20_seed_42",
  "ridge_lambda": 0.01,
  "ridge_train_loss": 0.001434769538504586,
  "ridge_population_risk": 0.034933367189129365,
  "ridge_generalization_gap": 0.03349859765062478,
  "ridge_excess_population_risk": 0.023898369461741828,
  "pca_n_components": 75,
  "pca_train_loss": 1.0507023115795043e-16,
  "pca_population_risk": 0.9721167668452918,
  "pca_generalization_gap": 0.9721167668452917,
  "pca_excess_population_risk": 0.9610817691179042
}