{
  "alpha": null,
  "seed": 42,
  "n_train": 200,
  "n_population": 5000,
  "train_loss": 0.9583098645829332,
  "population_risk": 1.0116076278500359,
  "bayes_population_risk": 0.45666666666666667,
  "empirical_bayes_risk": 0.45820503805107565,
  "generalization_gap": 0.05329776326710267,
  "excess_population_risk": 0.5549409611833692,
  "runtime_seconds": 25.73520640283823,
  "runtime_per_step_seconds": 0.005147041280567646,
  "initial_objective": 0.9959902455231617,
  "final_objective": 0.9601953719494475,
  "best_objective": 0.9601953719494475,
  "objective_reduction": 0.03579487357371425,
  "initial_train_loss_history": 0.9954054075831471,
  "final_train_loss_history": 0.9583098645829332,
  "best_train_loss_history": 0.9583098645829332,
  "train_loss_reduction": 0.03709554300021389,
  "weight_norm": 7.5420195501749605,
  "trace_s": 7.54201955017496,
  "top_eigenvalue": 2.723176987488455,
  "min_eigenvalue": 3.5241755017701732e-12,
  "R1": 0.3610673466664883,
  "effective_rank": 4.093257880714853,
  "config_suffix": "cov_tridiagonal_mask_random_rho_0p5_lambda_1e-05_beta_1_d_25_T_5_lr_0p001_iter_5000_ntrain_200_seed_42"
}