{
  "alpha": null,
  "seed": 42,
  "n_train": 5000,
  "n_population": 5000,
  "train_loss": 0.9705245987016821,
  "population_risk": 0.9777073297160456,
  "bayes_population_risk": 0.8028223802788139,
  "empirical_bayes_risk": 0.8065336190700183,
  "generalization_gap": 0.007182731014363508,
  "excess_population_risk": 0.17488494943723165,
  "runtime_seconds": 423.33604921773076,
  "runtime_per_step_seconds": 0.08466720984354616,
  "initial_objective": 0.9782596322947451,
  "final_objective": 0.9721262048715839,
  "best_objective": 0.9721262048715839,
  "objective_reduction": 0.006133427423161253,
  "initial_train_loss_history": 0.977429314227153,
  "final_train_loss_history": 0.9705245987016821,
  "best_train_loss_history": 0.9705245956973914,
  "train_loss_reduction": 0.006904715525470895,
  "weight_norm": 3.2032120246244187,
  "trace_s": 3.203212024624419,
  "top_eigenvalue": 0.651662530010164,
  "min_eigenvalue": 2.1954826816606515e-14,
  "R1": 0.20344033582559132,
  "effective_rank": 8.856072887354784,
  "config_suffix": "cov_exponential_mask_random_rho_NA_lambda_1e-05_beta_1_d_50_T_5_lr_0p001_iter_5000_ntrain_5000_seed_42"
}