{
  "alpha": null,
  "seed": 42,
  "n_train": 200,
  "n_population": 5000,
  "train_loss": 0.8637457196680424,
  "population_risk": 1.0839124092546226,
  "bayes_population_risk": 0.45666666666666667,
  "empirical_bayes_risk": 0.4583458856667457,
  "generalization_gap": 0.22016668958658026,
  "excess_population_risk": 0.627245742587956,
  "runtime_seconds": 19.5795972738415,
  "runtime_per_step_seconds": 0.0039159194547683,
  "initial_objective": 0.9780026028969235,
  "final_objective": 0.8842988560663197,
  "best_objective": 0.8842988560663197,
  "objective_reduction": 0.09370374683060378,
  "initial_train_loss_history": 0.9765792810960747,
  "final_train_loss_history": 0.8637457196680424,
  "best_train_loss_history": 0.8637457196680424,
  "train_loss_reduction": 0.11283356142803236,
  "weight_norm": 20.55312708779556,
  "trace_s": 20.553127087795556,
  "top_eigenvalue": 7.944946389425647,
  "min_eigenvalue": 1.6555408615798874e-13,
  "R1": 0.3865565738725644,
  "effective_rank": 5.579246367752172,
  "config_suffix": "cov_tridiagonal_mask_random_rho_0p5_lambda_1e-05_beta_1_d_100_T_5_lr_0p001_iter_5000_ntrain_200_seed_42",
  "ridge_lambda": 0.01,
  "ridge_train_loss": 0.443693553173552,
  "ridge_population_risk": 0.46749165749057736,
  "ridge_generalization_gap": 0.023798104317025337,
  "ridge_excess_population_risk": 0.010824990823910696,
  "pca_n_components": 75,
  "pca_train_loss": 0.4356320881098455,
  "pca_population_risk": 1.0872392666452753,
  "pca_generalization_gap": 0.6516071785354298,
  "pca_excess_population_risk": 0.6305725999786086
}