{
  "alpha": null,
  "seed": 42,
  "n_train": 50,
  "n_population": 5000,
  "train_loss": 0.6832017385841621,
  "population_risk": 1.4511547811361427,
  "bayes_population_risk": 0.45666666666666667,
  "empirical_bayes_risk": 0.46008807802406027,
  "generalization_gap": 0.7679530425519806,
  "excess_population_risk": 0.994488114469476,
  "runtime_seconds": 37.99637649953365,
  "runtime_per_step_seconds": 0.0075992752999067305,
  "initial_objective": 0.9822971164198163,
  "final_objective": 0.7303888380984523,
  "best_objective": 0.7303888380984523,
  "objective_reduction": 0.251908278321364,
  "initial_train_loss_history": 0.9808333086802403,
  "final_train_loss_history": 0.6832017385841621,
  "best_train_loss_history": 0.6832015527065951,
  "train_loss_reduction": 0.2976315700960782,
  "weight_norm": 47.18731940971196,
  "trace_s": 47.187319409711954,
  "top_eigenvalue": 27.788586175912293,
  "min_eigenvalue": 3.5502185140984443e-13,
  "R1": 0.5888994442475775,
  "effective_rank": 3.3230845729981664,
  "config_suffix": "cov_tridiagonal_mask_random_rho_0p5_lambda_1e-05_beta_1_d_100_T_5_lr_0p001_iter_5000_ntrain_50_seed_42"
}