{
  "alpha": null,
  "seed": 42,
  "n_train": 100,
  "n_population": 5000,
  "train_loss": 1.1008353218998868,
  "population_risk": 1.1125985887254324,
  "bayes_population_risk": 1.0,
  "empirical_bayes_risk": 1.0019117553138601,
  "generalization_gap": 0.011763266825545626,
  "excess_population_risk": 0.11259858872543238,
  "runtime_seconds": 20.015441866591573,
  "runtime_per_step_seconds": 0.004003088373318315,
  "initial_objective": 1.1120191800668393,
  "final_objective": 1.1029461839534194,
  "best_objective": 1.1029461839534194,
  "objective_reduction": 0.00907299611341994,
  "initial_train_loss_history": 1.1114191754935552,
  "final_train_loss_history": 1.1008353218998868,
  "best_train_loss_history": 1.1008353218998868,
  "train_loss_reduction": 0.010583853593668424,
  "weight_norm": 4.221724105214008,
  "trace_s": 4.22172410521401,
  "top_eigenvalue": 1.493618034856436,
  "min_eigenvalue": 1.1097521995415672e-17,
  "R1": 0.3537933786368831,
  "effective_rank": 3.7035225585621974,
  "config_suffix": "cov_identity_mask_random_rho_NA_lambda_1e-05_beta_1_d_50_T_10_lr_0p001_iter_5000_ntrain_100_seed_42",
  "ridge_lambda": 0.01,
  "ridge_train_loss": 0.8962789449098818,
  "ridge_population_risk": 1.1042593183958496,
  "ridge_generalization_gap": 0.20798037348596776,
  "ridge_excess_population_risk": 0.10425931839584957,
  "pca_n_components": 75,
  "pca_train_loss": 0.1658466547466585,
  "pca_population_risk": 1.2192645098268047,
  "pca_generalization_gap": 1.0534178550801463,
  "pca_excess_population_risk": 0.21926450982680468
}