{
  "alpha": null,
  "seed": 42,
  "n_train": 90,
  "n_population": 5000,
  "train_loss": 1.164503716490485,
  "population_risk": 1.217474384091189,
  "bayes_population_risk": 1.0,
  "empirical_bayes_risk": 1.0005718564710295,
  "generalization_gap": 0.05297066760070401,
  "excess_population_risk": 0.21747438409118902,
  "runtime_seconds": 43.02948098257184,
  "runtime_per_step_seconds": 0.008605896196514367,
  "initial_objective": 1.1842601355584723,
  "final_objective": 1.1694853358429715,
  "best_objective": 1.1694853358429715,
  "objective_reduction": 0.014774799715500775,
  "initial_train_loss_history": 1.1831891606123006,
  "final_train_loss_history": 1.164503716490485,
  "best_train_loss_history": 1.1645031000724748,
  "train_loss_reduction": 0.01868544412181561,
  "weight_norm": 4.981619348323863,
  "trace_s": 4.981619348323863,
  "top_eigenvalue": 1.6800904787788837,
  "min_eigenvalue": -9.683297123065758e-18,
  "R1": 0.3372578997518495,
  "effective_rank": 4.06662967963257,
  "config_suffix": "cov_identity_mask_random_rho_NA_lambda_1e-05_beta_1_d_100_T_5_lr_0p001_iter_5000_ntrain_90_seed_42"
}