{
  "alpha": null,
  "seed": 42,
  "n_train": 50,
  "n_population": 5000,
  "train_loss": 0.7904512857083239,
  "population_risk": 1.4160552387803003,
  "bayes_population_risk": 0.45666666666666667,
  "empirical_bayes_risk": 0.4550313132695796,
  "generalization_gap": 0.6256039530719764,
  "excess_population_risk": 0.9593885721136336,
  "runtime_seconds": 22.511383706703782,
  "runtime_per_step_seconds": 0.0045022767413407565,
  "initial_objective": 0.9745433140523113,
  "final_objective": 0.7998430510607433,
  "best_objective": 0.7998430510607433,
  "objective_reduction": 0.17470026299156804,
  "initial_train_loss_history": 0.97402344920585,
  "final_train_loss_history": 0.7904512857083239,
  "best_train_loss_history": 0.7904512857083239,
  "train_loss_reduction": 0.18357216349752614,
  "weight_norm": 37.56383814823698,
  "trace_s": 37.56383814823698,
  "top_eigenvalue": 15.710113113026477,
  "min_eigenvalue": 6.258734117221768e-08,
  "R1": 0.41822438513950994,
  "effective_rank": 4.50023285237321,
  "config_suffix": "cov_tridiagonal_mask_random_rho_0p5_lambda_1e-05_beta_1_d_25_T_5_lr_0p001_iter_5000_ntrain_50_seed_42"
}