{
  "alpha": null,
  "seed": 42,
  "n_train": 100,
  "n_population": 5000,
  "train_loss": 0.9091669807984804,
  "population_risk": 1.0392552898504386,
  "bayes_population_risk": 0.45666666666666667,
  "empirical_bayes_risk": 0.46079632755546246,
  "generalization_gap": 0.13008830905195823,
  "excess_population_risk": 0.5825886231837719,
  "runtime_seconds": 30.434641463682055,
  "runtime_per_step_seconds": 0.030434641463682056,
  "initial_objective": 1.0113689009905145,
  "final_objective": 0.9460889548280482,
  "best_objective": 0.9460889548280482,
  "objective_reduction": 0.06527994616246624,
  "initial_train_loss_history": 1.0033308967152172,
  "final_train_loss_history": 0.9091669807984804,
  "best_train_loss_history": 0.9091669807984804,
  "train_loss_reduction": 0.0941639159167369,
  "weight_norm": 7.384394803007277,
  "trace_s": 7.384394803007277,
  "top_eigenvalue": 4.81923196357513,
  "min_eigenvalue": -3.2593738929012306e-17,
  "R1": 0.6526238225524599
}