{
  "alpha": null,
  "seed": 42,
  "n_train": 40,
  "n_population": 5000,
  "train_loss": 0.17367626335899264,
  "population_risk": 0.9766776918049626,
  "bayes_population_risk": 0.1134751381215469,
  "empirical_bayes_risk": 0.11369318781617581,
  "generalization_gap": 0.8030014284459699,
  "excess_population_risk": 0.8632025536834157,
  "runtime_seconds": 32.248672215268016,
  "runtime_per_step_seconds": 0.006449734443053603,
  "initial_objective": 0.4754647678023478,
  "final_objective": 0.21753604494247716,
  "best_objective": 0.21753604494247716,
  "objective_reduction": 0.2579287228598707,
  "initial_train_loss_history": 0.47414828788976743,
  "final_train_loss_history": 0.17367626335899264,
  "best_train_loss_history": 0.17367626335899264,
  "train_loss_reduction": 0.3004720245307748,
  "weight_norm": 43.85952782821714,
  "trace_s": 43.859527828217146,
  "top_eigenvalue": 31.349157450194618,
  "min_eigenvalue": 6.627664201935456e-12,
  "R1": 0.7147627665527682,
  "effective_rank": 2.747051833416171,
  "config_suffix": "cov_toeplitz_mask_random_rho_0p9_lambda_1e-05_beta_1_d_100_T_20_lr_0p001_iter_5000_ntrain_40_seed_42",
  "ridge_lambda": 0.01,
  "ridge_train_loss": 0.05684592492807237,
  "ridge_population_risk": 0.21900276747353692,
  "ridge_generalization_gap": 0.16215684254546456,
  "ridge_excess_population_risk": 0.10552762935199002,
  "pca_n_components": 75,
  "pca_train_loss": 1.1080140747905827e-16,
  "pca_population_risk": 0.9135873006666981,
  "pca_generalization_gap": 0.913587300666698,
  "pca_excess_population_risk": 0.8001121625451513
}