{
  "alpha": null,
  "seed": 42,
  "n_train": 80,
  "n_population": 5000,
  "train_loss": 0.901023180937188,
  "population_risk": 1.017682836744677,
  "bayes_population_risk": 0.8028223802788139,
  "empirical_bayes_risk": 0.801878191919241,
  "generalization_gap": 0.11665965580748905,
  "excess_population_risk": 0.21486045646586316,
  "runtime_seconds": 28.50324222072959,
  "runtime_per_step_seconds": 0.005700648444145918,
  "initial_objective": 0.9617473680870733,
  "final_objective": 0.9085381200832647,
  "best_objective": 0.9085381200832647,
  "objective_reduction": 0.05320924800380855,
  "initial_train_loss_history": 0.9609020096705855,
  "final_train_loss_history": 0.901023180937188,
  "best_train_loss_history": 0.901023180937188,
  "train_loss_reduction": 0.05987882873339745,
  "weight_norm": 15.029808854411238,
  "trace_s": 15.029808854411234,
  "top_eigenvalue": 4.716163577203785,
  "min_eigenvalue": 2.7275359497016934e-10,
  "R1": 0.3137873290929842,
  "effective_rank": 6.151811604461573,
  "config_suffix": "cov_exponential_mask_random_rho_NA_lambda_1e-05_beta_1_d_50_T_5_lr_0p001_iter_5000_ntrain_80_seed_42"
}