{
  "alpha": null,
  "seed": 42,
  "n_train": 1000,
  "n_population": 5000,
  "train_loss": 1.1147587533696106,
  "population_risk": 1.1157147162113348,
  "bayes_population_risk": 0.9339407664588757,
  "empirical_bayes_risk": 0.937473846596269,
  "generalization_gap": 0.0009559628417241672,
  "excess_population_risk": 0.18177394975245909,
  "runtime_seconds": 44.72007418051362,
  "runtime_per_step_seconds": 0.04472007418051362,
  "initial_objective": 1.120509367942457,
  "final_objective": 1.1147587533766041,
  "best_objective": 1.1147587531185195,
  "objective_reduction": 0.005750614565852796,
  "initial_train_loss_history": 1.1146593669007958,
  "final_train_loss_history": 1.1147587533696106,
  "best_train_loss_history": 1.1143340065564389,
  "train_loss_reduction": -9.93864688147994e-05,
  "weight_norm": 4.09444306397504e-09,
  "trace_s": 4.09444306397504e-09,
  "top_eigenvalue": 4.091541237305624e-09,
  "min_eigenvalue": -1.0543310099651934e-24,
  "R1": NaN
}