{
  "alpha": null,
  "seed": 42,
  "n_train": 200,
  "n_population": 5000,
  "train_loss": 0.29665207336004623,
  "population_risk": 0.4362407833144118,
  "bayes_population_risk": 0.13898342541436456,
  "empirical_bayes_risk": 0.19012490304784332,
  "generalization_gap": 0.13958870995436556,
  "excess_population_risk": 0.29725735790004726,
  "runtime_seconds": 28.378786996006966,
  "runtime_per_step_seconds": 0.028378786996006964,
  "initial_objective": 0.3681854376291213,
  "final_objective": 0.3283633163976916,
  "best_objective": 0.3283633163976916,
  "objective_reduction": 0.0398221212314297,
  "initial_train_loss_history": 0.3646761184298276,
  "final_train_loss_history": 0.29665207336004623,
  "best_train_loss_history": 0.29665207336004623,
  "train_loss_reduction": 0.06802404506978138,
  "weight_norm": 15.85359975192177,
  "trace_s": 15.853599751921772,
  "top_eigenvalue": 7.259239295254027,
  "min_eigenvalue": 8.67946275052236e-12,
  "R1": 0.4578921764676229
}