{
  "alpha": null,
  "seed": 42,
  "n_train": 20,
  "n_population": 5000,
  "train_loss": 0.12378444862368845,
  "population_risk": 1.0224881651117008,
  "bayes_population_risk": 0.07006953088198194,
  "empirical_bayes_risk": 0.07068133181017967,
  "generalization_gap": 0.8987037164880124,
  "excess_population_risk": 0.9524186342297188,
  "runtime_seconds": 17.12965662404895,
  "runtime_per_step_seconds": 0.00342593132480979,
  "initial_objective": 0.36796060092598987,
  "final_objective": 0.13783535346584352,
  "best_objective": 0.13783535346584352,
  "objective_reduction": 0.23012524746014634,
  "initial_train_loss_history": 0.36716722303178,
  "final_train_loss_history": 0.12378444862368845,
  "best_train_loss_history": 0.12378444862368845,
  "train_loss_reduction": 0.24338277440809156,
  "weight_norm": 56.19919714176734,
  "trace_s": 56.19919714176734,
  "top_eigenvalue": 36.09874520074284,
  "min_eigenvalue": 2.1307499386167525e-06,
  "R1": 0.6423356032948412,
  "effective_rank": 3.4269052178913975,
  "config_suffix": "cov_matern_mask_random_rho_NA_lambda_1e-05_beta_1_d_25_T_5_lr_0p001_iter_5000_ntrain_20_seed_42",
  "ridge_lambda": 0.01,
  "ridge_train_loss": 0.05927831413902394,
  "ridge_population_risk": 0.08941586899805844,
  "ridge_generalization_gap": 0.0301375548590345,
  "ridge_excess_population_risk": 0.0193463381160765,
  "pca_n_components": 62,
  "pca_train_loss": 2.370719746255479e-16,
  "pca_population_risk": 0.7373360644043007,
  "pca_generalization_gap": 0.7373360644043004,
  "pca_excess_population_risk": 0.6672665335223187
}