{
  "alpha": null,
  "seed": 42,
  "n_train": 1000,
  "n_population": 5000,
  "train_loss": 0.7728468985956474,
  "population_risk": 0.821505409121439,
  "bayes_population_risk": 0.48757509716865854,
  "empirical_bayes_risk": 0.49049323339089423,
  "generalization_gap": 0.04865851052579162,
  "excess_population_risk": 0.33393031195278045,
  "runtime_seconds": 186.14072485640645,
  "runtime_per_step_seconds": 0.03722814497128129,
  "initial_objective": 0.8067654487063641,
  "final_objective": 0.7841862484272436,
  "best_objective": 0.7841862484272436,
  "objective_reduction": 0.022579200279120526,
  "initial_train_loss_history": 0.8052535540073122,
  "final_train_loss_history": 0.7728468985956474,
  "best_train_loss_history": 0.7728446835573575,
  "train_loss_reduction": 0.032406655411664875,
  "weight_norm": 11.33934951353509,
  "trace_s": 11.339349513535092,
  "top_eigenvalue": 3.1418180097422708,
  "min_eigenvalue": 1.3643200927692976e-16,
  "R1": 0.2770721553288462,
  "effective_rank": 8.988705618636985,
  "config_suffix": "cov_toeplitz_bump_mask_random_rho_0p5_lambda_1e-05_beta_1_d_100_T_5_lr_0p001_iter_5000_ntrain_1000_seed_42"
}