{
  "alpha": 3.0,
  "seed": 0,
  "n_train": 7500,
  "n_population": 5000,
  "train_loss": 0.48153120062318,
  "population_risk": 0.4820489339003248,
  "bayes_population_risk": 0.2663414634146341,
  "empirical_bayes_risk": 0.26556661337498516,
  "weight_norm": 0.004498918444621839,
  "trace_s": 0.004498918444621838,
  "top_eigenvalue": 0.0004604490516586497,
  "R1": 0.10234661004115034
}