{
  "alpha": null,
  "seed": 42,
  "n_train": 250,
  "n_population": 5000,
  "train_loss": 0.9644540473636893,
  "population_risk": 1.009138273377389,
  "bayes_population_risk": 0.2928968253968254,
  "empirical_bayes_risk": 0.29727794152513237,
  "generalization_gap": 0.0446842260136997,
  "excess_population_risk": 0.7162414479805637,
  "runtime_seconds": 24.009522227570415,
  "runtime_per_step_seconds": 0.004801904445514083,
  "initial_objective": 0.9825105627290864,
  "final_objective": 0.9673698075742597,
  "best_objective": 0.9673698075742597,
  "objective_reduction": 0.015140755154826713,
  "initial_train_loss_history": 0.9818798711476756,
  "final_train_loss_history": 0.9644540473636893,
  "best_train_loss_history": 0.9644540460218295,
  "train_loss_reduction": 0.017425823783986272,
  "weight_norm": 5.83151936525126,
  "trace_s": 5.8315193652512605,
  "top_eigenvalue": 2.2896655441338707,
  "min_eigenvalue": 7.973753911525602e-15,
  "R1": 0.39263618976856735,
  "effective_rank": 4.075924791063411,
  "config_suffix": "cov_tridiagonal_mask_random_rho_0p5_lambda_1e-05_beta_1_d_50_T_10_lr_0p001_iter_5000_ntrain_250_seed_42",
  "ridge_lambda": 0.01,
  "ridge_train_loss": 0.27484776857501547,
  "ridge_population_risk": 0.30837077454267176,
  "ridge_generalization_gap": 0.03352300596765628,
  "ridge_excess_population_risk": 0.015473949145846377,
  "pca_n_components": 75,
  "pca_train_loss": 0.4944574258046685,
  "pca_population_risk": 1.0711179338154904,
  "pca_generalization_gap": 0.5766605080108218,
  "pca_excess_population_risk": 0.778221108418665
}