{
  "alpha": null,
  "seed": 42,
  "n_train": 400,
  "n_population": 5000,
  "train_loss": 0.31069678380464055,
  "population_risk": 0.345426366579745,
  "bayes_population_risk": 0.18999999999999984,
  "empirical_bayes_risk": 0.19033422829506644,
  "generalization_gap": 0.03472958277510446,
  "excess_population_risk": 0.15542636657974518,
  "runtime_seconds": 62.82070758379996,
  "runtime_per_step_seconds": 0.006282070758379996,
  "initial_objective": 0.3654071384742317,
  "final_objective": 0.32103061792579035,
  "best_objective": 0.32103061792579035,
  "objective_reduction": 0.04437652054844132,
  "initial_train_loss_history": 0.3641608676736196,
  "final_train_loss_history": 0.31069678380464055,
  "best_train_loss_history": 0.3106962683571714,
  "train_loss_reduction": 0.05346408386897905,
  "weight_norm": 20.667668219338367,
  "trace_s": 20.667668219338363,
  "top_eigenvalue": 8.403207814532472,
  "min_eigenvalue": 1.522157754503677e-16,
  "R1": 0.4065871256182514,
  "config_suffix": "cov_toeplitz_mask_last_rho_0p9_lambda_1e-05_beta_1_d_50_T_5_lr_0p001_iter_10000_ntrain_400_seed_42"
}