{
  "alpha": null,
  "seed": 42,
  "n_train": 150,
  "n_population": 5000,
  "train_loss": 0.697266048553371,
  "population_risk": 1.0122563083544585,
  "bayes_population_risk": 0.48757509716865854,
  "empirical_bayes_risk": 0.48746070282006476,
  "generalization_gap": 0.3149902598010874,
  "excess_population_risk": 0.5246812111857999,
  "runtime_seconds": 55.85905605368316,
  "runtime_per_step_seconds": 0.011171811210736632,
  "initial_objective": 0.8429949559518577,
  "final_objective": 0.7275265385035748,
  "best_objective": 0.7275265385035748,
  "objective_reduction": 0.11546841744828285,
  "initial_train_loss_history": 0.8414758905782432,
  "final_train_loss_history": 0.697266048553371,
  "best_train_loss_history": 0.697266048553371,
  "train_loss_reduction": 0.1442098420248722,
  "weight_norm": 30.260475440020397,
  "trace_s": 30.26047544002039,
  "top_eigenvalue": 15.998314039168054,
  "min_eigenvalue": 2.0226028017437687e-13,
  "R1": 0.5286868037112797,
  "effective_rank": 4.528810760052383,
  "config_suffix": "cov_toeplitz_bump_mask_random_rho_0p5_lambda_1e-05_beta_1_d_100_T_5_lr_0p001_iter_5000_ntrain_150_seed_42"
}