{
  "alpha": null,
  "seed": 42,
  "n_train": 200,
  "n_population": 5000,
  "train_loss": 0.6756597510965687,
  "population_risk": 0.7785370260245916,
  "bayes_population_risk": 0.10837348066298334,
  "empirical_bayes_risk": 0.10871299356320387,
  "generalization_gap": 0.1028772749280229,
  "excess_population_risk": 0.6701635453616083,
  "runtime_seconds": 106.22136190719903,
  "runtime_per_step_seconds": 0.021244272381439805,
  "initial_objective": 0.7260396013993008,
  "final_objective": 0.6793039708137535,
  "best_objective": 0.6793039708137535,
  "objective_reduction": 0.046735630585547305,
  "initial_train_loss_history": 0.7253932900248179,
  "final_train_loss_history": 0.6756597510965687,
  "best_train_loss_history": 0.6756597510965687,
  "train_loss_reduction": 0.049733538928249166,
  "weight_norm": 7.288435851681416,
  "trace_s": 7.288435851681414,
  "top_eigenvalue": 7.083412150252448,
  "min_eigenvalue": 4.901831934075432e-15,
  "R1": 0.9718699998736119,
  "effective_rank": 1.1423970729478334,
  "config_suffix": "cov_toeplitz_mask_random_rho_0p9_lambda_1e-05_beta_1_d_50_T_50_lr_0p001_iter_5000_ntrain_200_seed_42",
  "ridge_lambda": 0.01,
  "ridge_train_loss": 0.08450770944393923,
  "ridge_population_risk": 0.14442375679141145,
  "ridge_generalization_gap": 0.05991604734747222,
  "ridge_excess_population_risk": 0.03605027612842811,
  "pca_n_components": 75,
  "pca_train_loss": 0.3101916441545256,
  "pca_population_risk": 0.7584999891462346,
  "pca_generalization_gap": 0.448308344991709,
  "pca_excess_population_risk": 0.6501265084832513
}