{
  "alpha": null,
  "seed": 42,
  "n_train": 6000,
  "n_population": 5000,
  "train_loss": 0.23286215000716906,
  "population_risk": 0.23242901486856768,
  "bayes_population_risk": 0.13898342541436456,
  "empirical_bayes_risk": 0.13881158155996157,
  "generalization_gap": -0.00043313513860138153,
  "excess_population_risk": 0.09344558945420312,
  "runtime_seconds": 941.0367794279009,
  "runtime_per_step_seconds": 0.09410367794279009,
  "initial_objective": 0.289184652295745,
  "final_objective": 0.23988442691129408,
  "best_objective": 0.23988442691129408,
  "objective_reduction": 0.049300225384450946,
  "initial_train_loss_history": 0.28778136304604995,
  "final_train_loss_history": 0.23286215000716906,
  "best_train_loss_history": 0.23286215000716906,
  "train_loss_reduction": 0.05491921303888089,
  "weight_norm": 14.044553731455537,
  "trace_s": 14.044553731455535,
  "top_eigenvalue": 1.1789897992077094,
  "min_eigenvalue": 2.252865654966974e-15,
  "R1": 0.08394640525794213,
  "config_suffix": "cov_toeplitz_mask_random_rho_0p9_lambda_1e-05_beta_1_d_50_T_5_lr_0p001_iter_10000_ntrain_6000_seed_42"
}