{
  "alpha": null,
  "seed": 42,
  "n_train": 30,
  "n_population": 5000,
  "train_loss": 0.3428772731732437,
  "population_risk": 1.2114690711949527,
  "bayes_population_risk": 0.09796305337869733,
  "empirical_bayes_risk": 0.09889150582126054,
  "generalization_gap": 0.868591798021709,
  "excess_population_risk": 1.1135060178162555,
  "runtime_seconds": 32.49808428809047,
  "runtime_per_step_seconds": 0.0064996168576180935,
  "initial_objective": 0.7456884432825248,
  "final_objective": 0.37205824902584006,
  "best_objective": 0.37205824902584006,
  "objective_reduction": 0.37363019425668476,
  "initial_train_loss_history": 0.7443868612548229,
  "final_train_loss_history": 0.3428772731732437,
  "best_train_loss_history": 0.3428772731732437,
  "train_loss_reduction": 0.4015095880815792,
  "weight_norm": 58.36098082810502,
  "trace_s": 58.36098082810503,
  "top_eigenvalue": 36.7084186333002,
  "min_eigenvalue": 1.115436623564324e-08,
  "R1": 0.6289890627681578,
  "effective_rank": 3.7195470808850577,
  "config_suffix": "cov_toeplitz_bump_mask_random_rho_0p5_lambda_1e-05_beta_1_d_50_T_5_lr_0p001_iter_5000_ntrain_30_seed_42"
}