{
  "alpha": 0.5,
  "seed": 0,
  "n_train": 1250,
  "n_population": 5000,
  "train_loss": 0.8636490401919473,
  "population_risk": 0.8670748112632848,
  "bayes_population_risk": 0.65,
  "empirical_bayes_risk": 0.6511502881237284,
  "weight_norm": 0.7818075768954246,
  "trace_s": 0.7818075768954247,
  "top_eigenvalue": 0.12426506984103788,
  "R1": 0.15894584999354605
}