{
  "alpha": 1.0,
  "seed": 0,
  "n_train": 2500,
  "n_population": 5000,
  "train_loss": 0.9799443079735971,
  "population_risk": 0.978621911706671,
  "bayes_population_risk": 0.4083333333333334,
  "empirical_bayes_risk": 0.4086135571557748,
  "weight_norm": 0.48005437001758017,
  "trace_s": 0.48005437001758006,
  "top_eigenvalue": 0.07840193808442505,
  "R1": 0.16331887173853646
}