{
  "alpha": null,
  "seed": 42,
  "n_train": 2000,
  "n_population": 5000,
  "train_loss": 0.9247327130876204,
  "population_risk": 0.9415753113919036,
  "bayes_population_risk": 0.23356097560975608,
  "empirical_bayes_risk": 0.35951610607957907,
  "generalization_gap": 0.01684259830428325,
  "excess_population_risk": 0.7080143357821476,
  "runtime_seconds": 145.08608228899539,
  "runtime_per_step_seconds": 0.1450860822889954,
  "initial_objective": 0.9394208060390123,
  "final_objective": 0.9260355949836206,
  "best_objective": 0.9260355949836206,
  "objective_reduction": 0.0133852110553917,
  "initial_train_loss_history": 0.9382887526971436,
  "final_train_loss_history": 0.9247327130876204,
  "best_train_loss_history": 0.9247327130876204,
  "train_loss_reduction": 0.01355603960952323,
  "weight_norm": 1.3028169291081713,
  "trace_s": 1.302816929108172,
  "top_eigenvalue": 1.2899602420316303,
  "min_eigenvalue": 1.257769534153893e-10,
  "R1": 0.9901316241834973
}