{
  "alpha": null,
  "seed": 42,
  "n_train": 70,
  "n_population": 5000,
  "train_loss": 0.8607597785757433,
  "population_risk": 1.1135983609522597,
  "bayes_population_risk": 0.45666666666666667,
  "empirical_bayes_risk": 0.4598043992032033,
  "generalization_gap": 0.25283858237651646,
  "excess_population_risk": 0.6569316942855931,
  "runtime_seconds": 19.95964965224266,
  "runtime_per_step_seconds": 0.003991929930448532,
  "initial_objective": 0.9749251538649766,
  "final_objective": 0.8649688137285441,
  "best_objective": 0.8649688137285441,
  "objective_reduction": 0.10995634013643252,
  "initial_train_loss_history": 0.97423026075868,
  "final_train_loss_history": 0.8607597785757433,
  "best_train_loss_history": 0.8607597785757433,
  "train_loss_reduction": 0.11347048218293676,
  "weight_norm": 16.83505950948369,
  "trace_s": 16.83505950948369,
  "top_eigenvalue": 8.14220807218091,
  "min_eigenvalue": 1.915803768023125e-09,
  "R1": 0.4836459335112039,
  "effective_rank": 3.695983786486441,
  "config_suffix": "cov_tridiagonal_mask_random_rho_0p5_lambda_1e-05_beta_1_d_25_T_5_lr_0p001_iter_5000_ntrain_70_seed_42"
}