{
  "alpha": null,
  "seed": 42,
  "n_train": 10000,
  "n_population": 5000,
  "train_loss": 1.0299634562367745,
  "population_risk": 1.0266895788626014,
  "bayes_population_risk": 0.8649174311926606,
  "empirical_bayes_risk": 0.8655062548282716,
  "generalization_gap": -0.003273877374173173,
  "excess_population_risk": 0.16177214766994075,
  "runtime_seconds": 135.1246034912765,
  "runtime_per_step_seconds": 0.1351246034912765,
  "initial_objective": 1.0354163953682083,
  "final_objective": 1.0299634591710436,
  "best_objective": 1.0299634561424467,
  "objective_reduction": 0.005452936197164693,
  "initial_train_loss_history": 1.0290395035559474,
  "final_train_loss_history": 1.0299634562367745,
  "best_train_loss_history": 1.0286263306677814,
  "train_loss_reduction": -0.0009239526808271226,
  "weight_norm": 7.491409976457229e-10,
  "trace_s": 7.491409976457229e-10,
  "top_eigenvalue": 7.257974750224684e-10,
  "min_eigenvalue": -1.3329083254072037e-25,
  "R1": NaN
}