{
  "alpha": null,
  "seed": 42,
  "n_train": 500,
  "n_population": 5000,
  "train_loss": 0.5403358053314812,
  "population_risk": 0.602670068112584,
  "bayes_population_risk": 0.27570731707317064,
  "empirical_bayes_risk": 0.3602546119127255,
  "generalization_gap": 0.06233426278110277,
  "excess_population_risk": 0.3269627510394133,
  "runtime_seconds": 327.9949928354472,
  "runtime_per_step_seconds": 0.03279949928354472,
  "initial_objective": 0.5932403519629171,
  "final_objective": 0.5718587855666676,
  "best_objective": 0.5718587842128752,
  "objective_reduction": 0.02138156639624955,
  "initial_train_loss_history": 0.5902850922728019,
  "final_train_loss_history": 0.5403358053314812,
  "best_train_loss_history": 0.5403329244651623,
  "train_loss_reduction": 0.049949286941320725,
  "weight_norm": 15.761489710032022,
  "trace_s": 15.761489710032023,
  "top_eigenvalue": 8.446196377947933,
  "min_eigenvalue": -2.7775957481110166e-16,
  "R1": 0.5358755126155376
}