{
  "alpha": null,
  "seed": 42,
  "n_train": 1250,
  "n_population": 5000,
  "train_loss": 0.2739086818921984,
  "population_risk": 0.2764191714433243,
  "bayes_population_risk": 0.06837077148121563,
  "empirical_bayes_risk": 0.06839124521726589,
  "generalization_gap": 0.002510489551125872,
  "excess_population_risk": 0.20804839996210867,
  "runtime_seconds": 155.83745338208973,
  "runtime_per_step_seconds": 0.03116749067641795,
  "initial_objective": 0.28959105348710573,
  "final_objective": 0.2784655155850014,
  "best_objective": 0.2784655155850014,
  "objective_reduction": 0.011125537902104354,
  "initial_train_loss_history": 0.2887885302414049,
  "final_train_loss_history": 0.2739086818921984,
  "best_train_loss_history": 0.2739086818921984,
  "train_loss_reduction": 0.01487984834920647,
  "weight_norm": 9.113665760840085,
  "trace_s": 9.113665760840084,
  "top_eigenvalue": 2.5123030034383467,
  "min_eigenvalue": 2.066191868815973e-12,
  "R1": 0.27566328076604446,
  "effective_rank": 10.12234817234308,
  "config_suffix": "cov_circulant_ar1_mask_random_rho_0p9_lambda_1e-05_beta_1_d_50_T_10_lr_0p001_iter_5000_ntrain_1250_seed_42"
}