{
  "alpha": null,
  "seed": 42,
  "n_train": 200,
  "n_population": 5000,
  "train_loss": 0.29236103439401423,
  "population_risk": 0.46857981319887093,
  "bayes_population_risk": 0.13898342541436456,
  "empirical_bayes_risk": 0.19012490304784332,
  "generalization_gap": 0.1762187788048567,
  "excess_population_risk": 0.3295963877845064,
  "runtime_seconds": 175.3257238510996,
  "runtime_per_step_seconds": 0.01753257238510996,
  "initial_objective": 0.3681854376291213,
  "final_objective": 0.32735599188979825,
  "best_objective": 0.32735599155723927,
  "objective_reduction": 0.04082944573932307,
  "initial_train_loss_history": 0.3646761184298276,
  "final_train_loss_history": 0.29236103439401423,
  "best_train_loss_history": 0.2923529830656176,
  "train_loss_reduction": 0.07231508403581338,
  "weight_norm": 17.497478914708903,
  "trace_s": 17.497478914708903,
  "top_eigenvalue": 8.86024572598082,
  "min_eigenvalue": -4.2707604673613904e-16,
  "R1": 0.5063727048433606
}