{
  "alpha": null,
  "seed": 42,
  "n_train": 750,
  "n_population": 5000,
  "train_loss": 0.5220782148463646,
  "population_risk": 0.5523520884052979,
  "bayes_population_risk": 0.1214410313285021,
  "empirical_bayes_risk": 0.12291710006179496,
  "generalization_gap": 0.030273873558933295,
  "excess_population_risk": 0.43091105707679583,
  "runtime_seconds": 32.355267556384206,
  "runtime_per_step_seconds": 0.006471053511276841,
  "initial_objective": 0.5573744408855109,
  "final_objective": 0.5245583353527732,
  "best_objective": 0.5245583353527732,
  "objective_reduction": 0.03281610553273773,
  "initial_train_loss_history": 0.5567606811122341,
  "final_train_loss_history": 0.5220782148463646,
  "best_train_loss_history": 0.5220782148463646,
  "train_loss_reduction": 0.03468246626586946,
  "weight_norm": 9.92043796317721,
  "trace_s": 9.920437963177209,
  "top_eigenvalue": 2.5438283825686,
  "min_eigenvalue": 3.2051083331390116e-10,
  "R1": 0.25642299180850775,
  "effective_rank": 6.42223458841689,
  "config_suffix": "cov_toeplitz_bump_mask_random_rho_0p7_lambda_1e-05_beta_1_d_25_T_5_lr_0p001_iter_5000_ntrain_750_seed_42",
  "ridge_lambda": 0.01,
  "ridge_train_loss": 0.11617845298421908,
  "ridge_population_risk": 0.12353988945489587,
  "ridge_generalization_gap": 0.007361436470676788,
  "ridge_excess_population_risk": 0.0020988581263937656,
  "pca_n_components": 62,
  "pca_train_loss": 0.2709744617219555,
  "pca_population_risk": 0.3676311460610051,
  "pca_generalization_gap": 0.09665668433904961,
  "pca_excess_population_risk": 0.24619011473250302
}