{
  "alpha": null,
  "seed": 42,
  "n_train": 30,
  "n_population": 5000,
  "train_loss": 0.6262990802433901,
  "population_risk": 1.2587337434809887,
  "bayes_population_risk": 0.48757509716865854,
  "empirical_bayes_risk": 0.48647033424396124,
  "generalization_gap": 0.6324346632375986,
  "excess_population_risk": 0.7711586463123301,
  "runtime_seconds": 30.726861057803035,
  "runtime_per_step_seconds": 0.006145372211560607,
  "initial_objective": 0.8088865872620116,
  "final_objective": 0.6393528894264224,
  "best_objective": 0.6393528894264224,
  "objective_reduction": 0.16953369783558914,
  "initial_train_loss_history": 0.808201888444292,
  "final_train_loss_history": 0.6262990802433901,
  "best_train_loss_history": 0.6262990802433901,
  "train_loss_reduction": 0.18190280820090188,
  "weight_norm": 52.21164927276638,
  "trace_s": 52.21164927276637,
  "top_eigenvalue": 33.56250990740344,
  "min_eigenvalue": 1.534973636627506e-08,
  "R1": 0.6428165050306056,
  "effective_rank": 2.88725822293281,
  "config_suffix": "cov_toeplitz_bump_mask_random_rho_0p5_lambda_1e-05_beta_1_d_25_T_5_lr_0p001_iter_5000_ntrain_30_seed_42"
}