{
  "alpha": 5.0,
  "seed": 0,
  "n_train": 12500,
  "n_population": 5000,
  "train_loss": 1.1652140369771409,
  "population_risk": 1.1640701785223166,
  "bayes_population_risk": 1.0,
  "empirical_bayes_risk": 0.9973804662927968,
  "weight_norm": 0.004445152804532412,
  "trace_s": 0.004445152804532412,
  "top_eigenvalue": 0.000439912349261153,
  "R1": 0.09896450551994636
}