{
  "alpha": null,
  "seed": 42,
  "n_train": 2000,
  "n_population": 5000,
  "train_loss": 0.9691454891944571,
  "population_risk": 0.9723612029449247,
  "bayes_population_risk": 0.45666666666666667,
  "empirical_bayes_risk": 0.459392781336547,
  "generalization_gap": 0.003215713750467586,
  "excess_population_risk": 0.515694536278258,
  "runtime_seconds": 36.697419703006744,
  "runtime_per_step_seconds": 0.036697419703006745,
  "initial_objective": 0.9795003119756495,
  "final_objective": 0.971405765702341,
  "best_objective": 0.971405765702341,
  "objective_reduction": 0.008094546273308412,
  "initial_train_loss_history": 0.9787508989325617,
  "final_train_loss_history": 0.9691454891944571,
  "best_train_loss_history": 0.9691454891944571,
  "train_loss_reduction": 0.009605409738104642,
  "weight_norm": 4.519608391389095,
  "trace_s": 4.519608391389095,
  "top_eigenvalue": 1.288241807968812,
  "min_eigenvalue": 4.413343598839829e-09,
  "R1": 0.2850339446274178,
  "config_suffix": "cov_tridiagonal_mask_random_rho_0p5_lambda_1e-05_beta_1_d_50_T_5_lr_0p001_iter_1000_ntrain_2000_seed_42"
}