{
  "alpha": null,
  "seed": 42,
  "n_train": 750,
  "n_population": 5000,
  "train_loss": 0.31043643521899283,
  "population_risk": 0.3381451011235383,
  "bayes_population_risk": 0.07006953088198194,
  "empirical_bayes_risk": 0.06902800926014548,
  "generalization_gap": 0.02770866590454546,
  "excess_population_risk": 0.26807557024155637,
  "runtime_seconds": 140.68622414395213,
  "runtime_per_step_seconds": 0.028137244828790427,
  "initial_objective": 0.37351729890305213,
  "final_objective": 0.3278073327636067,
  "best_objective": 0.3278073327636067,
  "objective_reduction": 0.045709966139445446,
  "initial_train_loss_history": 0.37148462861529635,
  "final_train_loss_history": 0.31043643521899283,
  "best_train_loss_history": 0.31043643521899283,
  "train_loss_reduction": 0.06104819339630352,
  "weight_norm": 17.37089256862924,
  "trace_s": 17.370892568629248,
  "top_eigenvalue": 5.18926367840378,
  "min_eigenvalue": 4.3282229749661882e-16,
  "R1": 0.29873327797647364,
  "effective_rank": 10.35437201278683,
  "config_suffix": "cov_matern_mask_random_rho_NA_lambda_1e-05_beta_1_d_100_T_5_lr_0p001_iter_5000_ntrain_750_seed_42"
}