{
  "alpha": null,
  "seed": 42,
  "n_train": 10,
  "n_population": 5000,
  "train_loss": 0.8970061429168663,
  "population_risk": 1.2659809614346755,
  "bayes_population_risk": 0.8649174311926606,
  "empirical_bayes_risk": 0.8673961771058454,
  "generalization_gap": 0.3689748185178092,
  "excess_population_risk": 0.4010635302420149,
  "runtime_seconds": 32.19541444443166,
  "runtime_per_step_seconds": 0.032195414444431664,
  "initial_objective": 1.0717384232151497,
  "final_objective": 0.9037420142214115,
  "best_objective": 0.9037420142214115,
  "objective_reduction": 0.16799640899373813,
  "initial_train_loss_history": 1.070756506849047,
  "final_train_loss_history": 0.8970061429168663,
  "best_train_loss_history": 0.8970061429168663,
  "train_loss_reduction": 0.17375036393218068,
  "weight_norm": 13.458869204679829,
  "trace_s": 13.458869204679827,
  "top_eigenvalue": 7.726517884598275,
  "min_eigenvalue": 6.821947262183859e-08,
  "R1": 0.5740837337145427
}