{
  "alpha": null,
  "seed": 42,
  "n_train": 70,
  "n_population": 5000,
  "train_loss": 0.6934674173646604,
  "population_risk": 0.9109410635224086,
  "bayes_population_risk": 0.48757509716865854,
  "empirical_bayes_risk": 0.49024933418407907,
  "generalization_gap": 0.2174736461577481,
  "excess_population_risk": 0.42336596635375,
  "runtime_seconds": 31.342225143685937,
  "runtime_per_step_seconds": 0.006268445028737187,
  "initial_objective": 0.8004699465082706,
  "final_objective": 0.6980962298505038,
  "best_objective": 0.6980962298505038,
  "objective_reduction": 0.10237371665776684,
  "initial_train_loss_history": 0.7995975818317745,
  "final_train_loss_history": 0.6934674173646604,
  "best_train_loss_history": 0.6934674173646604,
  "train_loss_reduction": 0.1061301644671141,
  "weight_norm": 18.51417769528283,
  "trace_s": 18.51417769528283,
  "top_eigenvalue": 6.997048666348492,
  "min_eigenvalue": 5.492385675225333e-08,
  "R1": 0.37792921627468495,
  "effective_rank": 5.040618408303468,
  "config_suffix": "cov_toeplitz_bump_mask_random_rho_0p5_lambda_1e-05_beta_1_d_25_T_5_lr_0p001_iter_5000_ntrain_70_seed_42"
}