{
  "alpha": null,
  "seed": 42,
  "n_train": 10,
  "n_population": 5000,
  "train_loss": 0.11191683646037258,
  "population_risk": 1.2601006113378677,
  "bayes_population_risk": 0.12197790055248611,
  "empirical_bayes_risk": 0.12188179655829262,
  "generalization_gap": 1.148183774877495,
  "excess_population_risk": 1.1381227107853815,
  "runtime_seconds": 16.200268244370818,
  "runtime_per_step_seconds": 0.0032400536488741637,
  "initial_objective": 0.27061175140078714,
  "final_objective": 0.12605923195556665,
  "best_objective": 0.12605923195556665,
  "objective_reduction": 0.1445525194452205,
  "initial_train_loss_history": 0.26965369813442475,
  "final_train_loss_history": 0.11191683646037258,
  "best_train_loss_history": 0.11191683646037258,
  "train_loss_reduction": 0.15773686167405215,
  "weight_norm": 28.284420479894994,
  "trace_s": 28.28442047989499,
  "top_eigenvalue": 21.110426026038464,
  "min_eigenvalue": 8.152639303390131e-10,
  "R1": 0.7463623319079169,
  "effective_rank": 2.1059733380065104,
  "config_suffix": "cov_toeplitz_mask_random_rho_0p9_lambda_1e-05_beta_1_d_50_T_10_lr_0p001_iter_5000_ntrain_10_seed_42",
  "ridge_lambda": 0.01,
  "ridge_train_loss": 0.016805492547349556,
  "ridge_population_risk": 0.6950678720348762,
  "ridge_generalization_gap": 0.6782623794875267,
  "ridge_excess_population_risk": 0.57308997148239,
  "pca_n_components": 75,
  "pca_train_loss": 1.1184960173684337e-16,
  "pca_population_risk": 1.0187427733228656,
  "pca_generalization_gap": 1.0187427733228653,
  "pca_excess_population_risk": 0.8967648727703794
}