{
  "alpha": 1.0,
  "seed": 0,
  "n_train": 2500,
  "n_population": 5000,
  "train_loss": 0.903088356221437,
  "population_risk": 0.9080131157640099,
  "bayes_population_risk": 0.6299999999999999,
  "empirical_bayes_risk": 0.6321589965112439,
  "generalization_gap": 0.004924759542572876,
  "excess_population_risk": 0.27801311576401,
  "runtime_seconds": 56.23282529198332,
  "runtime_per_step_seconds": 0.05623282529198332,
  "initial_objective": 0.9583894068158543,
  "final_objective": 0.9030918795482797,
  "best_objective": 0.9030918795482797,
  "objective_reduction": 0.05529752726757453,
  "initial_train_loss_history": 0.9071260102488777,
  "final_train_loss_history": 0.903088356221437,
  "best_train_loss_history": 0.9018154198871412,
  "train_loss_reduction": 0.004037654027440718,
  "weight_norm": 6.993582622398766e-05,
  "trace_s": 6.993582622398766e-05,
  "top_eigenvalue": 4.267986432920806e-05,
  "min_eigenvalue": 9.646158050042354e-16,
  "R1": 0.610271825380524
}