{
  "alpha": null,
  "seed": 42,
  "n_train": 150,
  "n_population": 5000,
  "train_loss": 0.280681918639254,
  "population_risk": 0.5888488916839678,
  "bayes_population_risk": 0.13898342541436456,
  "empirical_bayes_risk": 0.19013710714875814,
  "generalization_gap": 0.3081669730447138,
  "excess_population_risk": 0.4498654662696032,
  "runtime_seconds": 156.79685972817242,
  "runtime_per_step_seconds": 0.015679685972817242,
  "initial_objective": 0.37069993965333736,
  "final_objective": 0.32093389181495197,
  "best_objective": 0.32093389181495197,
  "objective_reduction": 0.0497660478383854,
  "initial_train_loss_history": 0.36714660277905753,
  "final_train_loss_history": 0.280681918639254,
  "best_train_loss_history": 0.28068189770655744,
  "train_loss_reduction": 0.08646468413980352,
  "weight_norm": 20.125986587534083,
  "trace_s": 20.125986587534086,
  "top_eigenvalue": 10.648585440212432,
  "min_eigenvalue": -2.9645298597034925e-15,
  "R1": 0.5290963200188209
}