{
  "alpha": null,
  "seed": 42,
  "n_train": 50,
  "n_population": 5000,
  "train_loss": 0.6187124417903976,
  "population_risk": 0.8589626167114482,
  "bayes_population_risk": 0.5301185178874289,
  "empirical_bayes_risk": 0.5291460919808338,
  "generalization_gap": 0.2402501749210506,
  "excess_population_risk": 0.3288440988240193,
  "runtime_seconds": 24.115399107336998,
  "runtime_per_step_seconds": 0.004823079821467399,
  "initial_objective": 0.7439677151866755,
  "final_objective": 0.6239096637008947,
  "best_objective": 0.6239096637008947,
  "objective_reduction": 0.12005805148578075,
  "initial_train_loss_history": 0.7433691612010643,
  "final_train_loss_history": 0.6187124417903976,
  "best_train_loss_history": 0.6187124417903976,
  "train_loss_reduction": 0.1246567194106667,
  "weight_norm": 20.788188672663367,
  "trace_s": 20.788188672663374,
  "top_eigenvalue": 7.818257362117143,
  "min_eigenvalue": 8.351719368155435e-09,
  "R1": 0.3760913221072605,
  "effective_rank": 4.7091139166238065,
  "config_suffix": "cov_exponential_mask_random_rho_NA_lambda_1e-05_beta_1_d_25_T_5_lr_0p001_iter_5000_ntrain_50_seed_42"
}