{
  "alpha": null,
  "seed": 42,
  "n_train": 2500,
  "n_population": 5000,
  "train_loss": 0.9732426891611703,
  "population_risk": 0.9739424721254681,
  "bayes_population_risk": 0.45666666666666667,
  "empirical_bayes_risk": 0.45680351606213426,
  "generalization_gap": 0.0006997829642978459,
  "excess_population_risk": 0.5172758054588015,
  "runtime_seconds": 100.13590694405138,
  "runtime_per_step_seconds": 0.020027181388810277,
  "initial_objective": 0.9850574468604778,
  "final_objective": 0.9780685975274054,
  "best_objective": 0.9780685812368737,
  "objective_reduction": 0.006988849333072422,
  "initial_train_loss_history": 0.983682136431429,
  "final_train_loss_history": 0.9732426891611703,
  "best_train_loss_history": 0.9732396252566156,
  "train_loss_reduction": 0.010439447270258695,
  "weight_norm": 4.82590039957518,
  "trace_s": 4.825900399575179,
  "top_eigenvalue": 1.8191686186957265,
  "min_eigenvalue": 2.653909808201004e-16,
  "R1": 0.37695942064114424,
  "effective_rank": 6.287225619264362,
  "config_suffix": "cov_tridiagonal_mask_random_rho_0p5_lambda_1e-05_beta_1_d_100_T_5_lr_0p001_iter_5000_ntrain_2500_seed_42",
  "ridge_lambda": 0.01,
  "ridge_train_loss": 0.45945609839552726,
  "ridge_population_risk": 0.4575845124373608,
  "ridge_generalization_gap": -0.001871585958166444,
  "ridge_excess_population_risk": 0.0009178457706941479,
  "pca_n_components": 75,
  "pca_train_loss": 0.8792968233664098,
  "pca_population_risk": 1.0042058055891327,
  "pca_generalization_gap": 0.12490898222272295,
  "pca_excess_population_risk": 0.5475391389224661
}