{
  "alpha": null,
  "seed": 42,
  "n_train": 100,
  "n_population": 5000,
  "train_loss": 0.8818528048210375,
  "population_risk": 1.2092836065300372,
  "bayes_population_risk": 0.45666666666666667,
  "empirical_bayes_risk": 0.46079632755546246,
  "generalization_gap": 0.32743080170899974,
  "excess_population_risk": 0.7526169398633705,
  "runtime_seconds": 44.66514936089516,
  "runtime_per_step_seconds": 0.004466514936089515,
  "initial_objective": 1.0067781591596365,
  "final_objective": 0.8946823658953205,
  "best_objective": 0.8946821629408079,
  "objective_reduction": 0.11209579326431607,
  "initial_train_loss_history": 1.0058889617331315,
  "final_train_loss_history": 0.8818528048210375,
  "best_train_loss_history": 0.8818523278338616,
  "train_loss_reduction": 0.12403615691209402,
  "weight_norm": 25.65957845416808,
  "trace_s": 25.659578454168084,
  "top_eigenvalue": 9.331683505739967,
  "min_eigenvalue": 2.1550210529778146e-14,
  "R1": 0.3636725179413129
}