{
  "alpha": null,
  "seed": 42,
  "n_train": 30,
  "n_population": 5000,
  "train_loss": 1.011274315073509,
  "population_risk": 1.2066557831715214,
  "bayes_population_risk": 1.0,
  "empirical_bayes_risk": 0.9964395581763174,
  "generalization_gap": 0.19538146809801238,
  "excess_population_risk": 0.20665578317152145,
  "runtime_seconds": 33.55099824257195,
  "runtime_per_step_seconds": 0.00671019964851439,
  "initial_objective": 1.0762099675264158,
  "final_objective": 1.0190359172114756,
  "best_objective": 1.0190359172114756,
  "objective_reduction": 0.05717405031494027,
  "initial_train_loss_history": 1.075563864554375,
  "final_train_loss_history": 1.011274315073509,
  "best_train_loss_history": 1.011274315073509,
  "train_loss_reduction": 0.06428954948086596,
  "weight_norm": 15.523097664607146,
  "trace_s": 15.52309766460715,
  "top_eigenvalue": 7.728559788943381,
  "min_eigenvalue": 2.2328658127900556e-11,
  "R1": 0.49787484147346367,
  "effective_rank": 3.373045774810653,
  "config_suffix": "cov_identity_mask_random_rho_NA_lambda_1e-05_beta_1_d_50_T_20_lr_0p001_iter_5000_ntrain_30_seed_42"
}