{
  "alpha": null,
  "seed": 42,
  "n_train": 50,
  "n_population": 5000,
  "train_loss": 1.0707148728621083,
  "population_risk": 1.185745709572533,
  "bayes_population_risk": 0.9339407664588757,
  "empirical_bayes_risk": 0.9306098736771724,
  "generalization_gap": 0.11503083671042469,
  "excess_population_risk": 0.2518049431136573,
  "runtime_seconds": 7.593917939811945,
  "runtime_per_step_seconds": 0.007593917939811945,
  "initial_objective": 1.1317005622707665,
  "final_objective": 1.076403682851616,
  "best_objective": 1.076403682851616,
  "objective_reduction": 0.055296879419150624,
  "initial_train_loss_history": 1.1309369154735893,
  "final_train_loss_history": 1.0707148728621083,
  "best_train_loss_history": 1.0707148728621083,
  "train_loss_reduction": 0.06022204261148101,
  "weight_norm": 11.371786313755557,
  "trace_s": 11.371786313755559,
  "top_eigenvalue": 4.076160142716505,
  "min_eigenvalue": 9.871147294114071e-08,
  "R1": 0.35844501736599593,
  "config_suffix": "cov_tridiagonal_mask_random_rho_0p2_lambda_1e-05_beta_1_d_50_T_5_lr_0p001_iter_1000_ntrain_50_seed_42"
}