{
  "alpha": null,
  "seed": 42,
  "n_train": 500,
  "n_population": 5000,
  "train_loss": 0.142647347443248,
  "population_risk": 0.15976810206095274,
  "bayes_population_risk": 0.010443997575880022,
  "empirical_bayes_risk": 0.01045135010916706,
  "generalization_gap": 0.017120754617704736,
  "excess_population_risk": 0.14932410448507272,
  "runtime_seconds": 316.3825541883707,
  "runtime_per_step_seconds": 0.06327651083767415,
  "initial_objective": 0.1510262324966926,
  "final_objective": 0.14670429006612842,
  "best_objective": 0.14670429006612842,
  "objective_reduction": 0.004321942430564163,
  "initial_train_loss_history": 0.1500062832872271,
  "final_train_loss_history": 0.142647347443248,
  "best_train_loss_history": 0.14264727320250126,
  "train_loss_reduction": 0.007358935843979092,
  "weight_norm": 4.056942622880467,
  "trace_s": 4.056942622880466,
  "top_eigenvalue": 4.05694262288045,
  "min_eigenvalue": -1.512496111286911e-15,
  "R1": 0.9999999999999967,
  "effective_rank": 1.0,
  "config_suffix": "cov_toeplitz_mask_random_rho_0p99_lambda_1e-05_beta_1_d_100_T_50_lr_0p001_iter_5000_ntrain_500_seed_42"
}