{
  "alpha": null,
  "seed": 42,
  "n_train": 90,
  "n_population": 5000,
  "train_loss": 0.26133804922135107,
  "population_risk": 0.35184307479350535,
  "bayes_population_risk": 0.07006953088198194,
  "empirical_bayes_risk": 0.07089944949089996,
  "generalization_gap": 0.09050502557215429,
  "excess_population_risk": 0.2817735439115234,
  "runtime_seconds": 23.37915169261396,
  "runtime_per_step_seconds": 0.004675830338522792,
  "initial_objective": 0.348699553827791,
  "final_objective": 0.2657750624982009,
  "best_objective": 0.2657750624982009,
  "objective_reduction": 0.08292449132959012,
  "initial_train_loss_history": 0.34779516310969144,
  "final_train_loss_history": 0.26133804922135107,
  "best_train_loss_history": 0.26133804922135107,
  "train_loss_reduction": 0.08645711388834038,
  "weight_norm": 17.74765189638873,
  "trace_s": 17.74765189638874,
  "top_eigenvalue": 5.413868952680074,
  "min_eigenvalue": 3.157254461007975e-11,
  "R1": 0.3050470554801495,
  "effective_rank": 6.204510453636045,
  "config_suffix": "cov_matern_mask_random_rho_NA_lambda_1e-05_beta_1_d_25_T_5_lr_0p001_iter_5000_ntrain_90_seed_42"
}