{
  "alpha": 3.0,
  "seed": 0,
  "n_train": 7500,
  "n_population": 5000,
  "train_loss": 0.9651597712252704,
  "population_risk": 0.9626839372479017,
  "bayes_population_risk": 0.5208333333333334,
  "empirical_bayes_risk": 0.5187484564010704,
  "weight_norm": 0.004419874019128718,
  "trace_s": 0.0044198740191287176,
  "top_eigenvalue": 0.00043071322024587654,
  "R1": 0.09744920746197701
}