{
  "alpha": null,
  "seed": 42,
  "n_train": 90,
  "n_population": 5000,
  "train_loss": 0.7525969962993385,
  "population_risk": 0.9115134483623487,
  "bayes_population_risk": 0.4961178375737193,
  "empirical_bayes_risk": 0.4965064867397984,
  "generalization_gap": 0.1589164520630102,
  "excess_population_risk": 0.4153956107886294,
  "runtime_seconds": 20.713225465267897,
  "runtime_per_step_seconds": 0.004142645093053579,
  "initial_objective": 0.8222491832576782,
  "final_objective": 0.7605500085943993,
  "best_objective": 0.7605500085943993,
  "objective_reduction": 0.0616991746632789,
  "initial_train_loss_history": 0.8216000398524403,
  "final_train_loss_history": 0.7525969962993385,
  "best_train_loss_history": 0.7525969962993385,
  "train_loss_reduction": 0.06900304355310183,
  "weight_norm": 15.905939177608511,
  "trace_s": 15.905939177608516,
  "top_eigenvalue": 4.982571404223576,
  "min_eigenvalue": 1.3068144486966667e-10,
  "R1": 0.31325226059192773,
  "effective_rank": 5.167532459340647,
  "config_suffix": "cov_exponential_mask_random_rho_NA_lambda_1e-05_beta_1_d_50_T_10_lr_0p001_iter_5000_ntrain_90_seed_42",
  "ridge_lambda": 0.01,
  "ridge_train_loss": 0.4569817493763102,
  "ridge_population_risk": 0.5520188534627158,
  "ridge_generalization_gap": 0.09503710408640564,
  "ridge_excess_population_risk": 0.05590101588899654,
  "pca_n_components": 75,
  "pca_train_loss": 0.06905580719001639,
  "pca_population_risk": 1.01248872336293,
  "pca_generalization_gap": 0.9434329161729137,
  "pca_excess_population_risk": 0.5163708857892108
}