{
  "alpha": null,
  "seed": 42,
  "n_train": 5000,
  "n_population": 5000,
  "train_loss": 0.2346305440467146,
  "population_risk": 0.23954723473406983,
  "bayes_population_risk": 0.13898342541436456,
  "empirical_bayes_risk": 0.13980072240226926,
  "generalization_gap": 0.00491669068735523,
  "excess_population_risk": 0.10056380931970527,
  "runtime_seconds": 146.75562434270978,
  "runtime_per_step_seconds": 0.029351124868541956,
  "initial_objective": 0.289953378103026,
  "final_objective": 0.24790792086912639,
  "best_objective": 0.24790792086912639,
  "objective_reduction": 0.04204545723389963,
  "initial_train_loss_history": 0.28763564194124525,
  "final_train_loss_history": 0.2346305440467146,
  "best_train_loss_history": 0.2346305440467146,
  "train_loss_reduction": 0.053005097894530645,
  "weight_norm": 13.277368893912676,
  "trace_s": 13.277368893912673,
  "top_eigenvalue": 0.8978507038617759,
  "min_eigenvalue": 3.34027570424807e-14,
  "R1": 0.06762263751468237,
  "effective_rank": 27.083335435245658,
  "config_suffix": "cov_toeplitz_mask_random_rho_0p9_lambda_1e-05_beta_1_d_100_T_5_lr_0p001_iter_5000_ntrain_5000_seed_42",
  "ridge_lambda": 0.01,
  "ridge_train_loss": 0.13952838072035653,
  "ridge_population_risk": 0.13990885462742056,
  "ridge_generalization_gap": 0.0003804739070640273,
  "ridge_excess_population_risk": 0.0009254292130559949,
  "pca_n_components": 75,
  "pca_train_loss": 0.3792382684954904,
  "pca_population_risk": 0.42357677507403396,
  "pca_generalization_gap": 0.044338506578543546,
  "pca_excess_population_risk": 0.2845933496596694
}