{
  "alpha": null,
  "seed": 42,
  "n_train": 100,
  "n_population": 5000,
  "train_loss": 1.1447623003173883,
  "population_risk": 1.1610145659528093,
  "bayes_population_risk": 0.9378461538461538,
  "empirical_bayes_risk": 0.9581450974298714,
  "generalization_gap": 0.016252265635420926,
  "excess_population_risk": 0.2231684121066555,
  "runtime_seconds": 45.90549501031637,
  "runtime_per_step_seconds": 0.004590549501031637,
  "initial_objective": 1.163696891387477,
  "final_objective": 1.151476202888096,
  "best_objective": 1.1514762028880958,
  "objective_reduction": 0.01222068849938096,
  "initial_train_loss_history": 1.1585192301133287,
  "final_train_loss_history": 1.1447623003173883,
  "best_train_loss_history": 1.1447603805454185,
  "train_loss_reduction": 0.013756929795940342,
  "weight_norm": 1.3427805141415174,
  "trace_s": 1.3427805141415177,
  "top_eigenvalue": 1.1035890732325524,
  "min_eigenvalue": -1.8806020489470056e-16,
  "R1": 0.8218685493348195
}