{
  "alpha": null,
  "seed": 42,
  "n_train": 400,
  "n_population": 5000,
  "train_loss": 1.2044339947261573,
  "population_risk": 1.199379917343911,
  "bayes_population_risk": 1.0,
  "empirical_bayes_risk": 0.9947367163203517,
  "generalization_gap": -0.00505407738224628,
  "excess_population_risk": 0.19937991734391103,
  "runtime_seconds": 25.460670556873083,
  "runtime_per_step_seconds": 0.005092134111374617,
  "initial_objective": 1.2106109547392605,
  "final_objective": 1.206988493903746,
  "best_objective": 1.206988493903746,
  "objective_reduction": 0.0036224608355144294,
  "initial_train_loss_history": 1.2095429880250226,
  "final_train_loss_history": 1.2044339947261573,
  "best_train_loss_history": 1.2044280675673429,
  "train_loss_reduction": 0.005108993298865272,
  "weight_norm": 2.5544991772057144,
  "trace_s": 2.554499177205715,
  "top_eigenvalue": 0.9065754050676215,
  "min_eigenvalue": -2.5795282406842146e-17,
  "R1": 0.3548935983840462,
  "effective_rank": 4.429327553883572,
  "config_suffix": "cov_identity_mask_random_rho_NA_lambda_1e-05_beta_1_d_100_T_5_lr_0p001_iter_5000_ntrain_400_seed_42",
  "ridge_lambda": 0.01,
  "ridge_train_loss": 1.0002117853438486,
  "ridge_population_risk": 1.004881054473084,
  "ridge_generalization_gap": 0.004669269129235376,
  "ridge_excess_population_risk": 0.004881054473083957,
  "pca_n_components": 75,
  "pca_train_loss": 0.7700443308567714,
  "pca_population_risk": 1.2292510999445712,
  "pca_generalization_gap": 0.4592067690877998,
  "pca_excess_population_risk": 0.22925109994457116
}