{
  "alpha": null,
  "seed": 42,
  "n_train": 400,
  "n_population": 5000,
  "train_loss": 0.8092944111544641,
  "population_risk": 0.8186952225954799,
  "bayes_population_risk": 0.24553354982376377,
  "empirical_bayes_risk": 0.246482758590821,
  "generalization_gap": 0.009400811441015788,
  "excess_population_risk": 0.5731616727717161,
  "runtime_seconds": 65.78279531747103,
  "runtime_per_step_seconds": 0.013156559063494205,
  "initial_objective": 0.8272387269132905,
  "final_objective": 0.8108222474983039,
  "best_objective": 0.8108222474983039,
  "objective_reduction": 0.016416479414986584,
  "initial_train_loss_history": 0.8268494033326834,
  "final_train_loss_history": 0.8092944111544641,
  "best_train_loss_history": 0.8092944111544641,
  "train_loss_reduction": 0.01755499217821932,
  "weight_norm": 6.111342841278844,
  "trace_s": 6.111342841278846,
  "top_eigenvalue": 2.4526930811454193,
  "min_eigenvalue": 1.9069747649031037e-12,
  "R1": 0.40133455851614025,
  "effective_rank": 3.8708179611371873,
  "config_suffix": "cov_matern_mask_random_rho_NA_lambda_1e-05_beta_1_d_25_T_10_lr_0p001_iter_5000_ntrain_400_seed_42"
}