{
  "alpha": 0.5,
  "seed": 0,
  "n_train": 1250,
  "n_population": 5000,
  "train_loss": 0.8990188936811717,
  "population_risk": 0.9136755059779869,
  "bayes_population_risk": 0.6299999999999999,
  "empirical_bayes_risk": 0.6306753481946317,
  "generalization_gap": 0.014656612296815141,
  "excess_population_risk": 0.28367550597798696,
  "runtime_seconds": 34.47091854095925,
  "runtime_per_step_seconds": 0.034470918540959246,
  "initial_objective": 0.9114145239325465,
  "final_objective": 0.8994691597599646,
  "best_objective": 0.8994675423433587,
  "objective_reduction": 0.011945364172581963,
  "initial_train_loss_history": 0.9063695701500221,
  "final_train_loss_history": 0.8990188936811717,
  "best_train_loss_history": 0.8990175544078793,
  "train_loss_reduction": 0.007350676468850348,
  "weight_norm": 0.89963866688584,
  "trace_s": 0.8996386668858402,
  "top_eigenvalue": 0.30201400642770454,
  "min_eigenvalue": 3.383700600713512e-14,
  "R1": 0.3357058978724717
}