{
  "alpha": null,
  "seed": 42,
  "n_train": 500,
  "n_population": 5000,
  "train_loss": 0.5214325900814674,
  "population_risk": 0.5744947211320601,
  "bayes_population_risk": 0.1214410313285021,
  "empirical_bayes_risk": 0.12190115457978204,
  "generalization_gap": 0.053062131050592765,
  "excess_population_risk": 0.45305368980355804,
  "runtime_seconds": 35.77720466814935,
  "runtime_per_step_seconds": 0.00715544093362987,
  "initial_objective": 0.5878041969435022,
  "final_objective": 0.5401720257159025,
  "best_objective": 0.5401720257159025,
  "objective_reduction": 0.04763217122759966,
  "initial_train_loss_history": 0.5859476533186,
  "final_train_loss_history": 0.5214325900814674,
  "best_train_loss_history": 0.5214325900814674,
  "train_loss_reduction": 0.06451506323713263,
  "weight_norm": 18.739432362273604,
  "trace_s": 18.739432362273604,
  "top_eigenvalue": 6.360527129388592,
  "min_eigenvalue": 1.644341805859918e-17,
  "R1": 0.3394194128416431,
  "effective_rank": 8.436065661890465,
  "config_suffix": "cov_toeplitz_bump_mask_random_rho_0p7_lambda_1e-05_beta_1_d_100_T_5_lr_0p001_iter_5000_ntrain_500_seed_42",
  "ridge_lambda": 0.01,
  "ridge_train_loss": 0.12822702517565548,
  "ridge_population_risk": 0.122866869858362,
  "ridge_generalization_gap": -0.0053601553172934885,
  "ridge_excess_population_risk": 0.0014258385298598908,
  "pca_n_components": 75,
  "pca_train_loss": 0.47737826934164007,
  "pca_population_risk": 0.7253239287924523,
  "pca_generalization_gap": 0.24794565945081226,
  "pca_excess_population_risk": 0.6038828974639502
}