{
  "alpha": null,
  "seed": 42,
  "n_train": 2500,
  "n_population": 5000,
  "train_loss": 0.33557230060809096,
  "population_risk": 0.3345863956674777,
  "bayes_population_risk": 0.12197790055248611,
  "empirical_bayes_risk": 0.12099945685072157,
  "generalization_gap": -0.0009859049406132359,
  "excess_population_risk": 0.2126084951149916,
  "runtime_seconds": 122.2777854334563,
  "runtime_per_step_seconds": 0.02445555708669126,
  "initial_objective": 0.3501364428140155,
  "final_objective": 0.34003768069471874,
  "best_objective": 0.34003768069471874,
  "objective_reduction": 0.010098762119296778,
  "initial_train_loss_history": 0.3493679347021484,
  "final_train_loss_history": 0.33557230060809096,
  "best_train_loss_history": 0.33557230060809096,
  "train_loss_reduction": 0.01379563409405743,
  "weight_norm": 8.930759028032812,
  "trace_s": 8.93075902803281,
  "top_eigenvalue": 2.75247465995733,
  "min_eigenvalue": 5.210089238297537e-13,
  "R1": 0.3082016490779308,
  "effective_rank": 9.3281858904213,
  "config_suffix": "cov_toeplitz_mask_random_rho_0p9_lambda_1e-05_beta_1_d_50_T_10_lr_0p001_iter_5000_ntrain_2500_seed_42",
  "ridge_lambda": 0.01,
  "ridge_train_loss": 0.12251754704896928,
  "ridge_population_risk": 0.12140328334852205,
  "ridge_generalization_gap": -0.0011142637004472322,
  "ridge_excess_population_risk": -0.0005746172039640673,
  "pca_n_components": 75,
  "pca_train_loss": 0.24629002657359325,
  "pca_population_risk": 0.26728185316259667,
  "pca_generalization_gap": 0.02099182658900342,
  "pca_excess_population_risk": 0.14530395261011056
}