{
  "alpha": null,
  "seed": 42,
  "n_train": 1000,
  "n_population": 5000,
  "train_loss": 0.7024717336106705,
  "population_risk": 0.7383198188420546,
  "bayes_population_risk": 0.5301185178874289,
  "empirical_bayes_risk": 0.5323052865812802,
  "generalization_gap": 0.03584808523138405,
  "excess_population_risk": 0.20820130095462563,
  "runtime_seconds": 52.22968025505543,
  "runtime_per_step_seconds": 0.010445936051011085,
  "initial_objective": 0.7348965429710369,
  "final_objective": 0.7134881547186094,
  "best_objective": 0.7134881547186094,
  "objective_reduction": 0.021408388252427524,
  "initial_train_loss_history": 0.733285475125324,
  "final_train_loss_history": 0.7024717336106705,
  "best_train_loss_history": 0.7024704299796426,
  "train_loss_reduction": 0.030813741514653548,
  "weight_norm": 11.016420774392703,
  "trace_s": 11.016420774392701,
  "top_eigenvalue": 2.855300253020612,
  "min_eigenvalue": 3.743005290820445e-15,
  "R1": 0.25918583825861674,
  "effective_rank": 9.659845225413534,
  "config_suffix": "cov_exponential_mask_random_rho_NA_lambda_1e-05_beta_1_d_100_T_5_lr_0p001_iter_5000_ntrain_1000_seed_42",
  "ridge_lambda": 0.01,
  "ridge_train_loss": 0.5242749715290975,
  "ridge_population_risk": 0.5344076127685102,
  "ridge_generalization_gap": 0.01013264123941271,
  "ridge_excess_population_risk": 0.004289094881081312,
  "pca_n_components": 75,
  "pca_train_loss": 0.6658296206005827,
  "pca_population_risk": 0.8523462720856538,
  "pca_generalization_gap": 0.18651665148507113,
  "pca_excess_population_risk": 0.3222277541982249
}