{
  "alpha": null,
  "seed": 42,
  "n_train": 1000,
  "n_population": 5000,
  "train_loss": 0.7091009902794053,
  "population_risk": 0.7278273611894193,
  "bayes_population_risk": 0.5301185178874289,
  "empirical_bayes_risk": 0.5285786908140135,
  "generalization_gap": 0.018726370910013945,
  "excess_population_risk": 0.19770884330199034,
  "runtime_seconds": 25.44878295622766,
  "runtime_per_step_seconds": 0.005089756591245532,
  "initial_objective": 0.7309485052476141,
  "final_objective": 0.7106940794403896,
  "best_objective": 0.7106940794403896,
  "objective_reduction": 0.020254425807224474,
  "initial_train_loss_history": 0.7303593434085426,
  "final_train_loss_history": 0.7091009902794053,
  "best_train_loss_history": 0.7091009902794053,
  "train_loss_reduction": 0.021258353129137264,
  "weight_norm": 6.37234793456377,
  "trace_s": 6.37234793456377,
  "top_eigenvalue": 2.0389979375696425,
  "min_eigenvalue": 2.34922021563135e-12,
  "R1": 0.3199759270064444,
  "effective_rank": 5.799881697948492,
  "config_suffix": "cov_exponential_mask_random_rho_NA_lambda_1e-05_beta_1_d_25_T_5_lr_0p001_iter_5000_ntrain_1000_seed_42",
  "ridge_lambda": 0.01,
  "ridge_train_loss": 0.527720063050536,
  "ridge_population_risk": 0.5307502733827488,
  "ridge_generalization_gap": 0.003030210332212846,
  "ridge_excess_population_risk": 0.0006317554953199078,
  "pca_n_components": 62,
  "pca_train_loss": 0.7463825575096289,
  "pca_population_risk": 0.899058054103918,
  "pca_generalization_gap": 0.15267549659428914,
  "pca_excess_population_risk": 0.3689395362164891
}