{
  "alpha": null,
  "seed": 42,
  "n_train": 100,
  "n_population": 5000,
  "train_loss": 0.3186251844210559,
  "population_risk": 1.124460316449897,
  "bayes_population_risk": 0.10837348066298334,
  "empirical_bayes_risk": 0.1087642043609335,
  "generalization_gap": 0.805835132028841,
  "excess_population_risk": 1.0160868357869137,
  "runtime_seconds": 218.13747319206595,
  "runtime_per_step_seconds": 0.04362749463841319,
  "initial_objective": 0.7234411611563925,
  "final_objective": 0.41114006290023625,
  "best_objective": 0.41114006290023625,
  "objective_reduction": 0.3123010982561562,
  "initial_train_loss_history": 0.7211463902017395,
  "final_train_loss_history": 0.3186251844210559,
  "best_train_loss_history": 0.3186251844210559,
  "train_loss_reduction": 0.4025212057806836,
  "weight_norm": 46.25743060884165,
  "trace_s": 46.25743060884163,
  "top_eigenvalue": 38.35618962142992,
  "min_eigenvalue": 3.4580932953691046e-16,
  "R1": 0.8291897997053588,
  "effective_rank": 1.8058093932803188,
  "config_suffix": "cov_toeplitz_mask_random_rho_0p9_lambda_1e-05_beta_1_d_200_T_50_lr_0p001_iter_5000_ntrain_100_seed_42"
}