{
  "alpha": null,
  "seed": 42,
  "n_train": 10,
  "n_population": 5000,
  "train_loss": 0.35951714308392757,
  "population_risk": 1.215033299663024,
  "bayes_population_risk": 0.3599999999999999,
  "empirical_bayes_risk": 0.3600793606148145,
  "generalization_gap": 0.8555161565790964,
  "excess_population_risk": 0.8550332996630241,
  "runtime_seconds": 12.836913961917162,
  "runtime_per_step_seconds": 0.012836913961917162,
  "initial_objective": 0.5929533183012258,
  "final_objective": 0.36665175244292175,
  "best_objective": 0.36665175244292175,
  "objective_reduction": 0.22630156585830402,
  "initial_train_loss_history": 0.5916378264984206,
  "final_train_loss_history": 0.35951714308392757,
  "best_train_loss_history": 0.35951714308392757,
  "train_loss_reduction": 0.232120683414493,
  "weight_norm": 14.254604181232969,
  "trace_s": 14.254604181232967,
  "top_eigenvalue": 7.403035291984596,
  "min_eigenvalue": 4.649452136340423e-07,
  "R1": 0.5193434484649618,
  "config_suffix": "cov_toeplitz_mask_last_rho_0p8_lambda_1e-05_beta_1_d_50_T_5_lr_0p001_iter_1000_ntrain_10_seed_42"
}