{
  "alpha": null,
  "seed": 42,
  "n_train": 60,
  "n_population": 5000,
  "train_loss": 0.22937075133626947,
  "population_risk": 1.1565760030512626,
  "bayes_population_risk": 0.10837348066298334,
  "empirical_bayes_risk": 0.10794081176010652,
  "generalization_gap": 0.9272052517149931,
  "excess_population_risk": 1.0482025223882794,
  "runtime_seconds": 174.84490692429245,
  "runtime_per_step_seconds": 0.03496898138485849,
  "initial_objective": 0.687579533464495,
  "final_objective": 0.3153850853291101,
  "best_objective": 0.3153850853291101,
  "objective_reduction": 0.3721944481353849,
  "initial_train_loss_history": 0.6852521019595187,
  "final_train_loss_history": 0.22937075133626947,
  "best_train_loss_history": 0.22937075133626947,
  "train_loss_reduction": 0.4558813506232492,
  "weight_norm": 43.007133287941045,
  "trace_s": 43.007133287941045,
  "top_eigenvalue": 34.98217735146278,
  "min_eigenvalue": 1.3414546294014494e-16,
  "R1": 0.8134040722326307,
  "effective_rank": 1.9202703449537055,
  "config_suffix": "cov_toeplitz_mask_random_rho_0p9_lambda_1e-05_beta_1_d_200_T_50_lr_0p001_iter_5000_ntrain_60_seed_42"
}