{
  "alpha": null,
  "seed": 42,
  "n_train": 50,
  "n_population": 5000,
  "train_loss": 0.6722400319523879,
  "population_risk": 1.4716054827181146,
  "bayes_population_risk": 0.4371730888154475,
  "empirical_bayes_risk": 0.43899076762633066,
  "generalization_gap": 0.7993654507657267,
  "excess_population_risk": 1.0344323939026672,
  "runtime_seconds": 39.07753900997341,
  "runtime_per_step_seconds": 0.007815507801994682,
  "initial_objective": 0.8786431701301126,
  "final_objective": 0.7009532923492373,
  "best_objective": 0.7009532923492373,
  "objective_reduction": 0.1776898777808753,
  "initial_train_loss_history": 0.877888301877434,
  "final_train_loss_history": 0.6722400319523879,
  "best_train_loss_history": 0.6722400319523879,
  "train_loss_reduction": 0.20564826992504615,
  "weight_norm": 57.425626653762016,
  "trace_s": 57.425626653762016,
  "top_eigenvalue": 27.215327881761773,
  "min_eigenvalue": 1.497354961122832e-11,
  "R1": 0.4739230456439237,
  "effective_rank": 4.140614038551561,
  "config_suffix": "cov_toeplitz_bump_mask_random_rho_0p5_lambda_1e-05_beta_1_d_50_T_10_lr_0p001_iter_5000_ntrain_50_seed_42"
}