{
  "alpha": null,
  "seed": 42,
  "n_train": 125,
  "n_population": 5000,
  "train_loss": 1.1255416676416048,
  "population_risk": 1.150819695178511,
  "bayes_population_risk": 0.9710902924899966,
  "empirical_bayes_risk": 0.9719365604430977,
  "generalization_gap": 0.025278027536906222,
  "excess_population_risk": 0.17972940268851445,
  "runtime_seconds": 45.99786149524152,
  "runtime_per_step_seconds": 0.009199572299048305,
  "initial_objective": 1.1473888582805476,
  "final_objective": 1.1317830716313686,
  "best_objective": 1.1317830392716484,
  "objective_reduction": 0.015605786649178999,
  "initial_train_loss_history": 1.1461918685135843,
  "final_train_loss_history": 1.1255416676416048,
  "best_train_loss_history": 1.1255403656987877,
  "train_loss_reduction": 0.02065020087197955,
  "weight_norm": 6.241509637370412,
  "trace_s": 6.241509637370413,
  "top_eigenvalue": 2.109157487692317,
  "min_eigenvalue": -3.911034158059664e-17,
  "R1": 0.33792425394394154,
  "effective_rank": 4.95362459618896,
  "config_suffix": "cov_exponential_mask_random_rho_NA_lambda_1e-05_beta_1_d_100_T_5_lr_0p001_iter_5000_ntrain_125_seed_42"
}