{
  "alpha": null,
  "seed": 42,
  "n_train": 175,
  "n_population": 5000,
  "train_loss": 0.41913883772066146,
  "population_risk": 0.7123793573398017,
  "bayes_population_risk": 0.05101341981519296,
  "empirical_bayes_risk": 0.05132500174408774,
  "generalization_gap": 0.29324051961914027,
  "excess_population_risk": 0.6613659375246088,
  "runtime_seconds": 28.79802079498768,
  "runtime_per_step_seconds": 0.005759604158997535,
  "initial_objective": 0.5417710885498106,
  "final_objective": 0.43367044492945334,
  "best_objective": 0.43367044492945334,
  "objective_reduction": 0.10810064362035726,
  "initial_train_loss_history": 0.5409818225194634,
  "final_train_loss_history": 0.41913883772066146,
  "best_train_loss_history": 0.41913883772066146,
  "train_loss_reduction": 0.1218429847988019,
  "weight_norm": 29.06305325770619,
  "trace_s": 29.06305325770619,
  "top_eigenvalue": 17.15129008160912,
  "min_eigenvalue": 2.557332615032761e-10,
  "R1": 0.5901406823820683,
  "effective_rank": 3.8077081703513596,
  "config_suffix": "cov_matern_mask_random_rho_NA_lambda_1e-05_beta_1_d_50_T_10_lr_0p001_iter_5000_ntrain_175_seed_42",
  "ridge_lambda": 0.01,
  "ridge_train_loss": 0.043656800880316,
  "ridge_population_risk": 0.05416644684400847,
  "ridge_generalization_gap": 0.010509645963692464,
  "ridge_excess_population_risk": 0.0031530270288155082,
  "pca_n_components": 75,
  "pca_train_loss": 0.15004596896738295,
  "pca_population_risk": 0.5312428759542348,
  "pca_generalization_gap": 0.3811969069868518,
  "pca_excess_population_risk": 0.48022945613904183
}