{
  "alpha": 3.0,
  "seed": 0,
  "n_train": 7500,
  "n_population": 5000,
  "train_loss": 1.1342548670537156,
  "population_risk": 1.1337082762944388,
  "bayes_population_risk": 0.9382971014492754,
  "empirical_bayes_risk": 0.9369907658143731,
  "weight_norm": 0.004415453217488665,
  "trace_s": 0.004415453217488664,
  "top_eigenvalue": 0.0004276560213769384,
  "R1": 0.09685438851058019
}