{
  "alpha": null,
  "seed": 42,
  "n_train": 10,
  "n_population": 5000,
  "train_loss": 0.7757907183576621,
  "population_risk": 1.2639806870058825,
  "bayes_population_risk": 0.7459898192227884,
  "empirical_bayes_risk": 0.7442453879774673,
  "generalization_gap": 0.4881899686482204,
  "excess_population_risk": 0.5179908677830941,
  "runtime_seconds": 32.687718553468585,
  "runtime_per_step_seconds": 0.006537543710693717,
  "initial_objective": 0.930633381870371,
  "final_objective": 0.7822142024394569,
  "best_objective": 0.7822142024394569,
  "objective_reduction": 0.1484191794309141,
  "initial_train_loss_history": 0.9291393503308687,
  "final_train_loss_history": 0.7757907183576621,
  "best_train_loss_history": 0.7757907183576621,
  "train_loss_reduction": 0.15334863197320658,
  "weight_norm": 6.423477872353121,
  "trace_s": 6.423477872353121,
  "top_eigenvalue": 5.142604786381612,
  "min_eigenvalue": 4.103760765980924e-14,
  "R1": 0.8005950808230484,
  "effective_rank": 1.67487235136843,
  "config_suffix": "cov_matern_mask_random_rho_NA_lambda_1e-05_beta_1_d_100_T_5_lr_0p001_iter_5000_ntrain_10_seed_42"
}