{
  "alpha": null,
  "seed": 42,
  "n_train": 2500,
  "n_population": 5000,
  "train_loss": 0.7107614929066751,
  "population_risk": 0.7275901672897265,
  "bayes_population_risk": 0.10837348066298334,
  "empirical_bayes_risk": 0.10834574440340734,
  "generalization_gap": 0.016828674383051356,
  "excess_population_risk": 0.6192166866267431,
  "runtime_seconds": 2761.3013760745525,
  "runtime_per_step_seconds": 0.5522602752149105,
  "initial_objective": 0.7228290852946371,
  "final_objective": 0.713875107724517,
  "best_objective": 0.7138751077244946,
  "objective_reduction": 0.008953977570120064,
  "initial_train_loss_history": 0.7207696951695992,
  "final_train_loss_history": 0.7107614929066751,
  "best_train_loss_history": 0.7107613019471027,
  "train_loss_reduction": 0.010008202262924093,
  "weight_norm": 1.5568074089099146,
  "trace_s": 1.5568074089099144,
  "top_eigenvalue": 1.5568074089099149,
  "min_eigenvalue": -3.6637543152984356e-16,
  "R1": 1.0000000000000002,
  "effective_rank": 1.0,
  "config_suffix": "cov_toeplitz_mask_random_rho_0p9_lambda_1e-05_beta_1_d_200_T_50_lr_0p001_iter_5000_ntrain_2500_seed_42"
}