{
  "alpha": null,
  "seed": 42,
  "n_train": 300,
  "n_population": 5000,
  "train_loss": 0.22674351319827457,
  "population_risk": 0.2365886176537918,
  "bayes_population_risk": 0.13898342541436456,
  "empirical_bayes_risk": 0.1382004039181973,
  "generalization_gap": 0.009845104455517228,
  "excess_population_risk": 0.09760519223942724,
  "runtime_seconds": 22.11229107528925,
  "runtime_per_step_seconds": 0.00442245821505785,
  "initial_objective": 0.2954412771630583,
  "final_objective": 0.23077333720533472,
  "best_objective": 0.23077333720533472,
  "objective_reduction": 0.06466793995772357,
  "initial_train_loss_history": 0.2944368170859221,
  "final_train_loss_history": 0.22674351319827457,
  "best_train_loss_history": 0.22674351319827457,
  "train_loss_reduction": 0.06769330388764755,
  "weight_norm": 16.1187323329533,
  "trace_s": 16.1187323329533,
  "top_eigenvalue": 3.6992032742992937,
  "min_eigenvalue": 1.496177926068585e-07,
  "R1": 0.22949715882660363,
  "effective_rank": 8.631979064264614,
  "config_suffix": "cov_toeplitz_mask_random_rho_0p9_lambda_1e-05_beta_1_d_25_T_5_lr_0p001_iter_5000_ntrain_300_seed_42",
  "ridge_lambda": 0.01,
  "ridge_train_loss": 0.13719128245252762,
  "ridge_population_risk": 0.14044845823742752,
  "ridge_generalization_gap": 0.003257175784899896,
  "ridge_excess_population_risk": 0.0014650328230629561,
  "pca_n_components": 62,
  "pca_train_loss": 0.14627018904348718,
  "pca_population_risk": 0.26496553990915056,
  "pca_generalization_gap": 0.11869535086566338,
  "pca_excess_population_risk": 0.125982114494786
}