{
  "alpha": null,
  "seed": 42,
  "n_train": 150,
  "n_population": 5000,
  "train_loss": 0.9364166069059146,
  "population_risk": 0.9996143004538908,
  "bayes_population_risk": 0.8028223802788139,
  "empirical_bayes_risk": 0.8008657089436665,
  "generalization_gap": 0.06319769354797622,
  "excess_population_risk": 0.19679192017507685,
  "runtime_seconds": 38.00060091353953,
  "runtime_per_step_seconds": 0.007600120182707905,
  "initial_objective": 0.9741339192181374,
  "final_objective": 0.9422106674230216,
  "best_objective": 0.9422106674230216,
  "objective_reduction": 0.03192325179511579,
  "initial_train_loss_history": 0.9733810112102321,
  "final_train_loss_history": 0.9364166069059146,
  "best_train_loss_history": 0.9364166069059146,
  "train_loss_reduction": 0.03696440430431758,
  "weight_norm": 11.588115911725126,
  "trace_s": 11.588115911725124,
  "top_eigenvalue": 3.3392812435672377,
  "min_eigenvalue": 3.756628898380545e-16,
  "R1": 0.2881642942653408,
  "effective_rank": 5.778295650642082,
  "config_suffix": "cov_exponential_mask_random_rho_NA_lambda_1e-05_beta_1_d_50_T_5_lr_0p001_iter_5000_ntrain_150_seed_42"
}