{
  "alpha": null,
  "seed": 42,
  "n_train": 10,
  "n_population": 5000,
  "train_loss": 0.6913775239005873,
  "population_risk": 1.5270524685013276,
  "bayes_population_risk": 0.7166519216006867,
  "empirical_bayes_risk": 0.7156204847228713,
  "generalization_gap": 0.8356749446007403,
  "excess_population_risk": 0.8104005469006409,
  "runtime_seconds": 27.784224931150675,
  "runtime_per_step_seconds": 0.005556844986230135,
  "initial_objective": 0.9653578461614922,
  "final_objective": 0.7093621648566927,
  "best_objective": 0.7093621648566927,
  "objective_reduction": 0.25599568130479955,
  "initial_train_loss_history": 0.9644853421027465,
  "final_train_loss_history": 0.6913775239005873,
  "best_train_loss_history": 0.6913775239005873,
  "train_loss_reduction": 0.27310781820215924,
  "weight_norm": 35.9688954664531,
  "trace_s": 35.968895466453105,
  "top_eigenvalue": 28.257766451718787,
  "min_eigenvalue": 1.754641433064649e-11,
  "R1": 0.7856167415002719,
  "effective_rank": 2.201798486934576,
  "config_suffix": "cov_matern_mask_random_rho_NA_lambda_1e-05_beta_1_d_50_T_10_lr_0p001_iter_5000_ntrain_10_seed_42"
}