{
  "alpha": null,
  "seed": 42,
  "n_train": 1250,
  "n_population": 5000,
  "train_loss": 0.5255644120988414,
  "population_risk": 0.5431406270955993,
  "bayes_population_risk": 0.05101341981519296,
  "empirical_bayes_risk": 0.050742784671869746,
  "generalization_gap": 0.017576214996757877,
  "excess_population_risk": 0.4921272072804063,
  "runtime_seconds": 54.59075805358589,
  "runtime_per_step_seconds": 0.010918151610717177,
  "initial_objective": 0.5430028385235618,
  "final_objective": 0.5298465526289632,
  "best_objective": 0.5298465526289632,
  "objective_reduction": 0.013156285894598607,
  "initial_train_loss_history": 0.5422935920908001,
  "final_train_loss_history": 0.5255644120988414,
  "best_train_loss_history": 0.5255642189644013,
  "train_loss_reduction": 0.016729179991958665,
  "weight_norm": 8.564280149739512,
  "trace_s": 8.564280149739513,
  "top_eigenvalue": 1.9921240765423198,
  "min_eigenvalue": 3.9284478010620364e-13,
  "R1": 0.23260846699449828,
  "effective_rank": 7.7160470885146015,
  "config_suffix": "cov_matern_mask_random_rho_NA_lambda_1e-05_beta_1_d_50_T_10_lr_0p001_iter_5000_ntrain_1250_seed_42",
  "ridge_lambda": 0.01,
  "ridge_train_loss": 0.050777458596462224,
  "ridge_population_risk": 0.051138243159714304,
  "ridge_generalization_gap": 0.0003607845632520798,
  "ridge_excess_population_risk": 0.00012482334452134508,
  "pca_n_components": 75,
  "pca_train_loss": 0.3320675475126641,
  "pca_population_risk": 0.4078140273766643,
  "pca_generalization_gap": 0.07574647986400018,
  "pca_excess_population_risk": 0.3568006075614713
}