{
  "alpha": null,
  "seed": 42,
  "n_train": 100,
  "n_population": 5000,
  "train_loss": 1.117887119601533,
  "population_risk": 1.1279262060859736,
  "bayes_population_risk": 0.9339407664588757,
  "empirical_bayes_risk": 0.9377309687410097,
  "generalization_gap": 0.010039086484440629,
  "excess_population_risk": 0.1939854396270979,
  "runtime_seconds": 34.692580023780465,
  "runtime_per_step_seconds": 0.034692580023780464,
  "initial_objective": 1.1467891481905959,
  "final_objective": 1.1302573424933144,
  "best_objective": 1.1302573424933144,
  "objective_reduction": 0.01653180569728141,
  "initial_train_loss_history": 1.1400641890613827,
  "final_train_loss_history": 1.117887119601533,
  "best_train_loss_history": 1.1178816761865282,
  "train_loss_reduction": 0.022177069459849763,
  "weight_norm": 2.474044578352876,
  "trace_s": 2.474044578352877,
  "top_eigenvalue": 1.4670444942916685,
  "min_eigenvalue": -2.553426155284452e-16,
  "R1": 0.5929741554084563
}