{
  "alpha": null,
  "seed": 42,
  "n_train": 10000,
  "n_population": 5000,
  "train_loss": 0.970521601573499,
  "population_risk": 0.9696362642696938,
  "bayes_population_risk": 0.45666666666666667,
  "empirical_bayes_risk": 0.4580780225598208,
  "generalization_gap": -0.0008853373038051338,
  "excess_population_risk": 0.5129695976030272,
  "runtime_seconds": 1025.3611419387162,
  "runtime_per_step_seconds": 0.10253611419387161,
  "initial_objective": 0.9767226008635245,
  "final_objective": 0.9721084354314121,
  "best_objective": 0.9721084354314121,
  "objective_reduction": 0.004614165432112349,
  "initial_train_loss_history": 0.9759655931584588,
  "final_train_loss_history": 0.970521601573499,
  "best_train_loss_history": 0.9705215885704543,
  "train_loss_reduction": 0.005443991584959784,
  "weight_norm": 3.1736677157231945,
  "trace_s": 3.173667715723195,
  "top_eigenvalue": 0.6498904655842179,
  "min_eigenvalue": -1.1490443523229784e-16,
  "R1": 0.20477583786244777
}