{
  "alpha": null,
  "seed": 42,
  "n_train": 80,
  "n_population": 5000,
  "train_loss": 0.4894476912485999,
  "population_risk": 0.8852745417444774,
  "bayes_population_risk": 0.2921672002085666,
  "empirical_bayes_risk": 0.28881597169699286,
  "generalization_gap": 0.3958268504958775,
  "excess_population_risk": 0.5931073415359107,
  "runtime_seconds": 25.511385714635253,
  "runtime_per_step_seconds": 0.005102277142927051,
  "initial_objective": 0.6655420505593473,
  "final_objective": 0.5074873604161984,
  "best_objective": 0.5074873604161984,
  "objective_reduction": 0.158054690143149,
  "initial_train_loss_history": 0.6643763985342892,
  "final_train_loss_history": 0.4894476912485999,
  "best_train_loss_history": 0.4894476912485999,
  "train_loss_reduction": 0.17492870728568932,
  "weight_norm": 36.07888647509972,
  "trace_s": 36.07888647509972,
  "top_eigenvalue": 14.490937784619781,
  "min_eigenvalue": 6.993124496199634e-10,
  "R1": 0.4016459264789361,
  "effective_rank": 5.951950167732905,
  "config_suffix": "cov_matern_mask_random_rho_NA_lambda_1e-05_beta_1_d_50_T_5_lr_0p001_iter_5000_ntrain_80_seed_42"
}