{
  "alpha": 2.0,
  "seed": 0,
  "n_train": 5000,
  "n_population": 5000,
  "train_loss": 1.2525030885837731,
  "population_risk": 1.249704134976615,
  "bayes_population_risk": 1.0,
  "empirical_bayes_risk": 0.9972684929503474,
  "weight_norm": 0.004415818952317826,
  "trace_s": 0.0044158189523178255,
  "top_eigenvalue": 0.00042791779664683486,
  "R1": 0.09690564791435219
}