{
  "alpha": null,
  "seed": 42,
  "n_train": 50,
  "n_population": 5000,
  "train_loss": 1.1274076679514828,
  "population_risk": 1.2468154681671266,
  "bayes_population_risk": 0.9339407664588757,
  "empirical_bayes_risk": 0.9564605549228243,
  "generalization_gap": 0.11940780021564379,
  "excess_population_risk": 0.31287470170825094,
  "runtime_seconds": 28.151016656309366,
  "runtime_per_step_seconds": 0.0028151016656309366,
  "initial_objective": 1.1876651721968357,
  "final_objective": 1.1326288943325906,
  "best_objective": 1.1326288923365766,
  "objective_reduction": 0.05503627786424503,
  "initial_train_loss_history": 1.1869917063622504,
  "final_train_loss_history": 1.1274076679514828,
  "best_train_loss_history": 1.127405561716901,
  "train_loss_reduction": 0.05958403841076754,
  "weight_norm": 10.442454503633133,
  "trace_s": 10.442454503633135,
  "top_eigenvalue": 5.0798623846851445,
  "min_eigenvalue": 4.786259805384453e-17,
  "R1": 0.48646248666132674
}