{
  "alpha": 3.0,
  "seed": 0,
  "n_train": 7500,
  "n_population": 5000,
  "train_loss": 0.8287409256950006,
  "population_risk": 0.828082963731511,
  "bayes_population_risk": 0.675,
  "empirical_bayes_risk": 0.67302363444799,
  "weight_norm": 6.5621053317125995,
  "trace_s": 6.562105331712599,
  "top_eigenvalue": 0.6060177796682193,
  "R1": 0.09235112041550529
}