{
  "alpha": null,
  "seed": 42,
  "n_train": 1500,
  "n_population": 5000,
  "train_loss": 0.9748587405760054,
  "population_risk": 0.9779826049447429,
  "bayes_population_risk": 0.7459898192227884,
  "empirical_bayes_risk": 0.7419144430427411,
  "generalization_gap": 0.003123864368737461,
  "excess_population_risk": 0.23199278572195448,
  "runtime_seconds": 24.16124094836414,
  "runtime_per_step_seconds": 0.004832248189672828,
  "initial_objective": 0.9840476839167593,
  "final_objective": 0.9756268284309492,
  "best_objective": 0.9756268284309492,
  "objective_reduction": 0.008420855485810175,
  "initial_train_loss_history": 0.9835914275537389,
  "final_train_loss_history": 0.9748587405760054,
  "best_train_loss_history": 0.9748587065395113,
  "train_loss_reduction": 0.00873268697773344,
  "weight_norm": 3.0723506867558332,
  "trace_s": 3.0723506867558332,
  "top_eigenvalue": 1.1951638199895058,
  "min_eigenvalue": 1.695128018555447e-14,
  "R1": 0.38900631530820057,
  "effective_rank": 4.691870982497427,
  "config_suffix": "cov_matern_mask_random_rho_NA_lambda_1e-05_beta_1_d_25_T_5_lr_0p001_iter_5000_ntrain_1500_seed_42",
  "ridge_lambda": 0.01,
  "ridge_train_loss": 0.7446611975825503,
  "ridge_population_risk": 0.7433189873747795,
  "ridge_generalization_gap": -0.001342210207770811,
  "ridge_excess_population_risk": -0.00267083184800887,
  "pca_n_components": 62,
  "pca_train_loss": 1.0776843587089089,
  "pca_population_risk": 1.2562458011038375,
  "pca_generalization_gap": 0.17856144239492866,
  "pca_excess_population_risk": 0.5102559818810491
}