{
  "alpha": null,
  "seed": 42,
  "n_train": 1500,
  "n_population": 5000,
  "train_loss": 1.1313930346411734,
  "population_risk": 1.1288170866909861,
  "bayes_population_risk": 0.9710902924899966,
  "empirical_bayes_risk": 0.9658601219101969,
  "generalization_gap": -0.0025759479501872296,
  "excess_population_risk": 0.15772679420098956,
  "runtime_seconds": 80.97484039515257,
  "runtime_per_step_seconds": 0.016194968079030515,
  "initial_objective": 1.135227802478423,
  "final_objective": 1.1316975578219317,
  "best_objective": 1.1316975578219317,
  "objective_reduction": 0.0035302446564913215,
  "initial_train_loss_history": 1.1348637940589532,
  "final_train_loss_history": 1.1313930346411734,
  "best_train_loss_history": 1.1313930346411734,
  "train_loss_reduction": 0.003470759417779856,
  "weight_norm": 1.2180926338106444,
  "trace_s": 1.2180926338106441,
  "top_eigenvalue": 0.6172343299363826,
  "min_eigenvalue": -1.674509412658475e-17,
  "R1": 0.5067219953587974,
  "effective_rank": 2.715465665024914,
  "config_suffix": "cov_exponential_mask_random_rho_NA_lambda_1e-05_beta_1_d_25_T_5_lr_0p001_iter_5000_ntrain_1500_seed_42"
}