{
  "alpha": null,
  "seed": 42,
  "n_train": 500,
  "n_population": 5000,
  "train_loss": 1.1328708793868165,
  "population_risk": 1.1312704946680467,
  "bayes_population_risk": 0.9710902924899966,
  "empirical_bayes_risk": 0.9692011713532149,
  "generalization_gap": -0.0016003847187697762,
  "excess_population_risk": 0.16018020217805018,
  "runtime_seconds": 36.06257619149983,
  "runtime_per_step_seconds": 0.007212515238299966,
  "initial_objective": 1.1393950419994352,
  "final_objective": 1.1356278992060331,
  "best_objective": 1.1356278992060331,
  "objective_reduction": 0.0037671427934020674,
  "initial_train_loss_history": 1.1382451237690252,
  "final_train_loss_history": 1.1328708793868165,
  "best_train_loss_history": 1.1328686950250146,
  "train_loss_reduction": 0.005374244382208682,
  "weight_norm": 2.7570198168251223,
  "trace_s": 2.7570198168251228,
  "top_eigenvalue": 0.8567977999564154,
  "min_eigenvalue": -3.128000384875118e-17,
  "R1": 0.3107695471493094,
  "effective_rank": 4.4924097579549915,
  "config_suffix": "cov_exponential_mask_random_rho_NA_lambda_1e-05_beta_1_d_100_T_5_lr_0p001_iter_5000_ntrain_500_seed_42",
  "ridge_lambda": 0.01,
  "ridge_train_loss": 0.9693566505969164,
  "ridge_population_risk": 0.9768615381935942,
  "ridge_generalization_gap": 0.007504887596677778,
  "ridge_excess_population_risk": 0.0057712457035976605,
  "pca_n_components": 75,
  "pca_train_loss": 0.8106295151022209,
  "pca_population_risk": 1.2162051058875327,
  "pca_generalization_gap": 0.4055755907853118,
  "pca_excess_population_risk": 0.24511481339753616
}