{
  "alpha": null,
  "seed": 42,
  "n_train": 1750,
  "n_population": 5000,
  "train_loss": 0.3322454671766259,
  "population_risk": 0.3407846113782039,
  "bayes_population_risk": 0.12197790055248611,
  "empirical_bayes_risk": 0.12176690743902814,
  "generalization_gap": 0.00853914420157803,
  "excess_population_risk": 0.21880671082571782,
  "runtime_seconds": 285.6184301264584,
  "runtime_per_step_seconds": 0.05712368602529168,
  "initial_objective": 0.34656614070333225,
  "final_objective": 0.3366742879681062,
  "best_objective": 0.3366742879681062,
  "objective_reduction": 0.009891852735226025,
  "initial_train_loss_history": 0.34584325409001265,
  "final_train_loss_history": 0.3322454671766259,
  "best_train_loss_history": 0.3322454671766259,
  "train_loss_reduction": 0.013597786913386756,
  "weight_norm": 8.857640676063363,
  "trace_s": 8.857640676063363,
  "top_eigenvalue": 2.5077647342506006,
  "min_eigenvalue": 1.3200076025979528e-13,
  "R1": 0.2831188152650527,
  "effective_rank": 9.100302157190624,
  "config_suffix": "cov_toeplitz_mask_random_rho_0p9_lambda_1e-05_beta_1_d_50_T_10_lr_0p001_iter_5000_ntrain_1750_seed_42"
}