{
  "alpha": null,
  "seed": 42,
  "n_train": 10,
  "n_population": 5000,
  "train_loss": 0.5293071569900234,
  "population_risk": 1.5476530064508127,
  "bayes_population_risk": 0.2928968253968254,
  "empirical_bayes_risk": 0.2928506645191961,
  "generalization_gap": 1.0183458494607893,
  "excess_population_risk": 1.2547561810539873,
  "runtime_seconds": 15.540834791958332,
  "runtime_per_step_seconds": 0.0031081669583916663,
  "initial_objective": 0.9567665258940828,
  "final_objective": 0.5476445308584816,
  "best_objective": 0.5476445308584816,
  "objective_reduction": 0.4091219950356012,
  "initial_train_loss_history": 0.9558157191605046,
  "final_train_loss_history": 0.5293071569900234,
  "best_train_loss_history": 0.5293071569900234,
  "train_loss_reduction": 0.42650856217048116,
  "weight_norm": 36.67392584396382,
  "trace_s": 36.673925843963836,
  "top_eigenvalue": 30.837083109572166,
  "min_eigenvalue": 1.4824264467804848e-12,
  "R1": 0.8408448891120731,
  "effective_rank": 1.948877920637535,
  "config_suffix": "cov_tridiagonal_mask_random_rho_0p5_lambda_1e-05_beta_1_d_50_T_10_lr_0p001_iter_5000_ntrain_10_seed_42",
  "ridge_lambda": 0.01,
  "ridge_train_loss": 0.03002012439030823,
  "ridge_population_risk": 2.1961796190426783,
  "ridge_generalization_gap": 2.16615949465237,
  "ridge_excess_population_risk": 1.903282793645853,
  "pca_n_components": 75,
  "pca_train_loss": 1.0886137322563168e-16,
  "pca_population_risk": 1.1114084646505704,
  "pca_generalization_gap": 1.1114084646505704,
  "pca_excess_population_risk": 0.818511639253745
}