{
  "alpha": 2.0,
  "seed": 0,
  "n_train": 5000,
  "n_population": 5000,
  "train_loss": 0.4798285269812452,
  "population_risk": 0.47987393097385395,
  "bayes_population_risk": 0.2663414634146341,
  "empirical_bayes_risk": 0.2653005744819174,
  "weight_norm": 0.004419491450128916,
  "trace_s": 0.004419491450128918,
  "top_eigenvalue": 0.00043099089526184796,
  "R1": 0.09752047268906378
}