{
  "alpha": null,
  "seed": 42,
  "n_train": 150,
  "n_population": 5000,
  "train_loss": 1.0357749621338328,
  "population_risk": 1.0203652084797814,
  "bayes_population_risk": 0.9245538461538463,
  "empirical_bayes_risk": 0.9259466323264338,
  "generalization_gap": -0.015409753654051395,
  "excess_population_risk": 0.09581136232593512,
  "runtime_seconds": 99.65768855810165,
  "runtime_per_step_seconds": 0.01993153771162033,
  "initial_objective": 1.0474997443785852,
  "final_objective": 1.038943116804279,
  "best_objective": 1.038943116802392,
  "objective_reduction": 0.008556627574306086,
  "initial_train_loss_history": 1.0464505541455007,
  "final_train_loss_history": 1.0357749621338328,
  "best_train_loss_history": 1.035774877129917,
  "train_loss_reduction": 0.0106755920116679,
  "weight_norm": 3.1681549416351698,
  "trace_s": 3.1681549416351693,
  "top_eigenvalue": 3.1681549414277197,
  "min_eigenvalue": -6.78668787225244e-17,
  "R1": 0.99999999993452,
  "effective_rank": 1.0000000016781432,
  "config_suffix": "cov_toeplitz_mask_random_rho_0p2_lambda_1e-05_beta_1_d_100_T_50_lr_0p001_iter_5000_ntrain_150_seed_42",
  "ridge_lambda": 0.01,
  "ridge_train_loss": 0.6495219705052334,
  "ridge_population_risk": 1.3778423215995446,
  "ridge_generalization_gap": 0.7283203510943111,
  "ridge_excess_population_risk": 0.4532884754456983,
  "pca_n_components": 75,
  "pca_train_loss": 0.4402339606413895,
  "pca_population_risk": 1.022780543516501,
  "pca_generalization_gap": 0.5825465828751115,
  "pca_excess_population_risk": 0.09822669736265466
}