{
  "alpha": 5.0,
  "seed": 0,
  "n_train": 12500,
  "n_population": 5000,
  "train_loss": 1.2485407020546242,
  "population_risk": 1.2526571026609366,
  "bayes_population_risk": 1.0,
  "empirical_bayes_risk": 0.9988698818985595,
  "weight_norm": 0.0757696842602137,
  "trace_s": 0.0757696842602137,
  "top_eigenvalue": 0.009214092331606381,
  "R1": 0.12160658212541418
}