{
  "alpha": null,
  "seed": 42,
  "n_train": 2000,
  "n_population": 5000,
  "train_loss": 1.0777935431875758,
  "population_risk": 1.0818493505283544,
  "bayes_population_risk": 0.8498899082568808,
  "empirical_bayes_risk": 0.9109161488187899,
  "generalization_gap": 0.004055807340778594,
  "excess_population_risk": 0.23195944227147358,
  "runtime_seconds": 41.16888967342675,
  "runtime_per_step_seconds": 0.041168889673426745,
  "initial_objective": 1.07959407634986,
  "final_objective": 1.0778959157195365,
  "best_objective": 1.0778959157195365,
  "objective_reduction": 0.0016981606303234642,
  "initial_train_loss_history": 1.079056981295044,
  "final_train_loss_history": 1.0777935431875758,
  "best_train_loss_history": 1.0777935431875758,
  "train_loss_reduction": 0.0012634381074680956,
  "weight_norm": 0.20474221069529605,
  "trace_s": 0.20474221069529605,
  "top_eigenvalue": 0.20450664671007326,
  "min_eigenvalue": 5.531320518132835e-13,
  "R1": 0.9988494605757022
}