{
  "alpha": null,
  "seed": 42,
  "n_train": 750,
  "n_population": 5000,
  "train_loss": 0.30905687135066623,
  "population_risk": 0.3354101299072464,
  "bayes_population_risk": 0.07006953088198194,
  "empirical_bayes_risk": 0.0710541690575253,
  "generalization_gap": 0.02635325855658016,
  "excess_population_risk": 0.26534059902526447,
  "runtime_seconds": 20.379262318834662,
  "runtime_per_step_seconds": 0.0040758524637669324,
  "initial_objective": 0.3593954939314956,
  "final_objective": 0.3125764484735805,
  "best_objective": 0.3125764484735805,
  "objective_reduction": 0.0468190454579151,
  "initial_train_loss_history": 0.35868943473740356,
  "final_train_loss_history": 0.30905687135066623,
  "best_train_loss_history": 0.30905687135066623,
  "train_loss_reduction": 0.04963256338673733,
  "weight_norm": 14.078157334666209,
  "trace_s": 14.078157334666209,
  "top_eigenvalue": 2.8459415760557194,
  "min_eigenvalue": 1.89148136535647e-09,
  "R1": 0.20215298837780715,
  "effective_rank": 8.308458723480415,
  "config_suffix": "cov_matern_mask_random_rho_NA_lambda_1e-05_beta_1_d_25_T_5_lr_0p001_iter_5000_ntrain_750_seed_42",
  "ridge_lambda": 0.01,
  "ridge_train_loss": 0.06715572842526041,
  "ridge_population_risk": 0.07142117998662229,
  "ridge_generalization_gap": 0.004265451561361877,
  "ridge_excess_population_risk": 0.0013516491046403484,
  "pca_n_components": 62,
  "pca_train_loss": 0.10045749383998126,
  "pca_population_risk": 0.1358507388857419,
  "pca_generalization_gap": 0.035393245045760635,
  "pca_excess_population_risk": 0.06578120800375996
}