{
  "alpha": null,
  "seed": 42,
  "n_train": 7000,
  "n_population": 5000,
  "train_loss": 0.3274897117484114,
  "population_risk": 0.3297233315849334,
  "bayes_population_risk": 0.13898342541436456,
  "empirical_bayes_risk": 0.18983685558967522,
  "generalization_gap": 0.002233619836521983,
  "excess_population_risk": 0.19073990617056882,
  "runtime_seconds": 1078.426080673933,
  "runtime_per_step_seconds": 0.1078426080673933,
  "initial_objective": 0.36485168058336476,
  "final_objective": 0.332500077906718,
  "best_objective": 0.332500077906718,
  "objective_reduction": 0.032351602676646773,
  "initial_train_loss_history": 0.3636165323326407,
  "final_train_loss_history": 0.3274897117484114,
  "best_train_loss_history": 0.3274897117484114,
  "train_loss_reduction": 0.03612682058422928,
  "weight_norm": 10.020732290079927,
  "trace_s": 10.020732290079927,
  "top_eigenvalue": 0.7972023820451087,
  "min_eigenvalue": 4.323253935616545e-16,
  "R1": 0.07955530184498623
}