{
  "alpha": null,
  "seed": 42,
  "n_train": 70,
  "n_population": 5000,
  "train_loss": 0.056942537950664916,
  "population_risk": 0.155224060292823,
  "bayes_population_risk": 0.011034997727387535,
  "empirical_bayes_risk": 0.011044550651119624,
  "generalization_gap": 0.09828152234215809,
  "excess_population_risk": 0.14418906256543548,
  "runtime_seconds": 36.42078331671655,
  "runtime_per_step_seconds": 0.00728415666334331,
  "initial_objective": 0.07800740921013997,
  "final_objective": 0.06771869140047031,
  "best_objective": 0.06771869140047031,
  "objective_reduction": 0.010288717809669667,
  "initial_train_loss_history": 0.0774375606066095,
  "final_train_loss_history": 0.056942537950664916,
  "best_train_loss_history": 0.056942537950664916,
  "train_loss_reduction": 0.020495022655944585,
  "weight_norm": 21.552306809735633,
  "trace_s": 21.55230680973563,
  "top_eigenvalue": 12.48343652263674,
  "min_eigenvalue": 2.0558338542141883e-15,
  "R1": 0.5792157949884842,
  "effective_rank": 3.3185930083212773,
  "config_suffix": "cov_toeplitz_mask_random_rho_0p99_lambda_1e-05_beta_1_d_50_T_20_lr_0p001_iter_5000_ntrain_70_seed_42"
}