{
  "alpha": null,
  "seed": 42,
  "n_train": 400,
  "n_population": 5000,
  "train_loss": 0.07032390446360923,
  "population_risk": 0.07322926844628685,
  "bayes_population_risk": 0.011034997727387535,
  "empirical_bayes_risk": 0.011115749373107189,
  "generalization_gap": 0.002905363982677628,
  "excess_population_risk": 0.06219427071889932,
  "runtime_seconds": 57.028638577088714,
  "runtime_per_step_seconds": 0.011405727715417743,
  "initial_objective": 0.07478965323041271,
  "final_objective": 0.0722885452906069,
  "best_objective": 0.0722885452906069,
  "objective_reduction": 0.002501107939805819,
  "initial_train_loss_history": 0.07419066416045049,
  "final_train_loss_history": 0.07032390446360923,
  "best_train_loss_history": 0.07032390446360923,
  "train_loss_reduction": 0.0038667596968412626,
  "weight_norm": 3.9292815935548964,
  "trace_s": 3.9292815935548973,
  "top_eigenvalue": 0.942697314393909,
  "min_eigenvalue": 8.387381687835946e-17,
  "R1": 0.2399159469609386,
  "effective_rank": 7.55282140642802,
  "config_suffix": "cov_toeplitz_mask_random_rho_0p99_lambda_1e-05_beta_1_d_50_T_20_lr_0p001_iter_5000_ntrain_400_seed_42",
  "ridge_lambda": 0.01,
  "ridge_train_loss": 0.01049348965744308,
  "ridge_population_risk": 0.011675796262979338,
  "ridge_generalization_gap": 0.0011823066055362576,
  "ridge_excess_population_risk": 0.0006407985355918033,
  "pca_n_components": 75,
  "pca_train_loss": 0.0360470313540143,
  "pca_population_risk": 0.060851946242393866,
  "pca_generalization_gap": 0.02480491488837957,
  "pca_excess_population_risk": 0.04981694851500633
}