{
  "alpha": null,
  "seed": 42,
  "n_train": 10,
  "n_population": 5000,
  "train_loss": 0.9507384665358616,
  "population_risk": 1.2386734268069246,
  "bayes_population_risk": 0.91,
  "empirical_bayes_risk": 0.9087489084402823,
  "generalization_gap": 0.287934960271063,
  "excess_population_risk": 0.3286734268069246,
  "runtime_seconds": 7.56502572260797,
  "runtime_per_step_seconds": 0.00756502572260797,
  "initial_objective": 1.101398585921215,
  "final_objective": 0.9807637780615929,
  "best_objective": 0.9807637780615929,
  "objective_reduction": 0.1206348078596221,
  "initial_train_loss_history": 1.0923936731879067,
  "final_train_loss_history": 0.9507384665358616,
  "best_train_loss_history": 0.9507363434076319,
  "train_loss_reduction": 0.14165520665204512,
  "weight_norm": 6.0050609691750205,
  "trace_s": 6.005060969175021,
  "top_eigenvalue": 4.682900964554202,
  "min_eigenvalue": 8.495436625888126e-17,
  "R1": 0.7798257151080252,
  "config_suffix": "cov_toeplitz_mask_last_rho_0p3_lambda_0p0001_beta_1_d_50_T_5_lr_0p01_iter_1000_ntrain_10_seed_42"
}