{
  "alpha": null,
  "seed": 42,
  "n_train": 2000,
  "n_population": 5000,
  "train_loss": 0.3248148755242611,
  "population_risk": 0.33010022120183496,
  "bayes_population_risk": 0.18999999999999984,
  "empirical_bayes_risk": 0.19017323010720413,
  "generalization_gap": 0.005285345677573883,
  "excess_population_risk": 0.14010022120183513,
  "runtime_seconds": 336.2600215598941,
  "runtime_per_step_seconds": 0.03362600215598941,
  "initial_objective": 0.3629148194293278,
  "final_objective": 0.33003525733687133,
  "best_objective": 0.33003525733687133,
  "objective_reduction": 0.03287956209245646,
  "initial_train_loss_history": 0.36168625633435636,
  "final_train_loss_history": 0.3248148755242611,
  "best_train_loss_history": 0.3248146677384265,
  "train_loss_reduction": 0.03687138081009528,
  "weight_norm": 10.44076361374661,
  "trace_s": 10.440763613746615,
  "top_eigenvalue": 1.3221540861660737,
  "min_eigenvalue": 1.4888650582905613e-16,
  "R1": 0.1266338493120644,
  "config_suffix": "cov_toeplitz_mask_last_rho_0p9_lambda_1e-05_beta_1_d_50_T_5_lr_0p001_iter_10000_ntrain_2000_seed_42"
}