{
  "alpha": null,
  "seed": 42,
  "n_train": 1500,
  "n_population": 5000,
  "train_loss": 0.8863125398094235,
  "population_risk": 0.8896441537529143,
  "bayes_population_risk": 0.4371730888154475,
  "empirical_bayes_risk": 0.43576350050523416,
  "generalization_gap": 0.0033316139434907965,
  "excess_population_risk": 0.4524710649374668,
  "runtime_seconds": 54.38717094808817,
  "runtime_per_step_seconds": 0.010877434189617634,
  "initial_objective": 0.8943575483154182,
  "final_objective": 0.8882275896341527,
  "best_objective": 0.8882275896341527,
  "objective_reduction": 0.006129958681265535,
  "initial_train_loss_history": 0.8937594534060015,
  "final_train_loss_history": 0.8863125398094235,
  "best_train_loss_history": 0.8863122140526648,
  "train_loss_reduction": 0.007446913596578009,
  "weight_norm": 3.8300995299937086,
  "trace_s": 3.830099529993708,
  "top_eigenvalue": 1.7696458752195392,
  "min_eigenvalue": 6.067992222853272e-15,
  "R1": 0.4620365244718447,
  "effective_rank": 4.110807282327193,
  "config_suffix": "cov_toeplitz_bump_mask_random_rho_0p5_lambda_1e-05_beta_1_d_50_T_10_lr_0p001_iter_5000_ntrain_1500_seed_42",
  "ridge_lambda": 0.01,
  "ridge_train_loss": 0.43350666042796654,
  "ridge_population_risk": 0.4386936916935988,
  "ridge_generalization_gap": 0.005187031265632247,
  "ridge_excess_population_risk": 0.0015206028781513115,
  "pca_n_components": 75,
  "pca_train_loss": 0.7286926228380356,
  "pca_population_risk": 0.8674377035473295,
  "pca_generalization_gap": 0.13874508070929392,
  "pca_excess_population_risk": 0.43026461473188204
}