{
  "alpha": null,
  "seed": 42,
  "n_train": 400,
  "n_population": 5000,
  "train_loss": 0.2826381981250083,
  "population_risk": 0.36580267637299557,
  "bayes_population_risk": 0.07006953088198194,
  "empirical_bayes_risk": 0.0694182448075111,
  "generalization_gap": 0.08316447824798728,
  "excess_population_risk": 0.29573314549101365,
  "runtime_seconds": 23.089891605079174,
  "runtime_per_step_seconds": 0.004617978321015835,
  "initial_objective": 0.3724191238341425,
  "final_objective": 0.3071872483046765,
  "best_objective": 0.3071872483046765,
  "objective_reduction": 0.06523187552946602,
  "initial_train_loss_history": 0.3700808273111454,
  "final_train_loss_history": 0.2826381981250083,
  "best_train_loss_history": 0.2826381981250083,
  "train_loss_reduction": 0.0874426291861371,
  "weight_norm": 24.549035598859305,
  "trace_s": 24.549035598859298,
  "top_eigenvalue": 10.119741161385942,
  "min_eigenvalue": 8.222428994185744e-14,
  "R1": 0.4122256094596306,
  "effective_rank": 7.3280427914886035,
  "config_suffix": "cov_matern_mask_random_rho_NA_lambda_1e-05_beta_1_d_100_T_5_lr_0p001_iter_5000_ntrain_400_seed_42",
  "ridge_lambda": 0.01,
  "ridge_train_loss": 0.06663141218553799,
  "ridge_population_risk": 0.070162432586,
  "ridge_generalization_gap": 0.0035310204004620066,
  "ridge_excess_population_risk": 9.290170401805853e-05,
  "pca_n_components": 75,
  "pca_train_loss": 0.30514409441634444,
  "pca_population_risk": 0.5405169402845142,
  "pca_generalization_gap": 0.2353728458681698,
  "pca_excess_population_risk": 0.4704474094025323
}