{
  "alpha": 1.0,
  "seed": 0,
  "n_train": 2500,
  "n_population": 5000,
  "train_loss": 0.8997901200443162,
  "population_risk": 0.9087748610367856,
  "bayes_population_risk": 0.6299999999999999,
  "empirical_bayes_risk": 0.6321589965112439,
  "generalization_gap": 0.008984740992469376,
  "excess_population_risk": 0.2787748610367857,
  "runtime_seconds": 55.90553866699338,
  "runtime_per_step_seconds": 0.05590553866699338,
  "initial_objective": 0.9084315597674477,
  "final_objective": 0.9000855621538842,
  "best_objective": 0.9000770413587501,
  "objective_reduction": 0.008345997613563472,
  "initial_train_loss_history": 0.9034004853156166,
  "final_train_loss_history": 0.8997901200443162,
  "best_train_loss_history": 0.8997736808615635,
  "train_loss_reduction": 0.00361036527130032,
  "weight_norm": 0.6045949328608334,
  "trace_s": 0.6045949328608334,
  "top_eigenvalue": 0.15992092310790065,
  "min_eigenvalue": 5.882780971216547e-13,
  "R1": 0.2645092018075372
}