{
  "alpha": null,
  "seed": 42,
  "n_train": 250,
  "n_population": 5000,
  "train_loss": 0.5426030403178921,
  "population_risk": 0.6104785031838588,
  "bayes_population_risk": 0.3599999999999999,
  "empirical_bayes_risk": 0.3601399212904389,
  "generalization_gap": 0.06787546286596668,
  "excess_population_risk": 0.2504785031838589,
  "runtime_seconds": 36.70384096726775,
  "runtime_per_step_seconds": 0.003670384096726775,
  "initial_objective": 0.5952440445905165,
  "final_objective": 0.5516858410302956,
  "best_objective": 0.5516858409182416,
  "objective_reduction": 0.04355820356022089,
  "initial_train_loss_history": 0.5942503694395872,
  "final_train_loss_history": 0.5426030403178921,
  "best_train_loss_history": 0.5426030332825634,
  "train_loss_reduction": 0.05164732912169512,
  "weight_norm": 18.165601169578633,
  "trace_s": 18.165601169578636,
  "top_eigenvalue": 7.163778924625634,
  "min_eigenvalue": 6.095462008248142e-15,
  "R1": 0.3943595842356481,
  "config_suffix": "cov_toeplitz_mask_last_rho_0p8_lambda_1e-05_beta_1_d_50_T_5_lr_0p001_iter_10000_ntrain_250_seed_42"
}