{
  "alpha": null,
  "seed": 42,
  "n_train": 40,
  "n_population": 5000,
  "train_loss": 0.4435021915946324,
  "population_risk": 1.2619877306062277,
  "bayes_population_risk": 0.10837348066298334,
  "empirical_bayes_risk": 0.10801566467590124,
  "generalization_gap": 0.8184855390115953,
  "excess_population_risk": 1.1536142499432445,
  "runtime_seconds": 71.74301053211093,
  "runtime_per_step_seconds": 0.014348602106422186,
  "initial_objective": 0.7326509353162377,
  "final_objective": 0.47110492035994095,
  "best_objective": 0.47110492035994095,
  "objective_reduction": 0.26154601495629676,
  "initial_train_loss_history": 0.7318727996537358,
  "final_train_loss_history": 0.4435021915946324,
  "best_train_loss_history": 0.4435021915946324,
  "train_loss_reduction": 0.28837060805910336,
  "weight_norm": 55.20509792217744,
  "trace_s": 55.20509792217744,
  "top_eigenvalue": 52.26312993458269,
  "min_eigenvalue": 9.127969115540401e-12,
  "R1": 0.9467084001600351,
  "effective_rank": 1.293905274075262,
  "config_suffix": "cov_toeplitz_mask_random_rho_0p9_lambda_1e-05_beta_1_d_50_T_50_lr_0p001_iter_5000_ntrain_40_seed_42"
}