{
  "alpha": null,
  "seed": 42,
  "n_train": 1000,
  "n_population": 5000,
  "train_loss": 1.0257351726054926,
  "population_risk": 1.0227530092933115,
  "bayes_population_risk": 0.9267692307692309,
  "empirical_bayes_risk": 0.9254024902668414,
  "generalization_gap": -0.002982163312181152,
  "excess_population_risk": 0.09598377852408058,
  "runtime_seconds": 367.621335869655,
  "runtime_per_step_seconds": 0.073524267173931,
  "initial_objective": 1.0286043491341894,
  "final_objective": 1.026249836852666,
  "best_objective": 1.0262498367958877,
  "objective_reduction": 0.002354512281523391,
  "initial_train_loss_history": 1.026602292499659,
  "final_train_loss_history": 1.0257351726054926,
  "best_train_loss_history": 1.025734914830578,
  "train_loss_reduction": 0.0008671198941663238,
  "weight_norm": 0.2573321442145284,
  "trace_s": 0.25733214421452844,
  "top_eigenvalue": 0.25733214405999816,
  "min_eigenvalue": -5.051236362123664e-19,
  "R1": 0.9999999993994911,
  "effective_rank": 1.000000011805376,
  "config_suffix": "cov_toeplitz_mask_random_rho_0p2_lambda_1e-05_beta_1_d_200_T_20_lr_0p001_iter_5000_ntrain_1000_seed_42",
  "ridge_lambda": 0.01,
  "ridge_train_loss": 0.9125098380328182,
  "ridge_population_risk": 0.9432602901845446,
  "ridge_generalization_gap": 0.03075045215172645,
  "ridge_excess_population_risk": 0.016491059415313702,
  "pca_n_components": 75,
  "pca_train_loss": 0.8805408888744739,
  "pca_population_risk": 1.0165780006806828,
  "pca_generalization_gap": 0.13603711180620892,
  "pca_excess_population_risk": 0.08980876991145192
}