{
  "alpha": null,
  "seed": 42,
  "n_train": 10000,
  "n_population": 5000,
  "train_loss": 0.9056047319821593,
  "population_risk": 0.9076374048034705,
  "bayes_population_risk": 0.6299999999999999,
  "empirical_bayes_risk": 0.6292102837659529,
  "generalization_gap": 0.0020326728213112544,
  "excess_population_risk": 0.27763740480347066,
  "runtime_seconds": 361.65293072350323,
  "runtime_per_step_seconds": 0.36165293072350324,
  "initial_objective": 0.9071700604800225,
  "final_objective": 0.9059779986895921,
  "best_objective": 0.9059779986895921,
  "objective_reduction": 0.0011920617904304098,
  "initial_train_loss_history": 0.9060627493188125,
  "final_train_loss_history": 0.9056047319821593,
  "best_train_loss_history": 0.9056047319821593,
  "train_loss_reduction": 0.00045801733665318256,
  "weight_norm": 0.3732654619957729,
  "trace_s": 0.3732654619957728,
  "top_eigenvalue": 0.3728788759844124,
  "min_eigenvalue": 9.446102511236065e-17,
  "R1": 0.9989643134693107
}