{
  "alpha": null,
  "seed": 42,
  "n_train": 90,
  "n_population": 5000,
  "train_loss": 1.026541768141175,
  "population_risk": 1.0604874855970492,
  "bayes_population_risk": 1.0,
  "empirical_bayes_risk": 1.0005406775625632,
  "generalization_gap": 0.03394571745587416,
  "excess_population_risk": 0.060487485597049195,
  "runtime_seconds": 27.775416078045964,
  "runtime_per_step_seconds": 0.0055550832156091925,
  "initial_objective": 1.0385989996043319,
  "final_objective": 1.0285052606632623,
  "best_objective": 1.0285052606632623,
  "objective_reduction": 0.010093738941069574,
  "initial_train_loss_history": 1.03802585101419,
  "final_train_loss_history": 1.026541768141175,
  "best_train_loss_history": 1.026541768141175,
  "train_loss_reduction": 0.011484082873014945,
  "weight_norm": 3.9269850431695095,
  "trace_s": 3.9269850431695095,
  "top_eigenvalue": 2.648079559908348,
  "min_eigenvalue": -3.900418687695704e-17,
  "R1": 0.6743289141155109,
  "effective_rank": 1.879627241496641,
  "config_suffix": "cov_identity_mask_random_rho_NA_lambda_1e-05_beta_1_d_50_T_20_lr_0p001_iter_5000_ntrain_90_seed_42",
  "ridge_lambda": 0.01,
  "ridge_train_loss": 0.7793972119699227,
  "ridge_population_risk": 1.2794486630554613,
  "ridge_generalization_gap": 0.5000514510855386,
  "ridge_excess_population_risk": 0.27944866305546134,
  "pca_n_components": 75,
  "pca_train_loss": 0.10981968775122149,
  "pca_population_risk": 1.0985080032160517,
  "pca_generalization_gap": 0.9886883154648302,
  "pca_excess_population_risk": 0.09850800321605169
}