{
  "alpha": null,
  "seed": 42,
  "n_train": 1000,
  "n_population": 5000,
  "train_loss": 1.055175510411003,
  "population_risk": 1.0487513850269368,
  "bayes_population_risk": 1.0,
  "empirical_bayes_risk": 0.9978563410562147,
  "generalization_gap": -0.006424125384066226,
  "excess_population_risk": 0.04875138502693677,
  "runtime_seconds": 96.5724492687732,
  "runtime_per_step_seconds": 0.01931448985375464,
  "initial_objective": 1.0569204265971002,
  "final_objective": 1.0554303436235886,
  "best_objective": 1.0554303436235881,
  "objective_reduction": 0.0014900829735116083,
  "initial_train_loss_history": 1.0563701332346491,
  "final_train_loss_history": 1.055175510411003,
  "best_train_loss_history": 1.055175510250085,
  "train_loss_reduction": 0.0011946228236461298,
  "weight_norm": 0.5096664251712294,
  "trace_s": 0.5096664251712293,
  "top_eigenvalue": 0.5096664251712293,
  "min_eigenvalue": -1.607973499444632e-16,
  "R1": 1.0000000000000002,
  "effective_rank": 1.0,
  "config_suffix": "cov_identity_mask_random_rho_NA_lambda_1e-05_beta_1_d_50_T_20_lr_0p001_iter_5000_ntrain_1000_seed_42"
}