{
  "alpha": null,
  "seed": 42,
  "n_train": 150,
  "n_population": 5000,
  "train_loss": 0.9878212609324731,
  "population_risk": 1.0185846172133548,
  "bayes_population_risk": 0.7166519216006867,
  "empirical_bayes_risk": 0.7203267494889664,
  "generalization_gap": 0.03076335628088167,
  "excess_population_risk": 0.3019326956126681,
  "runtime_seconds": 40.61031016893685,
  "runtime_per_step_seconds": 0.00812206203378737,
  "initial_objective": 1.0114095308529656,
  "final_objective": 0.9915318451836844,
  "best_objective": 0.9915318451836844,
  "objective_reduction": 0.019877685669281164,
  "initial_train_loss_history": 1.0107934136207597,
  "final_train_loss_history": 0.9878212609324731,
  "best_train_loss_history": 0.9878212609324731,
  "train_loss_reduction": 0.022972152688286562,
  "weight_norm": 7.4211672131698405,
  "trace_s": 7.4211672131698405,
  "top_eigenvalue": 3.0231124419749777,
  "min_eigenvalue": 4.9077129211954604e-17,
  "R1": 0.40736347196301753,
  "effective_rank": 3.6672379096209284,
  "config_suffix": "cov_matern_mask_random_rho_NA_lambda_1e-05_beta_1_d_50_T_10_lr_0p001_iter_5000_ntrain_150_seed_42"
}