{
  "alpha": null,
  "seed": 42,
  "n_train": 50,
  "n_population": 5000,
  "train_loss": 0.32542757805975725,
  "population_risk": 0.7563911354893404,
  "bayes_population_risk": 0.27570731707317064,
  "empirical_bayes_risk": 0.2749836454028885,
  "generalization_gap": 0.4309635574295832,
  "excess_population_risk": 0.4806838184161698,
  "runtime_seconds": 25.830798894166946,
  "runtime_per_step_seconds": 0.0025830798894166947,
  "initial_objective": 0.4910754763080567,
  "final_objective": 0.3482318483095512,
  "best_objective": 0.3482318483095512,
  "objective_reduction": 0.14284362799850553,
  "initial_train_loss_history": 0.48973733980252154,
  "final_train_loss_history": 0.32542757805975725,
  "best_train_loss_history": 0.32542702275934277,
  "train_loss_reduction": 0.1643097617427643,
  "weight_norm": 45.60853933971381,
  "trace_s": 45.60853933971381,
  "top_eigenvalue": 31.283426829828727,
  "min_eigenvalue": 9.318780814457008e-15,
  "R1": 0.6859116139812128
}