{
  "alpha": null,
  "seed": 42,
  "n_train": 2000,
  "n_population": 5000,
  "train_loss": 1.0184839643895234,
  "population_risk": 1.0154258243311516,
  "bayes_population_risk": 1.0,
  "empirical_bayes_risk": 0.9953874419979977,
  "generalization_gap": -0.0030581400583717944,
  "excess_population_risk": 0.015425824331151583,
  "runtime_seconds": 1521.2945073265582,
  "runtime_per_step_seconds": 0.30425890146531165,
  "initial_objective": 1.0196100162125663,
  "final_objective": 1.0185532996156574,
  "best_objective": 1.0185532996156572,
  "objective_reduction": 0.0010567165969088688,
  "initial_train_loss_history": 1.018605934779058,
  "final_train_loss_history": 1.0184839643895234,
  "best_train_loss_history": 1.0184839641989676,
  "train_loss_reduction": 0.00012197038953454253,
  "weight_norm": 0.06933522613399382,
  "trace_s": 0.06933522613399382,
  "top_eigenvalue": 0.06933522613399383,
  "min_eigenvalue": -1.7574739102470866e-17,
  "R1": 0.9999999999999996,
  "effective_rank": 1.0,
  "config_suffix": "cov_identity_mask_random_rho_NA_lambda_1e-05_beta_1_d_100_T_50_lr_0p001_iter_5000_ntrain_2000_seed_42"
}