{
  "alpha": 1.0,
  "seed": 0,
  "n_train": 2500,
  "n_population": 5000,
  "train_loss": 0.4460069368348676,
  "population_risk": 0.4423879424826201,
  "bayes_population_risk": 0.28975609756097553,
  "empirical_bayes_risk": 0.2891994571616683,
  "generalization_gap": -0.0036189943522474954,
  "excess_population_risk": 0.15263184492164455,
  "runtime_seconds": 3.1536976670031436,
  "runtime_per_step_seconds": 0.031536976670031434,
  "initial_objective": 0.47128349267341174,
  "final_objective": 0.4541083511921851,
  "best_objective": 0.4541083511921851,
  "objective_reduction": 0.01717514148122662,
  "initial_train_loss_history": 0.4652065191683625,
  "final_train_loss_history": 0.4460069368348676,
  "best_train_loss_history": 0.4460069368348676,
  "train_loss_reduction": 0.01919958233349489,
  "weight_norm": 1.6085821578285535,
  "trace_s": 1.6085821578285537,
  "top_eigenvalue": 0.13704450028284687,
  "min_eigenvalue": 1.20917594604649e-08,
  "R1": 0.08519583511223638
}