{
  "alpha": null,
  "seed": 42,
  "n_train": 300,
  "n_population": 5000,
  "train_loss": 0.8788645888661184,
  "population_risk": 0.9040062163572553,
  "bayes_population_risk": 0.4371730888154475,
  "empirical_bayes_risk": 0.4364403003212541,
  "generalization_gap": 0.02514162749113691,
  "excess_population_risk": 0.46683312754180784,
  "runtime_seconds": 29.885745653882623,
  "runtime_per_step_seconds": 0.005977149130776524,
  "initial_objective": 0.9046241214919041,
  "final_objective": 0.882721507465366,
  "best_objective": 0.882721507465366,
  "objective_reduction": 0.021902614026538036,
  "initial_train_loss_history": 0.9039922887820906,
  "final_train_loss_history": 0.8788645888661184,
  "best_train_loss_history": 0.8788645888661184,
  "train_loss_reduction": 0.02512769991597219,
  "weight_norm": 7.7138347947423,
  "trace_s": 7.713834794742298,
  "top_eigenvalue": 2.6361706078237765,
  "min_eigenvalue": 2.710730498725739e-13,
  "R1": 0.341745795440236,
  "effective_rank": 4.106493619254536,
  "config_suffix": "cov_toeplitz_bump_mask_random_rho_0p5_lambda_1e-05_beta_1_d_50_T_10_lr_0p001_iter_5000_ntrain_300_seed_42",
  "ridge_lambda": 0.01,
  "ridge_train_loss": 0.42029793540532284,
  "ridge_population_risk": 0.4497606476433717,
  "ridge_generalization_gap": 0.02946271223804886,
  "ridge_excess_population_risk": 0.012587558827924228,
  "pca_n_components": 75,
  "pca_train_loss": 0.4966538954704353,
  "pca_population_risk": 0.9566996226310872,
  "pca_generalization_gap": 0.4600457271606519,
  "pca_excess_population_risk": 0.5195265338156397
}