{
  "alpha": null,
  "seed": 42,
  "n_train": 100,
  "n_population": 5000,
  "train_loss": 1.1567118745959746,
  "population_risk": 1.1744220516195685,
  "bayes_population_risk": 0.9582577132486388,
  "empirical_bayes_risk": 0.9563931801290974,
  "generalization_gap": 0.017710177023593898,
  "excess_population_risk": 0.21616433837092963,
  "runtime_seconds": 44.39207417704165,
  "runtime_per_step_seconds": 0.004439207417704165,
  "initial_objective": 1.176386649476631,
  "final_objective": 1.163521454368396,
  "best_objective": 1.1635214543683265,
  "objective_reduction": 0.012865195108235028,
  "initial_train_loss_history": 1.1705419037154199,
  "final_train_loss_history": 1.1567118745959746,
  "best_train_loss_history": 1.1567055213348576,
  "train_loss_reduction": 0.013830029119445308,
  "weight_norm": 1.3619159544833968,
  "trace_s": 1.3619159544833965,
  "top_eigenvalue": 1.1492097090525213,
  "min_eigenvalue": -1.7376636607898134e-16,
  "R1": 0.843818376067443,
  "config_suffix": "cov_tridiagonal_mask_last_rho_0p2_lambda_0p0001_beta_1_d_50_T_5_lr_0p01_iter_10000_ntrain_100_seed_42"
}