{
  "alpha": null,
  "seed": 42,
  "n_train": 70,
  "n_population": 5000,
  "train_loss": 0.2061976697203098,
  "population_risk": 0.38661748116007333,
  "bayes_population_risk": 0.06837077148121563,
  "empirical_bayes_risk": 0.06843028532230917,
  "generalization_gap": 0.18041981143976352,
  "excess_population_risk": 0.3182467096788577,
  "runtime_seconds": 36.80510310269892,
  "runtime_per_step_seconds": 0.007361020620539785,
  "initial_objective": 0.283516573533802,
  "final_objective": 0.22185309357763433,
  "best_objective": 0.22185309357763433,
  "objective_reduction": 0.061663479956167666,
  "initial_train_loss_history": 0.28273939502425444,
  "final_train_loss_history": 0.2061976697203098,
  "best_train_loss_history": 0.2061976697203098,
  "train_loss_reduction": 0.07654172530394462,
  "weight_norm": 31.310810266879162,
  "trace_s": 31.310810266879148,
  "top_eigenvalue": 20.918059552171165,
  "min_eigenvalue": 1.2224158947746165e-11,
  "R1": 0.6680778738676869,
  "effective_rank": 3.052679417905269,
  "config_suffix": "cov_circulant_ar1_mask_random_rho_0p9_lambda_1e-05_beta_1_d_50_T_10_lr_0p001_iter_5000_ntrain_70_seed_42"
}