{
  "alpha": 3.0,
  "seed": 0,
  "n_train": 7500,
  "n_population": 5000,
  "train_loss": 1.166190751496143,
  "population_risk": 1.1637550766062494,
  "bayes_population_risk": 1.0,
  "empirical_bayes_risk": 0.9991905859282706,
  "weight_norm": 0.004444926198125565,
  "trace_s": 0.004444926198125565,
  "top_eigenvalue": 0.00043915965186436257,
  "R1": 0.09880021226214221
}