{
  "alpha": null,
  "seed": 42,
  "n_train": 2000,
  "n_population": 5000,
  "train_loss": 0.8136099742605164,
  "population_risk": 0.8057443080025454,
  "bayes_population_risk": 0.24553354982376377,
  "empirical_bayes_risk": 0.24301120571549273,
  "generalization_gap": -0.007865666257971027,
  "excess_population_risk": 0.5602107581787816,
  "runtime_seconds": 223.53613534010947,
  "runtime_per_step_seconds": 0.044707227068021896,
  "initial_objective": 0.8187982297403972,
  "final_objective": 0.8144511030867757,
  "best_objective": 0.8144511030867757,
  "objective_reduction": 0.004347126653621469,
  "initial_train_loss_history": 0.8184301515219604,
  "final_train_loss_history": 0.8136099742605164,
  "best_train_loss_history": 0.8136099742605164,
  "train_loss_reduction": 0.004820177261444014,
  "weight_norm": 3.3645150304712343,
  "trace_s": 3.364515030471234,
  "top_eigenvalue": 1.1318582809932465,
  "min_eigenvalue": 2.7547488791537178e-15,
  "R1": 0.3364105289298464,
  "effective_rank": 4.9494747034299,
  "config_suffix": "cov_matern_mask_random_rho_NA_lambda_1e-05_beta_1_d_25_T_10_lr_0p001_iter_5000_ntrain_2000_seed_42"
}