{
  "alpha": 3.0,
  "seed": 0,
  "n_train": 7500,
  "n_population": 5000,
  "train_loss": 0.9813709075742096,
  "population_risk": 0.9795256415071868,
  "bayes_population_risk": 0.4083333333333334,
  "empirical_bayes_risk": 0.4081886246491627,
  "weight_norm": 0.004418372950587929,
  "trace_s": 0.00441837295058793,
  "top_eigenvalue": 0.00042937730492207727,
  "R1": 0.0971799596195116
}