{
  "alpha": null,
  "seed": 42,
  "n_train": 1250,
  "n_population": 5000,
  "train_loss": 0.3324034353951066,
  "population_risk": 0.3415772635178153,
  "bayes_population_risk": 0.13898342541436456,
  "empirical_bayes_risk": 0.19031118500163474,
  "generalization_gap": 0.009173828122708727,
  "excess_population_risk": 0.20259383810345075,
  "runtime_seconds": 775.6045688185841,
  "runtime_per_step_seconds": 0.0775604568818584,
  "initial_objective": 0.36746172743378824,
  "final_objective": 0.34675374860159736,
  "best_objective": 0.3467537426306241,
  "objective_reduction": 0.020707978832190888,
  "initial_train_loss_history": 0.3640110206136325,
  "final_train_loss_history": 0.3324034353951066,
  "best_train_loss_history": 0.3323927222281084,
  "train_loss_reduction": 0.03160758521852591,
  "weight_norm": 7.175156583708482,
  "trace_s": 7.175156583708483,
  "top_eigenvalue": 0.9260096946948007,
  "min_eigenvalue": -6.252482444111485e-17,
  "R1": 0.12905776813252373
}