{
  "alpha": null,
  "seed": 42,
  "n_train": 10,
  "n_population": 5000,
  "train_loss": 0.023071193834405673,
  "population_risk": 1.751641413734842,
  "bayes_population_risk": 0.010443997575880022,
  "empirical_bayes_risk": 0.010485766884737293,
  "generalization_gap": 1.7285702199004362,
  "excess_population_risk": 1.7411974161589618,
  "runtime_seconds": 48.10733690299094,
  "runtime_per_step_seconds": 0.009621467380598188,
  "initial_objective": 0.14040381769770607,
  "final_objective": 0.04259500543539641,
  "best_objective": 0.04259500543539641,
  "objective_reduction": 0.09780881226230967,
  "initial_train_loss_history": 0.13924992330451252,
  "final_train_loss_history": 0.023071193834405673,
  "best_train_loss_history": 0.023071193834405673,
  "train_loss_reduction": 0.11617872947010685,
  "weight_norm": 19.523806238512066,
  "trace_s": 19.523806238512066,
  "top_eigenvalue": 15.192997258474236,
  "min_eigenvalue": 2.1224743672225043e-15,
  "R1": 0.7781780393059312,
  "effective_rank": 1.7416499610051215,
  "config_suffix": "cov_toeplitz_mask_random_rho_0p99_lambda_1e-05_beta_1_d_100_T_50_lr_0p001_iter_5000_ntrain_10_seed_42",
  "ridge_lambda": 0.01,
  "ridge_train_loss": 2.5680323118087926e-06,
  "ridge_population_risk": 0.04425883910692876,
  "ridge_generalization_gap": 0.04425627107461695,
  "ridge_excess_population_risk": 0.03381484153104874,
  "pca_n_components": 75,
  "pca_train_loss": 9.058698646330506e-17,
  "pca_population_risk": 1.0383812719216625,
  "pca_generalization_gap": 1.0383812719216625,
  "pca_excess_population_risk": 1.0279372743457824
}