{
  "alpha": null,
  "seed": 42,
  "n_train": 100,
  "n_population": 5000,
  "train_loss": 0.9120440615801713,
  "population_risk": 1.0015582245760486,
  "bayes_population_risk": 0.615,
  "empirical_bayes_risk": 0.6141184425965017,
  "generalization_gap": 0.08951416299587733,
  "excess_population_risk": 0.3865582245760486,
  "runtime_seconds": 15.702624460682273,
  "runtime_per_step_seconds": 0.015702624460682272,
  "initial_objective": 0.9495405137135817,
  "final_objective": 0.9157350180813985,
  "best_objective": 0.9157350180813985,
  "objective_reduction": 0.03380549563218327,
  "initial_train_loss_history": 0.9489347613217868,
  "final_train_loss_history": 0.9120440615801713,
  "best_train_loss_history": 0.9120440615801713,
  "train_loss_reduction": 0.03689069974161552,
  "weight_norm": 7.378675560595567,
  "trace_s": 7.378675560595568,
  "top_eigenvalue": 4.917272700761995,
  "min_eigenvalue": 1.2039458694361533e-09,
  "R1": 0.6664167112891869
}