{
  "alpha": null,
  "seed": 42,
  "n_train": 5000,
  "n_population": 5000,
  "train_loss": 1.0685670512082952,
  "population_risk": 1.0596476520854543,
  "bayes_population_risk": 0.8444937602472408,
  "empirical_bayes_risk": 0.8444756521133798,
  "generalization_gap": -0.008919399122840899,
  "excess_population_risk": 0.21515389183821354,
  "runtime_seconds": 54.021711898967624,
  "runtime_per_step_seconds": 0.05402171189896762,
  "initial_objective": 1.1199535626728463,
  "final_objective": 1.0685679086134223,
  "best_objective": 1.0685679086134223,
  "objective_reduction": 0.05138565405942397,
  "initial_train_loss_history": 1.0688967171174657,
  "final_train_loss_history": 1.0685670512082952,
  "best_train_loss_history": 1.0682221558117586,
  "train_loss_reduction": 0.00032966590917049565,
  "weight_norm": 1.69431112600397e-05,
  "trace_s": 1.6943111260039705e-05,
  "top_eigenvalue": 4.913711472780481e-06,
  "min_eigenvalue": 7.665483979873209e-16,
  "R1": 0.2900123476359067,
  "config_suffix": "cov_tridiagonal_mask_random_rho_0p3_lambda_0p001_beta_1_d_50_T_5_lr_0p001_iter_1000_ntrain_5000_seed_42"
}