{
  "alpha": null,
  "seed": 42,
  "n_train": 250,
  "n_population": 5000,
  "train_loss": 0.9425179556819548,
  "population_risk": 0.9948383206308749,
  "bayes_population_risk": 0.7459898192227884,
  "empirical_bayes_risk": 0.7424341103725363,
  "generalization_gap": 0.052320364948920006,
  "excess_population_risk": 0.24884850140808645,
  "runtime_seconds": 20.71322620473802,
  "runtime_per_step_seconds": 0.004142645240947604,
  "initial_objective": 0.9676334306250749,
  "final_objective": 0.9441266714689758,
  "best_objective": 0.9441266714689758,
  "objective_reduction": 0.023506759156099122,
  "initial_train_loss_history": 0.9670344000947926,
  "final_train_loss_history": 0.9425179556819548,
  "best_train_loss_history": 0.9425179556819548,
  "train_loss_reduction": 0.024516444412837735,
  "weight_norm": 6.43485936503248,
  "trace_s": 6.43485936503248,
  "top_eigenvalue": 2.6098384764347977,
  "min_eigenvalue": 2.0784785716502184e-13,
  "R1": 0.40557816859477297,
  "effective_rank": 4.077966767468731,
  "config_suffix": "cov_matern_mask_random_rho_NA_lambda_1e-05_beta_1_d_25_T_5_lr_0p001_iter_5000_ntrain_250_seed_42",
  "ridge_lambda": 0.01,
  "ridge_train_loss": 0.7272212076892981,
  "ridge_population_risk": 0.7558642867068652,
  "ridge_generalization_gap": 0.02864307901756713,
  "ridge_excess_population_risk": 0.009874467484076832,
  "pca_n_components": 62,
  "pca_train_loss": 0.7445533489185232,
  "pca_population_risk": 1.7007180941870563,
  "pca_generalization_gap": 0.9561647452685331,
  "pca_excess_population_risk": 0.9547282749642679
}