{
  "alpha": null,
  "seed": 42,
  "n_train": 500,
  "n_population": 5000,
  "train_loss": 0.07210940143486032,
  "population_risk": 0.07171139576332003,
  "bayes_population_risk": 0.011034997727387535,
  "empirical_bayes_risk": 0.011017299126851563,
  "generalization_gap": -0.00039800567154028854,
  "excess_population_risk": 0.06067639803593249,
  "runtime_seconds": 61.128804655745625,
  "runtime_per_step_seconds": 0.012225760931149125,
  "initial_objective": 0.07706280104848173,
  "final_objective": 0.07421607548964945,
  "best_objective": 0.07421607548964945,
  "objective_reduction": 0.0028467255588322804,
  "initial_train_loss_history": 0.07646210769660608,
  "final_train_loss_history": 0.07210940143486032,
  "best_train_loss_history": 0.07210874564858416,
  "train_loss_reduction": 0.004352706261745762,
  "weight_norm": 4.213348057925252,
  "trace_s": 4.213348057925252,
  "top_eigenvalue": 1.3913314483604435,
  "min_eigenvalue": 3.908428375595302e-15,
  "R1": 0.33021991756493213,
  "effective_rank": 6.9788978678947124,
  "config_suffix": "cov_toeplitz_mask_random_rho_0p99_lambda_1e-05_beta_1_d_50_T_20_lr_0p001_iter_5000_ntrain_500_seed_42"
}