{
  "alpha": null,
  "seed": 42,
  "n_train": 40,
  "n_population": 5000,
  "train_loss": 0.05000388483540552,
  "population_risk": 0.9677641693210352,
  "bayes_population_risk": 0.010443997575880022,
  "empirical_bayes_risk": 0.010472980761958723,
  "generalization_gap": 0.9177602844856296,
  "excess_population_risk": 0.9573201717451552,
  "runtime_seconds": 92.85764783620834,
  "runtime_per_step_seconds": 0.01857152956724167,
  "initial_objective": 0.14240887032974803,
  "final_objective": 0.07362578458136959,
  "best_objective": 0.07362578458136959,
  "objective_reduction": 0.06878308574837844,
  "initial_train_loss_history": 0.14128802971229573,
  "final_train_loss_history": 0.05000388483540552,
  "best_train_loss_history": 0.05000327797701861,
  "train_loss_reduction": 0.09128414487689021,
  "weight_norm": 23.62189585703019,
  "trace_s": 23.62189585703018,
  "top_eigenvalue": 15.882805764956306,
  "min_eigenvalue": 2.473606109590434e-13,
  "R1": 0.6723764197880575,
  "effective_rank": 2.75993449916889,
  "config_suffix": "cov_toeplitz_mask_random_rho_0p99_lambda_1e-05_beta_1_d_100_T_50_lr_0p001_iter_5000_ntrain_40_seed_42"
}