{
  "alpha": null,
  "seed": 42,
  "n_train": 1000,
  "n_population": 5000,
  "train_loss": 0.5630891006924894,
  "population_risk": 0.5857033923899913,
  "bayes_population_risk": 0.27570731707317064,
  "empirical_bayes_risk": 0.360574133129423,
  "generalization_gap": 0.022614291697501843,
  "excess_population_risk": 0.3099960753168206,
  "runtime_seconds": 24.085525957867503,
  "runtime_per_step_seconds": 0.024085525957867504,
  "initial_objective": 0.5928833974077788,
  "final_objective": 0.575134216401148,
  "best_objective": 0.575134216401148,
  "objective_reduction": 0.01774918100663081,
  "initial_train_loss_history": 0.5912237350131153,
  "final_train_loss_history": 0.5630891006924894,
  "best_train_loss_history": 0.5630891006924894,
  "train_loss_reduction": 0.028134634320625906,
  "weight_norm": 12.04324200010768,
  "trace_s": 12.043242000107682,
  "top_eigenvalue": 4.302693230868179,
  "min_eigenvalue": 1.0287697342559557e-09,
  "R1": 0.35727034554563536
}