{
  "alpha": null,
  "seed": 42,
  "n_train": 400,
  "n_population": 5000,
  "train_loss": 0.695449725298828,
  "population_risk": 0.7367880422732029,
  "bayes_population_risk": 0.5301185178874289,
  "empirical_bayes_risk": 0.5276101657412768,
  "generalization_gap": 0.041338316974374956,
  "excess_population_risk": 0.20666952438577402,
  "runtime_seconds": 30.30450603365898,
  "runtime_per_step_seconds": 0.006060901206731796,
  "initial_objective": 0.7418904891715041,
  "final_objective": 0.7086801668292442,
  "best_objective": 0.7086801668292442,
  "objective_reduction": 0.03321032234225996,
  "initial_train_loss_history": 0.7401017310144492,
  "final_train_loss_history": 0.695449725298828,
  "best_train_loss_history": 0.695448866078413,
  "train_loss_reduction": 0.044652005715621224,
  "weight_norm": 13.230440821726882,
  "trace_s": 13.23044082172688,
  "top_eigenvalue": 4.285040608932895,
  "min_eigenvalue": 1.501942299757898e-16,
  "R1": 0.32387738750896716,
  "effective_rank": 7.49429416244614,
  "config_suffix": "cov_exponential_mask_random_rho_NA_lambda_1e-05_beta_1_d_100_T_5_lr_0p001_iter_5000_ntrain_400_seed_42",
  "ridge_lambda": 0.01,
  "ridge_train_loss": 0.5228876490714072,
  "ridge_population_risk": 0.5330807632509136,
  "ridge_generalization_gap": 0.010193114179506413,
  "ridge_excess_population_risk": 0.0029622453634846613,
  "pca_n_components": 75,
  "pca_train_loss": 0.5517513710258524,
  "pca_population_risk": 0.9061260626324823,
  "pca_generalization_gap": 0.35437469160662993,
  "pca_excess_population_risk": 0.3760075447450534
}