{
  "alpha": null,
  "seed": 42,
  "n_train": 60,
  "n_population": 5000,
  "train_loss": 0.836917787863568,
  "population_risk": 1.23165997315233,
  "bayes_population_risk": 0.7459898192227884,
  "empirical_bayes_risk": 0.7477157561670346,
  "generalization_gap": 0.3947421852887619,
  "excess_population_risk": 0.4856701539295415,
  "runtime_seconds": 26.563632963225245,
  "runtime_per_step_seconds": 0.005312726592645049,
  "initial_objective": 0.9681832871662035,
  "final_objective": 0.8625636693329246,
  "best_objective": 0.8625636693329246,
  "objective_reduction": 0.10561961783327889,
  "initial_train_loss_history": 0.9666978951853639,
  "final_train_loss_history": 0.836917787863568,
  "best_train_loss_history": 0.836917787863568,
  "train_loss_reduction": 0.1297801073217959,
  "weight_norm": 25.64586930118226,
  "trace_s": 25.645869301182255,
  "top_eigenvalue": 15.563997714035267,
  "min_eigenvalue": 4.612505864587797e-14,
  "R1": 0.6068812693090411,
  "effective_rank": 3.1643176838675613,
  "config_suffix": "cov_matern_mask_random_rho_NA_lambda_1e-05_beta_1_d_100_T_5_lr_0p001_iter_5000_ntrain_60_seed_42"
}