{
  "alpha": null,
  "seed": 42,
  "n_train": 150,
  "n_population": 5000,
  "train_loss": 1.1586485744118455,
  "population_risk": 1.1932177318359514,
  "bayes_population_risk": 0.9582577132486388,
  "empirical_bayes_risk": 0.9560503990462436,
  "generalization_gap": 0.03456915742410582,
  "excess_population_risk": 0.23496001858731252,
  "runtime_seconds": 48.18465321697295,
  "runtime_per_step_seconds": 0.004818465321697295,
  "initial_objective": 1.1829162413933532,
  "final_objective": 1.1622350783099278,
  "best_objective": 1.1622350783099278,
  "objective_reduction": 0.02068116308342538,
  "initial_train_loss_history": 1.1823236600744755,
  "final_train_loss_history": 1.1586485744118455,
  "best_train_loss_history": 1.1586471340525426,
  "train_loss_reduction": 0.02367508566262999,
  "weight_norm": 7.173007796091858,
  "trace_s": 7.1730077960918575,
  "top_eigenvalue": 2.7919262693032154,
  "min_eigenvalue": -5.565925135152067e-16,
  "R1": 0.38922671613773635,
  "config_suffix": "cov_tridiagonal_mask_last_rho_0p2_lambda_1e-05_beta_1_d_50_T_5_lr_0p001_iter_10000_ntrain_150_seed_42"
}