{
  "alpha": null,
  "seed": 42,
  "n_train": 200,
  "n_population": 5000,
  "train_loss": 0.9804652693363978,
  "population_risk": 1.0210114853627155,
  "bayes_population_risk": 0.2928968253968254,
  "empirical_bayes_risk": 0.2939148921458167,
  "generalization_gap": 0.040546216026317694,
  "excess_population_risk": 0.7281146599658901,
  "runtime_seconds": 52.36231246776879,
  "runtime_per_step_seconds": 0.010472462493553757,
  "initial_objective": 1.0097887112916624,
  "final_objective": 0.9838803268351362,
  "best_objective": 0.9838803268351362,
  "objective_reduction": 0.025908384456526212,
  "initial_train_loss_history": 1.009111212322413,
  "final_train_loss_history": 0.9804652693363978,
  "best_train_loss_history": 0.9804652693363978,
  "train_loss_reduction": 0.028645942986015305,
  "weight_norm": 6.830111432570459,
  "trace_s": 6.83011143257046,
  "top_eigenvalue": 3.298429842669366,
  "min_eigenvalue": 1.090476914218539e-15,
  "R1": 0.4829247480414865,
  "effective_rank": 3.006181465366025,
  "config_suffix": "cov_tridiagonal_mask_random_rho_0p5_lambda_1e-05_beta_1_d_50_T_10_lr_0p001_iter_5000_ntrain_200_seed_42"
}