{
  "alpha": null,
  "seed": 42,
  "n_train": 10,
  "n_population": 5000,
  "train_loss": 0.574866662862099,
  "population_risk": 1.3232759285377487,
  "bayes_population_risk": 0.615,
  "empirical_bayes_risk": 0.6143261830910611,
  "generalization_gap": 0.7484092656756497,
  "excess_population_risk": 0.7082759285377487,
  "runtime_seconds": 11.432670151814818,
  "runtime_per_step_seconds": 0.011432670151814818,
  "initial_objective": 0.9285277212633526,
  "final_objective": 0.5835204629497477,
  "best_objective": 0.5835204629497477,
  "objective_reduction": 0.3450072583136049,
  "initial_train_loss_history": 0.9276032265497453,
  "final_train_loss_history": 0.574866662862099,
  "best_train_loss_history": 0.574866662862099,
  "train_loss_reduction": 0.3527365636876463,
  "weight_norm": 17.256068129784968,
  "trace_s": 17.256068129784968,
  "top_eigenvalue": 13.666568283273516,
  "min_eigenvalue": 3.6401079343295126e-08,
  "R1": 0.7919862265543699
}