{
  "alpha": null,
  "seed": 42,
  "n_train": 125,
  "n_population": 5000,
  "train_loss": 1.254250925955025,
  "population_risk": 1.2192568261461576,
  "bayes_population_risk": 1.0,
  "empirical_bayes_risk": 0.9930237534890919,
  "generalization_gap": -0.03499409980886736,
  "excess_population_risk": 0.2192568261461576,
  "runtime_seconds": 18.369234772399068,
  "runtime_per_step_seconds": 0.0036738469544798135,
  "initial_objective": 1.2743620063112617,
  "final_objective": 1.2555369080236676,
  "best_objective": 1.2555369080236676,
  "objective_reduction": 0.018825098287594155,
  "initial_train_loss_history": 1.27402304646548,
  "final_train_loss_history": 1.254250925955025,
  "best_train_loss_history": 1.2542509138667088,
  "train_loss_reduction": 0.01977212051045507,
  "weight_norm": 5.143928127000546,
  "trace_s": 5.143928127000547,
  "top_eigenvalue": 2.562487844241398,
  "min_eigenvalue": 6.962536721464746e-14,
  "R1": 0.4981577854462752,
  "effective_rank": 3.6706362761603684,
  "config_suffix": "cov_identity_mask_random_rho_NA_lambda_1e-05_beta_1_d_25_T_5_lr_0p001_iter_5000_ntrain_125_seed_42",
  "ridge_lambda": 0.01,
  "ridge_train_loss": 1.0113115067016971,
  "ridge_population_risk": 1.0287269440279023,
  "ridge_generalization_gap": 0.017415437326205208,
  "ridge_excess_population_risk": 0.028726944027902324,
  "pca_n_components": 62,
  "pca_train_loss": 0.5402370561428768,
  "pca_population_risk": 2.6842709737439545,
  "pca_generalization_gap": 2.1440339176010776,
  "pca_excess_population_risk": 1.6842709737439545
}