{
  "alpha": null,
  "seed": 42,
  "n_train": 10,
  "n_population": 5000,
  "train_loss": 0.9367919037759259,
  "population_risk": 1.114668560454863,
  "bayes_population_risk": 0.9267692307692309,
  "empirical_bayes_risk": 0.9275047672021602,
  "generalization_gap": 0.17787665667893704,
  "excess_population_risk": 0.18789932968563205,
  "runtime_seconds": 56.63751788251102,
  "runtime_per_step_seconds": 0.011327503576502205,
  "initial_objective": 1.061916174063667,
  "final_objective": 0.9555190865076282,
  "best_objective": 0.9555190865076282,
  "objective_reduction": 0.10639708755603872,
  "initial_train_loss_history": 1.0596573233438673,
  "final_train_loss_history": 0.9367919037759259,
  "best_train_loss_history": 0.9367919037759259,
  "train_loss_reduction": 0.12286541956794139,
  "weight_norm": 9.363590759906891,
  "trace_s": 9.363590759906891,
  "top_eigenvalue": 8.907423982059228,
  "min_eigenvalue": -1.164504165577366e-17,
  "R1": 0.9512829223804945,
  "effective_rank": 1.2183277077423016,
  "config_suffix": "cov_toeplitz_mask_random_rho_0p2_lambda_1e-05_beta_1_d_200_T_20_lr_0p001_iter_5000_ntrain_10_seed_42"
}