{
  "alpha": null,
  "seed": 42,
  "n_train": 10000,
  "n_population": 5000,
  "train_loss": 1.06706728668804,
  "population_risk": 1.0636873423365116,
  "bayes_population_risk": 0.8444937602472408,
  "empirical_bayes_risk": 0.8452676461568915,
  "generalization_gap": -0.00337994435152833,
  "excess_population_risk": 0.21919358208927087,
  "runtime_seconds": 131.21904448233545,
  "runtime_per_step_seconds": 0.13121904448233546,
  "initial_objective": 1.0725941579641516,
  "final_objective": 1.0670679432883825,
  "best_objective": 1.0670679432883825,
  "objective_reduction": 0.005526214675769081,
  "initial_train_loss_history": 1.0673367294369736,
  "final_train_loss_history": 1.06706728668804,
  "best_train_loss_history": 1.066092131953148,
  "train_loss_reduction": 0.00026944274893359044,
  "weight_norm": 0.00013043868328595053,
  "trace_s": 0.00013043868328595053,
  "top_eigenvalue": 3.334471865570361e-05,
  "min_eigenvalue": 2.3057461503636727e-15,
  "R1": 0.2556351982073032,
  "config_suffix": "cov_tridiagonal_mask_random_rho_0p3_lambda_0p0001_beta_1_d_50_T_5_lr_0p001_iter_1000_ntrain_10000_seed_42"
}