{
  "alpha": null,
  "seed": 42,
  "n_train": 5000,
  "n_population": 5000,
  "train_loss": 0.49058790316136835,
  "population_risk": 0.4929125576692793,
  "bayes_population_risk": 0.1134751381215469,
  "empirical_bayes_risk": 0.11300938223509538,
  "generalization_gap": 0.0023246545079109726,
  "excess_population_risk": 0.3794374195477324,
  "runtime_seconds": 991.3008862324059,
  "runtime_per_step_seconds": 0.19826017724648118,
  "initial_objective": 0.4947975744477221,
  "final_objective": 0.49225338721350065,
  "best_objective": 0.4922533872135006,
  "objective_reduction": 0.002544187234221451,
  "initial_train_loss_history": 0.4937032986963576,
  "final_train_loss_history": 0.49058790316136835,
  "best_train_loss_history": 0.4905877065676088,
  "train_loss_reduction": 0.0031153955349892404,
  "weight_norm": 1.6654840521323535,
  "trace_s": 1.6654840521323537,
  "top_eigenvalue": 1.6654840521323533,
  "min_eigenvalue": -3.558017583739522e-16,
  "R1": 1.0,
  "effective_rank": 1.0,
  "config_suffix": "cov_toeplitz_mask_random_rho_0p9_lambda_1e-05_beta_1_d_100_T_20_lr_0p001_iter_5000_ntrain_5000_seed_42",
  "ridge_lambda": 0.01,
  "ridge_train_loss": 0.11295144992878754,
  "ridge_population_risk": 0.11344600373895374,
  "ridge_generalization_gap": 0.0004945538101661928,
  "ridge_excess_population_risk": -2.9134382593165586e-05,
  "pca_n_components": 75,
  "pca_train_loss": 0.5763921237100315,
  "pca_population_risk": 0.6205961856358442,
  "pca_generalization_gap": 0.04420406192581272,
  "pca_excess_population_risk": 0.5071210475142973
}