{
  "alpha": null,
  "seed": 42,
  "n_train": 90,
  "n_population": 5000,
  "train_loss": 0.8110280562757202,
  "population_risk": 0.984481533172154,
  "bayes_population_risk": 0.4371730888154475,
  "empirical_bayes_risk": 0.43815431299227187,
  "generalization_gap": 0.17345347689643387,
  "excess_population_risk": 0.5473084443567066,
  "runtime_seconds": 44.42183164693415,
  "runtime_per_step_seconds": 0.00888436632938683,
  "initial_objective": 0.8833163148427982,
  "final_objective": 0.8189043666158053,
  "best_objective": 0.8189043666158053,
  "objective_reduction": 0.06441194822699281,
  "initial_train_loss_history": 0.8826671412437229,
  "final_train_loss_history": 0.8110280562757202,
  "best_train_loss_history": 0.8110280562757202,
  "train_loss_reduction": 0.07163908496800275,
  "weight_norm": 15.75250957442893,
  "trace_s": 15.75250957442893,
  "top_eigenvalue": 5.7488852518134514,
  "min_eigenvalue": 4.4388935305997974e-11,
  "R1": 0.3649504369224842,
  "effective_rank": 4.80612040239905,
  "config_suffix": "cov_toeplitz_bump_mask_random_rho_0p5_lambda_1e-05_beta_1_d_50_T_10_lr_0p001_iter_5000_ntrain_90_seed_42"
}