{
  "alpha": null,
  "seed": 42,
  "n_train": 80,
  "n_population": 5000,
  "train_loss": 0.9954612532306546,
  "population_risk": 1.0530118449199894,
  "bayes_population_risk": 0.9267692307692309,
  "empirical_bayes_risk": 0.9252806908909271,
  "generalization_gap": 0.05755059168933485,
  "excess_population_risk": 0.12624261415075855,
  "runtime_seconds": 52.27937237918377,
  "runtime_per_step_seconds": 0.010455874475836754,
  "initial_objective": 1.029472699439643,
  "final_objective": 1.0082991542716382,
  "best_objective": 1.008299154271638,
  "objective_reduction": 0.021173545168004848,
  "initial_train_loss_history": 1.0274133017547336,
  "final_train_loss_history": 0.9954612532306546,
  "best_train_loss_history": 0.9954608970506156,
  "train_loss_reduction": 0.03195204852407896,
  "weight_norm": 6.418950520491779,
  "trace_s": 6.418950520491778,
  "top_eigenvalue": 6.418950520491777,
  "min_eigenvalue": -1.917343791556663e-15,
  "R1": 1.0000000000000002,
  "effective_rank": 1.0,
  "config_suffix": "cov_toeplitz_mask_random_rho_0p2_lambda_1e-05_beta_1_d_200_T_20_lr_0p001_iter_5000_ntrain_80_seed_42",
  "ridge_lambda": 0.01,
  "ridge_train_loss": 0.7093933748956154,
  "ridge_population_risk": 1.2215439343859917,
  "ridge_generalization_gap": 0.5121505594903764,
  "ridge_excess_population_risk": 0.29477470361676084,
  "pca_n_components": 75,
  "pca_train_loss": 0.039970456045278074,
  "pca_population_risk": 1.0294639612719318,
  "pca_generalization_gap": 0.9894935052266538,
  "pca_excess_population_risk": 0.10269473050270095
}