{
  "alpha": null,
  "seed": 42,
  "n_train": 10,
  "n_population": 5000,
  "train_loss": 1.0021684593150808,
  "population_risk": 1.1801310546517327,
  "bayes_population_risk": 0.9710902924899966,
  "empirical_bayes_risk": 0.9699496364380591,
  "generalization_gap": 0.17796259533665193,
  "excess_population_risk": 0.20904076216173617,
  "runtime_seconds": 29.685407744720578,
  "runtime_per_step_seconds": 0.005937081548944115,
  "initial_objective": 1.0512709147546055,
  "final_objective": 1.0052391848487894,
  "best_objective": 1.0052391848487894,
  "objective_reduction": 0.046031729905816166,
  "initial_train_loss_history": 1.049992961396995,
  "final_train_loss_history": 1.0021684593150808,
  "best_train_loss_history": 1.0021684593150808,
  "train_loss_reduction": 0.04782450208191413,
  "weight_norm": 3.07072437423762,
  "trace_s": 3.07072437423762,
  "top_eigenvalue": 2.2571700760517013,
  "min_eigenvalue": 5.282344917096008e-16,
  "R1": 0.7350611129375939,
  "effective_rank": 1.8174126712437813,
  "config_suffix": "cov_exponential_mask_random_rho_NA_lambda_1e-05_beta_1_d_100_T_5_lr_0p001_iter_5000_ntrain_10_seed_42"
}