{
  "alpha": null,
  "seed": 42,
  "n_train": 150,
  "n_population": 5000,
  "train_loss": 0.5137353488426403,
  "population_risk": 0.6869790081963455,
  "bayes_population_risk": 0.3599999999999999,
  "empirical_bayes_risk": 0.3600155837497242,
  "generalization_gap": 0.17324365935370523,
  "excess_population_risk": 0.3269790081963456,
  "runtime_seconds": 41.67136451229453,
  "runtime_per_step_seconds": 0.004167136451229453,
  "initial_objective": 0.6003872758807142,
  "final_objective": 0.5302761576718709,
  "best_objective": 0.5302761576718709,
  "objective_reduction": 0.0701111182088433,
  "initial_train_loss_history": 0.5994099858910769,
  "final_train_loss_history": 0.5137353488426403,
  "best_train_loss_history": 0.5137353488426403,
  "train_loss_reduction": 0.08567463704843659,
  "weight_norm": 33.081616149508974,
  "trace_s": 33.08161614950898,
  "top_eigenvalue": 18.903519595783344,
  "min_eigenvalue": 1.9935428207525425e-15,
  "R1": 0.5714206800039885,
  "config_suffix": "cov_toeplitz_mask_last_rho_0p8_lambda_1e-05_beta_1_d_50_T_5_lr_0p001_iter_10000_ntrain_150_seed_42"
}