{
  "alpha": null,
  "seed": 42,
  "n_train": 250,
  "n_population": 5000,
  "train_loss": 1.0244496353591759,
  "population_risk": 1.0208403195996518,
  "bayes_population_risk": 1.0,
  "empirical_bayes_risk": 0.9974469140446112,
  "generalization_gap": -0.0036093157595240566,
  "excess_population_risk": 0.020840319599651824,
  "runtime_seconds": 127.71863369271159,
  "runtime_per_step_seconds": 0.025543726738542317,
  "initial_objective": 1.0289862465786215,
  "final_objective": 1.0257141228274016,
  "best_objective": 1.0257141228274014,
  "objective_reduction": 0.0032721237512198798,
  "initial_train_loss_history": 1.027975527353004,
  "final_train_loss_history": 1.0244496353591759,
  "best_train_loss_history": 1.0244496353591759,
  "train_loss_reduction": 0.003525891993828134,
  "weight_norm": 1.2644874682257785,
  "trace_s": 1.2644874682257785,
  "top_eigenvalue": 1.2644874682257785,
  "min_eigenvalue": -2.962988775705133e-16,
  "R1": 1.0,
  "effective_rank": 1.0,
  "config_suffix": "cov_identity_mask_random_rho_NA_lambda_1e-05_beta_1_d_100_T_50_lr_0p001_iter_5000_ntrain_250_seed_42",
  "ridge_lambda": 0.01,
  "ridge_train_loss": 0.8115337275437134,
  "ridge_population_risk": 1.2420495967125065,
  "ridge_generalization_gap": 0.43051586916879303,
  "ridge_excess_population_risk": 0.24204959671250648,
  "pca_n_components": 75,
  "pca_train_loss": 0.6312278346114586,
  "pca_population_risk": 1.016289911252223,
  "pca_generalization_gap": 0.3850620766407644,
  "pca_excess_population_risk": 0.01628991125222301
}