{
  "alpha": null,
  "seed": 42,
  "n_train": 20,
  "n_population": 5000,
  "train_loss": 0.7977358528596719,
  "population_risk": 1.3222934048382706,
  "bayes_population_risk": 0.7822082681172894,
  "empirical_bayes_risk": 0.7825598364044303,
  "generalization_gap": 0.5245575519785988,
  "excess_population_risk": 0.5400851367209812,
  "runtime_seconds": 36.67954182997346,
  "runtime_per_step_seconds": 0.0073359083659946915,
  "initial_objective": 1.004173008062496,
  "final_objective": 0.8229712291410852,
  "best_objective": 0.8229712291410852,
  "objective_reduction": 0.18120177892141076,
  "initial_train_loss_history": 1.002893980103242,
  "final_train_loss_history": 0.7977358528596719,
  "best_train_loss_history": 0.7977358528596719,
  "train_loss_reduction": 0.20515812724357008,
  "weight_norm": 25.235322677100452,
  "trace_s": 25.23532267710045,
  "top_eigenvalue": 16.243569279446312,
  "min_eigenvalue": 2.601449313476614e-13,
  "R1": 0.6436838350470699,
  "effective_rank": 2.5498162115643934,
  "config_suffix": "cov_exponential_mask_random_rho_NA_lambda_1e-05_beta_1_d_100_T_10_lr_0p001_iter_5000_ntrain_20_seed_42"
}