{
  "alpha": null,
  "seed": 42,
  "n_train": 1250,
  "n_population": 5000,
  "train_loss": 1.0062829970297018,
  "population_risk": 1.0080481179707106,
  "bayes_population_risk": 0.9245538461538463,
  "empirical_bayes_risk": 0.9220760593322886,
  "generalization_gap": 0.0017651209410087798,
  "excess_population_risk": 0.08349427181686431,
  "runtime_seconds": 496.9866937510669,
  "runtime_per_step_seconds": 0.09939733875021338,
  "initial_objective": 1.0079556391397833,
  "final_objective": 1.0065871621275668,
  "best_objective": 1.0065871621275666,
  "objective_reduction": 0.0013684770122164291,
  "initial_train_loss_history": 1.0069472292575883,
  "final_train_loss_history": 1.0062829970297018,
  "best_train_loss_history": 1.0062829970278464,
  "train_loss_reduction": 0.0006642322278864743,
  "weight_norm": 0.3041650978650421,
  "trace_s": 0.304165097865042,
  "top_eigenvalue": 0.3041650978650419,
  "min_eigenvalue": -8.86187730377102e-17,
  "R1": 1.0,
  "effective_rank": 1.0,
  "config_suffix": "cov_toeplitz_mask_random_rho_0p2_lambda_1e-05_beta_1_d_100_T_50_lr_0p001_iter_5000_ntrain_1250_seed_42",
  "ridge_lambda": 0.01,
  "ridge_train_loss": 0.8892781411830327,
  "ridge_population_risk": 0.9592058536913218,
  "ridge_generalization_gap": 0.06992771250828911,
  "ridge_excess_population_risk": 0.03465200753747555,
  "pca_n_components": 75,
  "pca_train_loss": 0.9001191108996874,
  "pca_population_risk": 1.0132613641202821,
  "pca_generalization_gap": 0.11314225322059468,
  "pca_excess_population_risk": 0.08870751796643583
}