{
  "alpha": null,
  "seed": 42,
  "n_train": 500,
  "n_population": 5000,
  "train_loss": 0.7244960026238577,
  "population_risk": 0.7339647336014208,
  "bayes_population_risk": 0.5301185178874289,
  "empirical_bayes_risk": 0.5309471425911985,
  "generalization_gap": 0.009468730977563067,
  "excess_population_risk": 0.20384621571399186,
  "runtime_seconds": 29.375212386250496,
  "runtime_per_step_seconds": 0.005875042477250099,
  "initial_objective": 0.756559117106489,
  "final_objective": 0.7262021271960846,
  "best_objective": 0.7262021271960846,
  "objective_reduction": 0.030356989910404475,
  "initial_train_loss_history": 0.7557186701129318,
  "final_train_loss_history": 0.7244960026238577,
  "best_train_loss_history": 0.7244960026238577,
  "train_loss_reduction": 0.031222667489074096,
  "weight_norm": 6.82447972446809,
  "trace_s": 6.824479724468089,
  "top_eigenvalue": 2.566607296351209,
  "min_eigenvalue": 6.19827017075002e-12,
  "R1": 0.37608834665433116,
  "effective_rank": 5.603893403800699,
  "config_suffix": "cov_exponential_mask_random_rho_NA_lambda_1e-05_beta_1_d_25_T_5_lr_0p001_iter_5000_ntrain_500_seed_42"
}