{
  "alpha": null,
  "seed": 42,
  "n_train": 100,
  "n_population": 5000,
  "train_loss": 1.0456082325335747,
  "population_risk": 1.0349500708379746,
  "bayes_population_risk": 0.9267692307692309,
  "empirical_bayes_risk": 0.9221455326288804,
  "generalization_gap": -0.010658161695600077,
  "excess_population_risk": 0.10818084006874373,
  "runtime_seconds": 38.97408802807331,
  "runtime_per_step_seconds": 0.0077948176056146625,
  "initial_objective": 1.063192337327347,
  "final_objective": 1.0477436986504862,
  "best_objective": 1.0477436986504862,
  "objective_reduction": 0.01544863867686086,
  "initial_train_loss_history": 1.0626284867691862,
  "final_train_loss_history": 1.0456082325335747,
  "best_train_loss_history": 1.0456082325335747,
  "train_loss_reduction": 0.017020254235611487,
  "weight_norm": 4.270930269709807,
  "trace_s": 4.270930269709808,
  "top_eigenvalue": 2.4110912886664946,
  "min_eigenvalue": 2.6311332156907236e-14,
  "R1": 0.564535390747627,
  "effective_rank": 2.125685207232494,
  "config_suffix": "cov_toeplitz_mask_random_rho_0p2_lambda_1e-05_beta_1_d_50_T_20_lr_0p001_iter_5000_ntrain_100_seed_42"
}