{
  "alpha": null,
  "seed": 42,
  "n_train": 2000,
  "n_population": 5000,
  "train_loss": 1.068462576792899,
  "population_risk": 1.0643078624339821,
  "bayes_population_risk": 0.9675589362829065,
  "empirical_bayes_risk": 0.9657883259583141,
  "generalization_gap": -0.0041547143589169,
  "excess_population_risk": 0.09674892615107566,
  "runtime_seconds": 265.9231611713767,
  "runtime_per_step_seconds": 0.05318463223427534,
  "initial_objective": 1.0697761844968725,
  "final_objective": 1.068644562014524,
  "best_objective": 1.068644562014524,
  "objective_reduction": 0.0011316224823485488,
  "initial_train_loss_history": 1.0692412764500558,
  "final_train_loss_history": 1.068462576792899,
  "best_train_loss_history": 1.0684566425709299,
  "train_loss_reduction": 0.0007786996571568228,
  "weight_norm": 0.3639704432384549,
  "trace_s": 0.3639704432384549,
  "top_eigenvalue": 0.36397042492472037,
  "min_eigenvalue": -4.991670809162555e-17,
  "R1": 0.9999999496834573,
  "effective_rank": 1.0000009047013445,
  "config_suffix": "cov_exponential_mask_random_rho_NA_lambda_1e-05_beta_1_d_50_T_10_lr_0p001_iter_5000_ntrain_2000_seed_42"
}