{
  "alpha": 5.0,
  "seed": 0,
  "n_train": 12500,
  "n_population": 5000,
  "train_loss": 1.2483349711947906,
  "population_risk": 1.25229833384219,
  "bayes_population_risk": 1.0,
  "empirical_bayes_risk": 0.9988698818985595,
  "weight_norm": 0.004415395845183076,
  "trace_s": 0.004415395845183076,
  "top_eigenvalue": 0.0004275522000032846,
  "R1": 0.09683213351521301
}