{
  "alpha": null,
  "seed": 42,
  "n_train": 6000,
  "n_population": 5000,
  "train_loss": 0.4280561264224551,
  "population_risk": 0.42743149802528535,
  "bayes_population_risk": 0.27570731707317064,
  "empirical_bayes_risk": 0.27541600543071537,
  "generalization_gap": -0.0006246283971697575,
  "excess_population_risk": 0.1517241809521147,
  "runtime_seconds": 944.3101573064923,
  "runtime_per_step_seconds": 0.09443101573064923,
  "initial_objective": 0.46865405547748895,
  "final_objective": 0.4337302272176177,
  "best_objective": 0.4337302272176177,
  "objective_reduction": 0.034923828259871226,
  "initial_train_loss_history": 0.46741356833376024,
  "final_train_loss_history": 0.4280561264224551,
  "best_train_loss_history": 0.4280561264224551,
  "train_loss_reduction": 0.039357441911305135,
  "weight_norm": 11.348201572402356,
  "trace_s": 11.348201572402358,
  "top_eigenvalue": 1.3477186487755966,
  "min_eigenvalue": 6.318004284301809e-17,
  "R1": 0.11876054898893469,
  "config_suffix": "cov_toeplitz_mask_random_rho_0p8_lambda_1e-05_beta_1_d_50_T_5_lr_0p001_iter_10000_ntrain_6000_seed_42"
}