{
  "alpha": null,
  "seed": 42,
  "n_train": 80,
  "n_population": 5000,
  "train_loss": 0.5363389048442877,
  "population_risk": 1.2533610612263073,
  "bayes_population_risk": 0.09796305337869733,
  "empirical_bayes_risk": 0.09607653687666286,
  "generalization_gap": 0.7170221563820196,
  "excess_population_risk": 1.15539800784761,
  "runtime_seconds": 16.70084059238434,
  "runtime_per_step_seconds": 0.0033401681184768678,
  "initial_objective": 0.7566890962856361,
  "final_objective": 0.569853793708206,
  "best_objective": 0.569853793708206,
  "objective_reduction": 0.18683530257743008,
  "initial_train_loss_history": 0.7556206044286491,
  "final_train_loss_history": 0.5363389048442877,
  "best_train_loss_history": 0.5363389048442877,
  "train_loss_reduction": 0.2192816995843614,
  "weight_norm": 67.02868474529838,
  "trace_s": 67.02868474529836,
  "top_eigenvalue": 32.14843851808668,
  "min_eigenvalue": 4.181326695915831e-09,
  "R1": 0.4796220997062258,
  "effective_rank": 5.004948042511386,
  "config_suffix": "cov_toeplitz_bump_mask_random_rho_0p5_lambda_1e-05_beta_1_d_50_T_5_lr_0p001_iter_5000_ntrain_80_seed_42",
  "ridge_lambda": 0.01,
  "ridge_train_loss": 0.08890013495799917,
  "ridge_population_risk": 0.10142534690609716,
  "ridge_generalization_gap": 0.012525211948097983,
  "ridge_excess_population_risk": 0.0034622935273998234,
  "pca_n_components": 75,
  "pca_train_loss": 0.013864917512926022,
  "pca_population_risk": 1.022772685896607,
  "pca_generalization_gap": 1.0089077683836811,
  "pca_excess_population_risk": 0.9248096325179097
}