{
  "alpha": null,
  "seed": 42,
  "n_train": 2000,
  "n_population": 5000,
  "train_loss": 1.1963680202510425,
  "population_risk": 1.197440463997867,
  "bayes_population_risk": 1.0,
  "empirical_bayes_risk": 0.9978441542505292,
  "generalization_gap": 0.0010724437468245807,
  "excess_population_risk": 0.19744046399786708,
  "runtime_seconds": 308.44072664901614,
  "runtime_per_step_seconds": 0.061688145329803226,
  "initial_objective": 1.1978815825482187,
  "final_objective": 1.196539669831605,
  "best_objective": 1.196539669831185,
  "objective_reduction": 0.001341912716613658,
  "initial_train_loss_history": 1.1968275986981278,
  "final_train_loss_history": 1.1963680202510425,
  "best_train_loss_history": 1.1963642670243126,
  "train_loss_reduction": 0.00045957844708532924,
  "weight_norm": 0.17164958058711607,
  "trace_s": 0.1716495805871161,
  "top_eigenvalue": 0.17164958058614369,
  "min_eigenvalue": -2.35963745775157e-18,
  "R1": 0.9999999999943352,
  "effective_rank": 1.0,
  "config_suffix": "cov_identity_mask_random_rho_NA_lambda_1e-05_beta_1_d_100_T_5_lr_0p001_iter_5000_ntrain_2000_seed_42"
}