{
  "alpha": null,
  "seed": 42,
  "n_train": 50,
  "n_population": 5000,
  "train_loss": 0.8642048661596836,
  "population_risk": 1.2114887800869227,
  "bayes_population_risk": 0.7822082681172894,
  "empirical_bayes_risk": 0.7813560223160184,
  "generalization_gap": 0.3472839139272391,
  "excess_population_risk": 0.42928051196963335,
  "runtime_seconds": 41.093795388937,
  "runtime_per_step_seconds": 0.008218759077787399,
  "initial_objective": 0.9782409262526796,
  "final_objective": 0.8842714574516922,
  "best_objective": 0.8842714574516922,
  "objective_reduction": 0.09396946880098733,
  "initial_train_loss_history": 0.9770694521240156,
  "final_train_loss_history": 0.8642048661596836,
  "best_train_loss_history": 0.8642048661596836,
  "train_loss_reduction": 0.11286458596433202,
  "weight_norm": 20.0665775393034,
  "trace_s": 20.0665775393034,
  "top_eigenvalue": 10.914016279724734,
  "min_eigenvalue": 6.175678160268713e-15,
  "R1": 0.5438902701942074,
  "effective_rank": 3.09842896341129,
  "config_suffix": "cov_exponential_mask_random_rho_NA_lambda_1e-05_beta_1_d_100_T_10_lr_0p001_iter_5000_ntrain_50_seed_42"
}