{
  "alpha": null,
  "seed": 42,
  "n_train": 400,
  "n_population": 5000,
  "train_loss": 0.318429470360132,
  "population_risk": 0.3319719234470607,
  "bayes_population_risk": 0.07006953088198194,
  "empirical_bayes_risk": 0.0692939118983558,
  "generalization_gap": 0.013542453086928696,
  "excess_population_risk": 0.2619023925650788,
  "runtime_seconds": 37.33479486219585,
  "runtime_per_step_seconds": 0.00746695897243917,
  "initial_objective": 0.38368295395269003,
  "final_objective": 0.32214479414165237,
  "best_objective": 0.32214479414165237,
  "objective_reduction": 0.06153815981103766,
  "initial_train_loss_history": 0.38270364299143345,
  "final_train_loss_history": 0.318429470360132,
  "best_train_loss_history": 0.318429470360132,
  "train_loss_reduction": 0.06427417263130142,
  "weight_norm": 14.860537786335176,
  "trace_s": 14.860537786335176,
  "top_eigenvalue": 3.6587214632679093,
  "min_eigenvalue": 7.181078893796369e-09,
  "R1": 0.24620383971784934,
  "effective_rank": 7.413909174178825,
  "config_suffix": "cov_matern_mask_random_rho_NA_lambda_1e-05_beta_1_d_25_T_5_lr_0p001_iter_5000_ntrain_400_seed_42"
}