{
  "alpha": null,
  "seed": 42,
  "n_train": 1750,
  "n_population": 5000,
  "train_loss": 1.0262223469829495,
  "population_risk": 1.0229737963009413,
  "bayes_population_risk": 0.9267692307692309,
  "empirical_bayes_risk": 0.9228302436834308,
  "generalization_gap": -0.0032485506820081334,
  "excess_population_risk": 0.09620456553171042,
  "runtime_seconds": 178.46126187592745,
  "runtime_per_step_seconds": 0.03569225237518549,
  "initial_objective": 1.027262511672226,
  "final_objective": 1.0263902169117745,
  "best_objective": 1.026390216911774,
  "objective_reduction": 0.0008722947604515863,
  "initial_train_loss_history": 1.0267458809771692,
  "final_train_loss_history": 1.0262223469829495,
  "best_train_loss_history": 1.026222346982949,
  "train_loss_reduction": 0.0005235339942197825,
  "weight_norm": 0.33573985765018294,
  "trace_s": 0.3357398576501828,
  "top_eigenvalue": 0.33573985765018277,
  "min_eigenvalue": -6.646877970680076e-17,
  "R1": 1.0,
  "effective_rank": 1.0,
  "config_suffix": "cov_toeplitz_mask_random_rho_0p2_lambda_1e-05_beta_1_d_50_T_20_lr_0p001_iter_5000_ntrain_1750_seed_42"
}