{
  "alpha": null,
  "seed": 42,
  "n_train": 100,
  "n_population": 5000,
  "train_loss": 0.7935139792772875,
  "population_risk": 1.0091101195484353,
  "bayes_population_risk": 0.4371730888154475,
  "empirical_bayes_risk": 0.44054238597051865,
  "generalization_gap": 0.21559614027114782,
  "excess_population_risk": 0.5719370307329879,
  "runtime_seconds": 44.952426586300135,
  "runtime_per_step_seconds": 0.008990485317260027,
  "initial_objective": 0.8742367509073435,
  "final_objective": 0.8005130564380865,
  "best_objective": 0.8005130564380865,
  "objective_reduction": 0.07372369446925708,
  "initial_train_loss_history": 0.873517586469997,
  "final_train_loss_history": 0.7935139792772875,
  "best_train_loss_history": 0.7935139792772875,
  "train_loss_reduction": 0.08000360719270949,
  "weight_norm": 13.998068500070888,
  "trace_s": 13.998068500070884,
  "top_eigenvalue": 8.69134419431872,
  "min_eigenvalue": 6.572171985690578e-14,
  "R1": 0.6208959610588213,
  "effective_rank": 3.065220055964774,
  "config_suffix": "cov_toeplitz_bump_mask_random_rho_0p5_lambda_1e-05_beta_1_d_50_T_10_lr_0p001_iter_5000_ntrain_100_seed_42"
}