{
  "alpha": null,
  "seed": 42,
  "n_train": 400,
  "n_population": 5000,
  "train_loss": 0.6229757926310068,
  "population_risk": 0.6929172354727345,
  "bayes_population_risk": 0.2921672002085666,
  "empirical_bayes_risk": 0.29320051434326916,
  "generalization_gap": 0.06994144284172776,
  "excess_population_risk": 0.4007500352641679,
  "runtime_seconds": 22.908935252577066,
  "runtime_per_step_seconds": 0.004581787050515413,
  "initial_objective": 0.6851463131782632,
  "final_objective": 0.6323783069603762,
  "best_objective": 0.6323783069603762,
  "objective_reduction": 0.05276800621788702,
  "initial_train_loss_history": 0.6841467602602619,
  "final_train_loss_history": 0.6229757926310068,
  "best_train_loss_history": 0.6229757926310068,
  "train_loss_reduction": 0.06117096762925511,
  "weight_norm": 18.805010225857227,
  "trace_s": 18.805010225857224,
  "top_eigenvalue": 3.80174360707978,
  "min_eigenvalue": 1.0330163954245168e-12,
  "R1": 0.20216652697440785,
  "effective_rank": 8.778111955778078,
  "config_suffix": "cov_matern_mask_random_rho_NA_lambda_1e-05_beta_1_d_50_T_5_lr_0p001_iter_5000_ntrain_400_seed_42",
  "ridge_lambda": 0.01,
  "ridge_train_loss": 0.28825693558645704,
  "ridge_population_risk": 0.2962064263983248,
  "ridge_generalization_gap": 0.007949490811867743,
  "ridge_excess_population_risk": 0.0040392261897581605,
  "pca_n_components": 75,
  "pca_train_loss": 0.368247887502545,
  "pca_population_risk": 0.6611951132585128,
  "pca_generalization_gap": 0.29294722575596777,
  "pca_excess_population_risk": 0.36902791304994614
}