{
  "alpha": null,
  "seed": 42,
  "n_train": 400,
  "n_population": 5000,
  "train_loss": 0.32629482103908375,
  "population_risk": 0.3449419239873638,
  "bayes_population_risk": 0.13898342541436456,
  "empirical_bayes_risk": 0.1902252721507556,
  "generalization_gap": 0.018647102948280037,
  "excess_population_risk": 0.20595849857299922,
  "runtime_seconds": 38.98952027782798,
  "runtime_per_step_seconds": 0.038989520277827976,
  "initial_objective": 0.3686707322719028,
  "final_objective": 0.3414231146204927,
  "best_objective": 0.3414231146204927,
  "objective_reduction": 0.027247617651410094,
  "initial_train_loss_history": 0.3651751422726513,
  "final_train_loss_history": 0.32629482103908375,
  "best_train_loss_history": 0.32629482103908375,
  "train_loss_reduction": 0.03888032123356755,
  "weight_norm": 7.563372062310442,
  "trace_s": 7.563372062310442,
  "top_eigenvalue": 1.5411240868099658,
  "min_eigenvalue": 5.672918057633895e-12,
  "R1": 0.203761506655166
}