{
  "alpha": null,
  "seed": 42,
  "n_train": 10000,
  "n_population": 5000,
  "train_loss": 0.5740914431132939,
  "population_risk": 0.5765959633229384,
  "bayes_population_risk": 0.27570731707317064,
  "empirical_bayes_risk": 0.3594035854903747,
  "generalization_gap": 0.002504520209644534,
  "excess_population_risk": 0.30088864624976774,
  "runtime_seconds": 901.0551486797631,
  "runtime_per_step_seconds": 0.09010551486797631,
  "initial_objective": 0.5907047316496037,
  "final_objective": 0.5770140730792616,
  "best_objective": 0.5770140730792616,
  "objective_reduction": 0.013690658570342129,
  "initial_train_loss_history": 0.5897293340422819,
  "final_train_loss_history": 0.5740914431132939,
  "best_train_loss_history": 0.5740914013669253,
  "train_loss_reduction": 0.01563789092898804,
  "weight_norm": 5.845259930424576,
  "trace_s": 5.845259930424576,
  "top_eigenvalue": 0.6877572621724597,
  "min_eigenvalue": -4.5961004867099595e-19,
  "R1": 0.11766068068122748
}