{
  "alpha": null,
  "seed": 42,
  "n_train": 90,
  "n_population": 5000,
  "train_loss": 1.0073737123855317,
  "population_risk": 1.0459806840102457,
  "bayes_population_risk": 0.9267692307692309,
  "empirical_bayes_risk": 0.9264866575810629,
  "generalization_gap": 0.03860697162471394,
  "excess_population_risk": 0.11921145324101479,
  "runtime_seconds": 74.57204233109951,
  "runtime_per_step_seconds": 0.014914408466219902,
  "initial_objective": 1.034013387551874,
  "final_objective": 1.017101685587492,
  "best_objective": 1.017101685587114,
  "objective_reduction": 0.016911701964382075,
  "initial_train_loss_history": 1.0319526997035404,
  "final_train_loss_history": 1.0073737123855317,
  "best_train_loss_history": 1.0073732984056367,
  "train_loss_reduction": 0.02457898731800867,
  "weight_norm": 4.863986601520375,
  "trace_s": 4.863986601520375,
  "top_eigenvalue": 4.863986601520354,
  "min_eigenvalue": -1.042017584068827e-15,
  "R1": 0.9999999999999961,
  "effective_rank": 1.0,
  "config_suffix": "cov_toeplitz_mask_random_rho_0p2_lambda_1e-05_beta_1_d_200_T_20_lr_0p001_iter_5000_ntrain_90_seed_42",
  "ridge_lambda": 0.01,
  "ridge_train_loss": 0.7299206551113897,
  "ridge_population_risk": 1.1804523020945392,
  "ridge_generalization_gap": 0.4505316469831495,
  "ridge_excess_population_risk": 0.2536830713253083,
  "pca_n_components": 75,
  "pca_train_loss": 0.12512539847002538,
  "pca_population_risk": 1.028674995754417,
  "pca_generalization_gap": 0.9035495972843917,
  "pca_excess_population_risk": 0.10190576498518611
}