{
  "alpha": null,
  "seed": 42,
  "n_train": 1000,
  "n_population": 5000,
  "train_loss": 1.016197462664436,
  "population_risk": 1.017460633705146,
  "bayes_population_risk": 1.0,
  "empirical_bayes_risk": 0.9978054269533383,
  "generalization_gap": 0.0012631710407100538,
  "excess_population_risk": 0.017460633705145945,
  "runtime_seconds": 396.3084909077734,
  "runtime_per_step_seconds": 0.07926169818155468,
  "initial_objective": 1.0175986286919343,
  "final_objective": 1.0164230042577698,
  "best_objective": 1.0164230042577695,
  "objective_reduction": 0.0011756244341645239,
  "initial_train_loss_history": 1.0165951607259252,
  "final_train_loss_history": 1.016197462664436,
  "best_train_loss_history": 1.016197462655691,
  "train_loss_reduction": 0.00039769806148926,
  "weight_norm": 0.22554159333391843,
  "trace_s": 0.22554159333391852,
  "top_eigenvalue": 0.22554159333391857,
  "min_eigenvalue": -5.2147558979874046e-17,
  "R1": 1.0000000000000002,
  "effective_rank": 1.0,
  "config_suffix": "cov_identity_mask_random_rho_NA_lambda_1e-05_beta_1_d_100_T_50_lr_0p001_iter_5000_ntrain_1000_seed_42",
  "ridge_lambda": 0.01,
  "ridge_train_loss": 0.9484470437685285,
  "ridge_population_risk": 1.0507281036462903,
  "ridge_generalization_gap": 0.10228105987776182,
  "ridge_excess_population_risk": 0.05072810364629032,
  "pca_n_components": 75,
  "pca_train_loss": 0.8824799362903741,
  "pca_population_risk": 1.0142647833597833,
  "pca_generalization_gap": 0.13178484706940918,
  "pca_excess_population_risk": 0.014264783359783317
}