{
  "alpha": null,
  "seed": 42,
  "n_train": 60,
  "n_population": 5000,
  "train_loss": 0.9781231647364869,
  "population_risk": 1.0787615556250785,
  "bayes_population_risk": 0.9267692307692309,
  "empirical_bayes_risk": 0.929232693025515,
  "generalization_gap": 0.10063839088859161,
  "excess_population_risk": 0.15199232485584757,
  "runtime_seconds": 78.40039214864373,
  "runtime_per_step_seconds": 0.015680078429728746,
  "initial_objective": 1.0301998432296309,
  "final_objective": 0.9942250994144022,
  "best_objective": 0.9942250994144018,
  "objective_reduction": 0.035974743815228694,
  "initial_train_loss_history": 1.0280681412555817,
  "final_train_loss_history": 0.9781231647364869,
  "best_train_loss_history": 0.9781222967059282,
  "train_loss_reduction": 0.0499449765190948,
  "weight_norm": 8.050967338957651,
  "trace_s": 8.050967338957651,
  "top_eigenvalue": 8.050967338957634,
  "min_eigenvalue": -3.315502234024656e-15,
  "R1": 0.9999999999999982,
  "effective_rank": 1.0,
  "config_suffix": "cov_toeplitz_mask_random_rho_0p2_lambda_1e-05_beta_1_d_200_T_20_lr_0p001_iter_5000_ntrain_60_seed_42"
}