{
  "alpha": null,
  "seed": 42,
  "n_train": 500,
  "n_population": 5000,
  "train_loss": 0.556924044928993,
  "population_risk": 0.5877088131436764,
  "bayes_population_risk": 0.3599999999999999,
  "empirical_bayes_risk": 0.3604419014440437,
  "generalization_gap": 0.030784768214683456,
  "excess_population_risk": 0.22770881314367653,
  "runtime_seconds": 15.690406451001763,
  "runtime_per_step_seconds": 0.015690406451001764,
  "initial_objective": 0.591818923154053,
  "final_objective": 0.5633019065551815,
  "best_objective": 0.5633019065551815,
  "objective_reduction": 0.028517016598871514,
  "initial_train_loss_history": 0.5908304393546377,
  "final_train_loss_history": 0.556924044928993,
  "best_train_loss_history": 0.556924044928993,
  "train_loss_reduction": 0.033906394425644804,
  "weight_norm": 12.747262590011513,
  "trace_s": 12.747262590011514,
  "top_eigenvalue": 4.199018352716299,
  "min_eigenvalue": 7.426403311236137e-08,
  "R1": 0.32940549573416356,
  "config_suffix": "cov_toeplitz_mask_last_rho_0p8_lambda_1e-05_beta_1_d_50_T_5_lr_0p001_iter_1000_ntrain_500_seed_42"
}