{
  "alpha": 1.0,
  "seed": 0,
  "n_train": 2500,
  "n_population": 5000,
  "train_loss": 1.9913620449763216,
  "population_risk": 1.9994492474585996,
  "bayes_population_risk": 0.6299999999999999,
  "empirical_bayes_risk": 0.6321589965112439,
  "generalization_gap": 0.00808720248227801,
  "excess_population_risk": 1.3694492474585997,
  "runtime_seconds": 55.57301316695521,
  "runtime_per_step_seconds": 0.055573013166955204,
  "initial_objective": 0.9084315597674477,
  "final_objective": 1.9917062572627757,
  "best_objective": 0.9084315597674477,
  "objective_reduction": -1.083274697495328,
  "initial_train_loss_history": 1.9910690579174541,
  "final_train_loss_history": 1.9913620449763216,
  "best_train_loss_history": 1.4670512073744282,
  "train_loss_reduction": -0.00029298705886748877,
  "weight_norm": 0.6859669940341939,
  "trace_s": 0.685966994034194,
  "top_eigenvalue": 0.6812222865895687,
  "min_eigenvalue": -4.96829715665459e-17,
  "R1": 0.9930831840512889
}