{
  "alpha": null,
  "seed": 42,
  "n_train": 2000,
  "n_population": 5000,
  "train_loss": 1.0278952999364288,
  "population_risk": 1.0246740349250947,
  "bayes_population_risk": 0.8649174311926606,
  "empirical_bayes_risk": 0.8634494169884988,
  "generalization_gap": -0.003221265011334129,
  "excess_population_risk": 0.15975660373243405,
  "runtime_seconds": 24.66339549422264,
  "runtime_per_step_seconds": 0.02466339549422264,
  "initial_objective": 1.033691364261342,
  "final_objective": 1.0294029459471454,
  "best_objective": 1.0294029459471454,
  "objective_reduction": 0.004288418314196463,
  "initial_train_loss_history": 1.0329860845005456,
  "final_train_loss_history": 1.0278952999364288,
  "best_train_loss_history": 1.0278952999364288,
  "train_loss_reduction": 0.005090784564116824,
  "weight_norm": 3.0148939491737172,
  "trace_s": 3.014893949173718,
  "top_eigenvalue": 0.8307685507706772,
  "min_eigenvalue": 2.150738421835122e-10,
  "R1": 0.2755548171100225
}