{
  "alpha": 5.0,
  "seed": 0,
  "n_train": 12500,
  "n_population": 5000,
  "train_loss": 0.9801763673444,
  "population_risk": 0.9783277486439903,
  "bayes_population_risk": 0.4083333333333334,
  "empirical_bayes_risk": 0.4083752142397848,
  "weight_norm": 0.33349566600463887,
  "trace_s": 0.3334956660046388,
  "top_eigenvalue": 0.038904588958316416,
  "R1": 0.11665695516947215
}