{
  "alpha": 0.5,
  "seed": 0,
  "n_train": 1250,
  "n_population": 5000,
  "train_loss": 1.168235714677086,
  "population_risk": 1.168013154591021,
  "bayes_population_risk": 1.0,
  "empirical_bayes_risk": 1.0015095991542753,
  "weight_norm": 2.2367506186742556,
  "trace_s": 2.236750618674256,
  "top_eigenvalue": 0.6940845143606833,
  "R1": 0.3103092980352339
}