{
  "alpha": null,
  "seed": 42,
  "n_train": 500,
  "n_population": 5000,
  "train_loss": 1.101328209670961,
  "population_risk": 1.1367697170009672,
  "bayes_population_risk": 0.6,
  "empirical_bayes_risk": 0.6003781136711089,
  "generalization_gap": 0.03544150733000628,
  "excess_population_risk": 0.5367697170009672,
  "runtime_seconds": 19.45924255810678,
  "runtime_per_step_seconds": 0.01945924255810678,
  "initial_objective": 1.120196829323297,
  "final_objective": 1.1036233264380086,
  "best_objective": 1.1036233264380086,
  "objective_reduction": 0.01657350288528825,
  "initial_train_loss_history": 1.119584195671401,
  "final_train_loss_history": 1.101328209670961,
  "best_train_loss_history": 1.101328209670961,
  "train_loss_reduction": 0.018255986000440094,
  "weight_norm": 4.589030635195439,
  "trace_s": 4.5890306351954395,
  "top_eigenvalue": 1.564295190238179,
  "min_eigenvalue": 5.819965535447814e-10,
  "R1": 0.3408770423629038,
  "config_suffix": "cov_tridiagonal_mask_last_rho_0p5_lambda_1e-05_beta_1_d_50_T_5_lr_0p001_iter_1000_ntrain_500_seed_42"
}