{
  "alpha": null,
  "seed": 42,
  "n_train": 10000,
  "n_population": 5000,
  "train_loss": 1.15562818744678,
  "population_risk": 1.1560753435776525,
  "bayes_population_risk": 0.9378461538461538,
  "empirical_bayes_risk": 0.9602795697158788,
  "generalization_gap": 0.00044715613087253914,
  "excess_population_risk": 0.21822918973149874,
  "runtime_seconds": 107.75417233072221,
  "runtime_per_step_seconds": 0.10775417233072221,
  "initial_objective": 1.1613893745047965,
  "final_objective": 1.1556282809133251,
  "best_objective": 1.1556282809133251,
  "objective_reduction": 0.005761093591471367,
  "initial_train_loss_history": 1.1562753103223362,
  "final_train_loss_history": 1.15562818744678,
  "best_train_loss_history": 1.15562818744678,
  "train_loss_reduction": 0.0006471228755562386,
  "weight_norm": 1.844867800875422e-05,
  "trace_s": 1.8448678008754216e-05,
  "top_eigenvalue": 4.589870902253196e-06,
  "min_eigenvalue": 1.0498843063628738e-15,
  "R1": 0.24879131719222516
}