{
  "alpha": null,
  "seed": 42,
  "n_train": 1000,
  "n_population": 5000,
  "train_loss": 0.42095865912746794,
  "population_risk": 0.4342918500895952,
  "bayes_population_risk": 0.27570731707317064,
  "empirical_bayes_risk": 0.2751986790218739,
  "generalization_gap": 0.013333190962127262,
  "excess_population_risk": 0.15858453301642456,
  "runtime_seconds": 30.059417568147182,
  "runtime_per_step_seconds": 0.030059417568147184,
  "initial_objective": 0.46774337696271584,
  "final_objective": 0.4344123302337493,
  "best_objective": 0.4344123302337493,
  "objective_reduction": 0.03333104672896653,
  "initial_train_loss_history": 0.4657003535490885,
  "final_train_loss_history": 0.42095865912746794,
  "best_train_loss_history": 0.42095865912746794,
  "train_loss_reduction": 0.04474169442162057,
  "weight_norm": 13.449818887072027,
  "trace_s": 13.449818887072027,
  "top_eigenvalue": 2.859838276548376,
  "min_eigenvalue": 6.827239830734648e-11,
  "R1": 0.21263024435944297
}