{
  "alpha": null,
  "seed": 42,
  "n_train": 400,
  "n_population": 5000,
  "train_loss": 0.41087611747482133,
  "population_risk": 0.4377555976799158,
  "bayes_population_risk": 0.27570731707317064,
  "empirical_bayes_risk": 0.27557463452384745,
  "generalization_gap": 0.026879480205094453,
  "excess_population_risk": 0.16204828060674514,
  "runtime_seconds": 66.66246337071061,
  "runtime_per_step_seconds": 0.006666246337071061,
  "initial_objective": 0.46843235465130845,
  "final_objective": 0.41902008933840734,
  "best_objective": 0.41902008933840734,
  "objective_reduction": 0.049412265312901105,
  "initial_train_loss_history": 0.4671469042214782,
  "final_train_loss_history": 0.41087611747482133,
  "best_train_loss_history": 0.41087611747482133,
  "train_loss_reduction": 0.056270786746656865,
  "weight_norm": 16.287943674690347,
  "trace_s": 16.28794367469034,
  "top_eigenvalue": 3.4183889019537985,
  "min_eigenvalue": 1.4152691391214515e-15,
  "R1": 0.2098723430180814,
  "config_suffix": "cov_toeplitz_mask_random_rho_0p8_lambda_1e-05_beta_1_d_50_T_5_lr_0p001_iter_10000_ntrain_400_seed_42"
}