{
  "alpha": null,
  "seed": 42,
  "n_train": 50,
  "n_population": 5000,
  "train_loss": 1.068831184725642,
  "population_risk": 1.195093315474423,
  "bayes_population_risk": 0.9339407664588757,
  "empirical_bayes_risk": 0.9306098736771724,
  "generalization_gap": 0.126262130748781,
  "excess_population_risk": 0.2611525490155473,
  "runtime_seconds": 30.02299015969038,
  "runtime_per_step_seconds": 0.003002299015969038,
  "initial_objective": 1.1317005622707665,
  "final_objective": 1.0749162041767342,
  "best_objective": 1.0749162041679174,
  "objective_reduction": 0.05678435809403237,
  "initial_train_loss_history": 1.1309369154735893,
  "final_train_loss_history": 1.068831184725642,
  "best_train_loss_history": 1.0688311596455138,
  "train_loss_reduction": 0.06210573074794734,
  "weight_norm": 12.170039091368835,
  "trace_s": 12.170039091368839,
  "top_eigenvalue": 4.564553884362512,
  "min_eigenvalue": -1.2377330735115332e-16,
  "R1": 0.3750648498409309
}