{
  "alpha": null,
  "seed": 42,
  "n_train": 50,
  "n_population": 5000,
  "train_loss": 0.2085014339406974,
  "population_risk": 1.0947722176678414,
  "bayes_population_risk": 0.05101341981519296,
  "empirical_bayes_risk": 0.051660716438750434,
  "generalization_gap": 0.886270783727144,
  "excess_population_risk": 1.0437587978526484,
  "runtime_seconds": 35.276288252323866,
  "runtime_per_step_seconds": 0.007055257650464773,
  "initial_objective": 0.503100592008091,
  "final_objective": 0.2451019102823581,
  "best_objective": 0.2451019102823581,
  "objective_reduction": 0.2579986817257329,
  "initial_train_loss_history": 0.5022885863344969,
  "final_train_loss_history": 0.2085014339406974,
  "best_train_loss_history": 0.2085014339406974,
  "train_loss_reduction": 0.2937871523937995,
  "weight_norm": 73.1995819819344,
  "trace_s": 73.1995819819344,
  "top_eigenvalue": 38.36320555372241,
  "min_eigenvalue": 1.7171610944090758e-08,
  "R1": 0.5240905004510876,
  "effective_rank": 4.341501176556033,
  "config_suffix": "cov_matern_mask_random_rho_NA_lambda_1e-05_beta_1_d_50_T_10_lr_0p001_iter_5000_ntrain_50_seed_42"
}