{
  "alpha": null,
  "seed": 42,
  "n_train": 2500,
  "n_population": 5000,
  "train_loss": 1.167819084712962,
  "population_risk": 1.1676162118831308,
  "bayes_population_risk": 0.9582577132486388,
  "empirical_bayes_risk": 0.9570241665357451,
  "generalization_gap": -0.00020287282983111332,
  "excess_population_risk": 0.20935849863449196,
  "runtime_seconds": 296.91146295517683,
  "runtime_per_step_seconds": 0.02969114629551768,
  "initial_objective": 1.1694424178811436,
  "final_objective": 1.1679415305301872,
  "best_objective": 1.1679415305301861,
  "objective_reduction": 0.0015008873509563259,
  "initial_train_loss_history": 1.1689124361636145,
  "final_train_loss_history": 1.167819084712962,
  "best_train_loss_history": 1.1678177501733114,
  "train_loss_reduction": 0.001093351450652591,
  "weight_norm": 0.24489163445053078,
  "trace_s": 0.24489163445053072,
  "top_eigenvalue": 0.19044598225278825,
  "min_eigenvalue": -3.502085788222362e-17,
  "R1": 0.7776745117492333,
  "config_suffix": "cov_tridiagonal_mask_last_rho_0p2_lambda_1e-05_beta_1_d_50_T_5_lr_0p001_iter_10000_ntrain_2500_seed_42"
}