{
  "alpha": null,
  "seed": 42,
  "n_train": 100,
  "n_population": 5000,
  "train_loss": 1.0767358434451137,
  "population_risk": 1.0584176475963245,
  "bayes_population_risk": 1.0,
  "empirical_bayes_risk": 0.9940192228605763,
  "generalization_gap": -0.018318195848789243,
  "excess_population_risk": 0.05841764759632451,
  "runtime_seconds": 38.87642838433385,
  "runtime_per_step_seconds": 0.00777528567686677,
  "initial_objective": 1.0915006785811063,
  "final_objective": 1.078659765721228,
  "best_objective": 1.078659765721228,
  "objective_reduction": 0.012840912859878317,
  "initial_train_loss_history": 1.090940429837885,
  "final_train_loss_history": 1.0767358434451137,
  "best_train_loss_history": 1.0767358434451137,
  "train_loss_reduction": 0.014204586392771335,
  "weight_norm": 3.8478441937033576,
  "trace_s": 3.8478441937033576,
  "top_eigenvalue": 2.0600630147777403,
  "min_eigenvalue": -3.5145999080952505e-17,
  "R1": 0.5353810890131269,
  "effective_rank": 2.4731361028747134,
  "config_suffix": "cov_identity_mask_random_rho_NA_lambda_1e-05_beta_1_d_50_T_20_lr_0p001_iter_5000_ntrain_100_seed_42"
}