{
  "alpha": null,
  "seed": 42,
  "n_train": 5000,
  "n_population": 5000,
  "train_loss": 0.07176676318065764,
  "population_risk": 0.07205662665482239,
  "bayes_population_risk": 0.011034997727387535,
  "empirical_bayes_risk": 0.01098184541368326,
  "generalization_gap": 0.00028986347416475045,
  "excess_population_risk": 0.06102162892743485,
  "runtime_seconds": 436.20511828549206,
  "runtime_per_step_seconds": 0.08724102365709842,
  "initial_objective": 0.07496027956671224,
  "final_objective": 0.07339851987924167,
  "best_objective": 0.07339851987924167,
  "objective_reduction": 0.0015617596874705625,
  "initial_train_loss_history": 0.07434714188064531,
  "final_train_loss_history": 0.07176676318065764,
  "best_train_loss_history": 0.07176552444268726,
  "train_loss_reduction": 0.0025803786999876732,
  "weight_norm": 3.263513345645608,
  "trace_s": 3.2635133456456082,
  "top_eigenvalue": 0.37002117534498824,
  "min_eigenvalue": 3.594767888612882e-17,
  "R1": 0.1133812355444155,
  "effective_rank": 15.794349356788576,
  "config_suffix": "cov_toeplitz_mask_random_rho_0p99_lambda_1e-05_beta_1_d_50_T_20_lr_0p001_iter_5000_ntrain_5000_seed_42"
}