{
  "alpha": null,
  "seed": 42,
  "n_train": 1250,
  "n_population": 5000,
  "train_loss": 0.3203162757165676,
  "population_risk": 0.33250257531036914,
  "bayes_population_risk": 0.13898342541436456,
  "empirical_bayes_risk": 0.19018137186747713,
  "generalization_gap": 0.01218629959380152,
  "excess_population_risk": 0.19351914989600458,
  "runtime_seconds": 218.63289190270007,
  "runtime_per_step_seconds": 0.021863289190270006,
  "initial_objective": 0.361099579932832,
  "final_objective": 0.3268099127868851,
  "best_objective": 0.3268099127868851,
  "objective_reduction": 0.03428966714594689,
  "initial_train_loss_history": 0.3598731878743416,
  "final_train_loss_history": 0.3203162757165676,
  "best_train_loss_history": 0.32031608876179724,
  "train_loss_reduction": 0.03955691215777396,
  "weight_norm": 12.987274114321554,
  "trace_s": 12.987274114321552,
  "top_eigenvalue": 3.1595488652269337,
  "min_eigenvalue": 4.5907065663155315e-16,
  "R1": 0.2432803710320383
}