{
  "alpha": null,
  "seed": 42,
  "n_train": 2000,
  "n_population": 5000,
  "train_loss": 1.0278329025857975,
  "population_risk": 1.024711922691045,
  "bayes_population_risk": 0.8649174311926606,
  "empirical_bayes_risk": 0.8634494169884988,
  "generalization_gap": -0.0031209798947524625,
  "excess_population_risk": 0.15979449149838443,
  "runtime_seconds": 348.7080028876662,
  "runtime_per_step_seconds": 0.03487080028876662,
  "initial_objective": 1.033691364261342,
  "final_objective": 1.0293463027486371,
  "best_objective": 1.029346302748633,
  "objective_reduction": 0.004345061512704751,
  "initial_train_loss_history": 1.0329860845005456,
  "final_train_loss_history": 1.0278329025857975,
  "best_train_loss_history": 1.0278327384994994,
  "train_loss_reduction": 0.005153181914748117,
  "weight_norm": 3.026800325695062,
  "trace_s": 3.026800325695062,
  "top_eigenvalue": 0.8803613552260569,
  "min_eigenvalue": -1.6424323229561057e-16,
  "R1": 0.2908554448578944
}