{
  "alpha": null,
  "seed": 42,
  "n_train": 10,
  "n_population": 5000,
  "train_loss": 0.6665477270577818,
  "population_risk": 1.3243279471742277,
  "bayes_population_risk": 0.66,
  "empirical_bayes_risk": 0.6616785614093658,
  "generalization_gap": 0.657780220116446,
  "excess_population_risk": 0.6643279471742277,
  "runtime_seconds": 24.010140996426344,
  "runtime_per_step_seconds": 0.0024010140996426343,
  "initial_objective": 0.914885908588227,
  "final_objective": 0.6756616653898265,
  "best_objective": 0.6756603609797189,
  "objective_reduction": 0.23922424319840052,
  "initial_train_loss_history": 0.9094337024074548,
  "final_train_loss_history": 0.6665477270577818,
  "best_train_loss_history": 0.6665459548029643,
  "train_loss_reduction": 0.24288597534967304,
  "weight_norm": 18.225971081085653,
  "trace_s": 18.225971081085657,
  "top_eigenvalue": 12.480115719779349,
  "min_eigenvalue": 1.7787409690004598e-14,
  "R1": 0.6847435269295924
}