{
  "alpha": 1.0,
  "seed": 0,
  "n_train": 2500,
  "n_population": 5000,
  "train_loss": 0.8404239552326704,
  "population_risk": 0.8454068093075293,
  "bayes_population_risk": 0.66,
  "empirical_bayes_risk": 0.6587840184498182,
  "generalization_gap": 0.004982854074858878,
  "excess_population_risk": 0.18540680930752929,
  "runtime_seconds": 415.4375396249816,
  "runtime_per_step_seconds": 0.04154375396249816,
  "initial_objective": 0.8602270979622869,
  "final_objective": 0.8409391284824717,
  "best_objective": 0.8409390886518756,
  "objective_reduction": 0.01928796947981526,
  "initial_train_loss_history": 0.8473574187757413,
  "final_train_loss_history": 0.8404239552326704,
  "best_train_loss_history": 0.8404238532681707,
  "train_loss_reduction": 0.006933463543070895,
  "weight_norm": 1.0303764436328777,
  "trace_s": 1.0303764436328777,
  "top_eigenvalue": 0.19848564750520262,
  "min_eigenvalue": 6.959287977152408e-14,
  "R1": 0.19263410837051603
}