{
  "alpha": null,
  "seed": 42,
  "n_train": 200,
  "n_population": 5000,
  "train_loss": 0.9662275539610063,
  "population_risk": 0.9841535617224839,
  "bayes_population_risk": 0.8028223802788139,
  "empirical_bayes_risk": 0.8039551761835572,
  "generalization_gap": 0.01792600776147757,
  "excess_population_risk": 0.18133118144367,
  "runtime_seconds": 21.703400189056993,
  "runtime_per_step_seconds": 0.0043406800378113985,
  "initial_objective": 0.9899642208746684,
  "final_objective": 0.9711746734160768,
  "best_objective": 0.9711746734160768,
  "objective_reduction": 0.018789547458591627,
  "initial_train_loss_history": 0.9892446453801581,
  "final_train_loss_history": 0.9662275539610063,
  "best_train_loss_history": 0.9662274041796306,
  "train_loss_reduction": 0.02301709141915176,
  "weight_norm": 9.89423878749398,
  "trace_s": 9.89423878749398,
  "top_eigenvalue": 3.3451900407018305,
  "min_eigenvalue": 4.0900329939251423e-14,
  "R1": 0.33809473498153797,
  "effective_rank": 5.112166772237565,
  "config_suffix": "cov_exponential_mask_random_rho_NA_lambda_1e-05_beta_1_d_50_T_5_lr_0p001_iter_5000_ntrain_200_seed_42",
  "ridge_lambda": 0.01,
  "ridge_train_loss": 0.7981509415276672,
  "ridge_population_risk": 0.8199906246156375,
  "ridge_generalization_gap": 0.021839683087970352,
  "ridge_excess_population_risk": 0.017168244336823624,
  "pca_n_components": 75,
  "pca_train_loss": 0.4824235447602927,
  "pca_population_risk": 1.36762621497011,
  "pca_generalization_gap": 0.8852026702098172,
  "pca_excess_population_risk": 0.564803834691296
}