{
  "alpha": null,
  "seed": 42,
  "n_train": 5000,
  "n_population": 5000,
  "train_loss": 1.0186942807146793,
  "population_risk": 1.0247467415524107,
  "bayes_population_risk": 0.9267692307692309,
  "empirical_bayes_risk": 0.9269340100765807,
  "generalization_gap": 0.006052460837731477,
  "excess_population_risk": 0.09797751078317984,
  "runtime_seconds": 432.6115052551031,
  "runtime_per_step_seconds": 0.08652230105102063,
  "initial_objective": 1.0195792202644622,
  "final_objective": 1.0187574286381706,
  "best_objective": 1.0187574286381702,
  "objective_reduction": 0.0008217916262915903,
  "initial_train_loss_history": 1.0190301939825033,
  "final_train_loss_history": 1.0186942807146793,
  "best_train_loss_history": 1.018694280714679,
  "train_loss_reduction": 0.0003359132678240062,
  "weight_norm": 0.12629584698271537,
  "trace_s": 0.12629584698271537,
  "top_eigenvalue": 0.1262958469827154,
  "min_eigenvalue": -2.270829183969746e-17,
  "R1": 1.0,
  "effective_rank": 1.0,
  "config_suffix": "cov_toeplitz_mask_random_rho_0p2_lambda_1e-05_beta_1_d_50_T_20_lr_0p001_iter_5000_ntrain_5000_seed_42"
}