{
  "alpha": 3.0,
  "seed": 0,
  "n_train": 7500,
  "n_population": 5000,
  "train_loss": 1.092160483583994,
  "population_risk": 1.0900419737096658,
  "bayes_population_risk": 0.9310364973015884,
  "empirical_bayes_risk": 0.9299296826426539,
  "weight_norm": 0.004418218984312461,
  "trace_s": 0.004418218984312461,
  "top_eigenvalue": 0.0004289398021250399,
  "R1": 0.0970843237168764
}