{
  "alpha": null,
  "seed": 42,
  "n_train": 1000,
  "n_population": 5000,
  "train_loss": 1.0239907005228366,
  "population_risk": 1.0345207955299849,
  "bayes_population_risk": 0.8649174311926606,
  "empirical_bayes_risk": 0.8688157167447763,
  "generalization_gap": 0.010530095007148299,
  "excess_population_risk": 0.16960336433732426,
  "runtime_seconds": 45.05778583884239,
  "runtime_per_step_seconds": 0.045057785838842394,
  "initial_objective": 1.0319778314056254,
  "final_objective": 1.0258677025857341,
  "best_objective": 1.0258677025857341,
  "objective_reduction": 0.0061101288198912584,
  "initial_train_loss_history": 1.0312696140261803,
  "final_train_loss_history": 1.0239907005228366,
  "best_train_loss_history": 1.0239907005228366,
  "train_loss_reduction": 0.0072789135033437535,
  "weight_norm": 3.7535141517662423,
  "trace_s": 3.753514151766243,
  "top_eigenvalue": 1.072143227771528,
  "min_eigenvalue": 1.1355885734422851e-10,
  "R1": 0.2856371880913311
}