{
  "alpha": null,
  "seed": 42,
  "n_train": 1000,
  "n_population": 5000,
  "train_loss": 1.1918921650461616,
  "population_risk": 1.1978582721249966,
  "bayes_population_risk": 1.0,
  "empirical_bayes_risk": 0.996509730846227,
  "generalization_gap": 0.005966107078835048,
  "excess_population_risk": 0.19785827212499663,
  "runtime_seconds": 26.63342579640448,
  "runtime_per_step_seconds": 0.005326685159280896,
  "initial_objective": 1.1948944627965965,
  "final_objective": 1.1920539022898387,
  "best_objective": 1.1920539022898387,
  "objective_reduction": 0.00284056050675785,
  "initial_train_loss_history": 1.1945684870252788,
  "final_train_loss_history": 1.1918921650461616,
  "best_train_loss_history": 1.1918921203682917,
  "train_loss_reduction": 0.0026763219791172688,
  "weight_norm": 0.6469489740965834,
  "trace_s": 0.6469489740965834,
  "top_eigenvalue": 0.40368312052247135,
  "min_eigenvalue": -4.6636165774256725e-18,
  "R1": 0.6239798449115481,
  "effective_rank": 2.1979635048650836,
  "config_suffix": "cov_identity_mask_random_rho_NA_lambda_1e-05_beta_1_d_25_T_5_lr_0p001_iter_5000_ntrain_1000_seed_42",
  "ridge_lambda": 0.01,
  "ridge_train_loss": 0.9883012769401681,
  "ridge_population_risk": 1.0007399515640578,
  "ridge_generalization_gap": 0.0124386746238897,
  "ridge_excess_population_risk": 0.0007399515640578169,
  "pca_n_components": 62,
  "pca_train_loss": 1.9159915731521875,
  "pca_population_risk": 2.691343281368378,
  "pca_generalization_gap": 0.7753517082161907,
  "pca_excess_population_risk": 1.6913432813683782
}