{
  "alpha": null,
  "seed": 42,
  "n_train": 750,
  "n_population": 5000,
  "train_loss": 1.201922044791402,
  "population_risk": 1.1997156770583477,
  "bayes_population_risk": 1.0,
  "empirical_bayes_risk": 0.99818045935597,
  "generalization_gap": -0.002206367733054382,
  "excess_population_risk": 0.1997156770583477,
  "runtime_seconds": 147.86794390156865,
  "runtime_per_step_seconds": 0.02957358878031373,
  "initial_objective": 1.204444604510835,
  "final_objective": 1.202684691941521,
  "best_objective": 1.202684691941521,
  "objective_reduction": 0.0017599125693139595,
  "initial_train_loss_history": 1.2034329687500593,
  "final_train_loss_history": 1.201922044791402,
  "best_train_loss_history": 1.2019189146191251,
  "train_loss_reduction": 0.001510923958657262,
  "weight_norm": 0.7626471499701438,
  "trace_s": 0.7626471499701442,
  "top_eigenvalue": 0.3586741470890604,
  "min_eigenvalue": -2.0413859822709425e-17,
  "R1": 0.4703015635777327,
  "effective_rank": 2.691055286699998,
  "config_suffix": "cov_identity_mask_random_rho_NA_lambda_1e-05_beta_1_d_100_T_5_lr_0p001_iter_5000_ntrain_750_seed_42"
}