{
  "alpha": 2.0,
  "seed": 0,
  "n_train": 5000,
  "n_population": 5000,
  "train_loss": 1.0753790779561512,
  "population_risk": 1.074237161344898,
  "bayes_population_risk": 0.9353846153846154,
  "empirical_bayes_risk": 0.9307009346544859,
  "weight_norm": 1.9640054953636237,
  "trace_s": 1.964005495363624,
  "top_eigenvalue": 0.4934823280062297,
  "R1": 0.2512632114172697
}