{
  "alpha": 3.0,
  "seed": 0,
  "n_train": 7500,
  "n_population": 5000,
  "train_loss": 0.8465449264520667,
  "population_risk": 0.8408686858987697,
  "bayes_population_risk": 0.66,
  "empirical_bayes_risk": 0.6562527752992612,
  "generalization_gap": -0.005676240553296963,
  "excess_population_risk": 0.1808686858987697,
  "runtime_seconds": 1007.5846559590427,
  "runtime_per_step_seconds": 0.10075846559590428,
  "initial_objective": 0.8655999016206419,
  "final_objective": 0.8469847211117773,
  "best_objective": 0.8469847211117773,
  "objective_reduction": 0.01861518050886468,
  "initial_train_loss_history": 0.8623818144031213,
  "final_train_loss_history": 0.8465449264520667,
  "best_train_loss_history": 0.8465449260062924,
  "train_loss_reduction": 0.015836887951054646,
  "weight_norm": 0.8795892784875641,
  "trace_s": 0.879589278487564,
  "top_eigenvalue": 0.1405307924736099,
  "min_eigenvalue": 1.8469395367966254e-17,
  "R1": 0.15976865101772245
}