{
  "alpha": null,
  "seed": 42,
  "n_train": 20,
  "n_population": 5000,
  "train_loss": 0.09554547703430236,
  "population_risk": 1.5749232592188107,
  "bayes_population_risk": 0.07006953088198194,
  "empirical_bayes_risk": 0.06962394932215575,
  "generalization_gap": 1.4793777821845084,
  "excess_population_risk": 1.5048537283368288,
  "runtime_seconds": 26.64987620525062,
  "runtime_per_step_seconds": 0.005329975241050124,
  "initial_objective": 0.33440116580007206,
  "final_objective": 0.11749617083171994,
  "best_objective": 0.11749617083171994,
  "objective_reduction": 0.21690499496835214,
  "initial_train_loss_history": 0.33230891773791515,
  "final_train_loss_history": 0.09554547703430236,
  "best_train_loss_history": 0.09554547703430236,
  "train_loss_reduction": 0.2367634407036128,
  "weight_norm": 21.950673953265536,
  "trace_s": 21.950673953265543,
  "top_eigenvalue": 15.706117006989732,
  "min_eigenvalue": 1.0292472654846757e-11,
  "R1": 0.7155186688312672,
  "effective_rank": 2.0177346828037592,
  "config_suffix": "cov_matern_mask_random_rho_NA_lambda_1e-05_beta_1_d_100_T_5_lr_0p001_iter_5000_ntrain_20_seed_42"
}