{
  "alpha": null,
  "seed": 42,
  "n_train": 100,
  "n_population": 5000,
  "train_loss": 1.0412094362498112,
  "population_risk": 1.122278091689639,
  "bayes_population_risk": 0.8444937602472408,
  "empirical_bayes_risk": 0.8487843797785357,
  "generalization_gap": 0.08106865543982789,
  "excess_population_risk": 0.27778433144239834,
  "runtime_seconds": 30.09640159457922,
  "runtime_per_step_seconds": 0.003009640159457922,
  "initial_objective": 1.0975230818390846,
  "final_objective": 1.0468237549057928,
  "best_objective": 1.0468198168537648,
  "objective_reduction": 0.05069932693329182,
  "initial_train_loss_history": 1.0948898088967416,
  "final_train_loss_history": 1.0412094362498112,
  "best_train_loss_history": 1.041201854759684,
  "train_loss_reduction": 0.053680372646930374,
  "weight_norm": 11.233168357778798,
  "trace_s": 11.233168357778798,
  "top_eigenvalue": 3.7956571094780105,
  "min_eigenvalue": 4.980051823933782e-17,
  "R1": 0.3378972867302905
}