{
  "alpha": null,
  "seed": 42,
  "n_train": 5000,
  "n_population": 5000,
  "train_loss": 1.1334398195961548,
  "population_risk": 1.1238279398713464,
  "bayes_population_risk": 0.9710902924899966,
  "empirical_bayes_risk": 0.964871605847319,
  "generalization_gap": -0.00961187972480837,
  "excess_population_risk": 0.15273764738134987,
  "runtime_seconds": 235.7550613116473,
  "runtime_per_step_seconds": 0.047151012262329456,
  "initial_objective": 1.1355650928843506,
  "final_objective": 1.1336075035513544,
  "best_objective": 1.1336075035513544,
  "objective_reduction": 0.001957589332996168,
  "initial_train_loss_history": 1.1352363736099524,
  "final_train_loss_history": 1.1334398195961548,
  "best_train_loss_history": 1.1334398195961548,
  "train_loss_reduction": 0.0017965540137976355,
  "weight_norm": 0.6707357577314517,
  "trace_s": 0.6707357577314516,
  "top_eigenvalue": 0.3371439584907528,
  "min_eigenvalue": 5.8651991555681876e-18,
  "R1": 0.5026479572686476,
  "effective_rank": 2.943806984634171,
  "config_suffix": "cov_exponential_mask_random_rho_NA_lambda_1e-05_beta_1_d_25_T_5_lr_0p001_iter_5000_ntrain_5000_seed_42"
}