{
  "alpha": null,
  "seed": 42,
  "n_train": 50,
  "n_population": 5000,
  "train_loss": 0.8956096233109048,
  "population_risk": 1.1940035316833795,
  "bayes_population_risk": 0.7166519216006867,
  "empirical_bayes_risk": 0.7186213433483668,
  "generalization_gap": 0.2983939083724747,
  "excess_population_risk": 0.4773516100826928,
  "runtime_seconds": 25.22421901114285,
  "runtime_per_step_seconds": 0.00504484380222857,
  "initial_objective": 0.9970663198042131,
  "final_objective": 0.9041229268595876,
  "best_objective": 0.9041229268595876,
  "objective_reduction": 0.0929433929446255,
  "initial_train_loss_history": 0.9963734280438638,
  "final_train_loss_history": 0.8956096233109048,
  "best_train_loss_history": 0.8956096233109048,
  "train_loss_reduction": 0.10076380473295898,
  "weight_norm": 17.026436831321544,
  "trace_s": 17.026436831321544,
  "top_eigenvalue": 6.599593851039923,
  "min_eigenvalue": 4.103913297558859e-11,
  "R1": 0.38760862982790506,
  "effective_rank": 3.598302756013736,
  "config_suffix": "cov_matern_mask_random_rho_NA_lambda_1e-05_beta_1_d_50_T_10_lr_0p001_iter_5000_ntrain_50_seed_42",
  "ridge_lambda": 0.01,
  "ridge_train_loss": 0.6016155125698459,
  "ridge_population_risk": 0.8710902855121383,
  "ridge_generalization_gap": 0.2694747729422924,
  "ridge_excess_population_risk": 0.1544383639114516,
  "pca_n_components": 75,
  "pca_train_loss": 1.4949306654431296e-16,
  "pca_population_risk": 1.105305968306587,
  "pca_generalization_gap": 1.1053059683065867,
  "pca_excess_population_risk": 0.3886540467059002
}