{
  "alpha": null,
  "seed": 42,
  "n_train": 125,
  "n_population": 5000,
  "train_loss": 0.6455407149528632,
  "population_risk": 0.7856201683914033,
  "bayes_population_risk": 0.10837348066298334,
  "empirical_bayes_risk": 0.10814135828835479,
  "generalization_gap": 0.14007945343854,
  "excess_population_risk": 0.6772466877284199,
  "runtime_seconds": 72.60477390699089,
  "runtime_per_step_seconds": 0.014520954781398178,
  "initial_objective": 0.7068243905054282,
  "final_objective": 0.6494748225526422,
  "best_objective": 0.6494748225526422,
  "objective_reduction": 0.05734956795278601,
  "initial_train_loss_history": 0.7061835994807576,
  "final_train_loss_history": 0.6455407149528632,
  "best_train_loss_history": 0.6455407149528632,
  "train_loss_reduction": 0.06064288452789435,
  "weight_norm": 7.868196269300215,
  "trace_s": 7.868196269300216,
  "top_eigenvalue": 4.6037672321709415,
  "min_eigenvalue": 4.198065043276398e-14,
  "R1": 0.5851108786055221,
  "effective_rank": 2.7395871718512748,
  "config_suffix": "cov_toeplitz_mask_random_rho_0p9_lambda_1e-05_beta_1_d_50_T_50_lr_0p001_iter_5000_ntrain_125_seed_42",
  "ridge_lambda": 0.01,
  "ridge_train_loss": 0.06445293887715323,
  "ridge_population_risk": 0.17812695212716462,
  "ridge_generalization_gap": 0.11367401325001139,
  "ridge_excess_population_risk": 0.06975347146418127,
  "pca_n_components": 75,
  "pca_train_loss": 0.17646402202381012,
  "pca_population_risk": 0.7838294527898965,
  "pca_generalization_gap": 0.6073654307660863,
  "pca_excess_population_risk": 0.6754559721269131
}