{
  "alpha": null,
  "seed": 42,
  "n_train": 5000,
  "n_population": 5000,
  "train_loss": 0.8830280879258072,
  "population_risk": 0.88537683697704,
  "bayes_population_risk": 0.4371730888154475,
  "empirical_bayes_risk": 0.43618107177946586,
  "generalization_gap": 0.0023487490512327236,
  "excess_population_risk": 0.4482037481615925,
  "runtime_seconds": 860.818510892801,
  "runtime_per_step_seconds": 0.1721637021785602,
  "initial_objective": 0.8858427910224481,
  "final_objective": 0.8840185979574845,
  "best_objective": 0.8840185978160898,
  "objective_reduction": 0.0018241930649636195,
  "initial_train_loss_history": 0.885235870112557,
  "final_train_loss_history": 0.8830280879258072,
  "best_train_loss_history": 0.8830275790416053,
  "train_loss_reduction": 0.0022077821867497738,
  "weight_norm": 1.9810204374984781,
  "trace_s": 1.9810204374984781,
  "top_eigenvalue": 0.9050372457773637,
  "min_eigenvalue": 8.71681502278227e-15,
  "R1": 0.4568540680580733,
  "effective_rank": 3.9931370826491643,
  "config_suffix": "cov_toeplitz_bump_mask_random_rho_0p5_lambda_1e-05_beta_1_d_50_T_10_lr_0p001_iter_5000_ntrain_5000_seed_42"
}