{
  "alpha": null,
  "seed": 42,
  "n_train": 1000,
  "n_population": 5000,
  "train_loss": 0.3392352354586029,
  "population_risk": 0.33751196233494674,
  "bayes_population_risk": 0.12197790055248611,
  "empirical_bayes_risk": 0.1221781122068308,
  "generalization_gap": -0.001723273123656166,
  "excess_population_risk": 0.21553406178246062,
  "runtime_seconds": 46.267972683534026,
  "runtime_per_step_seconds": 0.009253594536706804,
  "initial_objective": 0.354761059730548,
  "final_objective": 0.3439265271625409,
  "best_objective": 0.3439265271625409,
  "objective_reduction": 0.010834532568007094,
  "initial_train_loss_history": 0.354031904298707,
  "final_train_loss_history": 0.3392352354586029,
  "best_train_loss_history": 0.3392352354586029,
  "train_loss_reduction": 0.01479666884010411,
  "weight_norm": 9.38258265767705,
  "trace_s": 9.382582657677048,
  "top_eigenvalue": 2.6629806998503094,
  "min_eigenvalue": 5.983909004286755e-15,
  "R1": 0.28382171487414465,
  "effective_rank": 8.495328685897295,
  "config_suffix": "cov_toeplitz_mask_random_rho_0p9_lambda_1e-05_beta_1_d_50_T_10_lr_0p001_iter_5000_ntrain_1000_seed_42",
  "ridge_lambda": 0.01,
  "ridge_train_loss": 0.12350896927140866,
  "ridge_population_risk": 0.12320173589499496,
  "ridge_generalization_gap": -0.00030723337641369586,
  "ridge_excess_population_risk": 0.0012238353425088472,
  "pca_n_components": 75,
  "pca_train_loss": 0.23221438793121982,
  "pca_population_risk": 0.2819118726829991,
  "pca_generalization_gap": 0.04969748475177929,
  "pca_excess_population_risk": 0.159933972130513
}