{
  "alpha": null,
  "seed": 42,
  "n_train": 2000,
  "n_population": 5000,
  "train_loss": 0.3335419803949402,
  "population_risk": 0.34034784717559324,
  "bayes_population_risk": 0.13898342541436456,
  "empirical_bayes_risk": 0.1901941190016802,
  "generalization_gap": 0.006805866780653036,
  "excess_population_risk": 0.20136442176122868,
  "runtime_seconds": 882.6849724818021,
  "runtime_per_step_seconds": 0.08826849724818021,
  "initial_objective": 0.36782168756255523,
  "final_objective": 0.34844109974689547,
  "best_objective": 0.34844105800590003,
  "objective_reduction": 0.019380587815659767,
  "initial_train_loss_history": 0.36436102286386335,
  "final_train_loss_history": 0.3335419803949402,
  "best_train_loss_history": 0.33352106341535886,
  "train_loss_reduction": 0.03081904246892314,
  "weight_norm": 7.449560257050158,
  "trace_s": 7.449560257050159,
  "top_eigenvalue": 0.7989709473981103,
  "min_eigenvalue": -3.631796600600269e-17,
  "R1": 0.10725075304169472
}