{
  "alpha": null,
  "seed": 42,
  "n_train": 80,
  "n_population": 5000,
  "train_loss": 0.6084160856111244,
  "population_risk": 1.22915410033265,
  "bayes_population_risk": 0.48757509716865854,
  "empirical_bayes_risk": 0.4896986606673724,
  "generalization_gap": 0.6207380147215257,
  "excess_population_risk": 0.7415790031639915,
  "runtime_seconds": 48.64353440888226,
  "runtime_per_step_seconds": 0.009728706881776452,
  "initial_objective": 0.7836909938173692,
  "final_objective": 0.6500125965623799,
  "best_objective": 0.6500125965623799,
  "objective_reduction": 0.1336783972549893,
  "initial_train_loss_history": 0.7819688211340073,
  "final_train_loss_history": 0.6084160856111244,
  "best_train_loss_history": 0.6084160856111244,
  "train_loss_reduction": 0.17355273552288297,
  "weight_norm": 41.596490043274464,
  "trace_s": 41.59649004327447,
  "top_eigenvalue": 24.408725915474456,
  "min_eigenvalue": 2.2832561622772824e-13,
  "R1": 0.586797729569997,
  "effective_rank": 3.751574097820584,
  "config_suffix": "cov_toeplitz_bump_mask_random_rho_0p5_lambda_1e-05_beta_1_d_100_T_5_lr_0p001_iter_5000_ntrain_80_seed_42"
}