{
  "alpha": null,
  "seed": 42,
  "n_train": 300,
  "n_population": 5000,
  "train_loss": 0.8003926817112974,
  "population_risk": 0.8138182256092886,
  "bayes_population_risk": 0.48757509716865854,
  "empirical_bayes_risk": 0.4855513395567944,
  "generalization_gap": 0.013425543897991221,
  "excess_population_risk": 0.3262431284406301,
  "runtime_seconds": 24.047348827123642,
  "runtime_per_step_seconds": 0.004809469765424728,
  "initial_objective": 0.8355120284627907,
  "final_objective": 0.8024669587110039,
  "best_objective": 0.8024669587110039,
  "objective_reduction": 0.03304506975178678,
  "initial_train_loss_history": 0.834879956527353,
  "final_train_loss_history": 0.8003926817112974,
  "best_train_loss_history": 0.8003926817112974,
  "train_loss_reduction": 0.034487274816055624,
  "weight_norm": 8.297098729615554,
  "trace_s": 8.297098729615554,
  "top_eigenvalue": 2.874233253727616,
  "min_eigenvalue": 4.703925843585402e-12,
  "R1": 0.34641425242637713,
  "effective_rank": 5.0873384248147735,
  "config_suffix": "cov_toeplitz_bump_mask_random_rho_0p5_lambda_1e-05_beta_1_d_25_T_5_lr_0p001_iter_5000_ntrain_300_seed_42"
}