{
  "alpha": null,
  "seed": 42,
  "n_train": 2000,
  "n_population": 5000,
  "train_loss": 1.0181298411526936,
  "population_risk": 1.020779428236599,
  "bayes_population_risk": 0.8111236094129751,
  "empirical_bayes_risk": 0.8128442120165923,
  "generalization_gap": 0.0026495870839053914,
  "excess_population_risk": 0.20965581882362383,
  "runtime_seconds": 88.56113244965672,
  "runtime_per_step_seconds": 0.08856113244965673,
  "initial_objective": 1.0194524204127464,
  "final_objective": 1.018320822360508,
  "best_objective": 1.018320822360508,
  "objective_reduction": 0.0011315980522383917,
  "initial_train_loss_history": 1.0189222849179789,
  "final_train_loss_history": 1.0181298411526936,
  "best_train_loss_history": 1.0181298411526936,
  "train_loss_reduction": 0.0007924437652853111,
  "weight_norm": 0.38195985855871506,
  "trace_s": 0.38195985855871495,
  "top_eigenvalue": 0.38166464215764134,
  "min_eigenvalue": 1.843624764107389e-12,
  "R1": 0.9992271009781294
}