{
  "alpha": null,
  "seed": 42,
  "n_train": 10,
  "n_population": 5000,
  "train_loss": 0.11038349076589778,
  "population_risk": 0.9241964347274281,
  "bayes_population_risk": 0.09356768304525143,
  "empirical_bayes_risk": 0.09355249360334536,
  "generalization_gap": 0.8138129439615303,
  "excess_population_risk": 0.8306287516821766,
  "runtime_seconds": 21.261535558849573,
  "runtime_per_step_seconds": 0.004252307111769915,
  "initial_objective": 0.26204502496280263,
  "final_objective": 0.12146139962327163,
  "best_objective": 0.12146139962327163,
  "objective_reduction": 0.140583625339531,
  "initial_train_loss_history": 0.2610029737244658,
  "final_train_loss_history": 0.11038349076589778,
  "best_train_loss_history": 0.11038349076589778,
  "train_loss_reduction": 0.15061948295856803,
  "weight_norm": 44.30982534323155,
  "trace_s": 44.30982534323156,
  "top_eigenvalue": 34.55549585707344,
  "min_eigenvalue": 3.7221579536111696e-07,
  "R1": 0.7798608003845783,
  "effective_rank": 2.278877746758882,
  "config_suffix": "cov_circulant_ar1_mask_random_rho_0p9_lambda_1e-05_beta_1_d_25_T_5_lr_0p001_iter_5000_ntrain_10_seed_42"
}