{
  "alpha": null,
  "seed": 42,
  "n_train": 2500,
  "n_population": 5000,
  "train_loss": 0.4919578397194155,
  "population_risk": 0.4991912693443322,
  "bayes_population_risk": 0.1134751381215469,
  "empirical_bayes_risk": 0.11318046388175376,
  "generalization_gap": 0.007233429624916743,
  "excess_population_risk": 0.3857161312227853,
  "runtime_seconds": 387.15703654289246,
  "runtime_per_step_seconds": 0.07743140730857849,
  "initial_objective": 0.49906532311781954,
  "final_objective": 0.4946476771984965,
  "best_objective": 0.4946476617680163,
  "objective_reduction": 0.004417645919323032,
  "initial_train_loss_history": 0.4979812029673735,
  "final_train_loss_history": 0.4919578397194155,
  "best_train_loss_history": 0.4919577681518504,
  "train_loss_reduction": 0.006023363247958047,
  "weight_norm": 2.6899930456119523,
  "trace_s": 2.6899930456119527,
  "top_eigenvalue": 2.6899930289735785,
  "min_eigenvalue": 2.810362786912404e-18,
  "R1": 0.9999999938147149,
  "effective_rank": 1.0000001385089734,
  "config_suffix": "cov_toeplitz_mask_random_rho_0p9_lambda_1e-05_beta_1_d_100_T_20_lr_0p001_iter_5000_ntrain_2500_seed_42"
}