{
  "alpha": 1.0,
  "seed": 0,
  "n_train": 2500,
  "n_population": 5000,
  "train_loss": 1.079595629677009,
  "population_risk": 1.0770592210987842,
  "bayes_population_risk": 0.9353846153846154,
  "empirical_bayes_risk": 0.9347917715924361,
  "weight_norm": 2.4920389303885004,
  "trace_s": 2.4920389303885,
  "top_eigenvalue": 0.4688006099563498,
  "R1": 0.18811929630780908
}