{
  "alpha": null,
  "seed": 42,
  "n_train": 175,
  "n_population": 5000,
  "train_loss": 0.12258948022764712,
  "population_risk": 0.17790100930891603,
  "bayes_population_risk": 0.010443997575880022,
  "empirical_bayes_risk": 0.010474644871392198,
  "generalization_gap": 0.055311529081268906,
  "excess_population_risk": 0.167457011733036,
  "runtime_seconds": 119.28438162524253,
  "runtime_per_step_seconds": 0.023856876325048505,
  "initial_objective": 0.15559815904022936,
  "final_objective": 0.1386194926536908,
  "best_objective": 0.13861948877137054,
  "objective_reduction": 0.016978666386538555,
  "initial_train_loss_history": 0.15454504676892827,
  "final_train_loss_history": 0.12258948022764712,
  "best_train_loss_history": 0.12258812892651422,
  "train_loss_reduction": 0.03195556654128115,
  "weight_norm": 16.030009530453768,
  "trace_s": 16.030009530453764,
  "top_eigenvalue": 12.20284625714659,
  "min_eigenvalue": 6.774684107579522e-17,
  "R1": 0.7612500937047894,
  "effective_rank": 2.4786442281776435,
  "config_suffix": "cov_toeplitz_mask_random_rho_0p99_lambda_1e-05_beta_1_d_100_T_50_lr_0p001_iter_5000_ntrain_175_seed_42",
  "ridge_lambda": 0.01,
  "ridge_train_loss": 0.007505943970139171,
  "ridge_population_risk": 0.014528580234910916,
  "ridge_generalization_gap": 0.007022636264771745,
  "ridge_excess_population_risk": 0.004084582659030894,
  "pca_n_components": 75,
  "pca_train_loss": 0.12508429970305635,
  "pca_population_risk": 0.4337017746546056,
  "pca_generalization_gap": 0.30861747495154923,
  "pca_excess_population_risk": 0.42325777707872553
}