{
  "alpha": 5.0,
  "seed": 0,
  "n_train": 12500,
  "n_population": 5000,
  "train_loss": 0.3997988130266437,
  "population_risk": 0.40138274159993664,
  "bayes_population_risk": 0.28975609756097553,
  "empirical_bayes_risk": 0.28986039349982146,
  "weight_norm": 10.111962223353595,
  "trace_s": 10.111962223353595,
  "top_eigenvalue": 0.874007508864542,
  "R1": 0.08643302749351851
}