{
  "alpha": null,
  "seed": 42,
  "n_train": 60,
  "n_population": 5000,
  "train_loss": 0.9130996754582402,
  "population_risk": 1.058701761993348,
  "bayes_population_risk": 0.8028223802788139,
  "empirical_bayes_risk": 0.8022255107343195,
  "generalization_gap": 0.14560208653510787,
  "excess_population_risk": 0.25587938171453417,
  "runtime_seconds": 21.732483448460698,
  "runtime_per_step_seconds": 0.004346496689692139,
  "initial_objective": 0.997158764781618,
  "final_objective": 0.9211793943421984,
  "best_objective": 0.9211793943421984,
  "objective_reduction": 0.0759793704394196,
  "initial_train_loss_history": 0.9962559725794004,
  "final_train_loss_history": 0.9130996754582402,
  "best_train_loss_history": 0.9130996754582402,
  "train_loss_reduction": 0.08315629712116013,
  "weight_norm": 16.159385114010874,
  "trace_s": 16.159385114010874,
  "top_eigenvalue": 6.0574330449803,
  "min_eigenvalue": 9.19144733197986e-12,
  "R1": 0.3748554169755041,
  "effective_rank": 5.316582869766752,
  "config_suffix": "cov_exponential_mask_random_rho_NA_lambda_1e-05_beta_1_d_50_T_5_lr_0p001_iter_5000_ntrain_60_seed_42",
  "ridge_lambda": 0.01,
  "ridge_train_loss": 0.7585349585503585,
  "ridge_population_risk": 0.8614217340476557,
  "ridge_generalization_gap": 0.10288677549729719,
  "ridge_excess_population_risk": 0.05859935376884173,
  "pca_n_components": 75,
  "pca_train_loss": 3.1968524400022647e-16,
  "pca_population_risk": 1.3240943564290855,
  "pca_generalization_gap": 1.3240943564290852,
  "pca_excess_population_risk": 0.5212719761502715
}