{
  "alpha": null,
  "seed": 42,
  "n_train": 1250,
  "n_population": 5000,
  "train_loss": 0.5429781510036327,
  "population_risk": 0.5505415810914198,
  "bayes_population_risk": 0.1214410313285021,
  "empirical_bayes_risk": 0.12219959369653031,
  "generalization_gap": 0.0075634300877871485,
  "excess_population_risk": 0.4291005497629177,
  "runtime_seconds": 57.21927750483155,
  "runtime_per_step_seconds": 0.011443855500966311,
  "initial_objective": 0.5796503750774327,
  "final_objective": 0.5452630628464161,
  "best_objective": 0.5452630628464161,
  "objective_reduction": 0.03438731223101654,
  "initial_train_loss_history": 0.5789385613271083,
  "final_train_loss_history": 0.5429781510036327,
  "best_train_loss_history": 0.5429781510036327,
  "train_loss_reduction": 0.03596041032347563,
  "weight_norm": 9.139611259583775,
  "trace_s": 9.139611259583775,
  "top_eigenvalue": 2.121655100039845,
  "min_eigenvalue": 3.756184134514745e-12,
  "R1": 0.23213844000367984,
  "effective_rank": 7.210506785018017,
  "config_suffix": "cov_toeplitz_bump_mask_random_rho_0p7_lambda_1e-05_beta_1_d_25_T_5_lr_0p001_iter_5000_ntrain_1250_seed_42"
}