{
  "alpha": null,
  "seed": 42,
  "n_train": 10,
  "n_population": 5000,
  "train_loss": 0.9515577761534926,
  "population_risk": 1.473011478937874,
  "bayes_population_risk": 0.8444937602472408,
  "empirical_bayes_risk": 0.8987736590130738,
  "generalization_gap": 0.5214537027843815,
  "excess_population_risk": 0.6285177186906333,
  "runtime_seconds": 37.368097115308046,
  "runtime_per_step_seconds": 0.0037368097115308046,
  "initial_objective": 1.131254641199416,
  "final_objective": 0.958077417328677,
  "best_objective": 0.9580763938676967,
  "objective_reduction": 0.17317722387073897,
  "initial_train_loss_history": 1.1264062777150379,
  "final_train_loss_history": 0.9515577761534926,
  "best_train_loss_history": 0.9515532342919414,
  "train_loss_reduction": 0.1748485015615453,
  "weight_norm": 13.039093468709005,
  "trace_s": 13.039093468709007,
  "top_eigenvalue": 9.808091921408106,
  "min_eigenvalue": -2.3460539412455527e-16,
  "R1": 0.7522065813045512
}