{
  "alpha": null,
  "seed": 42,
  "n_train": 150,
  "n_population": 5000,
  "train_loss": 1.0162904026842885,
  "population_risk": 1.035477180231254,
  "bayes_population_risk": 0.9267692307692309,
  "empirical_bayes_risk": 0.9279531666051949,
  "generalization_gap": 0.019186777546965406,
  "excess_population_risk": 0.108707949462023,
  "runtime_seconds": 26.254077373072505,
  "runtime_per_step_seconds": 0.005250815474614501,
  "initial_objective": 1.02795756161946,
  "final_objective": 1.017851707660265,
  "best_objective": 1.017851707660265,
  "objective_reduction": 0.010105853959195166,
  "initial_train_loss_history": 1.0273641943067715,
  "final_train_loss_history": 1.0162904026842885,
  "best_train_loss_history": 1.0162904026842885,
  "train_loss_reduction": 0.011073791622483009,
  "weight_norm": 3.122609778425678,
  "trace_s": 3.1226097784256766,
  "top_eigenvalue": 2.717844565214775,
  "min_eigenvalue": 9.682056809514056e-17,
  "R1": 0.8703759861358749,
  "effective_rank": 1.4729349901130828,
  "config_suffix": "cov_toeplitz_mask_random_rho_0p2_lambda_1e-05_beta_1_d_50_T_20_lr_0p001_iter_5000_ntrain_150_seed_42",
  "ridge_lambda": 0.01,
  "ridge_train_loss": 0.811299177212944,
  "ridge_population_risk": 1.0644790619130753,
  "ridge_generalization_gap": 0.2531798847001313,
  "ridge_excess_population_risk": 0.13770983114384439,
  "pca_n_components": 75,
  "pca_train_loss": 0.38588832620609614,
  "pca_population_risk": 1.0844382616983375,
  "pca_generalization_gap": 0.6985499354922413,
  "pca_excess_population_risk": 0.15766903092910656
}