{
  "alpha": null,
  "seed": 42,
  "n_train": 250,
  "n_population": 5000,
  "train_loss": 0.3187353087876428,
  "population_risk": 0.33648288682407357,
  "bayes_population_risk": 0.13898342541436456,
  "empirical_bayes_risk": 0.19014761827543483,
  "generalization_gap": 0.01774757803643079,
  "excess_population_risk": 0.197499461409709,
  "runtime_seconds": 16.554612463340163,
  "runtime_per_step_seconds": 0.016554612463340165,
  "initial_objective": 0.36776038766683095,
  "final_objective": 0.3251285832143904,
  "best_objective": 0.3251285832143904,
  "objective_reduction": 0.042631804452440525,
  "initial_train_loss_history": 0.36651287851466496,
  "final_train_loss_history": 0.3187353087876428,
  "best_train_loss_history": 0.3187353087876428,
  "train_loss_reduction": 0.047777569727022184,
  "weight_norm": 12.755237559981994,
  "trace_s": 12.75523755998199,
  "top_eigenvalue": 2.7123887499345063,
  "min_eigenvalue": 1.4245466894113253e-08,
  "R1": 0.2126490186622864
}