{
  "alpha": null,
  "seed": 42,
  "n_train": 1000,
  "n_population": 5000,
  "train_loss": 0.9005934857582428,
  "population_risk": 0.9108034672956544,
  "bayes_population_risk": 0.6299999999999999,
  "empirical_bayes_risk": 0.6285502492910626,
  "generalization_gap": 0.010209981537411594,
  "excess_population_risk": 0.28080346729565453,
  "runtime_seconds": 46.846090691164136,
  "runtime_per_step_seconds": 0.04684609069116413,
  "initial_objective": 0.9081424273183666,
  "final_objective": 0.90311951512896,
  "best_objective": 0.90311951512896,
  "objective_reduction": 0.0050229121894065365,
  "initial_train_loss_history": 0.9070391230202948,
  "final_train_loss_history": 0.9005934857582428,
  "best_train_loss_history": 0.9005934857582428,
  "train_loss_reduction": 0.00644563726205194,
  "weight_norm": 2.5260049396627404,
  "trace_s": 2.526004939662741,
  "top_eigenvalue": 2.3891074001777444,
  "min_eigenvalue": 2.7099399004733295e-12,
  "R1": 0.94580472217791
}