{
  "alpha": null,
  "seed": 42,
  "n_train": 5000,
  "n_population": 5000,
  "train_loss": 1.0029596905540548,
  "population_risk": 1.0062383451228838,
  "bayes_population_risk": 0.8423761467889908,
  "empirical_bayes_risk": 0.8421399658499454,
  "generalization_gap": 0.0032786545688290314,
  "excess_population_risk": 0.16386219833389304,
  "runtime_seconds": 436.8184883631766,
  "runtime_per_step_seconds": 0.4368184883631766,
  "initial_objective": 1.0041183239473928,
  "final_objective": 1.0030206314871997,
  "best_objective": 1.0030206314871997,
  "objective_reduction": 0.0010976924601930893,
  "initial_train_loss_history": 1.0030971533191566,
  "final_train_loss_history": 1.0029596905540548,
  "best_train_loss_history": 1.0029596905540548,
  "train_loss_reduction": 0.00013746276510184785,
  "weight_norm": 0.060940931127481515,
  "trace_s": 0.060940931127481515,
  "top_eigenvalue": 0.0609408192922287,
  "min_eigenvalue": 8.828280844347798e-21,
  "R1": 0.9999981648581542
}