{
  "alpha": null,
  "seed": 42,
  "n_train": 300,
  "n_population": 5000,
  "train_loss": 0.5468468860825157,
  "population_risk": 0.6025987245491098,
  "bayes_population_risk": 0.3599999999999999,
  "empirical_bayes_risk": 0.3601926563863567,
  "generalization_gap": 0.05575183846659404,
  "excess_population_risk": 0.2425987245491099,
  "runtime_seconds": 40.29074204340577,
  "runtime_per_step_seconds": 0.004029074204340577,
  "initial_objective": 0.5959383313088567,
  "final_objective": 0.5557099124417774,
  "best_objective": 0.5557099124417774,
  "objective_reduction": 0.040228418867079285,
  "initial_train_loss_history": 0.5949423353465885,
  "final_train_loss_history": 0.5468468860825157,
  "best_train_loss_history": 0.5468468421132288,
  "train_loss_reduction": 0.04809544926407272,
  "weight_norm": 17.726052712093523,
  "trace_s": 17.726052712093523,
  "top_eigenvalue": 7.049671042594989,
  "min_eigenvalue": -1.7247433406838407e-16,
  "R1": 0.39770112145640746,
  "config_suffix": "cov_toeplitz_mask_last_rho_0p8_lambda_1e-05_beta_1_d_50_T_5_lr_0p001_iter_10000_ntrain_300_seed_42"
}