{
  "alpha": null,
  "seed": 42,
  "n_train": 300,
  "n_population": 5000,
  "train_loss": 0.9970251653399832,
  "population_risk": 1.0013347011095461,
  "bayes_population_risk": 0.7166519216006867,
  "empirical_bayes_risk": 0.7165711787081736,
  "generalization_gap": 0.004309535769562944,
  "excess_population_risk": 0.28468277950885945,
  "runtime_seconds": 70.0192373842001,
  "runtime_per_step_seconds": 0.014003847476840019,
  "initial_objective": 1.0110585304513429,
  "final_objective": 0.9995596428934919,
  "best_objective": 0.9995596428934919,
  "objective_reduction": 0.011498887557851,
  "initial_train_loss_history": 1.0104637657628237,
  "final_train_loss_history": 0.9970251653399832,
  "best_train_loss_history": 0.9970251653399832,
  "train_loss_reduction": 0.013438600422840508,
  "weight_norm": 5.068954326673925,
  "trace_s": 5.068954326673925,
  "top_eigenvalue": 2.413752454971923,
  "min_eigenvalue": 3.902830184488326e-14,
  "R1": 0.4761835083560015,
  "effective_rank": 2.8587162148145704,
  "config_suffix": "cov_matern_mask_random_rho_NA_lambda_1e-05_beta_1_d_50_T_10_lr_0p001_iter_5000_ntrain_300_seed_42"
}