{
  "alpha": null,
  "seed": 42,
  "n_train": 20,
  "n_population": 5000,
  "train_loss": 0.9660652937441613,
  "population_risk": 1.3705758297084047,
  "bayes_population_risk": 0.9267692307692309,
  "empirical_bayes_risk": 0.9291093739721163,
  "generalization_gap": 0.40451053596424347,
  "excess_population_risk": 0.44380659893917385,
  "runtime_seconds": 26.652492137625813,
  "runtime_per_step_seconds": 0.005330498427525162,
  "initial_objective": 1.0471049979582079,
  "final_objective": 0.9750499725523527,
  "best_objective": 0.9750499725523527,
  "objective_reduction": 0.07205502540585518,
  "initial_train_loss_history": 1.0465171258526218,
  "final_train_loss_history": 0.9660652937441613,
  "best_train_loss_history": 0.9660652937441613,
  "train_loss_reduction": 0.08045183210846052,
  "weight_norm": 17.969280460532612,
  "trace_s": 17.969280460532616,
  "top_eigenvalue": 15.184745789504003,
  "min_eigenvalue": 3.333496251552724e-12,
  "R1": 0.8450391668634418,
  "effective_rank": 1.7577789166212143,
  "config_suffix": "cov_toeplitz_mask_random_rho_0p2_lambda_1e-05_beta_1_d_50_T_20_lr_0p001_iter_5000_ntrain_20_seed_42",
  "ridge_lambda": 0.01,
  "ridge_train_loss": 0.053488915451963284,
  "ridge_population_risk": 19.11406976517457,
  "ridge_generalization_gap": 19.060580849722605,
  "ridge_excess_population_risk": 18.18730053440534,
  "pca_n_components": 75,
  "pca_train_loss": 1.151051737170483e-16,
  "pca_population_risk": 1.0724158356889468,
  "pca_generalization_gap": 1.0724158356889466,
  "pca_excess_population_risk": 0.14564660491971593
}