{
  "alpha": null,
  "seed": 42,
  "n_train": 50,
  "n_population": 5000,
  "train_loss": 0.042445928916817824,
  "population_risk": 0.7083376422387052,
  "bayes_population_risk": 0.011034997727387535,
  "empirical_bayes_risk": 0.010966556867777462,
  "generalization_gap": 0.6658917133218873,
  "excess_population_risk": 0.6973026445113176,
  "runtime_seconds": 36.15242871828377,
  "runtime_per_step_seconds": 0.007230485743656754,
  "initial_objective": 0.07422658203993128,
  "final_objective": 0.056617388290241884,
  "best_objective": 0.056617388290241884,
  "objective_reduction": 0.017609193749689396,
  "initial_train_loss_history": 0.07367167052072106,
  "final_train_loss_history": 0.042445928916817824,
  "best_train_loss_history": 0.042445928916817824,
  "train_loss_reduction": 0.031225741603903234,
  "weight_norm": 28.34291706307371,
  "trace_s": 28.342917063073713,
  "top_eigenvalue": 15.123694988345672,
  "min_eigenvalue": 1.6542810423799224e-14,
  "R1": 0.5335969813795006,
  "effective_rank": 3.269614102837313,
  "config_suffix": "cov_toeplitz_mask_random_rho_0p99_lambda_1e-05_beta_1_d_50_T_20_lr_0p001_iter_5000_ntrain_50_seed_42"
}