{
  "alpha": null,
  "seed": 42,
  "n_train": 1750,
  "n_population": 5000,
  "train_loss": 0.5265143723626873,
  "population_risk": 0.5426064760208689,
  "bayes_population_risk": 0.05101341981519296,
  "empirical_bayes_risk": 0.05073638313091166,
  "generalization_gap": 0.01609210365818159,
  "excess_population_risk": 0.4915930562056759,
  "runtime_seconds": 275.36366992257535,
  "runtime_per_step_seconds": 0.05507273398451507,
  "initial_objective": 0.5410138244420462,
  "final_objective": 0.5303795514942699,
  "best_objective": 0.5303795514942699,
  "objective_reduction": 0.010634272947776302,
  "initial_train_loss_history": 0.5403282630239625,
  "final_train_loss_history": 0.5265143723626873,
  "best_train_loss_history": 0.5265143577164807,
  "train_loss_reduction": 0.013813890661275252,
  "weight_norm": 7.730357463783722,
  "trace_s": 7.730357463783723,
  "top_eigenvalue": 2.532454943496738,
  "min_eigenvalue": 1.3273570665848613e-16,
  "R1": 0.32759868548914367,
  "effective_rank": 6.573002911678694,
  "config_suffix": "cov_matern_mask_random_rho_NA_lambda_1e-05_beta_1_d_50_T_10_lr_0p001_iter_5000_ntrain_1750_seed_42"
}