{
  "alpha": 3.0,
  "seed": 0,
  "n_train": 7500,
  "n_population": 5000,
  "train_loss": 0.8584946716774653,
  "population_risk": 0.8503597306880182,
  "bayes_population_risk": 0.66,
  "empirical_bayes_risk": 0.6562527752992612,
  "generalization_gap": -0.008134940989447115,
  "excess_population_risk": 0.19035973068801815,
  "runtime_seconds": 101.5999670830206,
  "runtime_per_step_seconds": 0.1015999670830206,
  "initial_objective": 0.9155577486690485,
  "final_objective": 0.858494859590057,
  "best_objective": 0.858493284830265,
  "objective_reduction": 0.057062889078991486,
  "initial_train_loss_history": 0.8520538565297239,
  "final_train_loss_history": 0.8584946716774653,
  "best_train_loss_history": 0.8497292208401717,
  "train_loss_reduction": -0.006440815147741419,
  "weight_norm": 8.131768066760501e-07,
  "trace_s": 8.131768066760502e-07,
  "top_eigenvalue": 8.126803337106989e-07,
  "min_eigenvalue": -1.6616708883887001e-22,
  "R1": 0.9993894649216809
}