{
  "alpha": null,
  "seed": 42,
  "n_train": 5000,
  "n_population": 5000,
  "train_loss": 0.9705245987016821,
  "population_risk": 0.9777073297160456,
  "bayes_population_risk": 0.8028223802788139,
  "empirical_bayes_risk": 0.8065336190700183,
  "generalization_gap": 0.007182731014363508,
  "excess_population_risk": 0.17488494943723165,
  "runtime_seconds": 121.28433624282479,
  "runtime_per_step_seconds": 0.024256867248564958,
  "initial_objective": 0.9782596322947451,
  "final_objective": 0.9721262048715836,
  "best_objective": 0.9721262048715836,
  "objective_reduction": 0.006133427423161475,
  "initial_train_loss_history": 0.977429314227153,
  "final_train_loss_history": 0.9705245987016821,
  "best_train_loss_history": 0.9705245956973914,
  "train_loss_reduction": 0.006904715525470895,
  "weight_norm": 3.2032120246244187,
  "trace_s": 3.2032120246244187,
  "top_eigenvalue": 0.6516625300101649,
  "min_eigenvalue": 2.19589379933369e-14,
  "R1": 0.2034403358255915,
  "effective_rank": 8.856072887354776,
  "config_suffix": "cov_exponential_mask_random_rho_NA_lambda_1e-05_beta_1_d_50_T_5_lr_0p001_iter_5000_ntrain_5000_seed_42",
  "ridge_lambda": 0.01,
  "ridge_train_loss": 0.8024136614103249,
  "ridge_population_risk": 0.8073144751671582,
  "ridge_generalization_gap": 0.004900813756833267,
  "ridge_excess_population_risk": 0.0044920948883442335,
  "pca_n_components": 75,
  "pca_train_loss": 0.9876092714070912,
  "pca_population_risk": 1.0590157297861866,
  "pca_generalization_gap": 0.07140645837909543,
  "pca_excess_population_risk": 0.2561933495073727
}