{
  "alpha": null,
  "seed": 42,
  "n_train": 10000,
  "n_population": 5000,
  "train_loss": 1.1523532208302232,
  "population_risk": 1.1534043350872594,
  "bayes_population_risk": 0.8444937602472408,
  "empirical_bayes_risk": 0.8998923931691305,
  "generalization_gap": 0.0010511142570361898,
  "excess_population_risk": 0.3089105748400186,
  "runtime_seconds": 917.9982348959893,
  "runtime_per_step_seconds": 0.09179982348959893,
  "initial_objective": 1.1581823509027047,
  "final_objective": 1.1523867929831229,
  "best_objective": 1.1523867929831224,
  "objective_reduction": 0.005795557919581862,
  "initial_train_loss_history": 1.153069151329874,
  "final_train_loss_history": 1.1523532208302232,
  "best_train_loss_history": 1.152351955540089,
  "train_loss_reduction": 0.0007159304996509075,
  "weight_norm": 0.006714430579930252,
  "trace_s": 0.006714430579930252,
  "top_eigenvalue": 0.0067144305799302475,
  "min_eigenvalue": -1.8593102319447455e-18,
  "R1": 1.0000000000000002
}