{
  "alpha": null,
  "seed": 42,
  "n_train": 125,
  "n_population": 5000,
  "train_loss": 0.10608011891332239,
  "population_risk": 0.19691268579801022,
  "bayes_population_risk": 0.010443997575880022,
  "empirical_bayes_risk": 0.010434937320912928,
  "generalization_gap": 0.09083256688468783,
  "excess_population_risk": 0.1864686882221302,
  "runtime_seconds": 73.63042434304953,
  "runtime_per_step_seconds": 0.014726084868609905,
  "initial_objective": 0.1517969331388597,
  "final_objective": 0.1267556250381438,
  "best_objective": 0.1267556250381438,
  "objective_reduction": 0.025041308100715892,
  "initial_train_loss_history": 0.15074520852278187,
  "final_train_loss_history": 0.10608011891332239,
  "best_train_loss_history": 0.10607992719839453,
  "train_loss_reduction": 0.044665089609459474,
  "weight_norm": 20.675506092041623,
  "trace_s": 20.675506092041623,
  "top_eigenvalue": 14.827018675921074,
  "min_eigenvalue": 1.9394448018301776e-16,
  "R1": 0.7171296610547426,
  "effective_rank": 2.645050751357621,
  "config_suffix": "cov_toeplitz_mask_random_rho_0p99_lambda_1e-05_beta_1_d_100_T_50_lr_0p001_iter_5000_ntrain_125_seed_42",
  "ridge_lambda": 0.01,
  "ridge_train_loss": 0.006220878341126761,
  "ridge_population_risk": 0.016963600167636247,
  "ridge_generalization_gap": 0.010742721826509486,
  "ridge_excess_population_risk": 0.006519602591756225,
  "pca_n_components": 75,
  "pca_train_loss": 0.07290789840581903,
  "pca_population_risk": 0.46583910289870417,
  "pca_generalization_gap": 0.39293120449288516,
  "pca_excess_population_risk": 0.4553951053228241
}