{
  "alpha": null,
  "seed": 42,
  "n_train": 10000,
  "n_population": 5000,
  "train_loss": 0.8467406951623822,
  "population_risk": 0.8462554874655703,
  "bayes_population_risk": 0.66,
  "empirical_bayes_risk": 0.6613468705570839,
  "generalization_gap": -0.00048520769681181797,
  "excess_population_risk": 0.1862554874655703,
  "runtime_seconds": 1058.2387322336435,
  "runtime_per_step_seconds": 0.10582387322336435,
  "initial_objective": 0.8581373714864649,
  "final_objective": 0.84915056766463,
  "best_objective": 0.8491493695976996,
  "objective_reduction": 0.00898680382183481,
  "initial_train_loss_history": 0.8551911665244742,
  "final_train_loss_history": 0.8467406951623822,
  "best_train_loss_history": 0.8467391413981528,
  "train_loss_reduction": 0.008450471362092093,
  "weight_norm": 4.819277986662166,
  "trace_s": 4.819277986662166,
  "top_eigenvalue": 0.7189129610111608,
  "min_eigenvalue": 7.502597413528695e-16,
  "R1": 0.14917441222540478
}