run_name,experiment_number,alpha,seed,n_train,n_population,train_loss,population_risk,bayes_population_risk,empirical_bayes_risk,weight_norm,trace_s,top_eigenvalue,R1
experiment_1_20260308-051325,1,0.5,0,1250,5000,0.9683528827237509,0.9696780496391598,0.5208333333333334,0.522889729157922,0.004419605412409398,0.004419605412409399,0.0004305334562538829,0.09741445583468335
experiment_2_20260308-051332,2,1.0,0,2500,5000,0.9705485030625248,0.9649070799178324,0.5208333333333334,0.5198185546926212,0.004419889121696923,0.004419889121696922,0.0004306770633341303,0.09744069398030078
experiment_3_20260308-051343,3,2.0,0,5000,5000,0.970569387411327,0.9653688902071562,0.5208333333333334,0.5203553308622908,0.00441967041625124,0.004419670416251239,0.00043056810788634655,0.0974208633981251
experiment_4_20260308-051405,4,3.0,0,7500,5000,0.9651597712252704,0.9626839372479017,0.5208333333333334,0.5187484564010704,0.004419874019128718,0.0044198740191287176,0.00043071322024587654,0.09744920746197701
experiment_5_20260308-051436,5,5.0,0,12500,5000,0.9657284804653022,0.9697071300979391,0.5208333333333334,0.5204079413372245,0.004419610157513988,0.004419610157513988,0.000430525916969669,0.09741264537500251
