{
  "alpha": null,
  "seed": 42,
  "n_train": 40,
  "n_population": 5000,
  "train_loss": 0.6744956881428228,
  "population_risk": 1.4609150884027613,
  "bayes_population_risk": 0.4371730888154475,
  "empirical_bayes_risk": 0.43892507595240876,
  "generalization_gap": 0.7864194002599385,
  "excess_population_risk": 1.0237419995873138,
  "runtime_seconds": 38.750092167407274,
  "runtime_per_step_seconds": 0.007750018433481455,
  "initial_objective": 0.914085812184113,
  "final_objective": 0.7042330840187455,
  "best_objective": 0.7042330840187455,
  "objective_reduction": 0.20985272816536749,
  "initial_train_loss_history": 0.9132817974309313,
  "final_train_loss_history": 0.6744956881428228,
  "best_train_loss_history": 0.6744956881428228,
  "train_loss_reduction": 0.2387861092881085,
  "weight_norm": 59.4741861303303,
  "trace_s": 59.474186130330295,
  "top_eigenvalue": 38.321561828886644,
  "min_eigenvalue": 4.425230955258409e-11,
  "R1": 0.6443394070985635,
  "effective_rank": 2.9773487186833947,
  "config_suffix": "cov_toeplitz_bump_mask_random_rho_0p5_lambda_1e-05_beta_1_d_50_T_10_lr_0p001_iter_5000_ntrain_40_seed_42"
}