{
  "alpha": null,
  "seed": 42,
  "n_train": 80,
  "n_population": 5000,
  "train_loss": 0.21631022393161362,
  "population_risk": 0.46025339742311255,
  "bayes_population_risk": 0.12197790055248611,
  "empirical_bayes_risk": 0.12281711042836248,
  "generalization_gap": 0.24394317349149894,
  "excess_population_risk": 0.3382754968706264,
  "runtime_seconds": 41.123887268826365,
  "runtime_per_step_seconds": 0.008224777453765273,
  "initial_objective": 0.33099327496439296,
  "final_objective": 0.23135818136185615,
  "best_objective": 0.23135818136185615,
  "objective_reduction": 0.0996350936025368,
  "initial_train_loss_history": 0.3300900546107582,
  "final_train_loss_history": 0.21631022393161362,
  "best_train_loss_history": 0.21631022393161362,
  "train_loss_reduction": 0.11377983067914457,
  "weight_norm": 30.09584711905858,
  "trace_s": 30.09584711905858,
  "top_eigenvalue": 20.78787926505835,
  "min_eigenvalue": 9.06979924248417e-12,
  "R1": 0.6907225167253779,
  "effective_rank": 2.9768677452240015,
  "config_suffix": "cov_toeplitz_mask_random_rho_0p9_lambda_1e-05_beta_1_d_50_T_10_lr_0p001_iter_5000_ntrain_80_seed_42"
}