{
  "alpha": null,
  "seed": 42,
  "n_train": 10000,
  "n_population": 5000,
  "train_loss": 1.029964496992344,
  "population_risk": 1.026690566431446,
  "bayes_population_risk": 0.8649174311926606,
  "empirical_bayes_risk": 0.8655062548282716,
  "generalization_gap": -0.003273930560897975,
  "excess_population_risk": 0.16177313523878545,
  "runtime_seconds": 932.6477133687586,
  "runtime_per_step_seconds": 0.09326477133687586,
  "initial_objective": 1.0354163953682083,
  "final_objective": 1.029964559037344,
  "best_objective": 1.0299634561424467,
  "objective_reduction": 0.005451836330864213,
  "initial_train_loss_history": 1.0290395035559474,
  "final_train_loss_history": 1.029964496992344,
  "best_train_loss_history": 1.0286263306677814,
  "train_loss_reduction": -0.0009249934363966261,
  "weight_norm": 7.856823844166695e-06,
  "trace_s": 7.856823844166695e-06,
  "top_eigenvalue": 7.85682382363385e-06,
  "min_eigenvalue": -1.0363739242622364e-21,
  "R1": 0.9999999973866226
}