{
  "alpha": null,
  "seed": 42,
  "n_train": 50,
  "n_population": 5000,
  "train_loss": 1.0583893950994394,
  "population_risk": 1.166793816921092,
  "bayes_population_risk": 0.9378461538461538,
  "empirical_bayes_risk": 0.9344333982060653,
  "generalization_gap": 0.10840442182165266,
  "excess_population_risk": 0.2289476630749383,
  "runtime_seconds": 23.79880983568728,
  "runtime_per_step_seconds": 0.02379880983568728,
  "initial_objective": 1.115978451232347,
  "final_objective": 1.064182567845146,
  "best_objective": 1.064182567845146,
  "objective_reduction": 0.05179588338720098,
  "initial_train_loss_history": 1.1135102522126468,
  "final_train_loss_history": 1.0583893950994394,
  "best_train_loss_history": 1.0583893950994394,
  "train_loss_reduction": 0.055120857113207355,
  "weight_norm": 11.586267505232495,
  "trace_s": 11.586267505232499,
  "top_eigenvalue": 4.2641432535987605,
  "min_eigenvalue": 7.346837999412534e-13,
  "R1": 0.36803424844739885
}