{
  "alpha": 0.5,
  "seed": 0,
  "n_train": 1250,
  "n_population": 5000,
  "train_loss": 0.48752175170652917,
  "population_risk": 0.4824918018772285,
  "bayes_population_risk": 0.2663414634146341,
  "empirical_bayes_risk": 0.2670365149389226,
  "weight_norm": 0.0044155512817684725,
  "trace_s": 0.0044155512817684725,
  "top_eigenvalue": 0.0004278390481820764,
  "R1": 0.09689368798604976
}