{
  "alpha": null,
  "seed": 42,
  "n_train": 80,
  "n_population": 5000,
  "train_loss": 0.15223896261546038,
  "population_risk": 0.9180226930511147,
  "bayes_population_risk": 0.07006953088198194,
  "empirical_bayes_risk": 0.07095775296520682,
  "generalization_gap": 0.7657837304356543,
  "excess_population_risk": 0.8479531621691327,
  "runtime_seconds": 18.492343716323376,
  "runtime_per_step_seconds": 0.003698468743264675,
  "initial_objective": 0.3494416234913217,
  "final_objective": 0.19232309012070556,
  "best_objective": 0.19232309012070556,
  "objective_reduction": 0.15711853337061613,
  "initial_train_loss_history": 0.34711176382651004,
  "final_train_loss_history": 0.15223896261546038,
  "best_train_loss_history": 0.15223896261546038,
  "train_loss_reduction": 0.19487280121104966,
  "weight_norm": 40.084079160608276,
  "trace_s": 40.084079160608276,
  "top_eigenvalue": 22.059225029617892,
  "min_eigenvalue": 1.8979869169970174e-12,
  "R1": 0.5503238565424278,
  "effective_rank": 4.101576076707148,
  "config_suffix": "cov_matern_mask_random_rho_NA_lambda_1e-05_beta_1_d_100_T_5_lr_0p001_iter_5000_ntrain_80_seed_42",
  "ridge_lambda": 0.01,
  "ridge_train_loss": 0.059768556670541,
  "ridge_population_risk": 0.07485049338745209,
  "ridge_generalization_gap": 0.01508193671691109,
  "ridge_excess_population_risk": 0.0047809625054701516,
  "pca_n_components": 75,
  "pca_train_loss": 0.01054059336861984,
  "pca_population_risk": 0.7255461440277657,
  "pca_generalization_gap": 0.715005550659146,
  "pca_excess_population_risk": 0.6554766131457838
}