{
  "alpha": null,
  "seed": 42,
  "n_train": 100,
  "n_population": 5000,
  "train_loss": 0.9494882269534081,
  "population_risk": 1.048327765717017,
  "bayes_population_risk": 0.7822082681172894,
  "empirical_bayes_risk": 0.7821925754487492,
  "generalization_gap": 0.09883953876360885,
  "excess_population_risk": 0.26611949759972753,
  "runtime_seconds": 74.11781812272966,
  "runtime_per_step_seconds": 0.014823563624545932,
  "initial_objective": 1.0074046341134342,
  "final_objective": 0.9606632850492789,
  "best_objective": 0.9606632850492789,
  "objective_reduction": 0.04674134906415528,
  "initial_train_loss_history": 1.0062600580757965,
  "final_train_loss_history": 0.9494882269534081,
  "best_train_loss_history": 0.9494882269534081,
  "train_loss_reduction": 0.05677183112238848,
  "weight_norm": 11.175056964469363,
  "trace_s": 11.175056964469364,
  "top_eigenvalue": 5.945562156653633,
  "min_eigenvalue": 2.837115522379945e-15,
  "R1": 0.5320386442375467,
  "effective_rank": 3.651677632880702,
  "config_suffix": "cov_exponential_mask_random_rho_NA_lambda_1e-05_beta_1_d_100_T_10_lr_0p001_iter_5000_ntrain_100_seed_42"
}