{
  "alpha": null,
  "seed": 42,
  "n_train": 1250,
  "n_population": 5000,
  "train_loss": 0.7231369994104415,
  "population_risk": 0.7296042345320597,
  "bayes_population_risk": 0.5301185178874289,
  "empirical_bayes_risk": 0.5322958362366352,
  "generalization_gap": 0.006467235121618176,
  "excess_population_risk": 0.19948571664463077,
  "runtime_seconds": 33.455191034823656,
  "runtime_per_step_seconds": 0.006691038206964731,
  "initial_objective": 0.7462477275278835,
  "final_objective": 0.7246692190299253,
  "best_objective": 0.7246692190299253,
  "objective_reduction": 0.02157850849795817,
  "initial_train_loss_history": 0.7456446660804903,
  "final_train_loss_history": 0.7231369994104415,
  "best_train_loss_history": 0.7231369994104415,
  "train_loss_reduction": 0.022507666670048776,
  "weight_norm": 6.128872531585602,
  "trace_s": 6.128872531585599,
  "top_eigenvalue": 1.4729916761921027,
  "min_eigenvalue": 5.564823994578951e-13,
  "R1": 0.24033648417403528,
  "effective_rank": 6.8550180150280555,
  "config_suffix": "cov_exponential_mask_random_rho_NA_lambda_1e-05_beta_1_d_25_T_5_lr_0p001_iter_5000_ntrain_1250_seed_42",
  "ridge_lambda": 0.01,
  "ridge_train_loss": 0.5322019338523234,
  "ridge_population_risk": 0.5337623960308959,
  "ridge_generalization_gap": 0.0015604621785725303,
  "ridge_excess_population_risk": 0.0036438781434670053,
  "pca_n_components": 62,
  "pca_train_loss": 0.745899615854492,
  "pca_population_risk": 0.8781927561623747,
  "pca_generalization_gap": 0.13229314030788264,
  "pca_excess_population_risk": 0.34807423827494577
}