{
  "alpha": null,
  "seed": 42,
  "n_train": 1250,
  "n_population": 5000,
  "train_loss": 0.7231369994104415,
  "population_risk": 0.7296042345320597,
  "bayes_population_risk": 0.5301185178874289,
  "empirical_bayes_risk": 0.5322958362366352,
  "generalization_gap": 0.006467235121618176,
  "excess_population_risk": 0.19948571664463077,
  "runtime_seconds": 73.31316952779889,
  "runtime_per_step_seconds": 0.014662633905559778,
  "initial_objective": 0.7462477275278835,
  "final_objective": 0.7246692190299253,
  "best_objective": 0.7246692190299253,
  "objective_reduction": 0.02157850849795817,
  "initial_train_loss_history": 0.7456446660804903,
  "final_train_loss_history": 0.7231369994104415,
  "best_train_loss_history": 0.7231369994104415,
  "train_loss_reduction": 0.022507666670048776,
  "weight_norm": 6.128872531585602,
  "trace_s": 6.128872531585599,
  "top_eigenvalue": 1.4729916761921018,
  "min_eigenvalue": 5.565017738933143e-13,
  "R1": 0.24033648417403533,
  "effective_rank": 6.855018015028051,
  "config_suffix": "cov_exponential_mask_random_rho_NA_lambda_1e-05_beta_1_d_25_T_5_lr_0p001_iter_5000_ntrain_1250_seed_42"
}