{
  "alpha": null,
  "seed": 42,
  "n_train": 100,
  "n_population": 5000,
  "train_loss": 0.18332114581866574,
  "population_risk": 0.873574174457618,
  "bayes_population_risk": 0.07006953088198194,
  "empirical_bayes_risk": 0.07076679040973877,
  "generalization_gap": 0.6902530286389522,
  "excess_population_risk": 0.803504643575636,
  "runtime_seconds": 15.591860407963395,
  "runtime_per_step_seconds": 0.003118372081592679,
  "initial_objective": 0.3705681440676612,
  "final_objective": 0.23045304889810336,
  "best_objective": 0.23045304889810336,
  "objective_reduction": 0.14011509516955784,
  "initial_train_loss_history": 0.3685067936783259,
  "final_train_loss_history": 0.18332114581866574,
  "best_train_loss_history": 0.18332114581866574,
  "train_loss_reduction": 0.18518564785966016,
  "weight_norm": 47.131863357863466,
  "trace_s": 47.13186335786348,
  "top_eigenvalue": 24.682642967317086,
  "min_eigenvalue": 7.826753312089534e-12,
  "R1": 0.5236933405307225,
  "effective_rank": 4.627683319238435,
  "config_suffix": "cov_matern_mask_random_rho_NA_lambda_1e-05_beta_1_d_100_T_5_lr_0p001_iter_5000_ntrain_100_seed_42",
  "ridge_lambda": 0.01,
  "ridge_train_loss": 0.06658132778096419,
  "ridge_population_risk": 0.07393385163253824,
  "ridge_generalization_gap": 0.007352523851574047,
  "ridge_excess_population_risk": 0.003864320750556302,
  "pca_n_components": 75,
  "pca_train_loss": 0.06211103965422818,
  "pca_population_risk": 0.6869960388890677,
  "pca_generalization_gap": 0.6248849992348395,
  "pca_excess_population_risk": 0.6169265080070857
}