{
  "alpha": null,
  "seed": 42,
  "n_train": 1750,
  "n_population": 5000,
  "train_loss": 1.2051393755463247,
  "population_risk": 1.1983735696251487,
  "bayes_population_risk": 1.0,
  "empirical_bayes_risk": 0.9975060356645963,
  "generalization_gap": -0.006765805921175927,
  "excess_population_risk": 0.19837356962514874,
  "runtime_seconds": 313.26672888733447,
  "runtime_per_step_seconds": 0.0626533457774669,
  "initial_objective": 1.2068029225025183,
  "final_objective": 1.2053888796816603,
  "best_objective": 1.205388877144594,
  "objective_reduction": 0.001414042820857997,
  "initial_train_loss_history": 1.2058064792258378,
  "final_train_loss_history": 1.2051393755463247,
  "best_train_loss_history": 1.2051392759075399,
  "train_loss_reduction": 0.0006671036795131702,
  "weight_norm": 0.2495060386159113,
  "trace_s": 0.24950603861591125,
  "top_eigenvalue": 0.24950603319044312,
  "min_eigenvalue": 3.819304579023372e-18,
  "R1": 0.9999999782551635,
  "effective_rank": 1.000000474344467,
  "config_suffix": "cov_identity_mask_random_rho_NA_lambda_1e-05_beta_1_d_100_T_5_lr_0p001_iter_5000_ntrain_1750_seed_42"
}