{
  "alpha": null,
  "seed": 42,
  "n_train": 500,
  "n_population": 5000,
  "train_loss": 0.8596611811069703,
  "population_risk": 0.8533940967248927,
  "bayes_population_risk": 0.66,
  "empirical_bayes_risk": 0.6587575318513075,
  "generalization_gap": -0.00626708438207757,
  "excess_population_risk": 0.19339409672489272,
  "runtime_seconds": 54.75446283817291,
  "runtime_per_step_seconds": 0.005475446283817291,
  "initial_objective": 0.8736389322621022,
  "final_objective": 0.866514453389883,
  "best_objective": 0.8665144471849417,
  "objective_reduction": 0.007124478872219231,
  "initial_train_loss_history": 0.8681451239403826,
  "final_train_loss_history": 0.8596611811069703,
  "best_train_loss_history": 0.8596573897273524,
  "train_loss_reduction": 0.00848394283341225,
  "weight_norm": 1.370654546482328,
  "trace_s": 1.3706545464823277,
  "top_eigenvalue": 0.7298286454831462,
  "min_eigenvalue": -2.68649743892563e-17,
  "R1": 0.5324672415498066
}