{
  "alpha": 0.5,
  "seed": 0,
  "n_train": 1250,
  "n_population": 5000,
  "train_loss": 0.9889341756885603,
  "population_risk": 0.9836042194274389,
  "bayes_population_risk": 0.4083333333333334,
  "empirical_bayes_risk": 0.4094852715378921,
  "weight_norm": 0.004416361212213229,
  "trace_s": 0.004416361212213229,
  "top_eigenvalue": 0.00042861932381230817,
  "R1": 0.09705259674570604
}