{
  "alpha": 5.0,
  "seed": 0,
  "n_train": 12500,
  "n_population": 5000,
  "train_loss": 0.44271266563989703,
  "population_risk": 0.44468864749033726,
  "bayes_population_risk": 0.28975609756097553,
  "empirical_bayes_risk": 0.28986039349982146,
  "generalization_gap": 0.0019759818504402338,
  "excess_population_risk": 0.15493254992936173,
  "runtime_seconds": 16.636080333963037,
  "runtime_per_step_seconds": 0.16636080333963035,
  "initial_objective": 0.46744243634226196,
  "final_objective": 0.4507944326596714,
  "best_objective": 0.4507944326596714,
  "objective_reduction": 0.016648003682590562,
  "initial_train_loss_history": 0.461379805900813,
  "final_train_loss_history": 0.44271266563989703,
  "best_train_loss_history": 0.44271266563989703,
  "train_loss_reduction": 0.018667140260915982,
  "weight_norm": 1.6058118937467216,
  "trace_s": 1.6058118937467223,
  "top_eigenvalue": 0.13557193859529365,
  "min_eigenvalue": 2.141939127008038e-08,
  "R1": 0.08442579054447882
}