{
  "alpha": null,
  "seed": 42,
  "n_train": 60,
  "n_population": 5000,
  "train_loss": 0.5790475184149677,
  "population_risk": 1.2022351624738137,
  "bayes_population_risk": 0.48757509716865854,
  "empirical_bayes_risk": 0.49023582514278025,
  "generalization_gap": 0.623187644058846,
  "excess_population_risk": 0.7146600653051551,
  "runtime_seconds": 39.835539332591,
  "runtime_per_step_seconds": 0.0079671078665182,
  "initial_objective": 0.7941407807447936,
  "final_objective": 0.6210824976960857,
  "best_objective": 0.6210824976960857,
  "objective_reduction": 0.17305828304870785,
  "initial_train_loss_history": 0.7924177234763644,
  "final_train_loss_history": 0.5790475184149677,
  "best_train_loss_history": 0.5790475184149677,
  "train_loss_reduction": 0.2133702050613967,
  "weight_norm": 42.03494248308572,
  "trace_s": 42.034942483085715,
  "top_eigenvalue": 25.5771188693222,
  "min_eigenvalue": 6.265280005042985e-14,
  "R1": 0.6084727933103294,
  "effective_rank": 3.6763916046857785,
  "config_suffix": "cov_toeplitz_bump_mask_random_rho_0p5_lambda_1e-05_beta_1_d_100_T_5_lr_0p001_iter_5000_ntrain_60_seed_42"
}