{
  "alpha": null,
  "seed": 42,
  "n_train": 5000,
  "n_population": 5000,
  "train_loss": 0.857368775139581,
  "population_risk": 0.8494663614018769,
  "bayes_population_risk": 0.66,
  "empirical_bayes_risk": 0.6590529439555347,
  "generalization_gap": -0.007902413737704062,
  "excess_population_risk": 0.1894663614018769,
  "runtime_seconds": 495.3058188967407,
  "runtime_per_step_seconds": 0.04953058188967407,
  "initial_objective": 0.8632108041579221,
  "final_objective": 0.8580807936389497,
  "best_objective": 0.8580807789058148,
  "objective_reduction": 0.005130010518972328,
  "initial_train_loss_history": 0.8577590801505605,
  "final_train_loss_history": 0.857368775139581,
  "best_train_loss_history": 0.8546968029557199,
  "train_loss_reduction": 0.0003903050109794748,
  "weight_norm": 0.14240299322430994,
  "trace_s": 0.14240299322430988,
  "top_eigenvalue": 0.08768507786256906,
  "min_eigenvalue": -2.464488597644323e-18,
  "R1": 0.6157530531991668
}