{
  "alpha": 1.0,
  "seed": 0,
  "n_train": 2500,
  "n_population": 5000,
  "train_loss": 0.4013410038219673,
  "population_risk": 0.39985021365337353,
  "bayes_population_risk": 0.28975609756097553,
  "empirical_bayes_risk": 0.2891994571616683,
  "weight_norm": 10.111644121652033,
  "trace_s": 10.111644121652036,
  "top_eigenvalue": 0.8472099832415966,
  "R1": 0.08378558155814327
}