{
  "alpha": 5.0,
  "seed": 0,
  "n_train": 12500,
  "n_population": 5000,
  "train_loss": 0.8634702533738945,
  "population_risk": 0.8616903101511347,
  "bayes_population_risk": 0.65,
  "empirical_bayes_risk": 0.6496383140228913,
  "weight_norm": 0.5102462185138228,
  "trace_s": 0.5102462185138229,
  "top_eigenvalue": 0.04361510187568149,
  "R1": 0.08547854015012153
}