{
  "alpha": null,
  "seed": 42,
  "n_train": 1000,
  "n_population": 5000,
  "train_loss": 0.43582252167623087,
  "population_risk": 0.44777566144914616,
  "bayes_population_risk": 0.27570731707317064,
  "empirical_bayes_risk": 0.2781774412734817,
  "generalization_gap": 0.011953139772915289,
  "excess_population_risk": 0.1720683443759755,
  "runtime_seconds": 126.73027356620878,
  "runtime_per_step_seconds": 0.012673027356620879,
  "initial_objective": 0.4673209472491857,
  "final_objective": 0.45221608356008386,
  "best_objective": 0.4522159614641206,
  "objective_reduction": 0.015104863689101855,
  "initial_train_loss_history": 0.4572625017753552,
  "final_train_loss_history": 0.43582252167623087,
  "best_train_loss_history": 0.4358018818957703,
  "train_loss_reduction": 0.021439980099124345,
  "weight_norm": 3.2787118579212673,
  "trace_s": 3.278711857921267,
  "top_eigenvalue": 0.6817498877192529,
  "min_eigenvalue": -1.1654891142078207e-17,
  "R1": 0.20793223597010094
}