{
  "alpha": 0.5,
  "seed": 0,
  "n_train": 1250,
  "n_population": 5000,
  "train_loss": 0.9684042350952262,
  "population_risk": 0.9697209693863003,
  "bayes_population_risk": 0.5208333333333334,
  "empirical_bayes_risk": 0.522889729157922,
  "weight_norm": 0.004415491190668634,
  "trace_s": 0.004415491190668634,
  "top_eigenvalue": 0.0004277705221587606,
  "R1": 0.09687948717070902
}