{
  "alpha": null,
  "seed": 42,
  "n_train": 80,
  "n_population": 5000,
  "train_loss": 0.8949878127181513,
  "population_risk": 1.1638173962042089,
  "bayes_population_risk": 0.2928968253968254,
  "empirical_bayes_risk": 0.29409367589774543,
  "generalization_gap": 0.26882958348605757,
  "excess_population_risk": 0.8709205708073835,
  "runtime_seconds": 18.273269813507795,
  "runtime_per_step_seconds": 0.003654653962701559,
  "initial_objective": 0.9859167220089379,
  "final_objective": 0.9028626795289739,
  "best_objective": 0.9028626795289739,
  "objective_reduction": 0.08305404247996395,
  "initial_train_loss_history": 0.9851668517330404,
  "final_train_loss_history": 0.8949878127181513,
  "best_train_loss_history": 0.8949878127181513,
  "train_loss_reduction": 0.0901790390148891,
  "weight_norm": 15.749668021754475,
  "trace_s": 15.749668021754475,
  "top_eigenvalue": 7.486213637011743,
  "min_eigenvalue": 9.118262121806313e-12,
  "R1": 0.47532517045256417,
  "effective_rank": 3.147283662771275,
  "config_suffix": "cov_tridiagonal_mask_random_rho_0p5_lambda_1e-05_beta_1_d_50_T_10_lr_0p001_iter_5000_ntrain_80_seed_42",
  "ridge_lambda": 0.01,
  "ridge_train_loss": 0.2396459727969603,
  "ridge_population_risk": 0.3315335305341155,
  "ridge_generalization_gap": 0.0918875577371552,
  "ridge_excess_population_risk": 0.03863670513729012,
  "pca_n_components": 75,
  "pca_train_loss": 0.02185056478888197,
  "pca_population_risk": 1.1095104251194077,
  "pca_generalization_gap": 1.0876598603305256,
  "pca_excess_population_risk": 0.8166135997225823
}