{
  "alpha": null,
  "seed": 42,
  "n_train": 1250,
  "n_population": 5000,
  "train_loss": 0.23097898979430506,
  "population_risk": 0.2347928606832537,
  "bayes_population_risk": 0.13898342541436456,
  "empirical_bayes_risk": 0.13977127800472136,
  "generalization_gap": 0.003813870888948634,
  "excess_population_risk": 0.09580943526888913,
  "runtime_seconds": 31.44965042732656,
  "runtime_per_step_seconds": 0.006289930085465312,
  "initial_objective": 0.2916050050381207,
  "final_objective": 0.23438345021668894,
  "best_objective": 0.23438345021668894,
  "objective_reduction": 0.057221554821431764,
  "initial_train_loss_history": 0.29069479332829035,
  "final_train_loss_history": 0.23097898979430506,
  "best_train_loss_history": 0.23097898979430506,
  "train_loss_reduction": 0.059715803533985284,
  "weight_norm": 13.617428192402935,
  "trace_s": 13.617428192402937,
  "top_eigenvalue": 2.557471069580446,
  "min_eigenvalue": 5.1643882612135184e-08,
  "R1": 0.18780866940845994,
  "effective_rank": 10.900366014564177,
  "config_suffix": "cov_toeplitz_mask_random_rho_0p9_lambda_1e-05_beta_1_d_25_T_5_lr_0p001_iter_5000_ntrain_1250_seed_42",
  "ridge_lambda": 0.01,
  "ridge_train_loss": 0.1397976504593179,
  "ridge_population_risk": 0.1401423007657943,
  "ridge_generalization_gap": 0.00034465030647637396,
  "ridge_excess_population_risk": 0.0011588753514297223,
  "pca_n_components": 62,
  "pca_train_loss": 0.1890243646092517,
  "pca_population_risk": 0.2199467826518171,
  "pca_generalization_gap": 0.030922418042565403,
  "pca_excess_population_risk": 0.08096335723745254
}