{
  "alpha": null,
  "seed": 42,
  "n_train": 300,
  "n_population": 5000,
  "train_loss": 0.9290501814340136,
  "population_risk": 1.0195102821411843,
  "bayes_population_risk": 0.45666666666666667,
  "empirical_bayes_risk": 0.457024025443209,
  "generalization_gap": 0.0904601007071707,
  "excess_population_risk": 0.5628436154745177,
  "runtime_seconds": 33.70160819031298,
  "runtime_per_step_seconds": 0.006740321638062596,
  "initial_objective": 0.988545823759966,
  "final_objective": 0.9424368656044008,
  "best_objective": 0.9424368656044008,
  "objective_reduction": 0.04610895815556526,
  "initial_train_loss_history": 0.9870998063699562,
  "final_train_loss_history": 0.9290501814340136,
  "best_train_loss_history": 0.9290493210472579,
  "train_loss_reduction": 0.05804962493594257,
  "weight_norm": 13.386682968643585,
  "trace_s": 13.386682968643585,
  "top_eigenvalue": 4.854184153481692,
  "min_eigenvalue": 3.652931033408076e-15,
  "R1": 0.3626129164970839,
  "effective_rank": 6.290644307903281,
  "config_suffix": "cov_tridiagonal_mask_random_rho_0p5_lambda_1e-05_beta_1_d_100_T_5_lr_0p001_iter_5000_ntrain_300_seed_42",
  "ridge_lambda": 0.01,
  "ridge_train_loss": 0.45200960816867186,
  "ridge_population_risk": 0.4631451592027033,
  "ridge_generalization_gap": 0.011135551034031466,
  "ridge_excess_population_risk": 0.006478492536036662,
  "pca_n_components": 75,
  "pca_train_loss": 0.5645568823472924,
  "pca_population_risk": 1.0759480482542487,
  "pca_generalization_gap": 0.5113911659069563,
  "pca_excess_population_risk": 0.6192813815875821
}