{
  "alpha": null,
  "seed": 42,
  "n_train": 2000,
  "n_population": 5000,
  "train_loss": 0.33267252010086457,
  "population_risk": 0.33935587365674935,
  "bayes_population_risk": 0.12197790055248611,
  "empirical_bayes_risk": 0.12193558322653147,
  "generalization_gap": 0.006683353555884786,
  "excess_population_risk": 0.21737797310426324,
  "runtime_seconds": 316.5931895636022,
  "runtime_per_step_seconds": 0.06331863791272044,
  "initial_objective": 0.34796255400381737,
  "final_objective": 0.33715457322233755,
  "best_objective": 0.33715457322233755,
  "objective_reduction": 0.01080798078147982,
  "initial_train_loss_history": 0.34720684987708683,
  "final_train_loss_history": 0.33267252010086457,
  "best_train_loss_history": 0.33267252010086457,
  "train_loss_reduction": 0.014534329776222266,
  "weight_norm": 8.964104964796057,
  "trace_s": 8.964104964796057,
  "top_eigenvalue": 2.7565113956866245,
  "min_eigenvalue": 1.0757756823492447e-13,
  "R1": 0.3075054795221642,
  "effective_rank": 9.458453154458509,
  "config_suffix": "cov_toeplitz_mask_random_rho_0p9_lambda_1e-05_beta_1_d_50_T_10_lr_0p001_iter_5000_ntrain_2000_seed_42"
}