{
  "alpha": null,
  "seed": 42,
  "n_train": 2500,
  "n_population": 5000,
  "train_loss": 0.3335704955867089,
  "population_risk": 0.34038908421922526,
  "bayes_population_risk": 0.13898342541436456,
  "empirical_bayes_risk": 0.19020668457875012,
  "generalization_gap": 0.006818588632516331,
  "excess_population_risk": 0.2014056588048607,
  "runtime_seconds": 162.1234886571765,
  "runtime_per_step_seconds": 0.1621234886571765,
  "initial_objective": 0.3670583498416284,
  "final_objective": 0.3487728856391826,
  "best_objective": 0.3487728856391826,
  "objective_reduction": 0.01828546420244581,
  "initial_train_loss_history": 0.363602359775279,
  "final_train_loss_history": 0.3335704955867089,
  "best_train_loss_history": 0.3335704955867089,
  "train_loss_reduction": 0.030031864188570068,
  "weight_norm": 7.600763185496568,
  "trace_s": 7.600763185496566,
  "top_eigenvalue": 0.6442078809061174,
  "min_eigenvalue": 3.0260839417482565e-12,
  "R1": 0.08475568376283131
}