{
  "alpha": 0.5,
  "seed": 0,
  "n_train": 1250,
  "n_population": 5000,
  "train_loss": 0.48744080338573587,
  "population_risk": 0.4824119522980858,
  "bayes_population_risk": 0.2663414634146341,
  "empirical_bayes_risk": 0.2670365149389226,
  "weight_norm": 0.004419711066702147,
  "trace_s": 0.004419711066702149,
  "top_eigenvalue": 0.0004309803457383585,
  "R1": 0.09751323994578288
}