{
  "alpha": null,
  "seed": 42,
  "n_train": 1000,
  "n_population": 5000,
  "train_loss": 0.3319132620527965,
  "population_risk": 0.34128603387363193,
  "bayes_population_risk": 0.13898342541436456,
  "empirical_bayes_risk": 0.1902308807492078,
  "generalization_gap": 0.009372771820835457,
  "excess_population_risk": 0.20230260845926737,
  "runtime_seconds": 62.23079897835851,
  "runtime_per_step_seconds": 0.06223079897835851,
  "initial_objective": 0.3672947996226126,
  "final_objective": 0.346154519857684,
  "best_objective": 0.346154519857684,
  "objective_reduction": 0.021140279764928605,
  "initial_train_loss_history": 0.36384256299965656,
  "final_train_loss_history": 0.3319132620527965,
  "best_train_loss_history": 0.3319132620527965,
  "train_loss_reduction": 0.031929300946860084,
  "weight_norm": 7.120220400789607,
  "trace_s": 7.120220400789606,
  "top_eigenvalue": 0.7538074371352811,
  "min_eigenvalue": 2.217724555586743e-13,
  "R1": 0.10586855387955223
}