{
  "alpha": null,
  "seed": 42,
  "n_train": 80,
  "n_population": 5000,
  "train_loss": 0.6949296292765178,
  "population_risk": 0.9493169837145291,
  "bayes_population_risk": 0.4961178375737193,
  "empirical_bayes_risk": 0.4986820790695389,
  "generalization_gap": 0.2543873544380113,
  "excess_population_risk": 0.4531991461408098,
  "runtime_seconds": 36.90879093669355,
  "runtime_per_step_seconds": 0.00738175818733871,
  "initial_objective": 0.810228113981908,
  "final_objective": 0.7030895937439307,
  "best_objective": 0.7030895937439307,
  "objective_reduction": 0.10713852023797732,
  "initial_train_loss_history": 0.8094212422098013,
  "final_train_loss_history": 0.6949296292765178,
  "best_train_loss_history": 0.6949296292765178,
  "train_loss_reduction": 0.11449161293328347,
  "weight_norm": 16.319831586516763,
  "trace_s": 16.31983158651676,
  "top_eigenvalue": 9.807546690161008,
  "min_eigenvalue": 8.151646645986645e-12,
  "R1": 0.6009588173853389,
  "effective_rank": 3.1164218529738603,
  "config_suffix": "cov_exponential_mask_random_rho_NA_lambda_1e-05_beta_1_d_50_T_10_lr_0p001_iter_5000_ntrain_80_seed_42"
}