{
  "alpha": null,
  "seed": 42,
  "n_train": 2000,
  "n_population": 5000,
  "train_loss": 1.0315318790157217,
  "population_risk": 1.036394405310884,
  "bayes_population_risk": 0.8222472188202141,
  "empirical_bayes_risk": 0.8217725714895528,
  "generalization_gap": 0.004862526295162262,
  "excess_population_risk": 0.21414718649066988,
  "runtime_seconds": 78.24467779137194,
  "runtime_per_step_seconds": 0.07824467779137194,
  "initial_objective": 1.0337198422397562,
  "final_objective": 1.0320501280423529,
  "best_objective": 1.0320501280423529,
  "objective_reduction": 0.0016697141974033602,
  "initial_train_loss_history": 1.0326740984590521,
  "final_train_loss_history": 1.0315318790157217,
  "best_train_loss_history": 1.0315318790157217,
  "train_loss_reduction": 0.0011422194433303723,
  "weight_norm": 0.5182489516150466,
  "trace_s": 0.5182489516150465,
  "top_eigenvalue": 0.5182410308598759,
  "min_eigenvalue": 2.5565906705881245e-16,
  "R1": 0.9999847163122164
}