{
  "alpha": null,
  "seed": 42,
  "n_train": 500,
  "n_population": 5000,
  "train_loss": 0.4237570504618393,
  "population_risk": 0.43389076348453975,
  "bayes_population_risk": 0.27570731707317064,
  "empirical_bayes_risk": 0.2755408658288889,
  "generalization_gap": 0.010133713022700441,
  "excess_population_risk": 0.1581834464113691,
  "runtime_seconds": 12.49488682858646,
  "runtime_per_step_seconds": 0.012494886828586458,
  "initial_objective": 0.4727192540125062,
  "final_objective": 0.43035348133258167,
  "best_objective": 0.43035348133258167,
  "objective_reduction": 0.04236577267992453,
  "initial_train_loss_history": 0.4714658350861942,
  "final_train_loss_history": 0.4237570504618393,
  "best_train_loss_history": 0.4237570504618393,
  "train_loss_reduction": 0.047708784624354905,
  "weight_norm": 13.178855321840388,
  "trace_s": 13.17885532184039,
  "top_eigenvalue": 2.411238122195244,
  "min_eigenvalue": 1.608096701430011e-08,
  "R1": 0.18296263699012383,
  "config_suffix": "cov_toeplitz_mask_random_rho_0p8_lambda_1e-05_beta_1_d_50_T_5_lr_0p001_iter_1000_ntrain_500_seed_42"
}