{
  "alpha": null,
  "seed": 42,
  "n_train": 5000,
  "n_population": 5000,
  "train_loss": 0.5421916004718643,
  "population_risk": 0.5518006855915756,
  "bayes_population_risk": 0.1214410313285021,
  "empirical_bayes_risk": 0.12304330130444853,
  "generalization_gap": 0.009609085119711258,
  "excess_population_risk": 0.4303596542630735,
  "runtime_seconds": 682.778314685449,
  "runtime_per_step_seconds": 0.1365556629370898,
  "initial_objective": 0.5754108950622095,
  "final_objective": 0.5525676545753,
  "best_objective": 0.5525676545753,
  "objective_reduction": 0.022843240486909555,
  "initial_train_loss_history": 0.5734929335094168,
  "final_train_loss_history": 0.5421916004718643,
  "best_train_loss_history": 0.5421914651463214,
  "train_loss_reduction": 0.03130133303755245,
  "weight_norm": 10.376052898434702,
  "trace_s": 10.376052898434704,
  "top_eigenvalue": 1.856707920099303,
  "min_eigenvalue": 8.88036180981536e-15,
  "R1": 0.17894163978090352,
  "effective_rank": 16.408039799175842,
  "config_suffix": "cov_toeplitz_bump_mask_random_rho_0p7_lambda_1e-05_beta_1_d_100_T_5_lr_0p001_iter_5000_ntrain_5000_seed_42"
}