{
  "alpha": null,
  "seed": 42,
  "n_train": 50,
  "n_population": 5000,
  "train_loss": 1.0353715875530436,
  "population_risk": 1.0608087167480942,
  "bayes_population_risk": 1.0,
  "empirical_bayes_risk": 1.0008285010103521,
  "generalization_gap": 0.02543712919505059,
  "excess_population_risk": 0.06080871674809418,
  "runtime_seconds": 59.47669664770365,
  "runtime_per_step_seconds": 0.01189533932954073,
  "initial_objective": 1.051851332588698,
  "final_objective": 1.0410628096563517,
  "best_objective": 1.0410628096563492,
  "objective_reduction": 0.010788522932346334,
  "initial_train_loss_history": 1.0498056975651726,
  "final_train_loss_history": 1.0353715875530436,
  "best_train_loss_history": 1.0353714455936684,
  "train_loss_reduction": 0.01443411001212902,
  "weight_norm": 2.8456110516530693,
  "trace_s": 2.8456110516530697,
  "top_eigenvalue": 2.8456110516530693,
  "min_eigenvalue": -8.678173065694625e-16,
  "R1": 0.9999999999999999,
  "effective_rank": 1.0,
  "config_suffix": "cov_identity_mask_random_rho_NA_lambda_1e-05_beta_1_d_200_T_20_lr_0p001_iter_5000_ntrain_50_seed_42"
}