{
  "alpha": null,
  "seed": 42,
  "n_train": 50,
  "n_population": 5000,
  "train_loss": 0.5785295952001451,
  "population_risk": 1.2690530192518747,
  "bayes_population_risk": 0.48757509716865854,
  "empirical_bayes_risk": 0.4908945825426188,
  "generalization_gap": 0.6905234240517296,
  "excess_population_risk": 0.7814779220832162,
  "runtime_seconds": 19.75444926507771,
  "runtime_per_step_seconds": 0.003950889853015542,
  "initial_objective": 0.8212549037542534,
  "final_objective": 0.6195997697886174,
  "best_objective": 0.6195997697886174,
  "objective_reduction": 0.20165513396563595,
  "initial_train_loss_history": 0.8196465000339785,
  "final_train_loss_history": 0.5785295952001451,
  "best_train_loss_history": 0.5785295952001451,
  "train_loss_reduction": 0.2411169048338334,
  "weight_norm": 41.07009026395217,
  "trace_s": 41.07009026395217,
  "top_eigenvalue": 24.16886145672543,
  "min_eigenvalue": 3.755649218207395e-11,
  "R1": 0.5884784109651398,
  "effective_rank": 3.342199068503601,
  "config_suffix": "cov_toeplitz_bump_mask_random_rho_0p5_lambda_1e-05_beta_1_d_100_T_5_lr_0p001_iter_5000_ntrain_50_seed_42",
  "ridge_lambda": 0.01,
  "ridge_train_loss": 0.46391710068325637,
  "ridge_population_risk": 0.5319088294685739,
  "ridge_generalization_gap": 0.0679917287853175,
  "ridge_excess_population_risk": 0.04433373229991533,
  "pca_n_components": 75,
  "pca_train_loss": 1.9725718099648354e-16,
  "pca_population_risk": 1.0552198870308753,
  "pca_generalization_gap": 1.055219887030875,
  "pca_excess_population_risk": 0.5676447898622168
}