{
  "alpha": 2.0,
  "seed": 0,
  "n_train": 5000,
  "n_population": 5000,
  "train_loss": 0.90235074867588,
  "population_risk": 0.9111170609229213,
  "bayes_population_risk": 0.6299999999999999,
  "empirical_bayes_risk": 0.6338176442792546,
  "generalization_gap": 0.008766312247041275,
  "excess_population_risk": 0.28111706092292144,
  "runtime_seconds": 122.7390358329867,
  "runtime_per_step_seconds": 0.1227390358329867,
  "initial_objective": 0.9116959265050797,
  "final_objective": 0.9025974593657251,
  "best_objective": 0.9025974593657251,
  "objective_reduction": 0.009098467139354582,
  "initial_train_loss_history": 0.9063467937758712,
  "final_train_loss_history": 0.90235074867588,
  "best_train_loss_history": 0.9023504592604482,
  "train_loss_reduction": 0.003996045099991186,
  "weight_norm": 0.4934215561906623,
  "trace_s": 0.4934215561906623,
  "top_eigenvalue": 0.1505570933940853,
  "min_eigenvalue": 1.5543416032815391e-15,
  "R1": 0.30512873121398215
}