{
  "alpha": null,
  "seed": 42,
  "n_train": 1000,
  "n_population": 5000,
  "train_loss": 1.1630547929728898,
  "population_risk": 1.1692837145354595,
  "bayes_population_risk": 0.9339407664588757,
  "empirical_bayes_risk": 0.9571507972477761,
  "generalization_gap": 0.006228921562569711,
  "excess_population_risk": 0.23534294807658385,
  "runtime_seconds": 118.97793169692159,
  "runtime_per_step_seconds": 0.011897793169692158,
  "initial_objective": 1.1698930343721214,
  "final_objective": 1.1636011887152322,
  "best_objective": 1.163601052346855,
  "objective_reduction": 0.006291845656889228,
  "initial_train_loss_history": 1.1645414529793312,
  "final_train_loss_history": 1.1630547929728898,
  "best_train_loss_history": 1.163011752628071,
  "train_loss_reduction": 0.001486660006441376,
  "weight_norm": 0.10928156854977437,
  "trace_s": 0.10928156854977432,
  "top_eigenvalue": 0.10927748231066327,
  "min_eigenvalue": 8.573243664606235e-18,
  "R1": 0.9999626081583081
}