{
  "alpha": null,
  "seed": 42,
  "n_train": 300,
  "n_population": 5000,
  "train_loss": 0.9290501814340136,
  "population_risk": 1.0195102821411843,
  "bayes_population_risk": 0.45666666666666667,
  "empirical_bayes_risk": 0.457024025443209,
  "generalization_gap": 0.0904601007071707,
  "excess_population_risk": 0.5628436154745177,
  "runtime_seconds": 48.87645666487515,
  "runtime_per_step_seconds": 0.00977529133297503,
  "initial_objective": 0.988545823759966,
  "final_objective": 0.9424368656044008,
  "best_objective": 0.9424368656044008,
  "objective_reduction": 0.04610895815556526,
  "initial_train_loss_history": 0.9870998063699562,
  "final_train_loss_history": 0.9290501814340136,
  "best_train_loss_history": 0.9290493210472579,
  "train_loss_reduction": 0.05804962493594257,
  "weight_norm": 13.386682968643585,
  "trace_s": 13.386682968643585,
  "top_eigenvalue": 4.854184153481692,
  "min_eigenvalue": 3.652931033408076e-15,
  "R1": 0.3626129164970839,
  "effective_rank": 6.290644307903281,
  "config_suffix": "cov_tridiagonal_mask_random_rho_0p5_lambda_1e-05_beta_1_d_100_T_5_lr_0p001_iter_5000_ntrain_300_seed_42"
}