{
  "alpha": null,
  "seed": 42,
  "n_train": 1500,
  "n_population": 5000,
  "train_loss": 0.5257911997446243,
  "population_risk": 0.5551473222274202,
  "bayes_population_risk": 0.1214410313285021,
  "empirical_bayes_risk": 0.12126342104659102,
  "generalization_gap": 0.029356122482795954,
  "excess_population_risk": 0.43370629089891816,
  "runtime_seconds": 62.28462835215032,
  "runtime_per_step_seconds": 0.012456925670430065,
  "initial_objective": 0.5725632308012482,
  "final_objective": 0.5402311736572715,
  "best_objective": 0.5402311736572715,
  "objective_reduction": 0.03233205714397669,
  "initial_train_loss_history": 0.5707206876157171,
  "final_train_loss_history": 0.5257911997446243,
  "best_train_loss_history": 0.5257910872457587,
  "train_loss_reduction": 0.044929487871092855,
  "weight_norm": 14.439972434188803,
  "trace_s": 14.4399724341888,
  "top_eigenvalue": 4.608381065005759,
  "min_eigenvalue": 1.0584488055468567e-14,
  "R1": 0.319140572186601,
  "effective_rank": 10.197596345282783,
  "config_suffix": "cov_toeplitz_bump_mask_random_rho_0p7_lambda_1e-05_beta_1_d_100_T_5_lr_0p001_iter_5000_ntrain_1500_seed_42",
  "ridge_lambda": 0.01,
  "ridge_train_loss": 0.11853306382642972,
  "ridge_population_risk": 0.12156969541873396,
  "ridge_generalization_gap": 0.0030366315923042314,
  "ridge_excess_population_risk": 0.00012866409023185033,
  "pca_n_components": 75,
  "pca_train_loss": 0.5580718021814721,
  "pca_population_risk": 0.6716209683822252,
  "pca_generalization_gap": 0.11354916620075306,
  "pca_excess_population_risk": 0.550179937053723
}