{
  "alpha": null,
  "seed": 42,
  "n_train": 9000,
  "n_population": 5000,
  "train_loss": 0.33657207963153585,
  "population_risk": 0.3402126608866267,
  "bayes_population_risk": 0.13898342541436456,
  "empirical_bayes_risk": 0.19026279794464465,
  "generalization_gap": 0.003640581255090869,
  "excess_population_risk": 0.20122923547226215,
  "runtime_seconds": 3958.6782480496913,
  "runtime_per_step_seconds": 0.3958678248049691,
  "initial_objective": 0.3677567307233353,
  "final_objective": 0.35216096809193104,
  "best_objective": 0.35216093861061626,
  "objective_reduction": 0.015595762631404275,
  "initial_train_loss_history": 0.36430015909703783,
  "final_train_loss_history": 0.33657207963153585,
  "best_train_loss_history": 0.3365523133878464,
  "train_loss_reduction": 0.027728079465501987,
  "weight_norm": 7.794448131465332,
  "trace_s": 7.794448131465334,
  "top_eigenvalue": 0.5579745027213108,
  "min_eigenvalue": -3.2569685439038096e-17,
  "R1": 0.07158614610171422
}