{
  "alpha": null,
  "seed": 42,
  "n_train": 100,
  "n_population": 5000,
  "train_loss": 1.1199178773682414,
  "population_risk": 1.1966379164279803,
  "bayes_population_risk": 0.9000135482996884,
  "empirical_bayes_risk": 0.8986335382110723,
  "generalization_gap": 0.0767200390597389,
  "excess_population_risk": 0.29662436812829196,
  "runtime_seconds": 34.3742246106267,
  "runtime_per_step_seconds": 0.0034374224610626697,
  "initial_objective": 1.157434383942263,
  "final_objective": 1.1243526490155755,
  "best_objective": 1.1243526490155755,
  "objective_reduction": 0.03308173492668742,
  "initial_train_loss_history": 1.1568132620210092,
  "final_train_loss_history": 1.1199178773682414,
  "best_train_loss_history": 1.119916784894874,
  "train_loss_reduction": 0.03689538465276776,
  "weight_norm": 8.869543269246417,
  "trace_s": 8.869543269246416,
  "top_eigenvalue": 3.187132531537937,
  "min_eigenvalue": -1.4558658866842425e-16,
  "R1": 0.35933445892177546,
  "config_suffix": "cov_tridiagonal_mask_last_rho_0p3_lambda_1e-05_beta_1_d_50_T_5_lr_0p001_iter_10000_ntrain_100_seed_42"
}