{
  "alpha": 5.0,
  "seed": 0,
  "n_train": 12500,
  "n_population": 5000,
  "train_loss": 1.2482968063761695,
  "population_risk": 1.2524042777693307,
  "bayes_population_risk": 1.0,
  "empirical_bayes_risk": 0.9988698818985595,
  "weight_norm": 0.2690743885537188,
  "trace_s": 0.26907438855371885,
  "top_eigenvalue": 0.08750690550033538,
  "R1": 0.3252145474368149
}