{
  "alpha": 5.0,
  "seed": 0,
  "n_train": 12500,
  "n_population": 5000,
  "train_loss": 1.1651966927850697,
  "population_risk": 1.1640556826730555,
  "bayes_population_risk": 1.0,
  "empirical_bayes_risk": 0.9973804662927968,
  "weight_norm": 0.004415397409078111,
  "trace_s": 0.004415397409078112,
  "top_eigenvalue": 0.0004275651487420504,
  "R1": 0.09683503185080718
}