{
  "alpha": null,
  "seed": 42,
  "n_train": 90,
  "n_population": 5000,
  "train_loss": 1.0149575429207456,
  "population_risk": 1.0068487838667588,
  "bayes_population_risk": 0.7822082681172894,
  "empirical_bayes_risk": 0.7736075350509721,
  "generalization_gap": -0.00810875905398678,
  "excess_population_risk": 0.22464051574946942,
  "runtime_seconds": 32.60952652618289,
  "runtime_per_step_seconds": 0.006521905305236578,
  "initial_objective": 1.0446536630432774,
  "final_objective": 1.0167810145920446,
  "best_objective": 1.0167810145920446,
  "objective_reduction": 0.02787264845123283,
  "initial_train_loss_history": 1.0442673856636755,
  "final_train_loss_history": 1.0149575429207456,
  "best_train_loss_history": 1.0149575429207456,
  "train_loss_reduction": 0.029309842742929915,
  "weight_norm": 7.293885689030677,
  "trace_s": 7.293885689030677,
  "top_eigenvalue": 4.647367213990936,
  "min_eigenvalue": 2.6085596335532488e-14,
  "R1": 0.6371593156416121,
  "effective_rank": 2.4672404118641187,
  "config_suffix": "cov_exponential_mask_random_rho_NA_lambda_1e-05_beta_1_d_25_T_10_lr_0p001_iter_5000_ntrain_90_seed_42"
}