{
  "alpha": null,
  "seed": 42,
  "n_train": 125,
  "n_population": 5000,
  "train_loss": 0.782479232651767,
  "population_risk": 0.8278945717279991,
  "bayes_population_risk": 0.24553354982376377,
  "empirical_bayes_risk": 0.24714127817809073,
  "generalization_gap": 0.045415339076232075,
  "excess_population_risk": 0.5823610219042353,
  "runtime_seconds": 20.424152774736285,
  "runtime_per_step_seconds": 0.004084830554947257,
  "initial_objective": 0.8082917559096642,
  "final_objective": 0.7842440492959478,
  "best_objective": 0.7842440492959478,
  "objective_reduction": 0.024047706613716358,
  "initial_train_loss_history": 0.807903520739881,
  "final_train_loss_history": 0.782479232651767,
  "best_train_loss_history": 0.7824790465141654,
  "train_loss_reduction": 0.025424288088114033,
  "weight_norm": 7.05926471727571,
  "trace_s": 7.059264717275711,
  "top_eigenvalue": 4.238842232133122,
  "min_eigenvalue": 1.9961699251917984e-12,
  "R1": 0.6004651195130367,
  "effective_rank": 2.8363250736131933,
  "config_suffix": "cov_matern_mask_random_rho_NA_lambda_1e-05_beta_1_d_25_T_10_lr_0p001_iter_5000_ntrain_125_seed_42",
  "ridge_lambda": 0.01,
  "ridge_train_loss": 0.2336629876750926,
  "ridge_population_risk": 0.2671168314167816,
  "ridge_generalization_gap": 0.033453843741689,
  "ridge_excess_population_risk": 0.02158328159301784,
  "pca_n_components": 75,
  "pca_train_loss": 0.12697607008787035,
  "pca_population_risk": 0.7961738983386214,
  "pca_generalization_gap": 0.669197828250751,
  "pca_excess_population_risk": 0.5506403485148577
}