{
  "alpha": null,
  "seed": 42,
  "n_train": 500,
  "n_population": 5000,
  "train_loss": 0.5410238937005826,
  "population_risk": 0.5611336631329109,
  "bayes_population_risk": 0.1214410313285021,
  "empirical_bayes_risk": 0.12138058067241828,
  "generalization_gap": 0.02010976943232834,
  "excess_population_risk": 0.4396926318044088,
  "runtime_seconds": 36.677156487479806,
  "runtime_per_step_seconds": 0.007335431297495961,
  "initial_objective": 0.5935054952929931,
  "final_objective": 0.5438222258267411,
  "best_objective": 0.5438222258267411,
  "objective_reduction": 0.04968326946625201,
  "initial_train_loss_history": 0.5925102316726047,
  "final_train_loss_history": 0.5410238937005826,
  "best_train_loss_history": 0.5410238937005826,
  "train_loss_reduction": 0.05148633797202218,
  "weight_norm": 11.193214153233589,
  "trace_s": 11.193214153233585,
  "top_eigenvalue": 3.559533498067614,
  "min_eigenvalue": 2.4624166422505767e-09,
  "R1": 0.3180081654239867,
  "effective_rank": 6.390046119335798,
  "config_suffix": "cov_toeplitz_bump_mask_random_rho_0p7_lambda_1e-05_beta_1_d_25_T_5_lr_0p001_iter_5000_ntrain_500_seed_42"
}