{
  "alpha": null,
  "seed": 42,
  "n_train": 100,
  "n_population": 5000,
  "train_loss": 1.11209571830986,
  "population_risk": 1.1580919409887167,
  "bayes_population_risk": 0.9710902924899966,
  "empirical_bayes_risk": 0.9731222308977067,
  "generalization_gap": 0.04599622267885661,
  "excess_population_risk": 0.18700164849872014,
  "runtime_seconds": 19.732567634433508,
  "runtime_per_step_seconds": 0.003946513526886701,
  "initial_objective": 1.137085662493859,
  "final_objective": 1.118679219881373,
  "best_objective": 1.118679219881373,
  "objective_reduction": 0.018406442612485918,
  "initial_train_loss_history": 1.135967317723604,
  "final_train_loss_history": 1.11209571830986,
  "best_train_loss_history": 1.1120953791562866,
  "train_loss_reduction": 0.02387159941374395,
  "weight_norm": 6.583501456655508,
  "trace_s": 6.583501456655508,
  "top_eigenvalue": 2.4117136826057735,
  "min_eigenvalue": 3.832277778926579e-18,
  "R1": 0.36632690043193994,
  "effective_rank": 4.216419985519273,
  "config_suffix": "cov_exponential_mask_random_rho_NA_lambda_1e-05_beta_1_d_100_T_5_lr_0p001_iter_5000_ntrain_100_seed_42",
  "ridge_lambda": 0.01,
  "ridge_train_loss": 0.946577246692777,
  "ridge_population_risk": 1.0137157645821633,
  "ridge_generalization_gap": 0.0671385178893863,
  "ridge_excess_population_risk": 0.042625472092166716,
  "pca_n_components": 75,
  "pca_train_loss": 0.16491841164506224,
  "pca_population_risk": 1.2371716784243334,
  "pca_generalization_gap": 1.0722532667792712,
  "pca_excess_population_risk": 0.26608138593433683
}