{
  "alpha": null,
  "seed": 42,
  "n_train": 125,
  "n_population": 5000,
  "train_loss": 0.552957408945702,
  "population_risk": 0.7945358169613548,
  "bayes_population_risk": 0.2921672002085666,
  "empirical_bayes_risk": 0.2929169163092674,
  "generalization_gap": 0.24157840801565278,
  "excess_population_risk": 0.5023686167527881,
  "runtime_seconds": 15.884412107989192,
  "runtime_per_step_seconds": 0.0031768824215978385,
  "initial_objective": 0.6688201589607886,
  "final_objective": 0.5663379483152479,
  "best_objective": 0.5663379483152479,
  "objective_reduction": 0.10248221064554075,
  "initial_train_loss_history": 0.667852456355159,
  "final_train_loss_history": 0.552957408945702,
  "best_train_loss_history": 0.552957408945702,
  "train_loss_reduction": 0.114895047409457,
  "weight_norm": 26.760923711363567,
  "trace_s": 26.760923711363574,
  "top_eigenvalue": 7.944643991078477,
  "min_eigenvalue": 5.523523713771973e-10,
  "R1": 0.29687480435157476,
  "effective_rank": 6.941791133457217,
  "config_suffix": "cov_matern_mask_random_rho_NA_lambda_1e-05_beta_1_d_50_T_5_lr_0p001_iter_5000_ntrain_125_seed_42",
  "ridge_lambda": 0.01,
  "ridge_train_loss": 0.28376073503866933,
  "ridge_population_risk": 0.3031118350052275,
  "ridge_generalization_gap": 0.01935109996655815,
  "ridge_excess_population_risk": 0.010944634796660857,
  "pca_n_components": 75,
  "pca_train_loss": 0.1426588201433008,
  "pca_population_risk": 0.8757486774804707,
  "pca_generalization_gap": 0.7330898573371699,
  "pca_excess_population_risk": 0.5835814772719041
}