{
  "alpha": null,
  "seed": 42,
  "n_train": 5000,
  "n_population": 5000,
  "train_loss": 0.9838512368807721,
  "population_risk": 0.984795710259911,
  "bayes_population_risk": 0.7822082681172894,
  "empirical_bayes_risk": 0.7842276067179653,
  "generalization_gap": 0.0009444733791388327,
  "excess_population_risk": 0.2025874421426216,
  "runtime_seconds": 375.30484669748694,
  "runtime_per_step_seconds": 0.0750609693394974,
  "initial_objective": 0.9854265678938499,
  "final_objective": 0.9841932891552857,
  "best_objective": 0.9841932891552854,
  "objective_reduction": 0.0012332787385641586,
  "initial_train_loss_history": 0.9843306895824727,
  "final_train_loss_history": 0.9838512368807721,
  "best_train_loss_history": 0.9838512031792481,
  "train_loss_reduction": 0.00047945270170057785,
  "weight_norm": 0.342052274513522,
  "trace_s": 0.342052274513522,
  "top_eigenvalue": 0.34205227451352194,
  "min_eigenvalue": -9.357931647724687e-17,
  "R1": 0.9999999999999996,
  "effective_rank": 1.0,
  "config_suffix": "cov_exponential_mask_random_rho_NA_lambda_1e-05_beta_1_d_100_T_10_lr_0p001_iter_5000_ntrain_5000_seed_42",
  "ridge_lambda": 0.01,
  "ridge_train_loss": 0.7822858002194839,
  "ridge_population_risk": 0.7855465825234934,
  "ridge_generalization_gap": 0.003260782304009502,
  "ridge_excess_population_risk": 0.0033383144062040238,
  "pca_n_components": 75,
  "pca_train_loss": 0.9408339344493086,
  "pca_population_risk": 1.0065844528237746,
  "pca_generalization_gap": 0.065750518374466,
  "pca_excess_population_risk": 0.22437618470648524
}