{
  "alpha": null,
  "seed": 42,
  "n_train": 10000,
  "n_population": 5000,
  "train_loss": 0.9759597182771275,
  "population_risk": 0.9730019537426767,
  "bayes_population_risk": 0.45666666666666667,
  "empirical_bayes_risk": 0.4580780225598208,
  "generalization_gap": -0.0029577645344507353,
  "excess_population_risk": 0.5163352870760101,
  "runtime_seconds": 116.33496593125165,
  "runtime_per_step_seconds": 0.11633496593125164,
  "initial_objective": 0.9813133426944023,
  "final_objective": 0.9759597182748844,
  "best_objective": 0.9759597182725402,
  "objective_reduction": 0.005353624419517922,
  "initial_train_loss_history": 0.9746169345324918,
  "final_train_loss_history": 0.9759597182771275,
  "best_train_loss_history": 0.9740551871027466,
  "train_loss_reduction": -0.0013427837446357005,
  "weight_norm": 2.8745325104150938e-11,
  "trace_s": 2.874532510415094e-11,
  "top_eigenvalue": 2.8743937415311143e-11,
  "min_eigenvalue": -4.633209254883731e-27,
  "R1": NaN
}