{
  "alpha": null,
  "seed": 42,
  "n_train": 250,
  "n_population": 5000,
  "train_loss": 0.9644540473636893,
  "population_risk": 1.009138273377389,
  "bayes_population_risk": 0.2928968253968254,
  "empirical_bayes_risk": 0.29727794152513237,
  "generalization_gap": 0.0446842260136997,
  "excess_population_risk": 0.7162414479805637,
  "runtime_seconds": 51.894135045818985,
  "runtime_per_step_seconds": 0.010378827009163797,
  "initial_objective": 0.9825105627290864,
  "final_objective": 0.9673698075742597,
  "best_objective": 0.9673698075742597,
  "objective_reduction": 0.015140755154826713,
  "initial_train_loss_history": 0.9818798711476756,
  "final_train_loss_history": 0.9644540473636893,
  "best_train_loss_history": 0.9644540460218294,
  "train_loss_reduction": 0.017425823783986272,
  "weight_norm": 5.83151936525126,
  "trace_s": 5.8315193652512605,
  "top_eigenvalue": 2.289665544133871,
  "min_eigenvalue": 7.97038453293301e-15,
  "R1": 0.3926361897685676,
  "effective_rank": 4.075924791063405,
  "config_suffix": "cov_tridiagonal_mask_random_rho_0p5_lambda_1e-05_beta_1_d_50_T_10_lr_0p001_iter_5000_ntrain_250_seed_42"
}