{
  "alpha": null,
  "seed": 42,
  "n_train": 50,
  "n_population": 5000,
  "train_loss": 0.5857600374025169,
  "population_risk": 1.0517355138816253,
  "bayes_population_risk": 0.5301185178874289,
  "empirical_bayes_risk": 0.532907449574518,
  "generalization_gap": 0.4659754764791084,
  "excess_population_risk": 0.5216169959941964,
  "runtime_seconds": 31.517337158322334,
  "runtime_per_step_seconds": 0.006303467431664467,
  "initial_objective": 0.7502479153281966,
  "final_objective": 0.6150083789093002,
  "best_objective": 0.6150083789093002,
  "objective_reduction": 0.1352395364188964,
  "initial_train_loss_history": 0.7485755949322607,
  "final_train_loss_history": 0.5857600374025169,
  "best_train_loss_history": 0.5857600374025169,
  "train_loss_reduction": 0.16281555752974375,
  "weight_norm": 29.24830968103788,
  "trace_s": 29.248309681037878,
  "top_eigenvalue": 16.922451874708287,
  "min_eigenvalue": 3.571278196911873e-12,
  "R1": 0.5785787985443607,
  "effective_rank": 3.4069858875114245,
  "config_suffix": "cov_exponential_mask_random_rho_NA_lambda_1e-05_beta_1_d_100_T_5_lr_0p001_iter_5000_ntrain_50_seed_42"
}