{
  "alpha": 1.0,
  "seed": 0,
  "n_train": 2500,
  "n_population": 5000,
  "train_loss": 1.9931266199078943,
  "population_risk": 1.9956843377989935,
  "bayes_population_risk": 0.66,
  "empirical_bayes_risk": 0.6587840184498182,
  "generalization_gap": 0.002557717891099154,
  "excess_population_risk": 1.3356843377989933,
  "runtime_seconds": 52.29864204203477,
  "runtime_per_step_seconds": 0.05229864204203477,
  "initial_objective": 0.8602270979622869,
  "final_objective": 1.9935898744868183,
  "best_objective": 0.8602270979622869,
  "objective_reduction": -1.1333627765245313,
  "initial_train_loss_history": 1.9914135619102151,
  "final_train_loss_history": 1.9931266199078943,
  "best_train_loss_history": 1.155259542895617,
  "train_loss_reduction": -0.0017130579976791793,
  "weight_norm": 0.9221612843919668,
  "trace_s": 0.9221612843919667,
  "top_eigenvalue": 0.9147533546794528,
  "min_eigenvalue": -1.7815659037279953e-16,
  "R1": 0.991966774318228
}