{
  "alpha": null,
  "seed": 42,
  "n_train": 50,
  "n_population": 5000,
  "train_loss": 0.05311419392006591,
  "population_risk": 0.18015995259690218,
  "bayes_population_risk": 0.011034997727387535,
  "empirical_bayes_risk": 0.011090288208254268,
  "generalization_gap": 0.12704575867683626,
  "excess_population_risk": 0.16912495486951465,
  "runtime_seconds": 47.07874430343509,
  "runtime_per_step_seconds": 0.009415748860687018,
  "initial_objective": 0.07506978584432654,
  "final_objective": 0.06859028725810432,
  "best_objective": 0.06858885517252566,
  "objective_reduction": 0.006479498586222224,
  "initial_train_loss_history": 0.07290517289163966,
  "final_train_loss_history": 0.05311419392006591,
  "best_train_loss_history": 0.05310643248312307,
  "train_loss_reduction": 0.019790978971573746,
  "weight_norm": 7.7379829372727,
  "trace_s": 7.7379829372727,
  "top_eigenvalue": 5.302136909574103,
  "min_eigenvalue": 4.8705691445320924e-17,
  "R1": 0.6852091756411751,
  "effective_rank": 2.306298000136346,
  "config_suffix": "cov_toeplitz_mask_random_rho_0p99_lambda_1e-05_beta_1_d_200_T_20_lr_0p001_iter_5000_ntrain_50_seed_42",
  "ridge_lambda": 0.01,
  "ridge_train_loss": 0.006902466225204703,
  "ridge_population_risk": 0.01757742867051008,
  "ridge_generalization_gap": 0.010674962445305377,
  "ridge_excess_population_risk": 0.0065424309431225455,
  "pca_n_components": 75,
  "pca_train_loss": 1.0816992727364578e-16,
  "pca_population_risk": 0.8101949428783584,
  "pca_generalization_gap": 0.8101949428783582,
  "pca_excess_population_risk": 0.7991599451509708
}