{
  "alpha": 2.0,
  "seed": 0,
  "n_train": 5000,
  "n_population": 5000,
  "train_loss": 0.9031185501727923,
  "population_risk": 0.9110473285794413,
  "bayes_population_risk": 0.6299999999999999,
  "empirical_bayes_risk": 0.6338176442792546,
  "generalization_gap": 0.007928778406648962,
  "excess_population_risk": 0.28104732857944137,
  "runtime_seconds": 124.29065437498502,
  "runtime_per_step_seconds": 0.12429065437498503,
  "initial_objective": 0.9162375489640258,
  "final_objective": 0.9039965293595831,
  "best_objective": 0.9039965293595831,
  "objective_reduction": 0.012241019604442682,
  "initial_train_loss_history": 0.9102452573549188,
  "final_train_loss_history": 0.9031185501727923,
  "best_train_loss_history": 0.9029750430066334,
  "train_loss_reduction": 0.0071267071821264905,
  "weight_norm": 0.1755742982413678,
  "trace_s": 0.17557429824136786,
  "top_eigenvalue": 0.1322097571183855,
  "min_eigenvalue": 1.5680371656853427e-12,
  "R1": 0.7530131599138291
}