{
  "alpha": 1.0,
  "seed": 0,
  "n_train": 2500,
  "n_population": 5000,
  "train_loss": 0.482335926938901,
  "population_risk": 0.4810558263641091,
  "bayes_population_risk": 0.2663414634146341,
  "empirical_bayes_risk": 0.26666183085655265,
  "weight_norm": 0.004419396509222356,
  "trace_s": 0.004419396509222357,
  "top_eigenvalue": 0.0004308875046524845,
  "R1": 0.09749917296475034
}