{
  "alpha": null,
  "seed": 42,
  "n_train": 2500,
  "n_population": 5000,
  "train_loss": 0.07135186008301002,
  "population_risk": 0.07282421193605255,
  "bayes_population_risk": 0.011034997727387535,
  "empirical_bayes_risk": 0.011087075936925766,
  "generalization_gap": 0.0014723518530425361,
  "excess_population_risk": 0.06178921420866502,
  "runtime_seconds": 241.28166021220386,
  "runtime_per_step_seconds": 0.04825633204244077,
  "initial_objective": 0.07476783359347149,
  "final_objective": 0.0730359474689807,
  "best_objective": 0.0730359474689807,
  "objective_reduction": 0.0017318861244907807,
  "initial_train_loss_history": 0.07416027278377915,
  "final_train_loss_history": 0.07135186008301002,
  "best_train_loss_history": 0.07135111089807901,
  "train_loss_reduction": 0.0028084127007691334,
  "weight_norm": 3.3681747218046825,
  "trace_s": 3.368174721804682,
  "top_eigenvalue": 0.45301754777751757,
  "min_eigenvalue": -5.271907413430575e-18,
  "R1": 0.13449942036700185,
  "effective_rank": 13.040067584005621,
  "config_suffix": "cov_toeplitz_mask_random_rho_0p99_lambda_1e-05_beta_1_d_50_T_20_lr_0p001_iter_5000_ntrain_2500_seed_42",
  "ridge_lambda": 0.01,
  "ridge_train_loss": 0.01102336495656576,
  "ridge_population_risk": 0.011160838705567316,
  "ridge_generalization_gap": 0.00013747374900155603,
  "ridge_excess_population_risk": 0.00012584097817978056,
  "pca_n_components": 75,
  "pca_train_loss": 0.04683571459492161,
  "pca_population_risk": 0.05267497313013252,
  "pca_generalization_gap": 0.00583925853521091,
  "pca_excess_population_risk": 0.041639975402744986
}