{
  "alpha": null,
  "seed": 42,
  "n_train": 400,
  "n_population": 5000,
  "train_loss": 0.9755753911484503,
  "population_risk": 0.9802856816839758,
  "bayes_population_risk": 0.45666666666666667,
  "empirical_bayes_risk": 0.45396040366789636,
  "generalization_gap": 0.004710290535525519,
  "excess_population_risk": 0.5236190150173091,
  "runtime_seconds": 21.38302554562688,
  "runtime_per_step_seconds": 0.0042766051091253756,
  "initial_objective": 0.9944945635423157,
  "final_objective": 0.9768181024031628,
  "best_objective": 0.9768181024031628,
  "objective_reduction": 0.017676461139152888,
  "initial_train_loss_history": 0.9939573787699011,
  "final_train_loss_history": 0.9755753911484503,
  "best_train_loss_history": 0.9755753911484503,
  "train_loss_reduction": 0.018381987621450824,
  "weight_norm": 4.970843819413224,
  "trace_s": 4.970843819413224,
  "top_eigenvalue": 1.6006818945191659,
  "min_eigenvalue": 1.6498363740338388e-13,
  "R1": 0.32201411926639767,
  "effective_rank": 5.117063938309036,
  "config_suffix": "cov_tridiagonal_mask_random_rho_0p5_lambda_1e-05_beta_1_d_25_T_5_lr_0p001_iter_5000_ntrain_400_seed_42",
  "ridge_lambda": 0.01,
  "ridge_train_loss": 0.4561568142052737,
  "ridge_population_risk": 0.4585364982777341,
  "ridge_generalization_gap": 0.002379684072460364,
  "ridge_excess_population_risk": 0.0018698316110674074,
  "pca_n_components": 62,
  "pca_train_loss": 0.6406175895957485,
  "pca_population_risk": 1.0899088622846103,
  "pca_generalization_gap": 0.4492912726888617,
  "pca_excess_population_risk": 0.6332421956179436
}