{
  "alpha": null,
  "seed": 42,
  "n_train": 10,
  "n_population": 5000,
  "train_loss": 0.6470967122436161,
  "population_risk": 1.3681255975575524,
  "bayes_population_risk": 0.45666666666666667,
  "empirical_bayes_risk": 0.45763081300445674,
  "generalization_gap": 0.7210288853139363,
  "excess_population_risk": 0.9114589308908857,
  "runtime_seconds": 24.989134784787893,
  "runtime_per_step_seconds": 0.0024989134784787893,
  "initial_objective": 1.048123651192781,
  "final_objective": 0.7182882546612409,
  "best_objective": 0.7182882515430942,
  "objective_reduction": 0.32983539653154004,
  "initial_train_loss_history": 1.0368902941592864,
  "final_train_loss_history": 0.6470967122436161,
  "best_train_loss_history": 0.6470889525638068,
  "train_loss_reduction": 0.38979358191567026,
  "weight_norm": 14.238308460881333,
  "trace_s": 14.238308460881335,
  "top_eigenvalue": 9.717359537867559,
  "min_eigenvalue": 5.405419414648305e-16,
  "R1": 0.6824799142795134
}