{
  "alpha": null,
  "seed": 42,
  "n_train": 2000,
  "n_population": 5000,
  "train_loss": 1.1104661619757785,
  "population_risk": 1.1232459915884958,
  "bayes_population_risk": 0.6,
  "empirical_bayes_risk": 0.6000091440026428,
  "generalization_gap": 0.012779829612717286,
  "excess_population_risk": 0.5232459915884958,
  "runtime_seconds": 227.2619699705392,
  "runtime_per_step_seconds": 0.022726196997053923,
  "initial_objective": 1.1142922382180065,
  "final_objective": 1.1109628566870906,
  "best_objective": 1.1109628565774092,
  "objective_reduction": 0.003329381530915887,
  "initial_train_loss_history": 1.1137097665327804,
  "final_train_loss_history": 1.1104661619757785,
  "best_train_loss_history": 1.1104636502076155,
  "train_loss_reduction": 0.0032436045570019,
  "weight_norm": 0.993393183467618,
  "trace_s": 0.9933931834676181,
  "top_eigenvalue": 0.41032543632704155,
  "min_eigenvalue": 1.1710727332347968e-17,
  "R1": 0.4130544110386651,
  "config_suffix": "cov_tridiagonal_mask_last_rho_0p5_lambda_1e-05_beta_1_d_50_T_5_lr_0p001_iter_10000_ntrain_2000_seed_42"
}