{
  "alpha": null,
  "seed": 42,
  "n_train": 150,
  "n_population": 5000,
  "train_loss": 1.0049266435924429,
  "population_risk": 1.0345242804786234,
  "bayes_population_risk": 0.9267692307692309,
  "empirical_bayes_risk": 0.9273448579166188,
  "generalization_gap": 0.029597636886180556,
  "excess_population_risk": 0.10775504970939254,
  "runtime_seconds": 90.32209840044379,
  "runtime_per_step_seconds": 0.018064419680088758,
  "initial_objective": 1.019465989753297,
  "final_objective": 1.0099869434969189,
  "best_objective": 1.0099869434969184,
  "objective_reduction": 0.009479046256378076,
  "initial_train_loss_history": 1.017441867177397,
  "final_train_loss_history": 1.0049266435924429,
  "best_train_loss_history": 1.0049264638763686,
  "train_loss_reduction": 0.01251522358495416,
  "weight_norm": 2.530149952237909,
  "trace_s": 2.530149952237909,
  "top_eigenvalue": 2.5301499522379083,
  "min_eigenvalue": -8.072937213587746e-16,
  "R1": 1.0000000000000002,
  "effective_rank": 1.0,
  "config_suffix": "cov_toeplitz_mask_random_rho_0p2_lambda_1e-05_beta_1_d_200_T_20_lr_0p001_iter_5000_ntrain_150_seed_42"
}