{
  "alpha": 1.0,
  "seed": 0,
  "n_train": 2500,
  "n_population": 5000,
  "train_loss": 1.116730424894559,
  "population_risk": 1.1173873553570972,
  "bayes_population_risk": 0.9415384615384615,
  "empirical_bayes_risk": 0.9386062792670183,
  "weight_norm": 0.37783633875881834,
  "trace_s": 0.3778363387588182,
  "top_eigenvalue": 0.06735511144700629,
  "R1": 0.1782653083826345
}