{
  "alpha": null,
  "seed": 42,
  "n_train": 1500,
  "n_population": 5000,
  "train_loss": 0.7125629034607364,
  "population_risk": 0.7297173862876345,
  "bayes_population_risk": 0.5301185178874289,
  "empirical_bayes_risk": 0.5302972731472956,
  "generalization_gap": 0.017154482826898132,
  "excess_population_risk": 0.19959886840020558,
  "runtime_seconds": 58.12116830050945,
  "runtime_per_step_seconds": 0.011624233660101891,
  "initial_objective": 0.7403402282278381,
  "final_objective": 0.7221450188154744,
  "best_objective": 0.7221450188154744,
  "objective_reduction": 0.018195209412363633,
  "initial_train_loss_history": 0.7387112263924092,
  "final_train_loss_history": 0.7125629034607364,
  "best_train_loss_history": 0.7125626065599557,
  "train_loss_reduction": 0.026148322931672796,
  "weight_norm": 9.58211510156216,
  "trace_s": 9.58211510156216,
  "top_eigenvalue": 2.688593287604057,
  "min_eigenvalue": 7.316265287797565e-16,
  "R1": 0.2805845326535202,
  "effective_rank": 9.453236767968383,
  "config_suffix": "cov_exponential_mask_random_rho_NA_lambda_1e-05_beta_1_d_100_T_5_lr_0p001_iter_5000_ntrain_1500_seed_42",
  "ridge_lambda": 0.01,
  "ridge_train_loss": 0.5278101270758532,
  "ridge_population_risk": 0.5316864223418961,
  "ridge_generalization_gap": 0.0038762952660429395,
  "ridge_excess_population_risk": 0.001567904454467195,
  "pca_n_components": 75,
  "pca_train_loss": 0.6993421231074678,
  "pca_population_risk": 0.8269617391986572,
  "pca_generalization_gap": 0.12761961609118944,
  "pca_excess_population_risk": 0.2968432213112283
}