{
  "alpha": null,
  "seed": 42,
  "n_train": 150,
  "n_population": 5000,
  "train_loss": 0.20417801349028106,
  "population_risk": 0.3601009275721867,
  "bayes_population_risk": 0.13898342541436456,
  "empirical_bayes_risk": 0.1387747640940081,
  "generalization_gap": 0.15592291408190564,
  "excess_population_risk": 0.22111750215782214,
  "runtime_seconds": 21.148261159658432,
  "runtime_per_step_seconds": 0.004229652231931686,
  "initial_objective": 0.30034042660421306,
  "final_objective": 0.2301016007967969,
  "best_objective": 0.2301016007967969,
  "objective_reduction": 0.07023882580741617,
  "initial_train_loss_history": 0.2981439302491236,
  "final_train_loss_history": 0.20417801349028106,
  "best_train_loss_history": 0.20417801349028106,
  "train_loss_reduction": 0.09396591675884255,
  "weight_norm": 25.923574379604137,
  "trace_s": 25.92357437960414,
  "top_eigenvalue": 12.410670864807912,
  "min_eigenvalue": 2.1303821356483995e-12,
  "R1": 0.4787407277667788,
  "effective_rank": 5.301937195884568,
  "config_suffix": "cov_toeplitz_mask_random_rho_0p9_lambda_1e-05_beta_1_d_100_T_5_lr_0p001_iter_5000_ntrain_150_seed_42",
  "ridge_lambda": 0.01,
  "ridge_train_loss": 0.14172201529281664,
  "ridge_population_risk": 0.1427773291007184,
  "ridge_generalization_gap": 0.0010553138079017477,
  "ridge_excess_population_risk": 0.0037939036863538222,
  "pca_n_components": 75,
  "pca_train_loss": 0.13593331119775887,
  "pca_population_risk": 0.5399563916692428,
  "pca_generalization_gap": 0.40402308047148394,
  "pca_excess_population_risk": 0.4009729662548782
}