{
  "alpha": null,
  "seed": 42,
  "n_train": 125,
  "n_population": 5000,
  "train_loss": 1.0506904417338874,
  "population_risk": 1.0495145319851156,
  "bayes_population_risk": 1.0,
  "empirical_bayes_risk": 0.996867145387505,
  "generalization_gap": -0.0011759097487717973,
  "excess_population_risk": 0.04951453198511557,
  "runtime_seconds": 88.95703125745058,
  "runtime_per_step_seconds": 0.017791406251490116,
  "initial_objective": 1.0574929989567277,
  "final_objective": 1.0531728501441093,
  "best_objective": 1.0531728501441067,
  "objective_reduction": 0.00432014881261833,
  "initial_train_loss_history": 1.0554729522269617,
  "final_train_loss_history": 1.0506904417338874,
  "best_train_loss_history": 1.0506900673093338,
  "train_loss_reduction": 0.004782510493074321,
  "weight_norm": 1.241204205111829,
  "trace_s": 1.241204205111829,
  "top_eigenvalue": 1.2412042051118286,
  "min_eigenvalue": -2.595881042622451e-16,
  "R1": 0.9999999999999998,
  "effective_rank": 1.0,
  "config_suffix": "cov_identity_mask_random_rho_NA_lambda_1e-05_beta_1_d_200_T_20_lr_0p001_iter_5000_ntrain_125_seed_42"
}