{
  "alpha": null,
  "seed": 42,
  "n_train": 400,
  "n_population": 5000,
  "train_loss": 0.14262214184709401,
  "population_risk": 0.16305730189483708,
  "bayes_population_risk": 0.010443997575880022,
  "empirical_bayes_risk": 0.010470050782476046,
  "generalization_gap": 0.020435160047743067,
  "excess_population_risk": 0.15261330431895706,
  "runtime_seconds": 274.20977495983243,
  "runtime_per_step_seconds": 0.054841954991966486,
  "initial_objective": 0.1565776712558621,
  "final_objective": 0.14932481897564773,
  "best_objective": 0.14932481866001313,
  "objective_reduction": 0.0072528522802143836,
  "initial_train_loss_history": 0.15553206199093583,
  "final_train_loss_history": 0.14262214184709401,
  "best_train_loss_history": 0.14262167889396266,
  "train_loss_reduction": 0.012909920143841819,
  "weight_norm": 6.702676882255835,
  "trace_s": 6.702676882255834,
  "top_eigenvalue": 6.027652747303369,
  "min_eigenvalue": 1.816903926457727e-17,
  "R1": 0.8992903661014192,
  "effective_rank": 1.5436414377135785,
  "config_suffix": "cov_toeplitz_mask_random_rho_0p99_lambda_1e-05_beta_1_d_100_T_50_lr_0p001_iter_5000_ntrain_400_seed_42",
  "ridge_lambda": 0.01,
  "ridge_train_loss": 0.009100692627277413,
  "ridge_population_risk": 0.01192169085718434,
  "ridge_generalization_gap": 0.0028209982299069267,
  "ridge_excess_population_risk": 0.001477693281304317,
  "pca_n_components": 75,
  "pca_train_loss": 0.2092569563091122,
  "pca_population_risk": 0.3930282162480808,
  "pca_generalization_gap": 0.18377125993896862,
  "pca_excess_population_risk": 0.38258421867220077
}