{
  "alpha": 5.0,
  "seed": 0,
  "n_train": 12500,
  "n_population": 5000,
  "train_loss": 0.8472553100458643,
  "population_risk": 0.845503741079752,
  "bayes_population_risk": 0.66,
  "empirical_bayes_risk": 0.657599225794865,
  "generalization_gap": -0.0017515689661122824,
  "excess_population_risk": 0.18550374107975198,
  "runtime_seconds": 170.59681112499675,
  "runtime_per_step_seconds": 0.17059681112499675,
  "initial_objective": 0.8691065879752568,
  "final_objective": 0.8503084902544252,
  "best_objective": 0.8503084902544252,
  "objective_reduction": 0.01879809772083152,
  "initial_train_loss_history": 1.9991935914627603,
  "final_train_loss_history": 0.8472553100458643,
  "best_train_loss_history": 0.8472553100458643,
  "train_loss_reduction": 1.151938281416896,
  "weight_norm": 0.6106323096054601,
  "trace_s": 0.6106323096054601,
  "top_eigenvalue": 0.0894069484056687,
  "min_eigenvalue": 1.8078172895619758e-17,
  "R1": 0.14641699595528457
}