{
  "alpha": null,
  "seed": 42,
  "n_train": 2000,
  "n_population": 5000,
  "train_loss": 0.6491156027423673,
  "population_risk": 0.6630793475873846,
  "bayes_population_risk": 0.2921672002085666,
  "empirical_bayes_risk": 0.2907138414314156,
  "generalization_gap": 0.013963744845017279,
  "excess_population_risk": 0.370912147378818,
  "runtime_seconds": 98.12022210191935,
  "runtime_per_step_seconds": 0.01962404442038387,
  "initial_objective": 0.6792501174643822,
  "final_objective": 0.6540799236319706,
  "best_objective": 0.6540799236319706,
  "objective_reduction": 0.02517019383241159,
  "initial_train_loss_history": 0.6781589501304602,
  "final_train_loss_history": 0.6491156027423673,
  "best_train_loss_history": 0.6491156027423673,
  "train_loss_reduction": 0.02904334738809289,
  "weight_norm": 9.928637644546795,
  "trace_s": 9.928637644546793,
  "top_eigenvalue": 1.8630695499712286,
  "min_eigenvalue": 2.2885772716161076e-14,
  "R1": 0.18764604134732432,
  "effective_rank": 10.347717131627414,
  "config_suffix": "cov_matern_mask_random_rho_NA_lambda_1e-05_beta_1_d_50_T_5_lr_0p001_iter_5000_ntrain_2000_seed_42"
}