{
  "alpha": null,
  "seed": 42,
  "n_train": 2000,
  "n_population": 5000,
  "train_loss": 1.0223942770575178,
  "population_risk": 1.0295645828671447,
  "bayes_population_risk": 0.9267692307692309,
  "empirical_bayes_risk": 0.9305306958472689,
  "generalization_gap": 0.0071703058096268535,
  "excess_population_risk": 0.1027953520979138,
  "runtime_seconds": 167.51596021093428,
  "runtime_per_step_seconds": 0.03350319204218686,
  "initial_objective": 1.0235476360925768,
  "final_objective": 1.0225423748358526,
  "best_objective": 1.0225423748358524,
  "objective_reduction": 0.001005261256724177,
  "initial_train_loss_history": 1.023012368686979,
  "final_train_loss_history": 1.0223942770575178,
  "best_train_loss_history": 1.0223942770575176,
  "train_loss_reduction": 0.0006180916294611372,
  "weight_norm": 0.29619555666964137,
  "trace_s": 0.29619555666964137,
  "top_eigenvalue": 0.29619555666964126,
  "min_eigenvalue": -7.305941746580468e-17,
  "R1": 1.0,
  "effective_rank": 1.0,
  "config_suffix": "cov_toeplitz_mask_random_rho_0p2_lambda_1e-05_beta_1_d_50_T_20_lr_0p001_iter_5000_ntrain_2000_seed_42"
}