{
  "alpha": null,
  "seed": 42,
  "n_train": 200,
  "n_population": 5000,
  "train_loss": 0.4559139019149937,
  "population_risk": 0.6452461307287847,
  "bayes_population_risk": 0.05101341981519296,
  "empirical_bayes_risk": 0.05125847989852781,
  "generalization_gap": 0.18933222881379097,
  "excess_population_risk": 0.5942327109135918,
  "runtime_seconds": 56.26149717718363,
  "runtime_per_step_seconds": 0.011252299435436725,
  "initial_objective": 0.5483420173268548,
  "final_objective": 0.4671579238258641,
  "best_objective": 0.4671579238258641,
  "objective_reduction": 0.08118409350099076,
  "initial_train_loss_history": 0.5475320704150536,
  "final_train_loss_history": 0.4559139019149937,
  "best_train_loss_history": 0.4559139019149937,
  "train_loss_reduction": 0.09161816850005988,
  "weight_norm": 22.487935896377866,
  "trace_s": 22.487935896377873,
  "top_eigenvalue": 10.414139693219624,
  "min_eigenvalue": 7.260381480131791e-10,
  "R1": 0.46309895853523086,
  "effective_rank": 5.229677475122904,
  "config_suffix": "cov_matern_mask_random_rho_NA_lambda_1e-05_beta_1_d_50_T_10_lr_0p001_iter_5000_ntrain_200_seed_42"
}