{
  "alpha": null,
  "seed": 42,
  "n_train": 5000,
  "n_population": 5000,
  "train_loss": 0.8460924064289669,
  "population_risk": 0.8407033500090678,
  "bayes_population_risk": 0.66,
  "empirical_bayes_risk": 0.6590529439555347,
  "generalization_gap": -0.005389056419899063,
  "excess_population_risk": 0.1807033500090678,
  "runtime_seconds": 614.840819824487,
  "runtime_per_step_seconds": 0.061484081982448695,
  "initial_objective": 0.8586200623270442,
  "final_objective": 0.848710926175696,
  "best_objective": 0.8487108237680153,
  "objective_reduction": 0.009909136151348252,
  "initial_train_loss_history": 0.8556482998077463,
  "final_train_loss_history": 0.8460924064289669,
  "best_train_loss_history": 0.8460920558363668,
  "train_loss_reduction": 0.009555893378779379,
  "weight_norm": 5.237072790065858,
  "trace_s": 5.2370727900658585,
  "top_eigenvalue": 0.9226217407066667,
  "min_eigenvalue": 6.607708080546913e-17,
  "R1": 0.17617126545515596
}