{
  "alpha": null,
  "seed": 42,
  "n_train": 70,
  "n_population": 5000,
  "train_loss": 0.3985426879085913,
  "population_risk": 0.805670355653272,
  "bayes_population_risk": 0.1214410313285021,
  "empirical_bayes_risk": 0.12297711257402694,
  "generalization_gap": 0.40712766774468073,
  "excess_population_risk": 0.6842293243247699,
  "runtime_seconds": 15.758328197523952,
  "runtime_per_step_seconds": 0.0031516656395047904,
  "initial_objective": 0.5578864218044343,
  "final_objective": 0.40976003704307123,
  "best_objective": 0.40976003704307123,
  "objective_reduction": 0.14812638476136303,
  "initial_train_loss_history": 0.5567713113280243,
  "final_train_loss_history": 0.3985426879085913,
  "best_train_loss_history": 0.3985426879085913,
  "train_loss_reduction": 0.15822862341943295,
  "weight_norm": 44.8659814612453,
  "trace_s": 44.865981461245305,
  "top_eigenvalue": 17.538229514217385,
  "min_eigenvalue": 6.14930444180194e-06,
  "R1": 0.3909026158129785,
  "effective_rank": 6.621928139942081,
  "config_suffix": "cov_toeplitz_bump_mask_random_rho_0p7_lambda_1e-05_beta_1_d_25_T_5_lr_0p001_iter_5000_ntrain_70_seed_42",
  "ridge_lambda": 0.01,
  "ridge_train_loss": 0.09179827787098728,
  "ridge_population_risk": 0.13026623802619078,
  "ridge_generalization_gap": 0.0384679601552035,
  "ridge_excess_population_risk": 0.008825206697688673,
  "pca_n_components": 62,
  "pca_train_loss": 0.01290485570913429,
  "pca_population_risk": 0.8549507775442806,
  "pca_generalization_gap": 0.8420459218351464,
  "pca_excess_population_risk": 0.7335097462157785
}