{
  "alpha": 2.0,
  "seed": 0,
  "n_train": 5000,
  "n_population": 5000,
  "train_loss": 0.9031637225154802,
  "population_risk": 0.9111165506153951,
  "bayes_population_risk": 0.6299999999999999,
  "empirical_bayes_risk": 0.6338176442792546,
  "generalization_gap": 0.007952828099914933,
  "excess_population_risk": 0.2811165506153952,
  "runtime_seconds": 124.4907620419981,
  "runtime_per_step_seconds": 0.12449076204199809,
  "initial_objective": 0.9162375489640258,
  "final_objective": 0.9039558940632977,
  "best_objective": 0.9039558940632977,
  "objective_reduction": 0.012281654900728078,
  "initial_train_loss_history": 0.9063970451226767,
  "final_train_loss_history": 0.9031637225154802,
  "best_train_loss_history": 0.9030208697650552,
  "train_loss_reduction": 0.0032333226071965537,
  "weight_norm": 0.15843422302076596,
  "trace_s": 0.15843422302076593,
  "top_eigenvalue": 0.14581841198577872,
  "min_eigenvalue": 1.1898289719730143e-15,
  "R1": 0.9203719323107752
}