{
  "alpha": null,
  "seed": 42,
  "n_train": 40,
  "n_population": 5000,
  "train_loss": 0.9741525675775355,
  "population_risk": 1.1136955457697866,
  "bayes_population_risk": 0.9245538461538463,
  "empirical_bayes_risk": 0.9254676655960382,
  "generalization_gap": 0.13954297819225103,
  "excess_population_risk": 0.1891416996159403,
  "runtime_seconds": 67.54669901542366,
  "runtime_per_step_seconds": 0.013509339803084731,
  "initial_objective": 1.023281804834782,
  "final_objective": 0.9830070172990875,
  "best_objective": 0.9830070172990875,
  "objective_reduction": 0.04027478753569458,
  "initial_train_loss_history": 1.0221757754944916,
  "final_train_loss_history": 0.9741525675775355,
  "best_train_loss_history": 0.97413071385003,
  "train_loss_reduction": 0.04802320791695602,
  "weight_norm": 8.854449721551681,
  "trace_s": 8.85444972155168,
  "top_eigenvalue": 8.854449721530203,
  "min_eigenvalue": -2.4001296582637494e-15,
  "R1": 0.9999999999975747,
  "effective_rank": 1.0000000000639684,
  "config_suffix": "cov_toeplitz_mask_random_rho_0p2_lambda_1e-05_beta_1_d_100_T_50_lr_0p001_iter_5000_ntrain_40_seed_42",
  "ridge_lambda": 0.01,
  "ridge_train_loss": 1.0949037729104471e-05,
  "ridge_population_risk": 5.523840552476348,
  "ridge_generalization_gap": 5.523829603438619,
  "ridge_excess_population_risk": 4.599286706322502,
  "pca_n_components": 75,
  "pca_train_loss": 1.0507133299209927e-16,
  "pca_population_risk": 1.0322166410517721,
  "pca_generalization_gap": 1.0322166410517721,
  "pca_excess_population_risk": 0.10766279489792585
}