{
  "alpha": null,
  "seed": 42,
  "n_train": 175,
  "n_population": 5000,
  "train_loss": 0.25014013615146324,
  "population_risk": 0.29688292159599566,
  "bayes_population_risk": 0.06837077148121563,
  "empirical_bayes_risk": 0.06846691670659419,
  "generalization_gap": 0.04674278544453242,
  "excess_population_risk": 0.22851215011478004,
  "runtime_seconds": 39.88378941267729,
  "runtime_per_step_seconds": 0.007976757882535457,
  "initial_objective": 0.2909110271999579,
  "final_objective": 0.2591140640497877,
  "best_objective": 0.2591140640497877,
  "objective_reduction": 0.031796963150170166,
  "initial_train_loss_history": 0.290060110920831,
  "final_train_loss_history": 0.25014013615146324,
  "best_train_loss_history": 0.25014013615146324,
  "train_loss_reduction": 0.03991997476936776,
  "weight_norm": 17.94784656621679,
  "trace_s": 17.947846566216793,
  "top_eigenvalue": 10.300077094288174,
  "min_eigenvalue": 9.437876465712788e-13,
  "R1": 0.5738892995483923,
  "effective_rank": 4.231392521896645,
  "config_suffix": "cov_circulant_ar1_mask_random_rho_0p9_lambda_1e-05_beta_1_d_50_T_10_lr_0p001_iter_5000_ntrain_175_seed_42"
}