{
  "alpha": null,
  "seed": 42,
  "n_train": 70,
  "n_population": 5000,
  "train_loss": 0.20476779225836,
  "population_risk": 0.48478139363791245,
  "bayes_population_risk": 0.07006953088198194,
  "empirical_bayes_risk": 0.07086172379482564,
  "generalization_gap": 0.28001360137955245,
  "excess_population_risk": 0.4147118627559305,
  "runtime_seconds": 22.59665915183723,
  "runtime_per_step_seconds": 0.004519331830367446,
  "initial_objective": 0.358015855881485,
  "final_objective": 0.21554193181993378,
  "best_objective": 0.21554193181993378,
  "objective_reduction": 0.1424739240615512,
  "initial_train_loss_history": 0.3566738825979106,
  "final_train_loss_history": 0.20476779225836,
  "best_train_loss_history": 0.20476779225836,
  "train_loss_reduction": 0.1519060903395506,
  "weight_norm": 43.07322500990579,
  "trace_s": 43.073225009905784,
  "top_eigenvalue": 21.153776377202796,
  "min_eigenvalue": 1.7286235022060323e-06,
  "R1": 0.49111196972917526,
  "effective_rank": 5.438827831385906,
  "config_suffix": "cov_matern_mask_random_rho_NA_lambda_1e-05_beta_1_d_25_T_5_lr_0p001_iter_5000_ntrain_70_seed_42"
}