{
  "alpha": null,
  "seed": 42,
  "n_train": 2000,
  "n_population": 5000,
  "train_loss": 1.0328735867249634,
  "population_risk": 1.0260782938997028,
  "bayes_population_risk": 0.8649174311926606,
  "empirical_bayes_risk": 0.8634494169884988,
  "generalization_gap": -0.00679529282526059,
  "excess_population_risk": 0.16116086270704222,
  "runtime_seconds": 20.837206261232495,
  "runtime_per_step_seconds": 0.020837206261232494,
  "initial_objective": 1.0382821060922198,
  "final_objective": 1.0328735867246626,
  "best_objective": 1.0328735867244423,
  "objective_reduction": 0.005408519367557263,
  "initial_train_loss_history": 1.0319323747054416,
  "final_train_loss_history": 1.0328735867249634,
  "best_train_loss_history": 1.0315296562943055,
  "train_loss_reduction": -0.0009412120195217977,
  "weight_norm": 4.203833394104731e-12,
  "trace_s": 4.203833394104731e-12,
  "top_eigenvalue": 4.135457688601229e-12,
  "min_eigenvalue": -6.283310660312023e-28,
  "R1": NaN
}