{
  "alpha": null,
  "seed": 42,
  "n_train": 30,
  "n_population": 5000,
  "train_loss": 0.9486388372609321,
  "population_risk": 1.2056708525911821,
  "bayes_population_risk": 0.9675589362829065,
  "empirical_bayes_risk": 0.9711747780597865,
  "generalization_gap": 0.25703201533025,
  "excess_population_risk": 0.23811191630827566,
  "runtime_seconds": 19.897513270378113,
  "runtime_per_step_seconds": 0.003979502654075623,
  "initial_objective": 1.011806855637309,
  "final_objective": 0.9538619369353432,
  "best_objective": 0.9538619369353432,
  "objective_reduction": 0.05794491870196583,
  "initial_train_loss_history": 1.0112033649496845,
  "final_train_loss_history": 0.9486388372609321,
  "best_train_loss_history": 0.9486388372609321,
  "train_loss_reduction": 0.06256452768875242,
  "weight_norm": 10.446185448665068,
  "trace_s": 10.446185448665071,
  "top_eigenvalue": 5.209244651495217,
  "min_eigenvalue": 3.622235696864856e-12,
  "R1": 0.49867434166228697,
  "effective_rank": 2.6956375634961067,
  "config_suffix": "cov_exponential_mask_random_rho_NA_lambda_1e-05_beta_1_d_50_T_10_lr_0p001_iter_5000_ntrain_30_seed_42",
  "ridge_lambda": 0.01,
  "ridge_train_loss": 0.6877334667754647,
  "ridge_population_risk": 1.3829314342673753,
  "ridge_generalization_gap": 0.6951979674919107,
  "ridge_excess_population_risk": 0.41537249798446885,
  "pca_n_components": 75,
  "pca_train_loss": 1.2969149898569095e-16,
  "pca_population_risk": 1.104984748930558,
  "pca_generalization_gap": 1.1049847489305578,
  "pca_excess_population_risk": 0.13742581264765152
}