{
  "alpha": null,
  "seed": 42,
  "n_train": 1000,
  "n_population": 5000,
  "train_loss": 0.2737083515649011,
  "population_risk": 0.2757349742427181,
  "bayes_population_risk": 0.06837077148121563,
  "empirical_bayes_risk": 0.06848954870417742,
  "generalization_gap": 0.0020266226778170027,
  "excess_population_risk": 0.20736420276150247,
  "runtime_seconds": 203.28202548623085,
  "runtime_per_step_seconds": 0.04065640509724617,
  "initial_objective": 0.2884830242925708,
  "final_objective": 0.2781833903523889,
  "best_objective": 0.2781833903523889,
  "objective_reduction": 0.010299633940181852,
  "initial_train_loss_history": 0.28773789819453205,
  "final_train_loss_history": 0.2737083515649011,
  "best_train_loss_history": 0.2737083515649011,
  "train_loss_reduction": 0.014029546629630962,
  "weight_norm": 8.950076540029283,
  "trace_s": 8.950076540029283,
  "top_eigenvalue": 2.4784484150699866,
  "min_eigenvalue": 1.462654688567262e-13,
  "R1": 0.27691924242045396,
  "effective_rank": 9.115834979655293,
  "config_suffix": "cov_circulant_ar1_mask_random_rho_0p9_lambda_1e-05_beta_1_d_50_T_10_lr_0p001_iter_5000_ntrain_1000_seed_42"
}