{
  "alpha": 0.5,
  "seed": 0,
  "n_train": 1250,
  "n_population": 5000,
  "train_loss": 0.8991092639931849,
  "population_risk": 0.9137592873356946,
  "bayes_population_risk": 0.6299999999999999,
  "empirical_bayes_risk": 0.6306753481946317,
  "generalization_gap": 0.014650023342509644,
  "excess_population_risk": 0.28375928733569467,
  "runtime_seconds": 36.46420012501767,
  "runtime_per_step_seconds": 0.03646420012501767,
  "initial_objective": 0.9114145239325465,
  "final_objective": 0.8995599573356653,
  "best_objective": 0.8995599573356653,
  "objective_reduction": 0.011854566596881222,
  "initial_train_loss_history": 0.9100013827519284,
  "final_train_loss_history": 0.8991092639931849,
  "best_train_loss_history": 0.8991092639931849,
  "train_loss_reduction": 0.010892118758743519,
  "weight_norm": 0.900811863284946,
  "trace_s": 0.9008118632849461,
  "top_eigenvalue": 0.25481127876430176,
  "min_eigenvalue": 2.780640257832336e-10,
  "R1": 0.282868475815909
}