{
  "alpha": null,
  "seed": 42,
  "n_train": 100,
  "n_population": 5000,
  "train_loss": 0.9419873011091692,
  "population_risk": 1.052009262228968,
  "bayes_population_risk": 0.7166519216006867,
  "empirical_bayes_risk": 0.7204764183495889,
  "generalization_gap": 0.1100219611197989,
  "excess_population_risk": 0.3353573406282814,
  "runtime_seconds": 18.29463306069374,
  "runtime_per_step_seconds": 0.003658926612138748,
  "initial_objective": 0.9875650933120775,
  "final_objective": 0.9462287405686958,
  "best_objective": 0.9462287405686958,
  "objective_reduction": 0.041336352743381766,
  "initial_train_loss_history": 0.9868896950512869,
  "final_train_loss_history": 0.9419873011091692,
  "best_train_loss_history": 0.9419873011091692,
  "train_loss_reduction": 0.0449023939421177,
  "weight_norm": 8.48287275398729,
  "trace_s": 8.482872753987293,
  "top_eigenvalue": 5.450018320889292,
  "min_eigenvalue": 1.3851399053713287e-13,
  "R1": 0.642473190267715,
  "effective_rank": 2.7264757889395925,
  "config_suffix": "cov_matern_mask_random_rho_NA_lambda_1e-05_beta_1_d_50_T_10_lr_0p001_iter_5000_ntrain_100_seed_42",
  "ridge_lambda": 0.01,
  "ridge_train_loss": 0.6514256564539929,
  "ridge_population_risk": 0.7920211564454327,
  "ridge_generalization_gap": 0.14059549999143983,
  "ridge_excess_population_risk": 0.075369234844746,
  "pca_n_components": 75,
  "pca_train_loss": 0.14628267710445225,
  "pca_population_risk": 1.1392141636542075,
  "pca_generalization_gap": 0.9929314865497552,
  "pca_excess_population_risk": 0.4225622420535208
}