{
  "alpha": null,
  "seed": 42,
  "n_train": 1000,
  "n_population": 5000,
  "train_loss": 1.0365476546778494,
  "population_risk": 1.0439929736691103,
  "bayes_population_risk": 0.6299999999999999,
  "empirical_bayes_risk": 0.7502821945000242,
  "generalization_gap": 0.007445318991260885,
  "excess_population_risk": 0.41399297366911036,
  "runtime_seconds": 39.25362836569548,
  "runtime_per_step_seconds": 0.03925362836569548,
  "initial_objective": 1.046265649060667,
  "final_objective": 1.0380165116913669,
  "best_objective": 1.0380165116913669,
  "objective_reduction": 0.008249137369300108,
  "initial_train_loss_history": 1.0451446721847546,
  "final_train_loss_history": 1.0365476546778494,
  "best_train_loss_history": 1.0365476546778494,
  "train_loss_reduction": 0.008597017506905225,
  "weight_norm": 1.46882942087234,
  "trace_s": 1.4688294208723398,
  "top_eigenvalue": 1.460585576350696,
  "min_eigenvalue": 2.2720314958898724e-12,
  "R1": 0.994387473177962
}