{
  "alpha": null,
  "seed": 42,
  "n_train": 100,
  "n_population": 5000,
  "train_loss": 0.9249273834383647,
  "population_risk": 1.060901813717209,
  "bayes_population_risk": 0.45666666666666667,
  "empirical_bayes_risk": 0.46134376626077217,
  "generalization_gap": 0.13597443027884437,
  "excess_population_risk": 0.6042351470505424,
  "runtime_seconds": 18.01323688775301,
  "runtime_per_step_seconds": 0.003602647377550602,
  "initial_objective": 1.0137998495297047,
  "final_objective": 0.9286920665739797,
  "best_objective": 0.9286920665739797,
  "objective_reduction": 0.08510778295572496,
  "initial_train_loss_history": 1.0132995501799527,
  "final_train_loss_history": 0.9249273834383647,
  "best_train_loss_history": 0.9249273834383647,
  "train_loss_reduction": 0.08837216674158799,
  "weight_norm": 15.05861661279233,
  "trace_s": 15.058616612792326,
  "top_eigenvalue": 7.275483682858094,
  "min_eigenvalue": 5.613791151852414e-10,
  "R1": 0.4831442269854693,
  "effective_rank": 3.5653721923520716,
  "config_suffix": "cov_tridiagonal_mask_random_rho_0p5_lambda_1e-05_beta_1_d_25_T_5_lr_0p001_iter_5000_ntrain_100_seed_42",
  "ridge_lambda": 0.01,
  "ridge_train_loss": 0.42408513020339883,
  "ridge_population_risk": 0.4799540215262765,
  "ridge_generalization_gap": 0.055868891322877645,
  "ridge_excess_population_risk": 0.02328735485960981,
  "pca_n_components": 62,
  "pca_train_loss": 0.19067022181212623,
  "pca_population_risk": 1.5346313256349546,
  "pca_generalization_gap": 1.3439611038228283,
  "pca_excess_population_risk": 1.077964658968288
}