{
  "alpha": null,
  "seed": 42,
  "n_train": 2500,
  "n_population": 5000,
  "train_loss": 0.42981679604985473,
  "population_risk": 0.43493301173126403,
  "bayes_population_risk": 0.27570731707317064,
  "empirical_bayes_risk": 0.27926528297112757,
  "generalization_gap": 0.005116215681409297,
  "excess_population_risk": 0.1592256946580934,
  "runtime_seconds": 343.6581817176193,
  "runtime_per_step_seconds": 0.03436581817176193,
  "initial_objective": 0.4726595803110457,
  "final_objective": 0.4359415371676093,
  "best_objective": 0.4359415371676093,
  "objective_reduction": 0.03671804314343641,
  "initial_train_loss_history": 0.47141756694490716,
  "final_train_loss_history": 0.42981679604985473,
  "best_train_loss_history": 0.42981679604985473,
  "train_loss_reduction": 0.04160077089505243,
  "weight_norm": 12.249482233977274,
  "trace_s": 12.24948223397727,
  "top_eigenvalue": 1.9225509409344235,
  "min_eigenvalue": -2.0209706671371575e-17,
  "R1": 0.15694956768064086,
  "config_suffix": "cov_toeplitz_mask_random_rho_0p8_lambda_1e-05_beta_1_d_50_T_5_lr_0p001_iter_10000_ntrain_2500_seed_42"
}