{
  "alpha": null,
  "seed": 42,
  "n_train": 40,
  "n_population": 5000,
  "train_loss": 0.9026378656609865,
  "population_risk": 1.0894952857793156,
  "bayes_population_risk": 0.7822082681172894,
  "empirical_bayes_risk": 0.7818818969134188,
  "generalization_gap": 0.18685742011832918,
  "excess_population_risk": 0.30728701766202626,
  "runtime_seconds": 29.669763503596187,
  "runtime_per_step_seconds": 0.005933952700719237,
  "initial_objective": 0.9707166209267597,
  "final_objective": 0.9054769108152527,
  "best_objective": 0.9054769108152527,
  "objective_reduction": 0.06523971011150698,
  "initial_train_loss_history": 0.9703144868497958,
  "final_train_loss_history": 0.9026378656609865,
  "best_train_loss_history": 0.9026378656609865,
  "train_loss_reduction": 0.06767662118880935,
  "weight_norm": 11.356050759410858,
  "trace_s": 11.35605075941086,
  "top_eigenvalue": 5.492980644240657,
  "min_eigenvalue": 8.958143476813571e-11,
  "R1": 0.48370518595019285,
  "effective_rank": 2.9706713043975355,
  "config_suffix": "cov_exponential_mask_random_rho_NA_lambda_1e-05_beta_1_d_25_T_10_lr_0p001_iter_5000_ntrain_40_seed_42"
}