{
  "alpha": null,
  "seed": 42,
  "n_train": 50,
  "n_population": 5000,
  "train_loss": 0.9934717643096345,
  "population_risk": 1.2412723679206763,
  "bayes_population_risk": 0.8444937602472408,
  "empirical_bayes_risk": 0.8418920147649287,
  "generalization_gap": 0.24780060361104184,
  "excess_population_risk": 0.39677860767343553,
  "runtime_seconds": 29.30966749601066,
  "runtime_per_step_seconds": 0.0029309667496010662,
  "initial_objective": 1.091213549523369,
  "final_objective": 1.0023666013999815,
  "best_objective": 1.0023662126424442,
  "objective_reduction": 0.08884694812338756,
  "initial_train_loss_history": 1.0883892090716756,
  "final_train_loss_history": 0.9934717643096345,
  "best_train_loss_history": 0.9934701074845319,
  "train_loss_reduction": 0.09491744476204111,
  "weight_norm": 17.790004612602342,
  "trace_s": 17.790004612602342,
  "top_eigenvalue": 7.660834468610744,
  "min_eigenvalue": 2.7286551096487406e-17,
  "R1": 0.430625771911484
}