{
  "alpha": null,
  "seed": 42,
  "n_train": 175,
  "n_population": 5000,
  "train_loss": 1.025357892970306,
  "population_risk": 1.0241187498143536,
  "bayes_population_risk": 1.0,
  "empirical_bayes_risk": 1.0009895617204252,
  "generalization_gap": -0.0012391431559524158,
  "excess_population_risk": 0.02411874981435358,
  "runtime_seconds": 137.3460809942335,
  "runtime_per_step_seconds": 0.027469216198846697,
  "initial_objective": 1.0310558216915902,
  "final_objective": 1.0269046294376207,
  "best_objective": 1.0269046294362802,
  "objective_reduction": 0.004151192253969427,
  "initial_train_loss_history": 1.0300391448369306,
  "final_train_loss_history": 1.025357892970306,
  "best_train_loss_history": 1.025357892970306,
  "train_loss_reduction": 0.004681251866624603,
  "weight_norm": 1.5467364686056277,
  "trace_s": 1.5467364686056269,
  "top_eigenvalue": 1.5467364685961216,
  "min_eigenvalue": -8.037163842773835e-17,
  "R1": 0.9999999999938541,
  "effective_rank": 1.000000000044468,
  "config_suffix": "cov_identity_mask_random_rho_NA_lambda_1e-05_beta_1_d_100_T_50_lr_0p001_iter_5000_ntrain_175_seed_42"
}