{
  "alpha": null,
  "seed": 42,
  "n_train": 300,
  "n_population": 5000,
  "train_loss": 0.8114786749508467,
  "population_risk": 0.8400905338001852,
  "bayes_population_risk": 0.4961178375737193,
  "empirical_bayes_risk": 0.4955719999779449,
  "generalization_gap": 0.02861185884933848,
  "excess_population_risk": 0.34397269622646587,
  "runtime_seconds": 28.72106159105897,
  "runtime_per_step_seconds": 0.005744212318211794,
  "initial_objective": 0.8395921554320972,
  "final_objective": 0.8158293612432542,
  "best_objective": 0.8158293612432542,
  "objective_reduction": 0.023762794188842973,
  "initial_train_loss_history": 0.8389462041640686,
  "final_train_loss_history": 0.8114786749508467,
  "best_train_loss_history": 0.8114786749508467,
  "train_loss_reduction": 0.02746752921322193,
  "weight_norm": 8.701370494716025,
  "trace_s": 8.701370494716029,
  "top_eigenvalue": 2.7631446707856706,
  "min_eigenvalue": 2.212615365313155e-12,
  "R1": 0.31755281222235165,
  "effective_rank": 4.83988787376263,
  "config_suffix": "cov_exponential_mask_random_rho_NA_lambda_1e-05_beta_1_d_50_T_10_lr_0p001_iter_5000_ntrain_300_seed_42",
  "ridge_lambda": 0.01,
  "ridge_train_loss": 0.47808427708258827,
  "ridge_population_risk": 0.5105983994021178,
  "ridge_generalization_gap": 0.03251412231952955,
  "ridge_excess_population_risk": 0.01448056182839852,
  "pca_n_components": 75,
  "pca_train_loss": 0.4721861632749568,
  "pca_population_risk": 0.8974758320457921,
  "pca_generalization_gap": 0.42528966877083524,
  "pca_excess_population_risk": 0.40135799447207277
}