{
  "alpha": null,
  "seed": 42,
  "n_train": 150,
  "n_population": 5000,
  "train_loss": 0.517275651841601,
  "population_risk": 0.5811419940626598,
  "bayes_population_risk": 0.1214410313285021,
  "empirical_bayes_risk": 0.12084983499066257,
  "generalization_gap": 0.0638663422210588,
  "excess_population_risk": 0.45970096273415767,
  "runtime_seconds": 18.462309144437313,
  "runtime_per_step_seconds": 0.0036924618288874628,
  "initial_objective": 0.5901701343241728,
  "final_objective": 0.5214868969229913,
  "best_objective": 0.5214868969229913,
  "objective_reduction": 0.06868323740118143,
  "initial_train_loss_history": 0.5893880513143521,
  "final_train_loss_history": 0.517275651841601,
  "best_train_loss_history": 0.517275651841601,
  "train_loss_reduction": 0.07211239947275117,
  "weight_norm": 16.844337818580687,
  "trace_s": 16.844337818580694,
  "top_eigenvalue": 5.631710234225572,
  "min_eigenvalue": 1.3815064631091321e-09,
  "R1": 0.3343384759247308,
  "effective_rank": 5.2337139073070045,
  "config_suffix": "cov_toeplitz_bump_mask_random_rho_0p7_lambda_1e-05_beta_1_d_25_T_5_lr_0p001_iter_5000_ntrain_150_seed_42",
  "ridge_lambda": 0.01,
  "ridge_train_loss": 0.12247843224134893,
  "ridge_population_risk": 0.12407033664174169,
  "ridge_generalization_gap": 0.0015919044003927657,
  "ridge_excess_population_risk": 0.0026293053132395855,
  "pca_n_components": 62,
  "pca_train_loss": 0.14871004093303927,
  "pca_population_risk": 0.5348509130732868,
  "pca_generalization_gap": 0.3861408721402475,
  "pca_excess_population_risk": 0.4134098817447847
}