{
  "alpha": null,
  "seed": 42,
  "n_train": 500,
  "n_population": 5000,
  "train_loss": 0.32345636870909955,
  "population_risk": 0.3316167063106325,
  "bayes_population_risk": 0.13898342541436456,
  "empirical_bayes_risk": 0.1903133175061846,
  "generalization_gap": 0.008160337601532952,
  "excess_population_risk": 0.19263328089626794,
  "runtime_seconds": 19.388063088059425,
  "runtime_per_step_seconds": 0.019388063088059425,
  "initial_objective": 0.36607694042331573,
  "final_objective": 0.32903596120106793,
  "best_objective": 0.32903596120106793,
  "objective_reduction": 0.037040979222247805,
  "initial_train_loss_history": 0.36482861722330245,
  "final_train_loss_history": 0.32345636870909955,
  "best_train_loss_history": 0.32345636870909955,
  "train_loss_reduction": 0.0413722485142029,
  "weight_norm": 11.144755768609041,
  "trace_s": 11.144755768609041,
  "top_eigenvalue": 1.6654029475274288,
  "min_eigenvalue": 6.142636968079943e-08,
  "R1": 0.14943377693554297
}