{
  "alpha": null,
  "seed": 42,
  "n_train": 2000,
  "n_population": 5000,
  "train_loss": 0.8581701599572161,
  "population_risk": 0.8545548904401152,
  "bayes_population_risk": 0.66,
  "empirical_bayes_risk": 0.6600622032632647,
  "generalization_gap": -0.003615269517100894,
  "excess_population_risk": 0.1945548904401152,
  "runtime_seconds": 348.29773477464914,
  "runtime_per_step_seconds": 0.034829773477464916,
  "initial_objective": 0.8654009522361605,
  "final_objective": 0.8601363471947743,
  "best_objective": 0.8601362780745722,
  "objective_reduction": 0.005264605041386261,
  "initial_train_loss_history": 0.8599484574028962,
  "final_train_loss_history": 0.8581701599572161,
  "best_train_loss_history": 0.8568754651375956,
  "train_loss_reduction": 0.0017782974456800327,
  "weight_norm": 0.39323493675183707,
  "trace_s": 0.39323493675183707,
  "top_eigenvalue": 0.26508785626409237,
  "min_eigenvalue": 3.0918023493071616e-19,
  "R1": 0.6741208155454002
}