{
  "alpha": null,
  "seed": 42,
  "n_train": 50,
  "n_population": 5000,
  "train_loss": 1.0409937999487968,
  "population_risk": 1.1280148761605036,
  "bayes_population_risk": 0.9675589362829065,
  "empirical_bayes_risk": 0.9695145249036413,
  "generalization_gap": 0.08702107621170674,
  "excess_population_risk": 0.1604559398775971,
  "runtime_seconds": 20.945640796795487,
  "runtime_per_step_seconds": 0.004189128159359097,
  "initial_objective": 1.0799626909738438,
  "final_objective": 1.045807836652473,
  "best_objective": 1.045807836652473,
  "objective_reduction": 0.034154854321370776,
  "initial_train_loss_history": 1.079347608847563,
  "final_train_loss_history": 1.0409937999487968,
  "best_train_loss_history": 1.0409937999487968,
  "train_loss_reduction": 0.03835380889876627,
  "weight_norm": 9.628064846408327,
  "trace_s": 9.628064846408328,
  "top_eigenvalue": 4.552319146552497,
  "min_eigenvalue": 2.7535538220492783e-14,
  "R1": 0.4728176657691188,
  "effective_rank": 3.094401551114891,
  "config_suffix": "cov_exponential_mask_random_rho_NA_lambda_1e-05_beta_1_d_50_T_10_lr_0p001_iter_5000_ntrain_50_seed_42",
  "ridge_lambda": 0.01,
  "ridge_train_loss": 0.8127080933075461,
  "ridge_population_risk": 1.1763032738634573,
  "ridge_generalization_gap": 0.3635951805559112,
  "ridge_excess_population_risk": 0.2087443375805509,
  "pca_n_components": 75,
  "pca_train_loss": 1.5106591946158503e-16,
  "pca_population_risk": 1.142877630845187,
  "pca_generalization_gap": 1.1428776308451867,
  "pca_excess_population_risk": 0.17531869456228044
}