{
  "alpha": null,
  "seed": 42,
  "n_train": 100,
  "n_population": 5000,
  "train_loss": 1.121344336615071,
  "population_risk": 1.1925579472051506,
  "bayes_population_risk": 0.8444937602472408,
  "empirical_bayes_risk": 0.8986335382110723,
  "generalization_gap": 0.07121361059007958,
  "excess_population_risk": 0.34806418695790986,
  "runtime_seconds": 15.465831799432635,
  "runtime_per_step_seconds": 0.015465831799432636,
  "initial_objective": 1.157434383942263,
  "final_objective": 1.125290980809353,
  "best_objective": 1.125290980809353,
  "objective_reduction": 0.032143403132909976,
  "initial_train_loss_history": 1.1568132620210092,
  "final_train_loss_history": 1.121344336615071,
  "best_train_loss_history": 1.121344336615071,
  "train_loss_reduction": 0.035468925405938156,
  "weight_norm": 7.889025512916862,
  "trace_s": 7.889025512916864,
  "top_eigenvalue": 2.8104834662594183,
  "min_eigenvalue": 1.9959173613581608e-09,
  "R1": 0.35625229778478407
}