{
  "alpha": null,
  "seed": 42,
  "n_train": 1000,
  "n_population": 5000,
  "train_loss": 1.0363634114952012,
  "population_risk": 1.0390264881932596,
  "bayes_population_risk": 0.615,
  "empirical_bayes_risk": 0.7507249253497241,
  "generalization_gap": 0.002663076698058431,
  "excess_population_risk": 0.4240264881932596,
  "runtime_seconds": 44.75705697387457,
  "runtime_per_step_seconds": 0.04475705697387457,
  "initial_objective": 1.039328156097589,
  "final_objective": 1.0365996379915785,
  "best_objective": 1.0365996379915785,
  "objective_reduction": 0.0027285181060106023,
  "initial_train_loss_history": 1.0387901143154186,
  "final_train_loss_history": 1.0363634114952012,
  "best_train_loss_history": 1.0363634114952012,
  "train_loss_reduction": 0.002426702820217397,
  "weight_norm": 0.4724354263455124,
  "trace_s": 0.4724354263455123,
  "top_eigenvalue": 0.4706263971880171,
  "min_eigenvalue": 4.2854364727433345e-12,
  "R1": 0.9961708435553006
}