{
  "alpha": null,
  "seed": 42,
  "n_train": 1250,
  "n_population": 5000,
  "train_loss": 0.9956958227520084,
  "population_risk": 0.9947007046884042,
  "bayes_population_risk": 0.2928968253968254,
  "empirical_bayes_risk": 0.29169506810680557,
  "generalization_gap": -0.0009951180636041945,
  "excess_population_risk": 0.7018038792915788,
  "runtime_seconds": 222.96899713762105,
  "runtime_per_step_seconds": 0.04459379942752421,
  "initial_objective": 0.9993942610592117,
  "final_objective": 0.9966750026940311,
  "best_objective": 0.9966750026940311,
  "objective_reduction": 0.00271925836518061,
  "initial_train_loss_history": 0.9988141032169173,
  "final_train_loss_history": 0.9956958227520084,
  "best_train_loss_history": 0.9956958227520084,
  "train_loss_reduction": 0.003118280464908918,
  "weight_norm": 1.9583598832564826,
  "trace_s": 1.9583598832564824,
  "top_eigenvalue": 0.9654876840954726,
  "min_eigenvalue": -6.470873074644482e-17,
  "R1": 0.4930083037087135,
  "effective_rank": 3.318640939797855,
  "config_suffix": "cov_tridiagonal_mask_random_rho_0p5_lambda_1e-05_beta_1_d_50_T_10_lr_0p001_iter_5000_ntrain_1250_seed_42"
}