{
  "alpha": null,
  "seed": 42,
  "n_train": 1500,
  "n_population": 5000,
  "train_loss": 0.32183832751681857,
  "population_risk": 0.3314193311923473,
  "bayes_population_risk": 0.18999999999999984,
  "empirical_bayes_risk": 0.19024585878110697,
  "generalization_gap": 0.009581003675528721,
  "excess_population_risk": 0.14141933119234745,
  "runtime_seconds": 263.94000148400664,
  "runtime_per_step_seconds": 0.026394000148400664,
  "initial_objective": 0.3612607871975479,
  "final_objective": 0.32758997786617855,
  "best_objective": 0.32758997786617855,
  "objective_reduction": 0.033670809331369345,
  "initial_train_loss_history": 0.36003175682849525,
  "final_train_loss_history": 0.32183832751681857,
  "best_train_loss_history": 0.32183813961633345,
  "train_loss_reduction": 0.038193429311676685,
  "weight_norm": 11.50330069016086,
  "trace_s": 11.503300690160858,
  "top_eigenvalue": 2.1321968326646177,
  "min_eigenvalue": 6.629737385665812e-17,
  "R1": 0.18535522021851986,
  "config_suffix": "cov_toeplitz_mask_last_rho_0p9_lambda_1e-05_beta_1_d_50_T_5_lr_0p001_iter_10000_ntrain_1500_seed_42"
}