{
  "alpha": null,
  "seed": 42,
  "n_train": 10,
  "n_population": 5000,
  "train_loss": 0.43113661236164,
  "population_risk": 1.371608419575294,
  "bayes_population_risk": 0.4371730888154475,
  "empirical_bayes_risk": 0.43656237648380286,
  "generalization_gap": 0.940471807213654,
  "excess_population_risk": 0.9344353307598465,
  "runtime_seconds": 37.752673708833754,
  "runtime_per_step_seconds": 0.007550534741766751,
  "initial_objective": 0.8272726129539608,
  "final_objective": 0.44896619815617056,
  "best_objective": 0.44896619815617056,
  "objective_reduction": 0.37830641479779026,
  "initial_train_loss_history": 0.8262783087747183,
  "final_train_loss_history": 0.43113661236164,
  "best_train_loss_history": 0.43113661236164,
  "train_loss_reduction": 0.3951416964130783,
  "weight_norm": 35.65819937499642,
  "trace_s": 35.65819937499641,
  "top_eigenvalue": 26.300629966560727,
  "min_eigenvalue": 1.0480577571074639e-11,
  "R1": 0.73757594122946,
  "effective_rank": 2.5704051695831267,
  "config_suffix": "cov_toeplitz_bump_mask_random_rho_0p5_lambda_1e-05_beta_1_d_50_T_10_lr_0p001_iter_5000_ntrain_10_seed_42"
}