{
  "alpha": null,
  "seed": 42,
  "n_train": 400,
  "n_population": 5000,
  "train_loss": 1.2044339939976694,
  "population_risk": 1.1993799238471365,
  "bayes_population_risk": 1.0,
  "empirical_bayes_risk": 0.9947367163203517,
  "generalization_gap": -0.00505407015053283,
  "excess_population_risk": 0.19937992384713654,
  "runtime_seconds": 57.03547134809196,
  "runtime_per_step_seconds": 0.011407094269618391,
  "initial_objective": 1.2106109547392605,
  "final_objective": 1.2069884939050597,
  "best_objective": 1.2069884939050597,
  "objective_reduction": 0.0036224608342008136,
  "initial_train_loss_history": 1.2095429880250226,
  "final_train_loss_history": 1.2044339939976694,
  "best_train_loss_history": 1.2044280675673429,
  "train_loss_reduction": 0.005108994027353209,
  "weight_norm": 2.554499906966132,
  "trace_s": 2.5544999069661323,
  "top_eigenvalue": 0.9065748164034072,
  "min_eigenvalue": -2.7385026598043248e-17,
  "R1": 0.35489326655725206,
  "effective_rank": 4.429347104929311,
  "config_suffix": "cov_identity_mask_random_rho_NA_lambda_1e-05_beta_1_d_100_T_5_lr_0p001_iter_5000_ntrain_400_seed_42"
}