{
  "alpha": null,
  "seed": 42,
  "n_train": 60,
  "n_population": 5000,
  "train_loss": 1.0829040320501753,
  "population_risk": 1.1257812449455964,
  "bayes_population_risk": 1.0,
  "empirical_bayes_risk": 0.9980218295421073,
  "generalization_gap": 0.042877212895421124,
  "excess_population_risk": 0.1257812449455964,
  "runtime_seconds": 18.189342971891165,
  "runtime_per_step_seconds": 0.003637868594378233,
  "initial_objective": 1.112294195635273,
  "final_objective": 1.087242534762083,
  "best_objective": 1.087242534762083,
  "objective_reduction": 0.025051660873189885,
  "initial_train_loss_history": 1.1116744334630917,
  "final_train_loss_history": 1.0829040320501753,
  "best_train_loss_history": 1.0829040320501753,
  "train_loss_reduction": 0.028770401412916424,
  "weight_norm": 8.677001707033606,
  "trace_s": 8.677001707033606,
  "top_eigenvalue": 3.8865345435780436,
  "min_eigenvalue": 1.8773352379693655e-14,
  "R1": 0.4479121561573057,
  "effective_rank": 3.496520540600667,
  "config_suffix": "cov_identity_mask_random_rho_NA_lambda_1e-05_beta_1_d_50_T_10_lr_0p001_iter_5000_ntrain_60_seed_42",
  "ridge_lambda": 0.01,
  "ridge_train_loss": 0.843027282894571,
  "ridge_population_risk": 1.1685635271676704,
  "ridge_generalization_gap": 0.32553624427309946,
  "ridge_excess_population_risk": 0.16856352716767042,
  "pca_n_components": 75,
  "pca_train_loss": 1.6730999597461896e-16,
  "pca_population_risk": 1.169161439140929,
  "pca_generalization_gap": 1.1691614391409288,
  "pca_excess_population_risk": 0.16916143914092907
}