{
  "alpha": null,
  "seed": 42,
  "n_train": 175,
  "n_population": 5000,
  "train_loss": 0.5197884545585841,
  "population_risk": 0.5741700441663526,
  "bayes_population_risk": 0.1214410313285021,
  "empirical_bayes_risk": 0.12035135621502427,
  "generalization_gap": 0.05438158960776851,
  "excess_population_risk": 0.45272901283785055,
  "runtime_seconds": 19.445810770615935,
  "runtime_per_step_seconds": 0.003889162154123187,
  "initial_objective": 0.5890647272708894,
  "final_objective": 0.5239969587500775,
  "best_objective": 0.5239969587500775,
  "objective_reduction": 0.06506776852081197,
  "initial_train_loss_history": 0.5881486115438267,
  "final_train_loss_history": 0.5197884545585841,
  "best_train_loss_history": 0.5197884545585841,
  "train_loss_reduction": 0.06836015698524256,
  "weight_norm": 16.83361192898647,
  "trace_s": 16.83361192898648,
  "top_eigenvalue": 5.5680066008837725,
  "min_eigenvalue": 1.115908249461505e-08,
  "R1": 0.330767195084021,
  "effective_rank": 5.2975963367588585,
  "config_suffix": "cov_toeplitz_bump_mask_random_rho_0p7_lambda_1e-05_beta_1_d_25_T_5_lr_0p001_iter_5000_ntrain_175_seed_42",
  "ridge_lambda": 0.01,
  "ridge_train_loss": 0.11992787279979689,
  "ridge_population_risk": 0.12351535692584698,
  "ridge_generalization_gap": 0.003587484126050089,
  "ridge_excess_population_risk": 0.00207432559734487,
  "pca_n_components": 62,
  "pca_train_loss": 0.17619142927667797,
  "pca_population_risk": 0.5155689884013445,
  "pca_generalization_gap": 0.3393775591246665,
  "pca_excess_population_risk": 0.39412795707284237
}