{
  "alpha": null,
  "seed": 42,
  "n_train": 90,
  "n_population": 5000,
  "train_loss": 0.9964415045005167,
  "population_risk": 1.0336382518644798,
  "bayes_population_risk": 0.9267692307692309,
  "empirical_bayes_risk": 0.926946465349424,
  "generalization_gap": 0.037196747363963056,
  "excess_population_risk": 0.10686902109524887,
  "runtime_seconds": 21.70916167460382,
  "runtime_per_step_seconds": 0.004341832334920764,
  "initial_objective": 1.0077595511501096,
  "final_objective": 0.9984241043925799,
  "best_objective": 0.9984241043925799,
  "objective_reduction": 0.00933544675752973,
  "initial_train_loss_history": 1.0071914595685783,
  "final_train_loss_history": 0.9964415045005167,
  "best_train_loss_history": 0.9964415045005167,
  "train_loss_reduction": 0.010749955068061534,
  "weight_norm": 3.965199783507677,
  "trace_s": 3.965199783507678,
  "top_eigenvalue": 2.70089532671264,
  "min_eigenvalue": 2.6222817954526957e-17,
  "R1": 0.6811498724342674,
  "effective_rank": 1.8701181774520892,
  "config_suffix": "cov_toeplitz_mask_random_rho_0p2_lambda_1e-05_beta_1_d_50_T_20_lr_0p001_iter_5000_ntrain_90_seed_42",
  "ridge_lambda": 0.01,
  "ridge_train_loss": 0.7254664492416809,
  "ridge_population_risk": 1.1860672777057757,
  "ridge_generalization_gap": 0.4606008284640948,
  "ridge_excess_population_risk": 0.2592980469365448,
  "pca_n_components": 75,
  "pca_train_loss": 0.10762333148514439,
  "pca_population_risk": 1.0919563631782356,
  "pca_generalization_gap": 0.9843330316930913,
  "pca_excess_population_risk": 0.16518713240900473
}