{
  "alpha": null,
  "seed": 42,
  "n_train": 10,
  "n_population": 5000,
  "train_loss": 1.0241670078841323,
  "population_risk": 1.256496457412336,
  "bayes_population_risk": 0.8222472188202141,
  "empirical_bayes_risk": 0.9014249263117923,
  "generalization_gap": 0.23232944952820378,
  "excess_population_risk": 0.43424923859212194,
  "runtime_seconds": 8.649397443979979,
  "runtime_per_step_seconds": 0.00864939744397998,
  "initial_objective": 1.1889700437645692,
  "final_objective": 1.0351301409768752,
  "best_objective": 1.0351301409768752,
  "objective_reduction": 0.153839902787694,
  "initial_train_loss_history": 1.1876290712810547,
  "final_train_loss_history": 1.0241670078841323,
  "best_train_loss_history": 1.0241670078841323,
  "train_loss_reduction": 0.16346206339692237,
  "weight_norm": 10.953461751764078,
  "trace_s": 10.953461751764074,
  "top_eigenvalue": 9.27691513377298,
  "min_eigenvalue": 7.865618815626708e-10,
  "R1": 0.8469391087506115
}