{
  "alpha": null,
  "seed": 42,
  "n_train": 10000,
  "n_population": 5000,
  "train_loss": 1.152232099371912,
  "population_risk": 1.1536323310059733,
  "bayes_population_risk": 0.8444937602472408,
  "empirical_bayes_risk": 0.8998923931691305,
  "generalization_gap": 0.001400231634061333,
  "excess_population_risk": 0.3091385707587325,
  "runtime_seconds": 873.6327287517488,
  "runtime_per_step_seconds": 0.08736327287517488,
  "initial_objective": 1.1535916090718268,
  "final_objective": 1.1522757160850128,
  "best_objective": 1.1522757160850126,
  "objective_reduction": 0.0013158929868140046,
  "initial_train_loss_history": 1.1529662913151133,
  "final_train_loss_history": 1.152232099371912,
  "best_train_loss_history": 1.1522317039056649,
  "train_loss_reduction": 0.0007341919432013455,
  "weight_norm": 0.08723342620186053,
  "trace_s": 0.08723342620186052,
  "top_eigenvalue": 0.08723342620186056,
  "min_eigenvalue": -1.5824761724465115e-17,
  "R1": 1.0
}