{
  "alpha": null,
  "seed": 42,
  "n_train": 1750,
  "n_population": 5000,
  "train_loss": 0.07429547265164475,
  "population_risk": 0.07559956159643991,
  "bayes_population_risk": 0.011034997727387535,
  "empirical_bayes_risk": 0.011034042366904293,
  "generalization_gap": 0.0013040889447951537,
  "excess_population_risk": 0.06456456386905238,
  "runtime_seconds": 747.9670578408986,
  "runtime_per_step_seconds": 0.14959341156817973,
  "initial_objective": 0.07636771354078167,
  "final_objective": 0.0742954734582281,
  "best_objective": 0.07429546939920577,
  "objective_reduction": 0.002072240082553578,
  "initial_train_loss_history": 0.07419187302203578,
  "final_train_loss_history": 0.07429547265164475,
  "best_train_loss_history": 0.07381037546533188,
  "train_loss_reduction": -0.00010359962960897195,
  "weight_norm": 2.807884211941067e-08,
  "trace_s": 2.807884211941067e-08,
  "top_eigenvalue": 2.769733454370028e-08,
  "min_eigenvalue": -6.6075260691450805e-24,
  "R1": 0.9864129876122403,
  "effective_rank": 1.0808461063215267,
  "config_suffix": "cov_toeplitz_mask_random_rho_0p99_lambda_1e-05_beta_1_d_200_T_20_lr_0p001_iter_5000_ntrain_1750_seed_42",
  "ridge_lambda": 0.01,
  "ridge_train_loss": 0.010950583534728041,
  "ridge_population_risk": 0.011154518118142701,
  "ridge_generalization_gap": 0.0002039345834146597,
  "ridge_excess_population_risk": 0.00011952039075516577,
  "pca_n_components": 75,
  "pca_train_loss": 0.5175395022747842,
  "pca_population_risk": 0.6526634450592071,
  "pca_generalization_gap": 0.13512394278442297,
  "pca_excess_population_risk": 0.6416284473318196
}