{
  "alpha": null,
  "seed": 42,
  "n_train": 100,
  "n_population": 5000,
  "train_loss": 1.0374521095574325,
  "population_risk": 1.026094863664942,
  "bayes_population_risk": 0.9245538461538463,
  "empirical_bayes_risk": 0.9242627362675994,
  "generalization_gap": -0.01135724589249043,
  "excess_population_risk": 0.10154101751109579,
  "runtime_seconds": 110.84815525636077,
  "runtime_per_step_seconds": 0.022169631051272155,
  "initial_objective": 1.0527515964056586,
  "final_objective": 1.041302650008553,
  "best_objective": 1.041302650008436,
  "objective_reduction": 0.011448946397105697,
  "initial_train_loss_history": 1.0517158503744835,
  "final_train_loss_history": 1.0374521095574325,
  "best_train_loss_history": 1.0374518914922184,
  "train_loss_reduction": 0.014263740817050952,
  "weight_norm": 3.850540451013194,
  "trace_s": 3.850540451013194,
  "top_eigenvalue": 3.850540451013164,
  "min_eigenvalue": -7.745147821511014e-16,
  "R1": 0.9999999999999922,
  "effective_rank": 1.0,
  "config_suffix": "cov_toeplitz_mask_random_rho_0p2_lambda_1e-05_beta_1_d_100_T_50_lr_0p001_iter_5000_ntrain_100_seed_42"
}