{
  "alpha": null,
  "seed": 42,
  "n_train": 1750,
  "n_population": 5000,
  "train_loss": 0.7286565242364321,
  "population_risk": 0.7215318591556203,
  "bayes_population_risk": 0.5301185178874289,
  "empirical_bayes_risk": 0.5261613754097808,
  "generalization_gap": -0.007124665080811776,
  "excess_population_risk": 0.19141334126819143,
  "runtime_seconds": 90.90427200868726,
  "runtime_per_step_seconds": 0.018180854401737452,
  "initial_objective": 0.749221625442491,
  "final_objective": 0.7301172202660343,
  "best_objective": 0.7301172202660343,
  "objective_reduction": 0.01910440517645673,
  "initial_train_loss_history": 0.7485585704943662,
  "final_train_loss_history": 0.7286565242364321,
  "best_train_loss_history": 0.7286565242364321,
  "train_loss_reduction": 0.019902046257934125,
  "weight_norm": 5.842779533229001,
  "trace_s": 5.842779533229001,
  "top_eigenvalue": 1.3503103670016765,
  "min_eigenvalue": 1.4923948629815525e-14,
  "R1": 0.23110753355012012,
  "effective_rank": 6.965570365559743,
  "config_suffix": "cov_exponential_mask_random_rho_NA_lambda_1e-05_beta_1_d_25_T_5_lr_0p001_iter_5000_ntrain_1750_seed_42"
}