{
  "alpha": null,
  "seed": 42,
  "n_train": 400,
  "n_population": 5000,
  "train_loss": 0.4955681253060454,
  "population_risk": 0.5794350784598078,
  "bayes_population_risk": 0.1214410313285021,
  "empirical_bayes_risk": 0.12027769835380211,
  "generalization_gap": 0.08386695315376241,
  "excess_population_risk": 0.4579940471313057,
  "runtime_seconds": 41.95721629075706,
  "runtime_per_step_seconds": 0.008391443258151412,
  "initial_objective": 0.5737264420717731,
  "final_objective": 0.5162031672750681,
  "best_objective": 0.5162031672750681,
  "objective_reduction": 0.05752327479670505,
  "initial_train_loss_history": 0.5716835146786502,
  "final_train_loss_history": 0.4955681253060454,
  "best_train_loss_history": 0.4955681253060454,
  "train_loss_reduction": 0.07611538937260481,
  "weight_norm": 20.63503411825345,
  "trace_s": 20.635034118253458,
  "top_eigenvalue": 8.391123593203336,
  "min_eigenvalue": 6.894845782581839e-15,
  "R1": 0.40664452237472526,
  "effective_rank": 6.973493099129298,
  "config_suffix": "cov_toeplitz_bump_mask_random_rho_0p7_lambda_1e-05_beta_1_d_100_T_5_lr_0p001_iter_5000_ntrain_400_seed_42",
  "ridge_lambda": 0.01,
  "ridge_train_loss": 0.11588097475961413,
  "ridge_population_risk": 0.12157439553969014,
  "ridge_generalization_gap": 0.005693420780076008,
  "ridge_excess_population_risk": 0.0001333642111880362,
  "pca_n_components": 75,
  "pca_train_loss": 0.4344690266306884,
  "pca_population_risk": 0.7362944053271442,
  "pca_generalization_gap": 0.30182537869645576,
  "pca_excess_population_risk": 0.614853373998642
}