{
  "alpha": null,
  "seed": 42,
  "n_train": 500,
  "n_population": 5000,
  "train_loss": 0.9631875990662964,
  "population_risk": 0.9850875675451097,
  "bayes_population_risk": 0.7822082681172894,
  "empirical_bayes_risk": 0.7806947589162991,
  "generalization_gap": 0.02189996847881337,
  "excess_population_risk": 0.20287929942782035,
  "runtime_seconds": 116.17527149058878,
  "runtime_per_step_seconds": 0.023235054298117758,
  "initial_objective": 0.9711416470388645,
  "final_objective": 0.9655078642963617,
  "best_objective": 0.9655078642963617,
  "objective_reduction": 0.005633782742502813,
  "initial_train_loss_history": 0.9700637398932929,
  "final_train_loss_history": 0.9631875990662964,
  "best_train_loss_history": 0.9631852096217575,
  "train_loss_reduction": 0.006876140826996502,
  "weight_norm": 2.3202652189084687,
  "trace_s": 2.320265218908468,
  "top_eigenvalue": 2.1107950462334593,
  "min_eigenvalue": -1.917877308654419e-17,
  "R1": 0.909721452975298,
  "effective_rank": 1.3754353083979936,
  "config_suffix": "cov_exponential_mask_random_rho_NA_lambda_1e-05_beta_1_d_100_T_10_lr_0p001_iter_5000_ntrain_500_seed_42"
}