{
  "alpha": null,
  "seed": 42,
  "n_train": 175,
  "n_population": 5000,
  "train_loss": 0.4088165613975664,
  "population_risk": 0.5905517877593073,
  "bayes_population_risk": 0.1134751381215469,
  "empirical_bayes_risk": 0.11374704803161735,
  "generalization_gap": 0.1817352263617409,
  "excess_population_risk": 0.47707664963776036,
  "runtime_seconds": 64.40404109656811,
  "runtime_per_step_seconds": 0.012880808219313622,
  "initial_objective": 0.4918617955826292,
  "final_objective": 0.42967607818466774,
  "best_objective": 0.42967607818466774,
  "objective_reduction": 0.06218571739796147,
  "initial_train_loss_history": 0.4907069521011104,
  "final_train_loss_history": 0.4088165613975664,
  "best_train_loss_history": 0.4088165613975664,
  "train_loss_reduction": 0.08189039070354404,
  "weight_norm": 20.85951235488005,
  "trace_s": 20.85951235488005,
  "top_eigenvalue": 13.854435189018488,
  "min_eigenvalue": 6.737815294614223e-14,
  "R1": 0.664178287263617,
  "effective_rank": 3.2434407006077426,
  "config_suffix": "cov_toeplitz_mask_random_rho_0p9_lambda_1e-05_beta_1_d_100_T_20_lr_0p001_iter_5000_ntrain_175_seed_42"
}