{
  "alpha": null,
  "seed": 42,
  "n_train": 300,
  "n_population": 5000,
  "train_loss": 0.809946959204364,
  "population_risk": 0.8257246803610793,
  "bayes_population_risk": 0.24553354982376377,
  "empirical_bayes_risk": 0.24590668732243962,
  "generalization_gap": 0.015777721156715274,
  "excess_population_risk": 0.5801911305373155,
  "runtime_seconds": 21.30403584241867,
  "runtime_per_step_seconds": 0.004260807168483734,
  "initial_objective": 0.8299763678258923,
  "final_objective": 0.8115010474296595,
  "best_objective": 0.8115010474296595,
  "objective_reduction": 0.018475320396232897,
  "initial_train_loss_history": 0.8296570015487688,
  "final_train_loss_history": 0.809946959204364,
  "best_train_loss_history": 0.809946959204364,
  "train_loss_reduction": 0.019710042344404766,
  "weight_norm": 6.216350434198956,
  "trace_s": 6.216350434198956,
  "top_eigenvalue": 2.9255971569417736,
  "min_eigenvalue": 1.3421865183553124e-12,
  "R1": 0.4706293810025156,
  "effective_rank": 3.6657923692380185,
  "config_suffix": "cov_matern_mask_random_rho_NA_lambda_1e-05_beta_1_d_25_T_10_lr_0p001_iter_5000_ntrain_300_seed_42",
  "ridge_lambda": 0.01,
  "ridge_train_loss": 0.24558357959142285,
  "ridge_population_risk": 0.2532074415892384,
  "ridge_generalization_gap": 0.007623861997815562,
  "ridge_excess_population_risk": 0.007673891765474644,
  "pca_n_components": 75,
  "pca_train_loss": 0.3141698781820267,
  "pca_population_risk": 0.6309011881134987,
  "pca_generalization_gap": 0.316731309931472,
  "pca_excess_population_risk": 0.38536763828973497
}