{
  "alpha": null,
  "seed": 42,
  "n_train": 20,
  "n_population": 5000,
  "train_loss": 0.21797172684245672,
  "population_risk": 1.5494493154703908,
  "bayes_population_risk": 0.1214410313285021,
  "empirical_bayes_risk": 0.1207335805692965,
  "generalization_gap": 1.331477588627934,
  "excess_population_risk": 1.4280082841418886,
  "runtime_seconds": 19.09662507660687,
  "runtime_per_step_seconds": 0.003819325015321374,
  "initial_objective": 0.5316545039674836,
  "final_objective": 0.24490416832057835,
  "best_objective": 0.24490416832057835,
  "objective_reduction": 0.2867503356469052,
  "initial_train_loss_history": 0.5297625330796261,
  "final_train_loss_history": 0.21797172684245672,
  "best_train_loss_history": 0.21797172684245672,
  "train_loss_reduction": 0.31179080623716937,
  "weight_norm": 26.93240706482485,
  "trace_s": 26.932407064824844,
  "top_eigenvalue": 19.485538066855266,
  "min_eigenvalue": 1.6675583709003989e-12,
  "R1": 0.7234978299546204,
  "effective_rank": 2.0232018810237054,
  "config_suffix": "cov_toeplitz_bump_mask_random_rho_0p7_lambda_1e-05_beta_1_d_100_T_5_lr_0p001_iter_5000_ntrain_20_seed_42",
  "ridge_lambda": 0.01,
  "ridge_train_loss": 0.08541348462612681,
  "ridge_population_risk": 0.1507798988683672,
  "ridge_generalization_gap": 0.06536641424224039,
  "ridge_excess_population_risk": 0.0293388675398651,
  "pca_n_components": 75,
  "pca_train_loss": 1.557118470794981e-16,
  "pca_population_risk": 1.0090638103203435,
  "pca_generalization_gap": 1.0090638103203433,
  "pca_excess_population_risk": 0.8876227789918414
}