{
  "alpha": null,
  "seed": 42,
  "n_train": 125,
  "n_population": 5000,
  "train_loss": 0.9997691425832093,
  "population_risk": 1.0235636600167939,
  "bayes_population_risk": 0.45666666666666667,
  "empirical_bayes_risk": 0.45519053320399644,
  "generalization_gap": 0.023794517433584628,
  "excess_population_risk": 0.5668969933501272,
  "runtime_seconds": 26.488977191969752,
  "runtime_per_step_seconds": 0.005297795438393951,
  "initial_objective": 1.0418879597705906,
  "final_objective": 1.0021029899539655,
  "best_objective": 1.0021029899539655,
  "objective_reduction": 0.03978496981662505,
  "initial_train_loss_history": 1.0414188351975728,
  "final_train_loss_history": 0.9997691425832093,
  "best_train_loss_history": 0.9997691425832093,
  "train_loss_reduction": 0.041649692614363576,
  "weight_norm": 9.335372734474964,
  "trace_s": 9.335372734474962,
  "top_eigenvalue": 3.349689570358377,
  "min_eigenvalue": 1.0586731780424089e-11,
  "R1": 0.3588169070087771,
  "effective_rank": 4.008062272584653,
  "config_suffix": "cov_tridiagonal_mask_random_rho_0p5_lambda_1e-05_beta_1_d_25_T_5_lr_0p001_iter_5000_ntrain_125_seed_42"
}