{
  "alpha": null,
  "seed": 42,
  "n_train": 70,
  "n_population": 5000,
  "train_loss": 0.723995692184481,
  "population_risk": 0.9315268001389486,
  "bayes_population_risk": 0.4961178375737193,
  "empirical_bayes_risk": 0.49584358740294193,
  "generalization_gap": 0.2075311079544676,
  "excess_population_risk": 0.4354089625652293,
  "runtime_seconds": 37.7632822394371,
  "runtime_per_step_seconds": 0.00755265644788742,
  "initial_objective": 0.8099504278687583,
  "final_objective": 0.7310662168200766,
  "best_objective": 0.7310662168200766,
  "objective_reduction": 0.07888421104868171,
  "initial_train_loss_history": 0.8092405615189411,
  "final_train_loss_history": 0.723995692184481,
  "best_train_loss_history": 0.723995692184481,
  "train_loss_reduction": 0.08524486933446007,
  "weight_norm": 14.140979913579605,
  "trace_s": 14.140979913579606,
  "top_eigenvalue": 8.716109641306433,
  "min_eigenvalue": 4.861467720485183e-12,
  "R1": 0.6163723938916238,
  "effective_rank": 3.112144975281251,
  "config_suffix": "cov_exponential_mask_random_rho_NA_lambda_1e-05_beta_1_d_50_T_10_lr_0p001_iter_5000_ntrain_70_seed_42"
}