{
  "alpha": null,
  "seed": 42,
  "n_train": 400,
  "n_population": 5000,
  "train_loss": 0.5356679152081868,
  "population_risk": 0.5498621119632213,
  "bayes_population_risk": 0.1214410313285021,
  "empirical_bayes_risk": 0.11972653966442909,
  "generalization_gap": 0.014194196755034527,
  "excess_population_risk": 0.42842108063471923,
  "runtime_seconds": 23.33231145143509,
  "runtime_per_step_seconds": 0.004666462290287018,
  "initial_objective": 0.5848671036506007,
  "final_objective": 0.5385403326004049,
  "best_objective": 0.5385403326004049,
  "objective_reduction": 0.04632677105019578,
  "initial_train_loss_history": 0.5840312442545746,
  "final_train_loss_history": 0.5356679152081868,
  "best_train_loss_history": 0.5356679152081868,
  "train_loss_reduction": 0.04836332904638785,
  "weight_norm": 11.489616123024073,
  "trace_s": 11.489616123024073,
  "top_eigenvalue": 3.325651397894425,
  "min_eigenvalue": 3.0895675034724845e-09,
  "R1": 0.28944843433281836,
  "effective_rank": 5.646056744560606,
  "config_suffix": "cov_toeplitz_bump_mask_random_rho_0p7_lambda_1e-05_beta_1_d_25_T_5_lr_0p001_iter_5000_ntrain_400_seed_42",
  "ridge_lambda": 0.01,
  "ridge_train_loss": 0.12131029606397097,
  "ridge_population_risk": 0.12092402717653426,
  "ridge_generalization_gap": -0.0003862688874367026,
  "ridge_excess_population_risk": -0.0005170041519678426,
  "pca_n_components": 62,
  "pca_train_loss": 0.2525874461544668,
  "pca_population_risk": 0.3986838134836087,
  "pca_generalization_gap": 0.14609636732914189,
  "pca_excess_population_risk": 0.2772427821551066
}