{
  "alpha": null,
  "seed": 42,
  "n_train": 2500,
  "n_population": 5000,
  "train_loss": 1.1985042581998804,
  "population_risk": 1.2034606210628291,
  "bayes_population_risk": 1.0,
  "empirical_bayes_risk": 1.002313568839003,
  "generalization_gap": 0.00495636286294876,
  "excess_population_risk": 0.20346062106282914,
  "runtime_seconds": 30.744664655067027,
  "runtime_per_step_seconds": 0.0061489329310134054,
  "initial_objective": 1.2008620389190623,
  "final_objective": 1.1986447871513457,
  "best_objective": 1.1986447871513457,
  "objective_reduction": 0.002217251767716588,
  "initial_train_loss_history": 1.2005494251684452,
  "final_train_loss_history": 1.1985042581998804,
  "best_train_loss_history": 1.1985042581812293,
  "train_loss_reduction": 0.0020451669685648266,
  "weight_norm": 0.5621158058602468,
  "trace_s": 0.5621158058602467,
  "top_eigenvalue": 0.32213834075973097,
  "min_eigenvalue": -3.1504068050957806e-17,
  "R1": 0.5730818052104748,
  "effective_rank": 2.429904524036728,
  "config_suffix": "cov_identity_mask_random_rho_NA_lambda_1e-05_beta_1_d_25_T_5_lr_0p001_iter_5000_ntrain_2500_seed_42",
  "ridge_lambda": 0.01,
  "ridge_train_loss": 1.0014243921656474,
  "ridge_population_risk": 1.0036075208731086,
  "ridge_generalization_gap": 0.0021831287074611794,
  "ridge_excess_population_risk": 0.0036075208731085606,
  "pca_n_components": 62,
  "pca_train_loss": 2.203185901097637,
  "pca_population_risk": 2.707235770085343,
  "pca_generalization_gap": 0.504049868987706,
  "pca_excess_population_risk": 1.7072357700853429
}