{
  "alpha": null,
  "seed": 42,
  "n_train": 80,
  "n_population": 5000,
  "train_loss": 0.20021944962467378,
  "population_risk": 0.3825232443543599,
  "bayes_population_risk": 0.06837077148121563,
  "empirical_bayes_risk": 0.06866094777005795,
  "generalization_gap": 0.18230379472968614,
  "excess_population_risk": 0.3141524728731443,
  "runtime_seconds": 41.53628263808787,
  "runtime_per_step_seconds": 0.008307256527617574,
  "initial_objective": 0.29238644509501494,
  "final_objective": 0.2164229015490812,
  "best_objective": 0.2164229015490812,
  "objective_reduction": 0.07596354354593374,
  "initial_train_loss_history": 0.2914909643358603,
  "final_train_loss_history": 0.20021944962467378,
  "best_train_loss_history": 0.20021944962467378,
  "train_loss_reduction": 0.09127151471118652,
  "weight_norm": 32.406832658650416,
  "trace_s": 32.40683265865043,
  "top_eigenvalue": 20.80525651314806,
  "min_eigenvalue": 2.0623362556248813e-11,
  "R1": 0.6420021583810803,
  "effective_rank": 3.5224969534325594,
  "config_suffix": "cov_circulant_ar1_mask_random_rho_0p9_lambda_1e-05_beta_1_d_50_T_10_lr_0p001_iter_5000_ntrain_80_seed_42"
}