{
  "alpha": null,
  "seed": 42,
  "n_train": 50,
  "n_population": 5000,
  "train_loss": 0.873250901522118,
  "population_risk": 1.1369777983603964,
  "bayes_population_risk": 0.7459898192227884,
  "empirical_bayes_risk": 0.7454152706003845,
  "generalization_gap": 0.2637268968382783,
  "excess_population_risk": 0.39098797913760797,
  "runtime_seconds": 24.000637136399746,
  "runtime_per_step_seconds": 0.004800127427279949,
  "initial_objective": 0.9778561254291588,
  "final_objective": 0.877458637650212,
  "best_objective": 0.877458637650212,
  "objective_reduction": 0.10039748777894675,
  "initial_train_loss_history": 0.9773533936366162,
  "final_train_loss_history": 0.873250901522118,
  "best_train_loss_history": 0.873250901522118,
  "train_loss_reduction": 0.10410249211449818,
  "weight_norm": 16.8306780055169,
  "trace_s": 16.8306780055169,
  "top_eigenvalue": 8.437878728813931,
  "min_eigenvalue": 2.5076848022874295e-10,
  "R1": 0.5013392048762443,
  "effective_rank": 3.5077641305911182,
  "config_suffix": "cov_matern_mask_random_rho_NA_lambda_1e-05_beta_1_d_25_T_5_lr_0p001_iter_5000_ntrain_50_seed_42",
  "ridge_lambda": 0.01,
  "ridge_train_loss": 0.6766525713188517,
  "ridge_population_risk": 0.8193746496382839,
  "ridge_generalization_gap": 0.14272207831943218,
  "ridge_excess_population_risk": 0.07338483041549548,
  "pca_n_components": 62,
  "pca_train_loss": 7.008836289291071e-16,
  "pca_population_risk": 1.7285885456345467,
  "pca_generalization_gap": 1.728588545634546,
  "pca_excess_population_risk": 0.9825987264117583
}