{
  "alpha": null,
  "seed": 42,
  "n_train": 3000,
  "n_population": 5000,
  "train_loss": 0.33380072274849487,
  "population_risk": 0.3407565596050491,
  "bayes_population_risk": 0.13898342541436456,
  "empirical_bayes_risk": 0.1901802586187834,
  "generalization_gap": 0.0069558368565542095,
  "excess_population_risk": 0.20177313419068452,
  "runtime_seconds": 161.02528772316873,
  "runtime_per_step_seconds": 0.16102528772316874,
  "initial_objective": 0.36667613245635217,
  "final_objective": 0.34905413069744606,
  "best_objective": 0.34905413069744606,
  "objective_reduction": 0.017622001758906103,
  "initial_train_loss_history": 0.36322634966426853,
  "final_train_loss_history": 0.33380072274849487,
  "best_train_loss_history": 0.33380072274849487,
  "train_loss_reduction": 0.02942562691577366,
  "weight_norm": 7.626257607325273,
  "trace_s": 7.626257607325273,
  "top_eigenvalue": 0.5853139991926709,
  "min_eigenvalue": 2.303508166519056e-12,
  "R1": 0.07674983318560567
}