{
  "alpha": null,
  "seed": 42,
  "n_train": 90,
  "n_population": 5000,
  "train_loss": 0.06116219994390353,
  "population_risk": 0.1006460484643788,
  "bayes_population_risk": 0.011034997727387535,
  "empirical_bayes_risk": 0.011059076480249256,
  "generalization_gap": 0.03948384852047527,
  "excess_population_risk": 0.08961105073699127,
  "runtime_seconds": 37.87875493988395,
  "runtime_per_step_seconds": 0.00757575098797679,
  "initial_objective": 0.07753775396181599,
  "final_objective": 0.069535680834069,
  "best_objective": 0.069535680834069,
  "objective_reduction": 0.008002073127746992,
  "initial_train_loss_history": 0.07693596643987435,
  "final_train_loss_history": 0.06116219994390353,
  "best_train_loss_history": 0.061162157918338164,
  "train_loss_reduction": 0.01577376649597082,
  "weight_norm": 16.74696175808426,
  "trace_s": 16.746961758084257,
  "top_eigenvalue": 9.983576319184227,
  "min_eigenvalue": 2.9450301026860947e-15,
  "R1": 0.5961425399663826,
  "effective_rank": 3.763423749862239,
  "config_suffix": "cov_toeplitz_mask_random_rho_0p99_lambda_1e-05_beta_1_d_50_T_20_lr_0p001_iter_5000_ntrain_90_seed_42"
}