{
  "alpha": null,
  "seed": 42,
  "n_train": 5000,
  "n_population": 5000,
  "train_loss": 0.3272021286409077,
  "population_risk": 0.32970210473830236,
  "bayes_population_risk": 0.13898342541436456,
  "empirical_bayes_risk": 0.19022685516595203,
  "generalization_gap": 0.0024999760973946628,
  "excess_population_risk": 0.1907186793239378,
  "runtime_seconds": 658.2252463977784,
  "runtime_per_step_seconds": 0.06582252463977784,
  "initial_objective": 0.3645464014703131,
  "final_objective": 0.3322637146578336,
  "best_objective": 0.3322637146578336,
  "objective_reduction": 0.03228268681247948,
  "initial_train_loss_history": 0.3633144889021077,
  "final_train_loss_history": 0.3272021286409077,
  "best_train_loss_history": 0.3272021286409077,
  "train_loss_reduction": 0.036112360261200016,
  "weight_norm": 10.12317201063736,
  "trace_s": 10.123172010637361,
  "top_eigenvalue": 0.8945802635128883,
  "min_eigenvalue": 2.430106577070623e-16,
  "R1": 0.0883695607041814
}