{
  "alpha": 3.0,
  "seed": 0,
  "n_train": 7500,
  "n_population": 5000,
  "train_loss": 1.247148022326552,
  "population_risk": 1.2476233590446486,
  "bayes_population_risk": 1.0,
  "empirical_bayes_risk": 0.9985303675510313,
  "weight_norm": 0.00441585866315866,
  "trace_s": 0.00441585866315866,
  "top_eigenvalue": 0.00042796692956395554,
  "R1": 0.0969159029328695
}