{
  "alpha": null,
  "seed": 42,
  "n_train": 20,
  "n_population": 5000,
  "train_loss": 0.555926203569468,
  "population_risk": 1.3841994268104614,
  "bayes_population_risk": 0.48757509716865854,
  "empirical_bayes_risk": 0.49188141518957673,
  "generalization_gap": 0.8282732232409934,
  "excess_population_risk": 0.8966243296418028,
  "runtime_seconds": 13.926440728828311,
  "runtime_per_step_seconds": 0.002785288145765662,
  "initial_objective": 0.7873257910106334,
  "final_objective": 0.5691256389953107,
  "best_objective": 0.5691256389953107,
  "objective_reduction": 0.21820015201532272,
  "initial_train_loss_history": 0.7866515332309515,
  "final_train_loss_history": 0.555926203569468,
  "best_train_loss_history": 0.555926203569468,
  "train_loss_reduction": 0.2307253296614835,
  "weight_norm": 52.79564717899456,
  "trace_s": 52.79564717899455,
  "top_eigenvalue": 26.554195673467,
  "min_eigenvalue": 2.589807846389269e-08,
  "R1": 0.502961836672625,
  "effective_rank": 4.060831147208142,
  "config_suffix": "cov_toeplitz_bump_mask_random_rho_0p5_lambda_1e-05_beta_1_d_25_T_5_lr_0p001_iter_5000_ntrain_20_seed_42",
  "ridge_lambda": 0.01,
  "ridge_train_loss": 0.4174770653936176,
  "ridge_population_risk": 0.6179411408803251,
  "ridge_generalization_gap": 0.20046407548670753,
  "ridge_excess_population_risk": 0.1303660437116666,
  "pca_n_components": 62,
  "pca_train_loss": 2.6033591146420655e-16,
  "pca_population_risk": 1.1028863968834735,
  "pca_generalization_gap": 1.1028863968834732,
  "pca_excess_population_risk": 0.6153112997148149
}