{
  "alpha": null,
  "seed": 42,
  "n_train": 750,
  "n_population": 5000,
  "train_loss": 0.9528245344702979,
  "population_risk": 0.9761979261422048,
  "bayes_population_risk": 0.45666666666666667,
  "empirical_bayes_risk": 0.458349785937422,
  "generalization_gap": 0.023373391671906885,
  "excess_population_risk": 0.5195312594755381,
  "runtime_seconds": 50.95905832387507,
  "runtime_per_step_seconds": 0.010191811664775013,
  "initial_objective": 0.9638754064940074,
  "final_objective": 0.9537873107629847,
  "best_objective": 0.9537873107629847,
  "objective_reduction": 0.01008809573102265,
  "initial_train_loss_history": 0.9634478256815083,
  "final_train_loss_history": 0.9528245344702979,
  "best_train_loss_history": 0.9528245344702979,
  "train_loss_reduction": 0.010623291211210417,
  "weight_norm": 3.8511046617664966,
  "trace_s": 3.8511046617664975,
  "top_eigenvalue": 1.4464177880719542,
  "min_eigenvalue": 9.505130724023268e-16,
  "R1": 0.37558516714227225,
  "effective_rank": 4.327029852815513,
  "config_suffix": "cov_tridiagonal_mask_random_rho_0p5_lambda_1e-05_beta_1_d_25_T_5_lr_0p001_iter_5000_ntrain_750_seed_42"
}