{
  "alpha": null,
  "seed": 42,
  "n_train": 500,
  "n_population": 5000,
  "train_loss": 1.1000262630350863,
  "population_risk": 1.096012351428783,
  "bayes_population_risk": 0.9378461538461538,
  "empirical_bayes_risk": 0.9352362572352835,
  "generalization_gap": -0.0040139116063033775,
  "excess_population_risk": 0.15816619758262918,
  "runtime_seconds": 21.928330263122916,
  "runtime_per_step_seconds": 0.021928330263122915,
  "initial_objective": 1.1086491196637436,
  "final_objective": 1.1020103963730448,
  "best_objective": 1.1020103963730448,
  "objective_reduction": 0.006638723290698811,
  "initial_train_loss_history": 1.1068946170893206,
  "final_train_loss_history": 1.1000262630350863,
  "best_train_loss_history": 1.1000246401301679,
  "train_loss_reduction": 0.006868354054234249,
  "weight_norm": 3.9682663491710963,
  "trace_s": 3.9682663491710963,
  "top_eigenvalue": 1.5446432276178106,
  "min_eigenvalue": 7.814481034765038e-17,
  "R1": 0.389248878906644
}