{
  "alpha": 5.0,
  "seed": 0,
  "n_train": 12500,
  "n_population": 5000,
  "train_loss": 0.8693436745310377,
  "population_risk": 0.8665880663094183,
  "bayes_population_risk": 0.65,
  "empirical_bayes_risk": 0.6496383140228913,
  "weight_norm": 0.004416587570321818,
  "trace_s": 0.004416587570321819,
  "top_eigenvalue": 0.00042916286832371086,
  "R1": 0.09717069151024206
}