{
  "alpha": null,
  "seed": 42,
  "n_train": 500,
  "n_population": 5000,
  "train_loss": 1.0856180228563248,
  "population_risk": 1.08804948015138,
  "bayes_population_risk": 0.8556104261592068,
  "empirical_bayes_risk": 0.8609300845374767,
  "generalization_gap": 0.0024314572950552282,
  "excess_population_risk": 0.23243905399217324,
  "runtime_seconds": 17.41559238731861,
  "runtime_per_step_seconds": 0.017415592387318612,
  "initial_objective": 1.095785328608669,
  "final_objective": 1.0895170934130112,
  "best_objective": 1.0895170934130112,
  "objective_reduction": 0.006268235195657779,
  "initial_train_loss_history": 1.0904295075537158,
  "final_train_loss_history": 1.0856180228563248,
  "best_train_loss_history": 1.0856180228563248,
  "train_loss_reduction": 0.004811484697391011,
  "weight_norm": 0.7798055680269332,
  "trace_s": 0.7798055680269333,
  "top_eigenvalue": 0.5275289623974437,
  "min_eigenvalue": 4.854798106506281e-12,
  "R1": 0.6764878118685402
}