{
  "alpha": null,
  "seed": 42,
  "n_train": 10000,
  "n_population": 5000,
  "train_loss": 1.0649957843282438,
  "population_risk": 1.0625731050909384,
  "bayes_population_risk": 0.8444937602472408,
  "empirical_bayes_risk": 0.8452676461568915,
  "generalization_gap": -0.0024226792373054362,
  "excess_population_risk": 0.21807934484369762,
  "runtime_seconds": 887.9584362320602,
  "runtime_per_step_seconds": 0.08879584362320601,
  "initial_objective": 1.0680034161332737,
  "final_objective": 1.0658431868068625,
  "best_objective": 1.0658431262989767,
  "objective_reduction": 0.002160229326411134,
  "initial_train_loss_history": 1.0664463370561186,
  "final_train_loss_history": 1.0649957843282438,
  "best_train_loss_history": 1.0649954425469812,
  "train_loss_reduction": 0.0014505527278747543,
  "weight_norm": 1.6948285784408534,
  "trace_s": 1.6948285784408534,
  "top_eigenvalue": 0.38634021438102023,
  "min_eigenvalue": 1.910369120205746e-16,
  "R1": 0.2279523836779006
}