{
  "alpha": 1.0,
  "seed": 0,
  "n_train": 2500,
  "n_population": 5000,
  "train_loss": 1.0812432096141846,
  "population_risk": 1.0768093441387487,
  "bayes_population_risk": 0.9353846153846154,
  "empirical_bayes_risk": 0.9347917715924361,
  "weight_norm": 0.0044181622978964625,
  "trace_s": 0.004418162297896462,
  "top_eigenvalue": 0.0004289693711347109,
  "R1": 0.09709226194314956
}