{
  "alpha": null,
  "seed": 42,
  "n_train": 500,
  "n_population": 5000,
  "train_loss": 1.0545265205905976,
  "population_risk": 1.0494753339248324,
  "bayes_population_risk": 1.0,
  "empirical_bayes_risk": 0.9985413480992351,
  "generalization_gap": -0.005051186665765206,
  "excess_population_risk": 0.04947533392483239,
  "runtime_seconds": 152.6232463233173,
  "runtime_per_step_seconds": 0.03052464926466346,
  "initial_objective": 1.0574874706120558,
  "final_objective": 1.0550557813168195,
  "best_objective": 1.0550557813168187,
  "objective_reduction": 0.0024316892952362945,
  "initial_train_loss_history": 1.05546651998699,
  "final_train_loss_history": 1.0545265205905976,
  "best_train_loss_history": 1.0545262137787985,
  "train_loss_reduction": 0.0009399993963923325,
  "weight_norm": 0.264630363111108,
  "trace_s": 0.26463036311110794,
  "top_eigenvalue": 0.26463036311110655,
  "min_eigenvalue": -8.907166197276719e-17,
  "R1": 0.9999999999999952,
  "effective_rank": 1.0,
  "config_suffix": "cov_identity_mask_random_rho_NA_lambda_1e-05_beta_1_d_200_T_20_lr_0p001_iter_5000_ntrain_500_seed_42",
  "ridge_lambda": 0.01,
  "ridge_train_loss": 0.9690044327584123,
  "ridge_population_risk": 1.03774037832123,
  "ridge_generalization_gap": 0.0687359455628177,
  "ridge_excess_population_risk": 0.037740378321230006,
  "pca_n_components": 75,
  "pca_train_loss": 0.7941029255852722,
  "pca_population_risk": 1.0209961289996943,
  "pca_generalization_gap": 0.2268932034144221,
  "pca_excess_population_risk": 0.020996128999694275
}