{
  "alpha": null,
  "seed": 42,
  "n_train": 1750,
  "n_population": 5000,
  "train_loss": 1.1369151923337102,
  "population_risk": 1.1307378132592734,
  "bayes_population_risk": 0.9710902924899966,
  "empirical_bayes_risk": 0.9684231838868426,
  "generalization_gap": -0.006177379074436828,
  "excess_population_risk": 0.1596475207692768,
  "runtime_seconds": 62.22109464742243,
  "runtime_per_step_seconds": 0.012444218929484486,
  "initial_objective": 1.1394299090148183,
  "final_objective": 1.1378977372070047,
  "best_objective": 1.1378977372070047,
  "objective_reduction": 0.0015321718078136204,
  "initial_train_loss_history": 1.1383595053976692,
  "final_train_loss_history": 1.1369151923337102,
  "best_train_loss_history": 1.1369135260496048,
  "train_loss_reduction": 0.0014443130639589796,
  "weight_norm": 0.9825448732945294,
  "trace_s": 0.9825448732945294,
  "top_eigenvalue": 0.5340780031297288,
  "min_eigenvalue": -6.563710321431323e-17,
  "R1": 0.5435660168262183,
  "effective_rank": 2.599760457804319,
  "config_suffix": "cov_exponential_mask_random_rho_NA_lambda_1e-05_beta_1_d_100_T_5_lr_0p001_iter_5000_ntrain_1750_seed_42",
  "ridge_lambda": 0.01,
  "ridge_train_loss": 0.9715186605750417,
  "ridge_population_risk": 0.9704381451940383,
  "ridge_generalization_gap": -0.0010805153810033996,
  "ridge_excess_population_risk": -0.0006521472959583052,
  "pca_n_components": 75,
  "pca_train_loss": 1.0071946537242538,
  "pca_population_risk": 1.1958244251692156,
  "pca_generalization_gap": 0.18862977144496185,
  "pca_excess_population_risk": 0.22473413267921905
}