{
  "alpha": null,
  "seed": 42,
  "n_train": 5000,
  "n_population": 5000,
  "train_loss": 0.6542589712713439,
  "population_risk": 0.6644225949157836,
  "bayes_population_risk": 0.2921672002085666,
  "empirical_bayes_risk": 0.2951846003259923,
  "generalization_gap": 0.010163623644439679,
  "excess_population_risk": 0.37225539470721697,
  "runtime_seconds": 396.7431311439723,
  "runtime_per_step_seconds": 0.07934862622879446,
  "initial_objective": 0.6823153798088238,
  "final_objective": 0.6584848816397098,
  "best_objective": 0.6584848816397098,
  "objective_reduction": 0.02383049816911409,
  "initial_train_loss_history": 0.6811413958035276,
  "final_train_loss_history": 0.6542589712713439,
  "best_train_loss_history": 0.6542589712713439,
  "train_loss_reduction": 0.026882424532183702,
  "weight_norm": 8.451816276426523,
  "trace_s": 8.451816276426522,
  "top_eigenvalue": 1.4678155417105132,
  "min_eigenvalue": 1.3674084929912478e-12,
  "R1": 0.17366865224040504,
  "effective_rank": 12.245664815014205,
  "config_suffix": "cov_matern_mask_random_rho_NA_lambda_1e-05_beta_1_d_50_T_5_lr_0p001_iter_5000_ntrain_5000_seed_42"
}