{
  "alpha": null,
  "seed": 42,
  "n_train": 2500,
  "n_population": 5000,
  "train_loss": 1.2016285781447715,
  "population_risk": 1.1984803281119887,
  "bayes_population_risk": 1.0,
  "empirical_bayes_risk": 0.9991698797506877,
  "generalization_gap": -0.003148250032782851,
  "excess_population_risk": 0.19848032811198868,
  "runtime_seconds": 283.81070096604526,
  "runtime_per_step_seconds": 0.056762140193209056,
  "initial_objective": 1.2032016335396039,
  "final_objective": 1.2017955423980473,
  "best_objective": 1.2017955423980469,
  "objective_reduction": 0.0014060911415565425,
  "initial_train_loss_history": 1.2021521761572007,
  "final_train_loss_history": 1.2016285781447715,
  "best_train_loss_history": 1.20162853131347,
  "train_loss_reduction": 0.0005235980124291828,
  "weight_norm": 0.16696425327566558,
  "trace_s": 0.16696425327566555,
  "top_eigenvalue": 0.16696425327566536,
  "min_eigenvalue": -3.38540271213172e-17,
  "R1": 0.999999999999999,
  "effective_rank": 1.0,
  "config_suffix": "cov_identity_mask_random_rho_NA_lambda_1e-05_beta_1_d_100_T_5_lr_0p001_iter_5000_ntrain_2500_seed_42"
}