{
  "alpha": null,
  "seed": 42,
  "n_train": 1500,
  "n_population": 5000,
  "train_loss": 0.9632204629335348,
  "population_risk": 0.9765398540741862,
  "bayes_population_risk": 0.8028223802788139,
  "empirical_bayes_risk": 0.8063443691507552,
  "generalization_gap": 0.013319391140651393,
  "excess_population_risk": 0.17371747379537228,
  "runtime_seconds": 35.5998015999794,
  "runtime_per_step_seconds": 0.00711996031999588,
  "initial_objective": 0.9730974163956083,
  "final_objective": 0.9652775761636253,
  "best_objective": 0.9652775761636253,
  "objective_reduction": 0.00781984023198301,
  "initial_train_loss_history": 0.9722695014782214,
  "final_train_loss_history": 0.9632204629335348,
  "best_train_loss_history": 0.9632200261925388,
  "train_loss_reduction": 0.009049038544686638,
  "weight_norm": 4.1142262249148995,
  "trace_s": 4.1142262249149,
  "top_eigenvalue": 1.0065532521965421,
  "min_eigenvalue": 1.5634080554622682e-15,
  "R1": 0.2446518973849966,
  "effective_rank": 6.704747366531048,
  "config_suffix": "cov_exponential_mask_random_rho_NA_lambda_1e-05_beta_1_d_50_T_5_lr_0p001_iter_5000_ntrain_1500_seed_42",
  "ridge_lambda": 0.01,
  "ridge_train_loss": 0.7963370495818592,
  "ridge_population_risk": 0.8084318934992849,
  "ridge_generalization_gap": 0.012094843917425657,
  "ridge_excess_population_risk": 0.005609513220470985,
  "pca_n_components": 75,
  "pca_train_loss": 0.9213232233010906,
  "pca_population_risk": 1.1276373354673954,
  "pca_generalization_gap": 0.2063141121663048,
  "pca_excess_population_risk": 0.3248149551885815
}