{
  "alpha": null,
  "seed": 42,
  "n_train": 300,
  "n_population": 5000,
  "train_loss": 0.21968794102095657,
  "population_risk": 0.24291569487306952,
  "bayes_population_risk": 0.13898342541436456,
  "empirical_bayes_risk": 0.13835848999052433,
  "generalization_gap": 0.023227753852112953,
  "excess_population_risk": 0.10393226945870496,
  "runtime_seconds": 56.37515888735652,
  "runtime_per_step_seconds": 0.005637515888735652,
  "initial_objective": 0.29105114377079233,
  "final_objective": 0.22900494206801328,
  "best_objective": 0.22900494206801328,
  "objective_reduction": 0.06204620170277905,
  "initial_train_loss_history": 0.2896116405886492,
  "final_train_loss_history": 0.21968794102095657,
  "best_train_loss_history": 0.21968715704689476,
  "train_loss_reduction": 0.06992369956769262,
  "weight_norm": 18.63400198482856,
  "trace_s": 18.634001984828565,
  "top_eigenvalue": 6.3591802677830085,
  "min_eigenvalue": -7.546466478092265e-17,
  "R1": 0.34126755341984666,
  "config_suffix": "cov_toeplitz_mask_random_rho_0p9_lambda_1e-05_beta_1_d_50_T_5_lr_0p001_iter_10000_ntrain_300_seed_42"
}