{
  "alpha": null,
  "seed": 42,
  "n_train": 300,
  "n_population": 5000,
  "train_loss": 1.1102874725896223,
  "population_risk": 1.105023668795039,
  "bayes_population_risk": 1.0,
  "empirical_bayes_risk": 1.0003728351452912,
  "generalization_gap": -0.005263803794583355,
  "excess_population_risk": 0.105023668795039,
  "runtime_seconds": 32.62522345967591,
  "runtime_per_step_seconds": 0.006525044691935182,
  "initial_objective": 1.1153640988642133,
  "final_objective": 1.1115184741906046,
  "best_objective": 1.1115184741906046,
  "objective_reduction": 0.0038456246736087163,
  "initial_train_loss_history": 1.1148040741267204,
  "final_train_loss_history": 1.1102874725896223,
  "best_train_loss_history": 1.1102874724913507,
  "train_loss_reduction": 0.004516601537098097,
  "weight_norm": 2.4620032008461106,
  "trace_s": 2.4620032008461097,
  "top_eigenvalue": 1.3094837157125303,
  "min_eigenvalue": -6.012175387962207e-17,
  "R1": 0.5318773408834334,
  "effective_rank": 2.7257431466101054,
  "config_suffix": "cov_identity_mask_random_rho_NA_lambda_1e-05_beta_1_d_50_T_10_lr_0p001_iter_5000_ntrain_300_seed_42",
  "ridge_lambda": 0.01,
  "ridge_train_loss": 0.9720812557355638,
  "ridge_population_risk": 1.0306524189640909,
  "ridge_generalization_gap": 0.05857116322852707,
  "ridge_excess_population_risk": 0.030652418964090877,
  "pca_n_components": 75,
  "pca_train_loss": 0.652802300339899,
  "pca_population_risk": 1.2014241504619625,
  "pca_generalization_gap": 0.5486218501220634,
  "pca_excess_population_risk": 0.2014241504619625
}