{
  "alpha": null,
  "seed": 42,
  "n_train": 750,
  "n_population": 5000,
  "train_loss": 0.8747599628561723,
  "population_risk": 0.892641823681754,
  "bayes_population_risk": 0.4371730888154475,
  "empirical_bayes_risk": 0.43402276012234897,
  "generalization_gap": 0.01788186082558174,
  "excess_population_risk": 0.45546873486630657,
  "runtime_seconds": 121.14924957603216,
  "runtime_per_step_seconds": 0.024229849915206433,
  "initial_objective": 0.8859358577235698,
  "final_objective": 0.8772343396594876,
  "best_objective": 0.8772343396594876,
  "objective_reduction": 0.008701518064082148,
  "initial_train_loss_history": 0.8852896730904581,
  "final_train_loss_history": 0.8747599628561723,
  "best_train_loss_history": 0.8747595260787531,
  "train_loss_reduction": 0.010529710234285838,
  "weight_norm": 4.948753461276667,
  "trace_s": 4.948753461276667,
  "top_eigenvalue": 1.9164792558153276,
  "min_eigenvalue": 1.2269338049502036e-16,
  "R1": 0.38726504983760474,
  "effective_rank": 4.342269837012665,
  "config_suffix": "cov_toeplitz_bump_mask_random_rho_0p5_lambda_1e-05_beta_1_d_50_T_10_lr_0p001_iter_5000_ntrain_750_seed_42"
}