{
  "alpha": null,
  "seed": 42,
  "n_train": 500,
  "n_population": 5000,
  "train_loss": 1.1328708793833948,
  "population_risk": 1.1312704941269227,
  "bayes_population_risk": 0.9710902924899966,
  "empirical_bayes_risk": 0.9692011713532149,
  "generalization_gap": -0.0016003852564721033,
  "excess_population_risk": 0.16018020163692614,
  "runtime_seconds": 112.49804667569697,
  "runtime_per_step_seconds": 0.022499609335139392,
  "initial_objective": 1.1393950419994352,
  "final_objective": 1.135627899200348,
  "best_objective": 1.135627899200348,
  "objective_reduction": 0.0037671427990872974,
  "initial_train_loss_history": 1.1382451237690252,
  "final_train_loss_history": 1.1328708793833948,
  "best_train_loss_history": 1.1328686950250149,
  "train_loss_reduction": 0.005374244385630389,
  "weight_norm": 2.757019814528702,
  "trace_s": 2.7570198145287024,
  "top_eigenvalue": 0.8567979084879735,
  "min_eigenvalue": -2.3300342459698213e-17,
  "R1": 0.31076958677369476,
  "effective_rank": 4.492401508893111,
  "config_suffix": "cov_exponential_mask_random_rho_NA_lambda_1e-05_beta_1_d_100_T_5_lr_0p001_iter_5000_ntrain_500_seed_42"
}