{
  "alpha": null,
  "seed": 42,
  "n_train": 70,
  "n_population": 5000,
  "train_loss": 0.924709045236062,
  "population_risk": 1.0645659289647413,
  "bayes_population_risk": 0.7166519216006867,
  "empirical_bayes_risk": 0.7161966467828411,
  "generalization_gap": 0.13985688372867933,
  "excess_population_risk": 0.34791400736405464,
  "runtime_seconds": 34.780298633500934,
  "runtime_per_step_seconds": 0.006956059726700187,
  "initial_objective": 0.9694918712255346,
  "final_objective": 0.9294063513798239,
  "best_objective": 0.9294063513798239,
  "objective_reduction": 0.04008551984571074,
  "initial_train_loss_history": 0.9688510204831666,
  "final_train_loss_history": 0.924709045236062,
  "best_train_loss_history": 0.924709045236062,
  "train_loss_reduction": 0.044141975247104615,
  "weight_norm": 9.394597620599448,
  "trace_s": 9.394597620599447,
  "top_eigenvalue": 4.406784226941366,
  "min_eigenvalue": 8.998679927621211e-15,
  "R1": 0.4690764208228195,
  "effective_rank": 3.320689778952471,
  "config_suffix": "cov_matern_mask_random_rho_NA_lambda_1e-05_beta_1_d_50_T_10_lr_0p001_iter_5000_ntrain_70_seed_42"
}