{
  "alpha": null,
  "seed": 42,
  "n_train": 20,
  "n_population": 5000,
  "train_loss": 0.12216187934737519,
  "population_risk": 1.29518318631739,
  "bayes_population_risk": 0.1134751381215469,
  "empirical_bayes_risk": 0.11452259279193354,
  "generalization_gap": 1.1730213069700148,
  "excess_population_risk": 1.181708048195843,
  "runtime_seconds": 40.88895084708929,
  "runtime_per_step_seconds": 0.008177790169417859,
  "initial_objective": 0.482846450721074,
  "final_objective": 0.15967713042852813,
  "best_objective": 0.15967713042852813,
  "objective_reduction": 0.32316932029254586,
  "initial_train_loss_history": 0.4814796534146303,
  "final_train_loss_history": 0.12216187934737519,
  "best_train_loss_history": 0.12216187934737519,
  "train_loss_reduction": 0.35931777406725507,
  "weight_norm": 37.515119882365184,
  "trace_s": 37.51511988236519,
  "top_eigenvalue": 23.661192592299464,
  "min_eigenvalue": 5.740840518902467e-14,
  "R1": 0.6307108351644088,
  "effective_rank": 3.1565119642039474,
  "config_suffix": "cov_toeplitz_mask_random_rho_0p9_lambda_1e-05_beta_1_d_100_T_20_lr_0p001_iter_5000_ntrain_20_seed_42"
}