{
  "alpha": null,
  "seed": 42,
  "n_train": 2000,
  "n_population": 5000,
  "train_loss": 1.0698467481686684,
  "population_risk": 1.0625994249102695,
  "bayes_population_risk": 0.8444937602472408,
  "empirical_bayes_risk": 0.8436625903214746,
  "generalization_gap": -0.007247323258398941,
  "excess_population_risk": 0.21810566466302872,
  "runtime_seconds": 23.04946501739323,
  "runtime_per_step_seconds": 0.02304946501739323,
  "initial_objective": 1.1212017999653048,
  "final_objective": 1.0698476141693347,
  "best_objective": 1.0698476141693347,
  "objective_reduction": 0.051354185795970064,
  "initial_train_loss_history": 1.0701493921321708,
  "final_train_loss_history": 1.0698467481686684,
  "best_train_loss_history": 1.069529987743164,
  "train_loss_reduction": 0.0003026439635023248,
  "weight_norm": 1.711289541604705e-05,
  "trace_s": 1.7112895416047045e-05,
  "top_eigenvalue": 4.793095599388873e-06,
  "min_eigenvalue": 7.255149383381037e-16,
  "R1": 0.2800867698223825,
  "config_suffix": "cov_tridiagonal_mask_random_rho_0p3_lambda_0p001_beta_1_d_50_T_5_lr_0p001_iter_1000_ntrain_2000_seed_42"
}