{
  "alpha": null,
  "seed": 42,
  "n_train": 125,
  "n_population": 5000,
  "train_loss": 0.8338592377679923,
  "population_risk": 1.3276299460470855,
  "bayes_population_risk": 0.45666666666666667,
  "empirical_bayes_risk": 0.45814006892191617,
  "generalization_gap": 0.4937707082790932,
  "excess_population_risk": 0.8709632793804188,
  "runtime_seconds": 33.91262776963413,
  "runtime_per_step_seconds": 0.006782525553926826,
  "initial_objective": 0.9945747088030987,
  "final_objective": 0.8758864113455908,
  "best_objective": 0.8758864113455908,
  "objective_reduction": 0.11868829745750797,
  "initial_train_loss_history": 0.9931579823358953,
  "final_train_loss_history": 0.8338592377679923,
  "best_train_loss_history": 0.8338592377679923,
  "train_loss_reduction": 0.15929874456790294,
  "weight_norm": 42.027127077723264,
  "trace_s": 42.02712707772326,
  "top_eigenvalue": 18.461586729379682,
  "min_eigenvalue": 4.077513274038538e-14,
  "R1": 0.43927786677489455,
  "effective_rank": 5.123988329581101,
  "config_suffix": "cov_tridiagonal_mask_random_rho_0p5_lambda_1e-05_beta_1_d_100_T_5_lr_0p001_iter_5000_ntrain_125_seed_42"
}