{
  "alpha": null,
  "seed": 42,
  "n_train": 80,
  "n_population": 5000,
  "train_loss": 0.8690126318637968,
  "population_risk": 1.1558323689067382,
  "bayes_population_risk": 0.7459898192227884,
  "empirical_bayes_risk": 0.7469515279188461,
  "generalization_gap": 0.2868197370429414,
  "excess_population_risk": 0.40984254968394984,
  "runtime_seconds": 26.06020227819681,
  "runtime_per_step_seconds": 0.005212040455639362,
  "initial_objective": 0.9620780131169931,
  "final_objective": 0.8885543761805832,
  "best_objective": 0.8885543761805832,
  "objective_reduction": 0.07352363693640995,
  "initial_train_loss_history": 0.960624166621493,
  "final_train_loss_history": 0.8690126318637968,
  "best_train_loss_history": 0.8690126318637968,
  "train_loss_reduction": 0.09161153475769612,
  "weight_norm": 19.54173889325274,
  "trace_s": 19.541738893252745,
  "top_eigenvalue": 9.729706605982424,
  "min_eigenvalue": 1.6197003131799139e-13,
  "R1": 0.49789359376518144,
  "effective_rank": 3.965807062000262,
  "config_suffix": "cov_matern_mask_random_rho_NA_lambda_1e-05_beta_1_d_100_T_5_lr_0p001_iter_5000_ntrain_80_seed_42"
}