{
  "alpha": null,
  "seed": 42,
  "n_train": 300,
  "n_population": 5000,
  "train_loss": 1.160151795421373,
  "population_risk": 1.1557741366132497,
  "bayes_population_risk": 0.96,
  "empirical_bayes_risk": 0.9582579660972195,
  "generalization_gap": -0.0043776588081232415,
  "excess_population_risk": 0.19577413661324972,
  "runtime_seconds": 55.9028347954154,
  "runtime_per_step_seconds": 0.00559028347954154,
  "initial_objective": 1.1697885847207143,
  "final_objective": 1.162126253829639,
  "best_objective": 1.1621262538278223,
  "objective_reduction": 0.007662330891075264,
  "initial_train_loss_history": 1.164635093210524,
  "final_train_loss_history": 1.160151795421373,
  "best_train_loss_history": 1.1601503410594087,
  "train_loss_reduction": 0.0044832977891511305,
  "weight_norm": 0.3948916822881236,
  "trace_s": 0.39489168228812355,
  "top_eigenvalue": 0.3948916822831432,
  "min_eigenvalue": -7.629055666236215e-18,
  "R1": 0.9999999999873876,
  "config_suffix": "cov_toeplitz_mask_last_rho_0p2_lambda_0p0001_beta_1_d_50_T_5_lr_0p001_iter_10000_ntrain_300_seed_42"
}