{
  "alpha": null,
  "seed": 42,
  "n_train": 2000,
  "n_population": 5000,
  "train_loss": 0.9689358182727171,
  "population_risk": 0.9725527879043362,
  "bayes_population_risk": 0.45666666666666667,
  "empirical_bayes_risk": 0.459392781336547,
  "generalization_gap": 0.0036169696316190603,
  "excess_population_risk": 0.5158861212376695,
  "runtime_seconds": 303.3214144837111,
  "runtime_per_step_seconds": 0.03033214144837111,
  "initial_objective": 0.9795003119756495,
  "final_objective": 0.9712440740678963,
  "best_objective": 0.9712440740678963,
  "objective_reduction": 0.008256237907753206,
  "initial_train_loss_history": 0.9787508989325617,
  "final_train_loss_history": 0.9689358182727171,
  "best_train_loss_history": 0.9689344824643826,
  "train_loss_reduction": 0.0098150806598446,
  "weight_norm": 4.616511590213798,
  "trace_s": 4.616511590213797,
  "top_eigenvalue": 1.287848735867228,
  "min_eigenvalue": -1.1704427274136772e-16,
  "R1": 0.2789657754996746
}