{
  "alpha": null,
  "seed": 42,
  "n_train": 2000,
  "n_population": 5000,
  "train_loss": 0.5710440379575806,
  "population_risk": 0.5796406436891606,
  "bayes_population_risk": 0.27570731707317064,
  "empirical_bayes_risk": 0.3605870242627419,
  "generalization_gap": 0.008596605731579943,
  "excess_population_risk": 0.30393332661598993,
  "runtime_seconds": 39.6941833216697,
  "runtime_per_step_seconds": 0.0396941833216697,
  "initial_objective": 0.5914997950448997,
  "final_objective": 0.5788140149010638,
  "best_objective": 0.5788140149010638,
  "objective_reduction": 0.012685780143835923,
  "initial_train_loss_history": 0.5898398942050593,
  "final_train_loss_history": 0.5710440379575806,
  "best_train_loss_history": 0.5710440379575806,
  "train_loss_reduction": 0.018795856247478704,
  "weight_norm": 7.768975516830027,
  "trace_s": 7.76897551683003,
  "top_eigenvalue": 1.8781067240614244,
  "min_eigenvalue": 9.36730915321548e-11,
  "R1": 0.241744451374941
}