{
  "alpha": null,
  "seed": 42,
  "n_train": 250,
  "n_population": 5000,
  "train_loss": 0.4588819711174558,
  "population_risk": 0.648629911180428,
  "bayes_population_risk": 0.1214410313285021,
  "empirical_bayes_risk": 0.12409372191346588,
  "generalization_gap": 0.1897479400629722,
  "excess_population_risk": 0.5271888798519259,
  "runtime_seconds": 55.583242973312736,
  "runtime_per_step_seconds": 0.011116648594662546,
  "initial_objective": 0.5657720723055091,
  "final_objective": 0.48686019314973894,
  "best_objective": 0.48686019314973894,
  "objective_reduction": 0.07891187915577014,
  "initial_train_loss_history": 0.5639000490796618,
  "final_train_loss_history": 0.4588819711174558,
  "best_train_loss_history": 0.4588819711174558,
  "train_loss_reduction": 0.10501807796220602,
  "weight_norm": 27.978209327353206,
  "trace_s": 27.97820932735321,
  "top_eigenvalue": 12.602118327742712,
  "min_eigenvalue": 3.5181164224868192e-15,
  "R1": 0.4504261934813002,
  "effective_rank": 5.919987369247625,
  "config_suffix": "cov_toeplitz_bump_mask_random_rho_0p7_lambda_1e-05_beta_1_d_100_T_5_lr_0p001_iter_5000_ntrain_250_seed_42"
}