{
  "alpha": 3.0,
  "seed": 0,
  "n_train": 7500,
  "n_population": 5000,
  "train_loss": 1.2470355663085888,
  "population_risk": 1.2478347662796754,
  "bayes_population_risk": 1.0,
  "empirical_bayes_risk": 0.9985303675510313,
  "weight_norm": 0.4879363754352922,
  "trace_s": 0.48793637543529217,
  "top_eigenvalue": 0.1383696546348152,
  "R1": 0.2835813470790623
}