{
  "alpha": 5.0,
  "seed": 0,
  "n_train": 12500,
  "n_population": 5000,
  "train_loss": 1.092139799765486,
  "population_risk": 1.0902264300764408,
  "bayes_population_risk": 0.9310364973015884,
  "empirical_bayes_risk": 0.9291519955213753,
  "weight_norm": 0.0044159732669252945,
  "trace_s": 0.0044159732669252945,
  "top_eigenvalue": 0.0004282602983883634,
  "R1": 0.09697982132182333
}