{
  "alpha": null,
  "seed": 42,
  "n_train": 10,
  "n_population": 5000,
  "train_loss": 0.7732938783347096,
  "population_risk": 1.1638576216956544,
  "bayes_population_risk": 0.75,
  "empirical_bayes_risk": 0.749435007433993,
  "generalization_gap": 0.3905637433609448,
  "excess_population_risk": 0.41385762169565443,
  "runtime_seconds": 33.7804587688297,
  "runtime_per_step_seconds": 0.0033780458768829704,
  "initial_objective": 0.9871581196390419,
  "final_objective": 0.8070698739794916,
  "best_objective": 0.8070698739794906,
  "objective_reduction": 0.18008824565955028,
  "initial_train_loss_history": 0.9815144390976634,
  "final_train_loss_history": 0.7732938783347096,
  "best_train_loss_history": 0.7732448329313766,
  "train_loss_reduction": 0.2082205607629538,
  "weight_norm": 6.755199128956495,
  "trace_s": 6.755199128956495,
  "top_eigenvalue": 5.327327599490275,
  "min_eigenvalue": -1.6387347027239226e-15,
  "R1": 0.788626285886144,
  "config_suffix": "cov_toeplitz_mask_last_rho_0p5_lambda_0p0001_beta_1_d_50_T_5_lr_0p001_iter_10000_ntrain_10_seed_42"
}