{
  "alpha": null,
  "seed": 42,
  "n_train": 10,
  "n_population": 5000,
  "train_loss": 0.49666517814614164,
  "population_risk": 1.0733997549425864,
  "bayes_population_risk": 0.5301185178874289,
  "empirical_bayes_risk": 0.5287506585439707,
  "generalization_gap": 0.5767345767964448,
  "excess_population_risk": 0.5432812370551575,
  "runtime_seconds": 20.26081845164299,
  "runtime_per_step_seconds": 0.004052163690328598,
  "initial_objective": 0.7236024548078726,
  "final_objective": 0.5042924688257474,
  "best_objective": 0.5042924688257474,
  "objective_reduction": 0.21930998598212514,
  "initial_train_loss_history": 0.7227898277235181,
  "final_train_loss_history": 0.49666517814614164,
  "best_train_loss_history": 0.49666517814614164,
  "train_loss_reduction": 0.22612464957737644,
  "weight_norm": 30.506533047948334,
  "trace_s": 30.506533047948334,
  "top_eigenvalue": 19.314329469715098,
  "min_eigenvalue": 6.02890510079566e-08,
  "R1": 0.6331210904679985,
  "effective_rank": 3.140900882626541,
  "config_suffix": "cov_exponential_mask_random_rho_NA_lambda_1e-05_beta_1_d_25_T_5_lr_0p001_iter_5000_ntrain_10_seed_42"
}