{
  "alpha": null,
  "seed": 42,
  "n_train": 10,
  "n_population": 5000,
  "train_loss": 1.0006596946242097,
  "population_risk": 1.405819020887868,
  "bayes_population_risk": 0.96,
  "empirical_bayes_risk": 0.9584030225830357,
  "generalization_gap": 0.40515932626365836,
  "excess_population_risk": 0.44581902088786807,
  "runtime_seconds": 28.567032363265753,
  "runtime_per_step_seconds": 0.0028567032363265754,
  "initial_objective": 1.1292236941463447,
  "final_objective": 1.006090716963047,
  "best_objective": 1.006090714920366,
  "objective_reduction": 0.12313297718329763,
  "initial_train_loss_history": 1.125261232329774,
  "final_train_loss_history": 1.0006596946242097,
  "best_train_loss_history": 1.0006596138522172,
  "train_loss_reduction": 0.12460153770556426,
  "weight_norm": 10.862052837484246,
  "trace_s": 10.862052837484246,
  "top_eigenvalue": 8.005000511408744,
  "min_eigenvalue": -1.31581007244385e-16,
  "R1": 0.7369693953047255,
  "config_suffix": "cov_toeplitz_mask_last_rho_0p2_lambda_1e-05_beta_1_d_50_T_5_lr_0p01_iter_10000_ntrain_10_seed_42"
}