{
  "alpha": null,
  "seed": 42,
  "n_train": 2000,
  "n_population": 5000,
  "train_loss": 1.081069576964691,
  "population_risk": 1.0784490624726009,
  "bayes_population_risk": 0.8556104261592068,
  "empirical_bayes_risk": 0.8540601397854243,
  "generalization_gap": -0.002620514492090109,
  "excess_population_risk": 0.22283863631339407,
  "runtime_seconds": 32.804044188931584,
  "runtime_per_step_seconds": 0.03280404418893158,
  "initial_objective": 1.0890786255957323,
  "final_objective": 1.08283887432573,
  "best_objective": 1.08283887432573,
  "objective_reduction": 0.006239751270002314,
  "initial_train_loss_history": 1.088305704112045,
  "final_train_loss_history": 1.081069576964691,
  "best_train_loss_history": 1.081069576964691,
  "train_loss_reduction": 0.007236127147353999,
  "weight_norm": 3.538085903731278,
  "trace_s": 3.538085903731277,
  "top_eigenvalue": 0.7780299457482648,
  "min_eigenvalue": 2.4005060085225573e-11,
  "R1": 0.2199013723572262
}