{
  "alpha": null,
  "seed": 42,
  "n_train": 150,
  "n_population": 5000,
  "train_loss": 0.7090442711364587,
  "population_risk": 0.7498249116005766,
  "bayes_population_risk": 0.5301185178874289,
  "empirical_bayes_risk": 0.530067904688561,
  "generalization_gap": 0.04078064046411789,
  "excess_population_risk": 0.2197063937131477,
  "runtime_seconds": 24.926982767879963,
  "runtime_per_step_seconds": 0.004985396553575993,
  "initial_objective": 0.758159094263732,
  "final_objective": 0.7120165329443164,
  "best_objective": 0.7120165329443164,
  "objective_reduction": 0.04614256131941552,
  "initial_train_loss_history": 0.7574906372713408,
  "final_train_loss_history": 0.7090442711364587,
  "best_train_loss_history": 0.7090442711364587,
  "train_loss_reduction": 0.04844636613488207,
  "weight_norm": 11.889011585609866,
  "trace_s": 11.889011585609868,
  "top_eigenvalue": 4.363475453400339,
  "min_eigenvalue": 7.538153389264976e-11,
  "R1": 0.3670175120934166,
  "effective_rank": 4.2977957135754545,
  "config_suffix": "cov_exponential_mask_random_rho_NA_lambda_1e-05_beta_1_d_25_T_5_lr_0p001_iter_5000_ntrain_150_seed_42"
}