{
  "alpha": null,
  "seed": 42,
  "n_train": 10,
  "n_population": 5000,
  "train_loss": 0.8119124188228699,
  "population_risk": 1.3491710736564404,
  "bayes_population_risk": 0.7822082681172894,
  "empirical_bayes_risk": 0.7819955519356853,
  "generalization_gap": 0.5372586548335705,
  "excess_population_risk": 0.566962805539151,
  "runtime_seconds": 32.25145244598389,
  "runtime_per_step_seconds": 0.006450290489196778,
  "initial_objective": 1.0204444341855354,
  "final_objective": 0.827148609806352,
  "best_objective": 0.827148609806352,
  "objective_reduction": 0.19329582437918347,
  "initial_train_loss_history": 1.0190090257613638,
  "final_train_loss_history": 0.8119124188228699,
  "best_train_loss_history": 0.8119124188228699,
  "train_loss_reduction": 0.20709660693849385,
  "weight_norm": 15.236157566033757,
  "trace_s": 15.23615756603376,
  "top_eigenvalue": 10.4892996930871,
  "min_eigenvalue": 9.496468898346265e-13,
  "R1": 0.6884478351990191,
  "effective_rank": 2.375624963353484,
  "config_suffix": "cov_exponential_mask_random_rho_NA_lambda_1e-05_beta_1_d_100_T_10_lr_0p001_iter_5000_ntrain_10_seed_42"
}