{
  "alpha": null,
  "seed": 42,
  "n_train": 5000,
  "n_population": 5000,
  "train_loss": 1.0814757294849182,
  "population_risk": 1.076796205247728,
  "bayes_population_risk": 0.8556104261592068,
  "empirical_bayes_risk": 0.8520663592655843,
  "generalization_gap": -0.004679524237190202,
  "excess_population_risk": 0.22118577908852122,
  "runtime_seconds": 65.00604075845331,
  "runtime_per_step_seconds": 0.06500604075845332,
  "initial_objective": 1.087795116510836,
  "final_objective": 1.0829256470970543,
  "best_objective": 1.0829256470970543,
  "objective_reduction": 0.004869469413781635,
  "initial_train_loss_history": 1.0870230280480635,
  "final_train_loss_history": 1.0814757294849182,
  "best_train_loss_history": 1.0814757294849182,
  "train_loss_reduction": 0.0055472985631452865,
  "weight_norm": 2.8993779730453912,
  "trace_s": 2.899377973045391,
  "top_eigenvalue": 0.5868747313373985,
  "min_eigenvalue": 2.3198131634077618e-14,
  "R1": 0.20241401321020894
}