{
  "alpha": null,
  "seed": 42,
  "n_train": 400,
  "n_population": 5000,
  "train_loss": 1.0501322009934733,
  "population_risk": 1.0683929250094906,
  "bayes_population_risk": 0.9675589362829065,
  "empirical_bayes_risk": 0.9655624449683532,
  "generalization_gap": 0.018260724016017305,
  "excess_population_risk": 0.10083398872658411,
  "runtime_seconds": 29.668201921507716,
  "runtime_per_step_seconds": 0.005933640384301543,
  "initial_objective": 1.0545658308413481,
  "final_objective": 1.0510090348250722,
  "best_objective": 1.0510090348250722,
  "objective_reduction": 0.0035567960162758983,
  "initial_train_loss_history": 1.054007950932473,
  "final_train_loss_history": 1.0501322009934733,
  "best_train_loss_history": 1.050132091446598,
  "train_loss_reduction": 0.0038757499389996397,
  "weight_norm": 1.7536676606264479,
  "trace_s": 1.753667660626448,
  "top_eigenvalue": 0.9396597761010624,
  "min_eigenvalue": -3.826979451633236e-17,
  "R1": 0.5358254572393697,
  "effective_rank": 1.9950073515707032,
  "config_suffix": "cov_exponential_mask_random_rho_NA_lambda_1e-05_beta_1_d_50_T_10_lr_0p001_iter_5000_ntrain_400_seed_42",
  "ridge_lambda": 0.01,
  "ridge_train_loss": 0.9324251586782865,
  "ridge_population_risk": 0.9883635983494183,
  "ridge_generalization_gap": 0.05593843967113188,
  "ridge_excess_population_risk": 0.02080466206651188,
  "pca_n_components": 75,
  "pca_train_loss": 0.7306543836768239,
  "pca_population_risk": 1.1828489136136822,
  "pca_generalization_gap": 0.45219452993685827,
  "pca_excess_population_risk": 0.2152899773307757
}