{
  "alpha": null,
  "seed": 42,
  "n_train": 300,
  "n_population": 5000,
  "train_loss": 0.7217221460610661,
  "population_risk": 0.7328202420404544,
  "bayes_population_risk": 0.5301185178874289,
  "empirical_bayes_risk": 0.5277017152796644,
  "generalization_gap": 0.011098095979388267,
  "excess_population_risk": 0.20270172415302545,
  "runtime_seconds": 31.082615297287703,
  "runtime_per_step_seconds": 0.00621652305945754,
  "initial_objective": 0.75840302422003,
  "final_objective": 0.7239680262062566,
  "best_objective": 0.7239680262062566,
  "objective_reduction": 0.03443499801377348,
  "initial_train_loss_history": 0.7577241477966862,
  "final_train_loss_history": 0.7217221460610661,
  "best_train_loss_history": 0.7217221460610661,
  "train_loss_reduction": 0.03600200173562007,
  "weight_norm": 8.983497826669009,
  "trace_s": 8.983497826669009,
  "top_eigenvalue": 2.9046726744280655,
  "min_eigenvalue": 1.1950428329301276e-12,
  "R1": 0.3233342658363049,
  "effective_rank": 5.401294134237841,
  "config_suffix": "cov_exponential_mask_random_rho_NA_lambda_1e-05_beta_1_d_25_T_5_lr_0p001_iter_5000_ntrain_300_seed_42"
}