{
  "alpha": 3.0,
  "seed": 0,
  "n_train": 7500,
  "n_population": 5000,
  "train_loss": 0.8472967036708109,
  "population_risk": 0.8407538046475537,
  "bayes_population_risk": 0.66,
  "empirical_bayes_risk": 0.6562527752992612,
  "generalization_gap": -0.00654289902325722,
  "excess_population_risk": 0.18075380464755364,
  "runtime_seconds": 100.72443466697587,
  "runtime_per_step_seconds": 0.10072443466697587,
  "initial_objective": 0.870141524079588,
  "final_objective": 0.8505646463742135,
  "best_objective": 0.8505646463742135,
  "objective_reduction": 0.01957687770537453,
  "initial_train_loss_history": 0.8623843734169289,
  "final_train_loss_history": 0.8472967036708109,
  "best_train_loss_history": 0.8472967036708109,
  "train_loss_reduction": 0.015087669746117971,
  "weight_norm": 0.6535089688421235,
  "trace_s": 0.6535089688421236,
  "top_eigenvalue": 0.1104940341281129,
  "min_eigenvalue": 2.6065107056900926e-10,
  "R1": 0.16907806839114148
}