{
  "alpha": null,
  "seed": 42,
  "n_train": 750,
  "n_population": 5000,
  "train_loss": 0.8747599628561723,
  "population_risk": 0.892641823681754,
  "bayes_population_risk": 0.4371730888154475,
  "empirical_bayes_risk": 0.43402276012234897,
  "generalization_gap": 0.01788186082558174,
  "excess_population_risk": 0.45546873486630657,
  "runtime_seconds": 43.37240697443485,
  "runtime_per_step_seconds": 0.00867448139488697,
  "initial_objective": 0.8859358577235698,
  "final_objective": 0.8772343396594876,
  "best_objective": 0.8772343396594876,
  "objective_reduction": 0.008701518064082148,
  "initial_train_loss_history": 0.8852896730904581,
  "final_train_loss_history": 0.8747599628561723,
  "best_train_loss_history": 0.8747595260787531,
  "train_loss_reduction": 0.010529710234285838,
  "weight_norm": 4.9487534612766675,
  "trace_s": 4.948753461276669,
  "top_eigenvalue": 1.916479255815329,
  "min_eigenvalue": 1.0578736814163902e-16,
  "R1": 0.38726504983760496,
  "effective_rank": 4.342269837012667,
  "config_suffix": "cov_toeplitz_bump_mask_random_rho_0p5_lambda_1e-05_beta_1_d_50_T_10_lr_0p001_iter_5000_ntrain_750_seed_42",
  "ridge_lambda": 0.01,
  "ridge_train_loss": 0.4262468059919079,
  "ridge_population_risk": 0.4391036259116183,
  "ridge_generalization_gap": 0.012856819919710383,
  "ridge_excess_population_risk": 0.0019305370961708035,
  "pca_n_components": 75,
  "pca_train_loss": 0.659013961398899,
  "pca_population_risk": 0.9036483238489869,
  "pca_generalization_gap": 0.24463436245008785,
  "pca_excess_population_risk": 0.4664752350335394
}