{
  "alpha": null,
  "seed": 42,
  "n_train": 2000,
  "n_population": 5000,
  "train_loss": 1.115196066018608,
  "population_risk": 1.107160051567494,
  "bayes_population_risk": 0.9339407664588757,
  "empirical_bayes_risk": 0.9319389864712111,
  "generalization_gap": -0.008036014451114015,
  "excess_population_risk": 0.17321928510861828,
  "runtime_seconds": 55.10064988397062,
  "runtime_per_step_seconds": 0.05510064988397062,
  "initial_objective": 1.120739381708605,
  "final_objective": 1.1151960655365412,
  "best_objective": 1.1151960533430678,
  "objective_reduction": 0.005543316172063939,
  "initial_train_loss_history": 1.11491868927683,
  "final_train_loss_history": 1.115196066018608,
  "best_train_loss_history": 1.114664486531322,
  "train_loss_reduction": -0.00027737674177807925,
  "weight_norm": 1.8932025644942814e-07,
  "trace_s": 1.8932025644942817e-07,
  "top_eigenvalue": 1.7608364617763664e-07,
  "min_eigenvalue": -3.7768023697433014e-23,
  "R1": 0.9300834970328318
}