{
  "alpha": null,
  "seed": 42,
  "n_train": 2000,
  "n_population": 5000,
  "train_loss": 0.5803103455631584,
  "population_risk": 0.5853663849425348,
  "bayes_population_risk": 0.27570731707317064,
  "empirical_bayes_risk": 0.3603424848187042,
  "generalization_gap": 0.005056039379376376,
  "excess_population_risk": 0.30965906786936415,
  "runtime_seconds": 202.14581107720733,
  "runtime_per_step_seconds": 0.020214581107720734,
  "initial_objective": 0.5919243386415256,
  "final_objective": 0.5857699181671454,
  "best_objective": 0.5857693480037953,
  "objective_reduction": 0.006154420474380196,
  "initial_train_loss_history": 0.5838466530154007,
  "final_train_loss_history": 0.5803103455631584,
  "best_train_loss_history": 0.5802640317088136,
  "train_loss_reduction": 0.0035363074522423155,
  "weight_norm": 1.0919099902449751,
  "trace_s": 1.091909990244975,
  "top_eigenvalue": 0.2930633027570203,
  "min_eigenvalue": -2.0136094754406815e-17,
  "R1": 0.2683951107465095
}