{
  "alpha": null,
  "seed": 42,
  "n_train": 1250,
  "n_population": 5000,
  "train_loss": 0.8865563170551468,
  "population_risk": 0.8897104495124171,
  "bayes_population_risk": 0.4371730888154475,
  "empirical_bayes_risk": 0.43633659232685795,
  "generalization_gap": 0.0031541324572702534,
  "excess_population_risk": 0.4525373606969696,
  "runtime_seconds": 49.58661032654345,
  "runtime_per_step_seconds": 0.00991732206530869,
  "initial_objective": 0.8926914583214053,
  "final_objective": 0.8883056042058574,
  "best_objective": 0.8883056042058574,
  "objective_reduction": 0.004385854115547927,
  "initial_train_loss_history": 0.8920852980374108,
  "final_train_loss_history": 0.8865563170551468,
  "best_train_loss_history": 0.8865534524576033,
  "train_loss_reduction": 0.0055289809822639535,
  "weight_norm": 3.4985742285734354,
  "trace_s": 3.4985742285734354,
  "top_eigenvalue": 1.276527885166468,
  "min_eigenvalue": 1.796952777071009e-16,
  "R1": 0.3648708879008064,
  "effective_rank": 3.5734517156152648,
  "config_suffix": "cov_toeplitz_bump_mask_random_rho_0p5_lambda_1e-05_beta_1_d_50_T_10_lr_0p001_iter_5000_ntrain_1250_seed_42",
  "ridge_lambda": 0.01,
  "ridge_train_loss": 0.4358329474198301,
  "ridge_population_risk": 0.43975291079333856,
  "ridge_generalization_gap": 0.003919963373508473,
  "ridge_excess_population_risk": 0.0025798219778910836,
  "pca_n_components": 75,
  "pca_train_loss": 0.7156520637089531,
  "pca_population_risk": 0.8796577079593366,
  "pca_generalization_gap": 0.16400564425038355,
  "pca_excess_population_risk": 0.44248461914388915
}