{
  "alpha": null,
  "seed": 42,
  "n_train": 400,
  "n_population": 5000,
  "train_loss": 0.3208478921329369,
  "population_risk": 0.3331367014091186,
  "bayes_population_risk": 0.13898342541436456,
  "empirical_bayes_risk": 0.19033422829506644,
  "generalization_gap": 0.0122888092761817,
  "excess_population_risk": 0.19415327599475404,
  "runtime_seconds": 17.74044623412192,
  "runtime_per_step_seconds": 0.01774044623412192,
  "initial_objective": 0.3654071384742317,
  "final_objective": 0.32679620669401627,
  "best_objective": 0.32679620669401627,
  "objective_reduction": 0.03861093178021541,
  "initial_train_loss_history": 0.3641608676736196,
  "final_train_loss_history": 0.3208478921329369,
  "best_train_loss_history": 0.3208478921329369,
  "train_loss_reduction": 0.0433129755406827,
  "weight_norm": 11.876179466781041,
  "trace_s": 11.876179466781045,
  "top_eigenvalue": 2.1946544116737234,
  "min_eigenvalue": 2.663393686143577e-08,
  "R1": 0.18479464863362907
}