{
  "alpha": null,
  "seed": 42,
  "n_train": 50,
  "n_population": 5000,
  "train_loss": 0.21751718025418515,
  "population_risk": 1.3263493278065464,
  "bayes_population_risk": 0.13898342541436456,
  "empirical_bayes_risk": 0.19020213345474468,
  "generalization_gap": 1.1088321475523613,
  "excess_population_risk": 1.1873659023921819,
  "runtime_seconds": 16.95499054901302,
  "runtime_per_step_seconds": 0.01695499054901302,
  "initial_objective": 0.3730601107921146,
  "final_objective": 0.26548100617588183,
  "best_objective": 0.26548100617588183,
  "objective_reduction": 0.10757910461623277,
  "initial_train_loss_history": 0.3694552747523819,
  "final_train_loss_history": 0.21751718025418515,
  "best_train_loss_history": 0.21751718025418515,
  "train_loss_reduction": 0.15193809449819673,
  "weight_norm": 23.97959689274437,
  "trace_s": 23.97959689274437,
  "top_eigenvalue": 13.701102691349277,
  "min_eigenvalue": 1.1850042273593556e-10,
  "R1": 0.5713650130413531
}