{
  "alpha": null,
  "seed": 42,
  "n_train": 20,
  "n_population": 5000,
  "train_loss": 0.7444879959323635,
  "population_risk": 1.5355285105519816,
  "bayes_population_risk": 0.7166519216006867,
  "empirical_bayes_risk": 0.7154014411169732,
  "generalization_gap": 0.7910405146196181,
  "excess_population_risk": 0.8188765889512949,
  "runtime_seconds": 15.770436393097043,
  "runtime_per_step_seconds": 0.0031540872786194087,
  "initial_objective": 0.9536087264874133,
  "final_objective": 0.7651790355580531,
  "best_objective": 0.7651790355580531,
  "objective_reduction": 0.18842969092936024,
  "initial_train_loss_history": 0.9528151420662294,
  "final_train_loss_history": 0.7444879959323635,
  "best_train_loss_history": 0.7444879959323635,
  "train_loss_reduction": 0.20832714613386594,
  "weight_norm": 41.38164022173045,
  "trace_s": 41.38164022173045,
  "top_eigenvalue": 26.048879916071108,
  "min_eigenvalue": 4.382524867016878e-10,
  "R1": 0.629479154922241,
  "effective_rank": 3.0008710957930496,
  "config_suffix": "cov_matern_mask_random_rho_NA_lambda_1e-05_beta_1_d_50_T_10_lr_0p001_iter_5000_ntrain_20_seed_42",
  "ridge_lambda": 0.01,
  "ridge_train_loss": 0.4100990625106048,
  "ridge_population_risk": 1.3363044560571242,
  "ridge_generalization_gap": 0.9262053935465194,
  "ridge_excess_population_risk": 0.6196525344564375,
  "pca_n_components": 75,
  "pca_train_loss": 1.2839627791754093e-16,
  "pca_population_risk": 1.0801561773663313,
  "pca_generalization_gap": 1.080156177366331,
  "pca_excess_population_risk": 0.3635042557656446
}