{
  "alpha": null,
  "seed": 42,
  "n_train": 50,
  "n_population": 5000,
  "train_loss": 1.008678611517362,
  "population_risk": 1.238414591031128,
  "bayes_population_risk": 0.8556104261592068,
  "empirical_bayes_risk": 0.8571950334555178,
  "generalization_gap": 0.2297359795137659,
  "excess_population_risk": 0.38280416487192115,
  "runtime_seconds": 18.384218798950315,
  "runtime_per_step_seconds": 0.018384218798950313,
  "initial_objective": 1.1044926758264626,
  "final_objective": 1.0164182227989733,
  "best_objective": 1.0164182227989733,
  "objective_reduction": 0.08807445302748929,
  "initial_train_loss_history": 1.1037974336654246,
  "final_train_loss_history": 1.008678611517362,
  "best_train_loss_history": 1.008678611517362,
  "train_loss_reduction": 0.09511882214806255,
  "weight_norm": 15.458522911253638,
  "trace_s": 15.458522911253636,
  "top_eigenvalue": 5.16781940832745,
  "min_eigenvalue": 4.1278257838666165e-07,
  "R1": 0.3343022770025027
}