{
  "alpha": null,
  "seed": 42,
  "n_train": 5000,
  "n_population": 5000,
  "train_loss": 0.5421916004718643,
  "population_risk": 0.5518006855915756,
  "bayes_population_risk": 0.1214410313285021,
  "empirical_bayes_risk": 0.12304330130444853,
  "generalization_gap": 0.009609085119711258,
  "excess_population_risk": 0.4303596542630735,
  "runtime_seconds": 193.91355570591986,
  "runtime_per_step_seconds": 0.03878271114118397,
  "initial_objective": 0.5754108950622095,
  "final_objective": 0.5525676545753,
  "best_objective": 0.5525676545753,
  "objective_reduction": 0.022843240486909555,
  "initial_train_loss_history": 0.5734929335094168,
  "final_train_loss_history": 0.5421916004718643,
  "best_train_loss_history": 0.5421914651463213,
  "train_loss_reduction": 0.03130133303755245,
  "weight_norm": 10.376052898434702,
  "trace_s": 10.376052898434704,
  "top_eigenvalue": 1.856707920099303,
  "min_eigenvalue": 8.855612344592272e-15,
  "R1": 0.17894163978090355,
  "effective_rank": 16.40803979917585,
  "config_suffix": "cov_toeplitz_bump_mask_random_rho_0p7_lambda_1e-05_beta_1_d_100_T_5_lr_0p001_iter_5000_ntrain_5000_seed_42",
  "ridge_lambda": 0.01,
  "ridge_train_loss": 0.12218682130993748,
  "ridge_population_risk": 0.12313911980905556,
  "ridge_generalization_gap": 0.0009522984991180844,
  "ridge_excess_population_risk": 0.0016980884805534585,
  "pca_n_components": 75,
  "pca_train_loss": 0.6033207827755132,
  "pca_population_risk": 0.6531974946269898,
  "pca_generalization_gap": 0.049876711851476685,
  "pca_excess_population_risk": 0.5317564632984877
}