{
  "alpha": null,
  "seed": 42,
  "n_train": 250,
  "n_population": 5000,
  "train_loss": 1.050550739112022,
  "population_risk": 1.0530990169538677,
  "bayes_population_risk": 1.0,
  "empirical_bayes_risk": 1.0018299924353633,
  "generalization_gap": 0.0025482778418457475,
  "excess_population_risk": 0.05309901695386765,
  "runtime_seconds": 95.81707584485412,
  "runtime_per_step_seconds": 0.019163415168970823,
  "initial_objective": 1.0547981182523245,
  "final_objective": 1.0517390937176856,
  "best_objective": 1.0517389636218988,
  "objective_reduction": 0.00305902453463891,
  "initial_train_loss_history": 1.0527895556930573,
  "final_train_loss_history": 1.050550739112022,
  "best_train_loss_history": 1.0505499061497228,
  "train_loss_reduction": 0.002238816581035419,
  "weight_norm": 0.5941354653367403,
  "trace_s": 0.5941354653367403,
  "top_eigenvalue": 0.5941354459198928,
  "min_eigenvalue": 1.1417054030443598e-16,
  "R1": 0.9999999673191582,
  "effective_rank": 1.0000007068548173,
  "config_suffix": "cov_identity_mask_random_rho_NA_lambda_1e-05_beta_1_d_200_T_20_lr_0p001_iter_5000_ntrain_250_seed_42",
  "ridge_lambda": 0.01,
  "ridge_train_loss": 0.9277527374820617,
  "ridge_population_risk": 1.0841933802268988,
  "ridge_generalization_gap": 0.15644064274483716,
  "ridge_excess_population_risk": 0.08419338022689882,
  "pca_n_components": 75,
  "pca_train_loss": 0.623674627394594,
  "pca_population_risk": 1.026003960324825,
  "pca_generalization_gap": 0.402329332930231,
  "pca_excess_population_risk": 0.026003960324824993
}