{
  "alpha": null,
  "seed": 42,
  "n_train": 250,
  "n_population": 5000,
  "train_loss": 0.46341163687613246,
  "population_risk": 0.5993609592709482,
  "bayes_population_risk": 0.05101341981519296,
  "empirical_bayes_risk": 0.05218459698507661,
  "generalization_gap": 0.13594932239481577,
  "excess_population_risk": 0.5483475394557553,
  "runtime_seconds": 69.27999833784997,
  "runtime_per_step_seconds": 0.013855999667569995,
  "initial_objective": 0.531539804286107,
  "final_objective": 0.4722249000448616,
  "best_objective": 0.4722249000448616,
  "objective_reduction": 0.059314904241245414,
  "initial_train_loss_history": 0.5307977798983212,
  "final_train_loss_history": 0.46341163687613246,
  "best_train_loss_history": 0.46341163687613246,
  "train_loss_reduction": 0.06738614302218876,
  "weight_norm": 17.62648603152596,
  "trace_s": 17.62648603152596,
  "top_eigenvalue": 6.863438874800558,
  "min_eigenvalue": 2.885747087357075e-12,
  "R1": 0.38938214131420823,
  "effective_rank": 6.009154217156649,
  "config_suffix": "cov_matern_mask_random_rho_NA_lambda_1e-05_beta_1_d_50_T_10_lr_0p001_iter_5000_ntrain_250_seed_42"
}