{
  "alpha": null,
  "seed": 42,
  "n_train": 10,
  "n_population": 5000,
  "train_loss": 0.7781672320014563,
  "population_risk": 1.3968554785898766,
  "bayes_population_risk": 0.8111236094129751,
  "empirical_bayes_risk": 0.8103810576003447,
  "generalization_gap": 0.6186882465884203,
  "excess_population_risk": 0.5857318691769015,
  "runtime_seconds": 10.216084195300937,
  "runtime_per_step_seconds": 0.010216084195300937,
  "initial_objective": 0.9975258281967833,
  "final_objective": 0.786155312428708,
  "best_objective": 0.786155312428708,
  "objective_reduction": 0.2113705157680753,
  "initial_train_loss_history": 0.9967141416076698,
  "final_train_loss_history": 0.7781672320014563,
  "best_train_loss_history": 0.7781672320014563,
  "train_loss_reduction": 0.21854690960621348,
  "weight_norm": 15.914062406841008,
  "trace_s": 15.914062406841005,
  "top_eigenvalue": 13.678059859621174,
  "min_eigenvalue": 5.3801001659719e-09,
  "R1": 0.859495175395401
}