{
  "alpha": null,
  "seed": 42,
  "n_train": 7000,
  "n_population": 5000,
  "train_loss": 1.1673423103826381,
  "population_risk": 1.16926667659798,
  "bayes_population_risk": 0.9582577132486388,
  "empirical_bayes_risk": 0.9570096817728221,
  "generalization_gap": 0.0019243662153418661,
  "excess_population_risk": 0.21100896334934116,
  "runtime_seconds": 829.7298885844648,
  "runtime_per_step_seconds": 0.08297298885844648,
  "initial_objective": 1.1686298499904,
  "final_objective": 1.1673762137804222,
  "best_objective": 1.167376213714068,
  "objective_reduction": 0.0012536362099777598,
  "initial_train_loss_history": 1.1681040621693397,
  "final_train_loss_history": 1.1673423103826381,
  "best_train_loss_history": 1.1673422828486528,
  "train_loss_reduction": 0.00076175178670157,
  "weight_norm": 0.06780675120724505,
  "trace_s": 0.06780675120724507,
  "top_eigenvalue": 0.0678067510300953,
  "min_eigenvalue": 1.7394534075078734e-16,
  "R1": 0.9999999973874322,
  "config_suffix": "cov_tridiagonal_mask_last_rho_0p2_lambda_1e-05_beta_1_d_50_T_5_lr_0p001_iter_10000_ntrain_7000_seed_42"
}