{
  "alpha": null,
  "seed": 42,
  "n_train": 90,
  "n_population": 5000,
  "train_loss": 0.9929616517826215,
  "population_risk": 1.0246326702637678,
  "bayes_population_risk": 0.9245538461538463,
  "empirical_bayes_risk": 0.9236612919729082,
  "generalization_gap": 0.031671018481146285,
  "excess_population_risk": 0.10007882410992153,
  "runtime_seconds": 74.02832826785743,
  "runtime_per_step_seconds": 0.014805665653571486,
  "initial_objective": 1.0087469871940031,
  "final_objective": 0.9970211989389708,
  "best_objective": 0.9970211989389703,
  "objective_reduction": 0.011725788255032343,
  "initial_train_loss_history": 1.0077017778855164,
  "final_train_loss_history": 0.9929616517826215,
  "best_train_loss_history": 0.9929615815330316,
  "train_loss_reduction": 0.01474012610289488,
  "weight_norm": 4.059547156349142,
  "trace_s": 4.059547156349142,
  "top_eigenvalue": 4.059547156349139,
  "min_eigenvalue": -1.4329280944883667e-15,
  "R1": 0.9999999999999996,
  "effective_rank": 1.0,
  "config_suffix": "cov_toeplitz_mask_random_rho_0p2_lambda_1e-05_beta_1_d_100_T_50_lr_0p001_iter_5000_ntrain_90_seed_42",
  "ridge_lambda": 0.01,
  "ridge_train_loss": 0.4264277746332211,
  "ridge_population_risk": 2.0433365159901213,
  "ridge_generalization_gap": 1.6169087413569003,
  "ridge_excess_population_risk": 1.118782669836275,
  "pca_n_components": 75,
  "pca_train_loss": 0.12758215533353556,
  "pca_population_risk": 1.0240586766165665,
  "pca_generalization_gap": 0.8964765212830309,
  "pca_excess_population_risk": 0.09950483046272018
}