{
  "alpha": null,
  "seed": 42,
  "n_train": 50,
  "n_population": 5000,
  "train_loss": 0.7893662592178512,
  "population_risk": 0.8986494843243868,
  "bayes_population_risk": 0.66,
  "empirical_bayes_risk": 0.6581155811772033,
  "generalization_gap": 0.10928322510653565,
  "excess_population_risk": 0.23864948432438682,
  "runtime_seconds": 33.236851217225194,
  "runtime_per_step_seconds": 0.033236851217225194,
  "initial_objective": 0.8912041120783984,
  "final_objective": 0.8292420880956176,
  "best_objective": 0.8292420880956176,
  "objective_reduction": 0.061962023982780834,
  "initial_train_loss_history": 0.8856465561431982,
  "final_train_loss_history": 0.7893662592178512,
  "best_train_loss_history": 0.7893662592178512,
  "train_loss_reduction": 0.09628029692534701,
  "weight_norm": 7.974675672916203,
  "trace_s": 7.974675672916202,
  "top_eigenvalue": 5.140497816184631,
  "min_eigenvalue": 1.496231125217508e-10,
  "R1": 0.6446027433620808
}