{
  "alpha": null,
  "seed": 42,
  "n_train": 1000,
  "n_population": 5000,
  "train_loss": 0.43581813754655807,
  "population_risk": 0.4477631716557187,
  "bayes_population_risk": 0.27570731707317064,
  "empirical_bayes_risk": 0.2781774412734817,
  "generalization_gap": 0.011945034109160646,
  "excess_population_risk": 0.17205585458254807,
  "runtime_seconds": 15.22441079467535,
  "runtime_per_step_seconds": 0.01522441079467535,
  "initial_objective": 0.4673209472491857,
  "final_objective": 0.45221634663546606,
  "best_objective": 0.45221634663546606,
  "objective_reduction": 0.015104600613719654,
  "initial_train_loss_history": 0.4572625017753552,
  "final_train_loss_history": 0.43581813754655807,
  "best_train_loss_history": 0.4358018818957703,
  "train_loss_reduction": 0.02144436422879714,
  "weight_norm": 3.2796415108956207,
  "trace_s": 3.2796415108956203,
  "top_eigenvalue": 0.6802518575694071,
  "min_eigenvalue": 4.3855117379766656e-17,
  "R1": 0.2074165286996994
}