{
  "alpha": null,
  "seed": 42,
  "n_train": 100,
  "n_population": 5000,
  "train_loss": 1.1047040416867007,
  "population_risk": 1.1100503102319914,
  "bayes_population_risk": 0.9378461538461538,
  "empirical_bayes_risk": 0.941564983776498,
  "generalization_gap": 0.005346268545290744,
  "excess_population_risk": 0.17220415638583764,
  "runtime_seconds": 44.57063911110163,
  "runtime_per_step_seconds": 0.004457063911110163,
  "initial_objective": 1.1307205022695355,
  "final_objective": 1.1163075785466066,
  "best_objective": 1.1163075785466061,
  "objective_reduction": 0.014412923722928905,
  "initial_train_loss_history": 1.1254054419918866,
  "final_train_loss_history": 1.1047040416867007,
  "best_train_loss_history": 1.104701953764617,
  "train_loss_reduction": 0.02070140030518597,
  "weight_norm": 2.320707371981165,
  "trace_s": 2.320707371981164,
  "top_eigenvalue": 1.324548010034841,
  "min_eigenvalue": -2.778474008331057e-16,
  "R1": 0.5707518431779218
}