{
  "alpha": null,
  "seed": 42,
  "n_train": 2500,
  "n_population": 5000,
  "train_loss": 0.9714999786505714,
  "population_risk": 0.9750425306317893,
  "bayes_population_risk": 0.45666666666666667,
  "empirical_bayes_risk": 0.4561113315006076,
  "generalization_gap": 0.0035425519812178896,
  "excess_population_risk": 0.5183758639651226,
  "runtime_seconds": 83.23974564112723,
  "runtime_per_step_seconds": 0.016647949128225446,
  "initial_objective": 0.9800765877501286,
  "final_objective": 0.9722758584879633,
  "best_objective": 0.9722758584879633,
  "objective_reduction": 0.007800729262165351,
  "initial_train_loss_history": 0.9796403378488004,
  "final_train_loss_history": 0.9714999786505714,
  "best_train_loss_history": 0.9714999786505714,
  "train_loss_reduction": 0.008140359198229086,
  "weight_norm": 3.103518646149705,
  "trace_s": 3.103518646149705,
  "top_eigenvalue": 1.0108813631068527,
  "min_eigenvalue": 6.610811529089177e-15,
  "R1": 0.32572105354062375,
  "effective_rank": 5.833903518400832,
  "config_suffix": "cov_tridiagonal_mask_random_rho_0p5_lambda_1e-05_beta_1_d_25_T_5_lr_0p001_iter_5000_ntrain_2500_seed_42"
}