{
  "alpha": null,
  "seed": 42,
  "n_train": 300,
  "n_population": 5000,
  "train_loss": 0.6970380363211575,
  "population_risk": 0.7469527633485572,
  "bayes_population_risk": 0.5301185178874289,
  "empirical_bayes_risk": 0.5299982859153543,
  "generalization_gap": 0.04991472702739974,
  "excess_population_risk": 0.21683424546112828,
  "runtime_seconds": 28.61937176436186,
  "runtime_per_step_seconds": 0.005723874352872371,
  "initial_objective": 0.7486059255842209,
  "final_objective": 0.7102660497361728,
  "best_objective": 0.7102660497361728,
  "objective_reduction": 0.0383398758480481,
  "initial_train_loss_history": 0.746835935698678,
  "final_train_loss_history": 0.6970380363211575,
  "best_train_loss_history": 0.6970376087514151,
  "train_loss_reduction": 0.04979789937752055,
  "weight_norm": 13.228011443230933,
  "trace_s": 13.228011443230931,
  "top_eigenvalue": 5.125963951926085,
  "min_eigenvalue": 1.047831359514766e-16,
  "R1": 0.38750827922432396,
  "effective_rank": 6.123646511999301,
  "config_suffix": "cov_exponential_mask_random_rho_NA_lambda_1e-05_beta_1_d_100_T_5_lr_0p001_iter_5000_ntrain_300_seed_42",
  "ridge_lambda": 0.01,
  "ridge_train_loss": 0.5260534864434994,
  "ridge_population_risk": 0.536960363300746,
  "ridge_generalization_gap": 0.010906876857246672,
  "ridge_excess_population_risk": 0.006841845413317116,
  "pca_n_components": 75,
  "pca_train_loss": 0.4945182204128406,
  "pca_population_risk": 0.9355032210876961,
  "pca_generalization_gap": 0.4409850006748555,
  "pca_excess_population_risk": 0.4053847032002672
}