{
  "alpha": null,
  "seed": 42,
  "n_train": 500,
  "n_population": 5000,
  "train_loss": 1.075596180465318,
  "population_risk": 1.0653928303705136,
  "bayes_population_risk": 0.8444937602472408,
  "empirical_bayes_risk": 0.842247243540013,
  "generalization_gap": -0.010203350094804442,
  "excess_population_risk": 0.2208990701232728,
  "runtime_seconds": 13.184989182278514,
  "runtime_per_step_seconds": 0.013184989182278515,
  "initial_objective": 1.0834957603842723,
  "final_objective": 1.0772276046926899,
  "best_objective": 1.0772276046926899,
  "objective_reduction": 0.0062681556915824554,
  "initial_train_loss_history": 1.0781841005981565,
  "final_train_loss_history": 1.075596180465318,
  "best_train_loss_history": 1.075596180465318,
  "train_loss_reduction": 0.0025879201328384838,
  "weight_norm": 0.32628168823405707,
  "trace_s": 0.32628168823405707,
  "top_eigenvalue": 0.3244924245579506,
  "min_eigenvalue": 7.146992424673815e-13,
  "R1": 0.994516199527498,
  "config_suffix": "cov_tridiagonal_mask_random_rho_0p3_lambda_0p0001_beta_1_d_50_T_5_lr_0p001_iter_1000_ntrain_500_seed_42"
}