{
  "alpha": null,
  "seed": 42,
  "n_train": 200,
  "n_population": 5000,
  "train_loss": 0.2142560299083613,
  "population_risk": 0.5301640780411221,
  "bayes_population_risk": 0.07006953088198194,
  "empirical_bayes_risk": 0.07044738360030074,
  "generalization_gap": 0.3159080481327608,
  "excess_population_risk": 0.46009454715914017,
  "runtime_seconds": 46.658047484233975,
  "runtime_per_step_seconds": 0.009331609496846796,
  "initial_objective": 0.3661578901193022,
  "final_objective": 0.2536483587264865,
  "best_objective": 0.2536483587264865,
  "objective_reduction": 0.11250953139281572,
  "initial_train_loss_history": 0.3639841599365144,
  "final_train_loss_history": 0.2142560299083613,
  "best_train_loss_history": 0.2142560299083613,
  "train_loss_reduction": 0.1497281300281531,
  "weight_norm": 39.39229404803607,
  "trace_s": 39.39229404803608,
  "top_eigenvalue": 20.27810980971101,
  "min_eigenvalue": 3.244061476170292e-14,
  "R1": 0.514773518520737,
  "effective_rank": 5.198044323849281,
  "config_suffix": "cov_matern_mask_random_rho_NA_lambda_1e-05_beta_1_d_100_T_5_lr_0p001_iter_5000_ntrain_200_seed_42"
}