{
  "alpha": null,
  "seed": 42,
  "n_train": 125,
  "n_population": 5000,
  "train_loss": 0.4027930382332557,
  "population_risk": 1.0901603757515734,
  "bayes_population_risk": 0.10837348066298334,
  "empirical_bayes_risk": 0.10826620687313021,
  "generalization_gap": 0.6873673375183178,
  "excess_population_risk": 0.9817868950885901,
  "runtime_seconds": 167.64077588543296,
  "runtime_per_step_seconds": 0.03352815517708659,
  "initial_objective": 0.7115441993878141,
  "final_objective": 0.48953771394571677,
  "best_objective": 0.4895376338783723,
  "objective_reduction": 0.22200648544209733,
  "initial_train_loss_history": 0.7092584315859274,
  "final_train_loss_history": 0.4027930382332557,
  "best_train_loss_history": 0.40277537679677156,
  "train_loss_reduction": 0.3064653933526717,
  "weight_norm": 43.372340537795935,
  "trace_s": 43.372340537795935,
  "top_eigenvalue": 37.47497459131637,
  "min_eigenvalue": 6.149506044905786e-16,
  "R1": 0.8640293359003661,
  "effective_rank": 1.7004351200572474,
  "config_suffix": "cov_toeplitz_mask_random_rho_0p9_lambda_1e-05_beta_1_d_200_T_50_lr_0p001_iter_5000_ntrain_125_seed_42",
  "ridge_lambda": 0.01,
  "ridge_train_loss": 0.06726649907979475,
  "ridge_population_risk": 0.17841622341452198,
  "ridge_generalization_gap": 0.11114972433472724,
  "ridge_excess_population_risk": 0.07004274275153864,
  "pca_n_components": 75,
  "pca_train_loss": 0.26441020012025823,
  "pca_population_risk": 0.9491462800223744,
  "pca_generalization_gap": 0.6847360799021163,
  "pca_excess_population_risk": 0.8407727993593911
}