{
  "alpha": null,
  "seed": 42,
  "n_train": 2000,
  "n_population": 5000,
  "train_loss": 0.23277007318998671,
  "population_risk": 0.23726345922420855,
  "bayes_population_risk": 0.13898342541436456,
  "empirical_bayes_risk": 0.1385410100334601,
  "generalization_gap": 0.004493386034221836,
  "excess_population_risk": 0.09828003380984399,
  "runtime_seconds": 315.5541918501258,
  "runtime_per_step_seconds": 0.06311083837002515,
  "initial_objective": 0.2899285655247211,
  "final_objective": 0.24579568382874753,
  "best_objective": 0.24579568382874753,
  "objective_reduction": 0.0441328816959736,
  "initial_train_loss_history": 0.28765230098665606,
  "final_train_loss_history": 0.23277007318998671,
  "best_train_loss_history": 0.23277007318998671,
  "train_loss_reduction": 0.05488222779666935,
  "weight_norm": 13.025603156249542,
  "trace_s": 13.025603156249542,
  "top_eigenvalue": 1.2745141364886132,
  "min_eigenvalue": 6.210612207922215e-13,
  "R1": 0.09784684219226464,
  "effective_rank": 19.920975015603283,
  "config_suffix": "cov_toeplitz_mask_random_rho_0p9_lambda_1e-05_beta_1_d_100_T_5_lr_0p001_iter_5000_ntrain_2000_seed_42"
}