{
  "alpha": null,
  "seed": 42,
  "n_train": 750,
  "n_population": 5000,
  "train_loss": 0.07547777673724883,
  "population_risk": 0.0747271130135711,
  "bayes_population_risk": 0.011034997727387535,
  "empirical_bayes_risk": 0.011064224693216065,
  "generalization_gap": -0.0007506637236777275,
  "excess_population_risk": 0.06369211528618357,
  "runtime_seconds": 330.46146976947784,
  "runtime_per_step_seconds": 0.06609229395389557,
  "initial_objective": 0.07745975218571119,
  "final_objective": 0.07547777553118398,
  "best_objective": 0.07547777418833743,
  "objective_reduction": 0.0019819766545272066,
  "initial_train_loss_history": 0.07529362252798177,
  "final_train_loss_history": 0.07547777673724883,
  "best_train_loss_history": 0.0749823533466299,
  "train_loss_reduction": -0.00018415420926705395,
  "weight_norm": 2.189101178799773e-08,
  "trace_s": 2.1891011787997726e-08,
  "top_eigenvalue": 2.1725086671986262e-08,
  "min_eigenvalue": -3.4583487353994076e-24,
  "R1": 0.9924203998600727,
  "effective_rank": 1.0515534052832096,
  "config_suffix": "cov_toeplitz_mask_random_rho_0p99_lambda_1e-05_beta_1_d_200_T_20_lr_0p001_iter_5000_ntrain_750_seed_42"
}