{
  "alpha": null,
  "seed": 42,
  "n_train": 30,
  "n_population": 5000,
  "train_loss": 0.035634964222943516,
  "population_risk": 0.9037732675831629,
  "bayes_population_risk": 0.011034997727387535,
  "empirical_bayes_risk": 0.011051777258309093,
  "generalization_gap": 0.8681383033602194,
  "excess_population_risk": 0.8927382698557753,
  "runtime_seconds": 42.34838470630348,
  "runtime_per_step_seconds": 0.008469676941260695,
  "initial_objective": 0.0709632719016689,
  "final_objective": 0.05433959623464488,
  "best_objective": 0.05433959623464488,
  "objective_reduction": 0.016623675667024024,
  "initial_train_loss_history": 0.06877700124100122,
  "final_train_loss_history": 0.035634964222943516,
  "best_train_loss_history": 0.03562889137776814,
  "train_loss_reduction": 0.03314203701805771,
  "weight_norm": 9.35231598368109,
  "trace_s": 9.352315983681091,
  "top_eigenvalue": 6.971017781002336,
  "min_eigenvalue": -2.2233886118582865e-18,
  "R1": 0.7453787696187881,
  "effective_rank": 2.0648668868937357,
  "config_suffix": "cov_toeplitz_mask_random_rho_0p99_lambda_1e-05_beta_1_d_200_T_20_lr_0p001_iter_5000_ntrain_30_seed_42",
  "ridge_lambda": 0.01,
  "ridge_train_loss": 0.0037876921783554585,
  "ridge_population_risk": 0.02525168062025447,
  "ridge_generalization_gap": 0.021463988441899014,
  "ridge_excess_population_risk": 0.014216682892866936,
  "pca_n_components": 75,
  "pca_train_loss": 1.0609710297149647e-16,
  "pca_population_risk": 0.908364731972893,
  "pca_generalization_gap": 0.9083647319728929,
  "pca_excess_population_risk": 0.8973297342455054
}