{
  "alpha": null,
  "seed": 42,
  "n_train": 1750,
  "n_population": 5000,
  "train_loss": 0.966499569510905,
  "population_risk": 0.9763366016948585,
  "bayes_population_risk": 0.45666666666666667,
  "empirical_bayes_risk": 0.45339037127435505,
  "generalization_gap": 0.009837032183953487,
  "excess_population_risk": 0.5196699350281918,
  "runtime_seconds": 69.5897276289761,
  "runtime_per_step_seconds": 0.013917945525795221,
  "initial_objective": 0.9821978612956375,
  "final_objective": 0.9726581201377678,
  "best_objective": 0.9726581201377678,
  "objective_reduction": 0.009539741157869708,
  "initial_train_loss_history": 0.9809305792975777,
  "final_train_loss_history": 0.966499569510905,
  "best_train_loss_history": 0.9664979424139952,
  "train_loss_reduction": 0.014431009786672666,
  "weight_norm": 6.158550599800114,
  "trace_s": 6.158550599800115,
  "top_eigenvalue": 2.184978589341742,
  "min_eigenvalue": -3.6002571812897765e-18,
  "R1": 0.3547877952667399,
  "effective_rank": 6.685208216351857,
  "config_suffix": "cov_tridiagonal_mask_random_rho_0p5_lambda_1e-05_beta_1_d_100_T_5_lr_0p001_iter_5000_ntrain_1750_seed_42",
  "ridge_lambda": 0.01,
  "ridge_train_loss": 0.456144286569013,
  "ridge_population_risk": 0.4543551842102079,
  "ridge_generalization_gap": -0.0017891023588051391,
  "ridge_excess_population_risk": -0.002311482456458791,
  "pca_n_components": 75,
  "pca_train_loss": 0.8513283076902726,
  "pca_population_risk": 1.0119985887435676,
  "pca_generalization_gap": 0.16067028105329506,
  "pca_excess_population_risk": 0.555331922076901
}