{
  "alpha": null,
  "seed": 42,
  "n_train": 300,
  "n_population": 5000,
  "train_loss": 1.078252254758551,
  "population_risk": 1.0712736851184876,
  "bayes_population_risk": 0.9675589362829065,
  "empirical_bayes_risk": 0.9680410465761845,
  "generalization_gap": -0.00697856964006327,
  "excess_population_risk": 0.10371474883558118,
  "runtime_seconds": 82.88119675405324,
  "runtime_per_step_seconds": 0.016576239350810647,
  "initial_objective": 1.0840903402653117,
  "final_objective": 1.0796818403238453,
  "best_objective": 1.0796818403238453,
  "objective_reduction": 0.004408499941466415,
  "initial_train_loss_history": 1.0835246581485058,
  "final_train_loss_history": 1.078252254758551,
  "best_train_loss_history": 1.07825225435354,
  "train_loss_reduction": 0.005272403389954938,
  "weight_norm": 2.8591711301569576,
  "trace_s": 2.859171130156957,
  "top_eigenvalue": 1.516084552729978,
  "min_eigenvalue": -3.761390586826048e-17,
  "R1": 0.5302531690877667,
  "effective_rank": 2.728448378780382,
  "config_suffix": "cov_exponential_mask_random_rho_NA_lambda_1e-05_beta_1_d_50_T_10_lr_0p001_iter_5000_ntrain_300_seed_42"
}