{
  "alpha": 5.0,
  "seed": 0,
  "n_train": 12500,
  "n_population": 5000,
  "train_loss": 1.1651281028554588,
  "population_risk": 1.164245125677067,
  "bayes_population_risk": 1.0,
  "empirical_bayes_risk": 0.9973804662927968,
  "weight_norm": 0.45005348601915274,
  "trace_s": 0.4500534860191527,
  "top_eigenvalue": 0.1913690233919928,
  "R1": 0.4252139564226124
}