{
  "alpha": null,
  "seed": 42,
  "n_train": 1000,
  "n_population": 5000,
  "train_loss": 1.1956119896771766,
  "population_risk": 1.2004759199755284,
  "bayes_population_risk": 1.0,
  "empirical_bayes_risk": 0.9982233257908391,
  "generalization_gap": 0.0048639302983517485,
  "excess_population_risk": 0.20047591997552838,
  "runtime_seconds": 188.94196379557252,
  "runtime_per_step_seconds": 0.037788392759114504,
  "initial_objective": 1.1976856531360498,
  "final_objective": 1.196112613262463,
  "best_objective": 1.1961126132612332,
  "objective_reduction": 0.0015730398735867013,
  "initial_train_loss_history": 1.1966664382408272,
  "final_train_loss_history": 1.1956119896771766,
  "best_train_loss_history": 1.1956119153736815,
  "train_loss_reduction": 0.0010544485636505563,
  "weight_norm": 0.5006235851856808,
  "trace_s": 0.5006235851856807,
  "top_eigenvalue": 0.33951296257269487,
  "min_eigenvalue": -6.684386310709366e-18,
  "R1": 0.6781801189945337,
  "effective_rank": 2.3274019340638685,
  "config_suffix": "cov_identity_mask_random_rho_NA_lambda_1e-05_beta_1_d_100_T_5_lr_0p001_iter_5000_ntrain_1000_seed_42"
}