{
  "alpha": null,
  "seed": 42,
  "n_train": 10,
  "n_population": 5000,
  "train_loss": 0.10873049881058491,
  "population_risk": 1.623626238735196,
  "bayes_population_risk": 0.10837348066298334,
  "empirical_bayes_risk": 0.10852996398750492,
  "generalization_gap": 1.5148957399246112,
  "excess_population_risk": 1.5152527580722128,
  "runtime_seconds": 67.5519832149148,
  "runtime_per_step_seconds": 0.01351039664298296,
  "initial_objective": 0.7187933019364566,
  "final_objective": 0.1380251769238077,
  "best_objective": 0.1380251769238077,
  "objective_reduction": 0.580768125012649,
  "initial_train_loss_history": 0.7158722103054206,
  "final_train_loss_history": 0.10873049881058491,
  "best_train_loss_history": 0.10873049881058491,
  "train_loss_reduction": 0.6071417114948356,
  "weight_norm": 14.6473258442944,
  "trace_s": 14.6473258442944,
  "top_eigenvalue": 14.103156132115654,
  "min_eigenvalue": 1.0462012450856417e-14,
  "R1": 0.9628485282594624,
  "effective_rank": 1.1828739027321942,
  "config_suffix": "cov_toeplitz_mask_random_rho_0p9_lambda_1e-05_beta_1_d_200_T_50_lr_0p001_iter_5000_ntrain_10_seed_42",
  "ridge_lambda": 0.01,
  "ridge_train_loss": 2.7927963071686445e-07,
  "ridge_population_risk": 0.4033383412996112,
  "ridge_generalization_gap": 0.4033380620199805,
  "ridge_excess_population_risk": 0.29496486063662786,
  "pca_n_components": 75,
  "pca_train_loss": 9.424485694570108e-17,
  "pca_population_risk": 1.0979173022445825,
  "pca_generalization_gap": 1.0979173022445825,
  "pca_excess_population_risk": 0.9895438215815991
}