{
  "alpha": null,
  "seed": 42,
  "n_train": 80,
  "n_population": 5000,
  "train_loss": 0.20745346760552405,
  "population_risk": 0.4027953351569202,
  "bayes_population_risk": 0.07006953088198194,
  "empirical_bayes_risk": 0.07089017068301741,
  "generalization_gap": 0.19534186755139613,
  "excess_population_risk": 0.33272580427493825,
  "runtime_seconds": 22.053526896983385,
  "runtime_per_step_seconds": 0.004410705379396677,
  "initial_objective": 0.32793583631229345,
  "final_objective": 0.21395362197017942,
  "best_objective": 0.21395362197017942,
  "objective_reduction": 0.11398221434211403,
  "initial_train_loss_history": 0.3271589681825307,
  "final_train_loss_history": 0.20745346760552405,
  "best_train_loss_history": 0.20745346760552405,
  "train_loss_reduction": 0.11970550057700666,
  "weight_norm": 25.999444753995352,
  "trace_s": 25.999444753995352,
  "top_eigenvalue": 9.551878740215624,
  "min_eigenvalue": 1.1813136298639685e-06,
  "R1": 0.3673877973393174,
  "effective_rank": 6.732376368039399,
  "config_suffix": "cov_matern_mask_random_rho_NA_lambda_1e-05_beta_1_d_25_T_5_lr_0p001_iter_5000_ntrain_80_seed_42"
}