{
  "alpha": null,
  "seed": 42,
  "n_train": 30,
  "n_population": 5000,
  "train_loss": 0.5317419894837638,
  "population_risk": 1.5047535419713458,
  "bayes_population_risk": 0.24553354982376377,
  "empirical_bayes_risk": 0.24695938943370158,
  "generalization_gap": 0.973011552487582,
  "excess_population_risk": 1.259219992147582,
  "runtime_seconds": 28.601221960037947,
  "runtime_per_step_seconds": 0.005720244392007589,
  "initial_objective": 0.755618963804287,
  "final_objective": 0.5486877640148461,
  "best_objective": 0.5486877640148461,
  "objective_reduction": 0.20693119978944086,
  "initial_train_loss_history": 0.755100625567109,
  "final_train_loss_history": 0.5317419894837638,
  "best_train_loss_history": 0.5317419894837638,
  "train_loss_reduction": 0.22335863608334516,
  "weight_norm": 67.78055807497506,
  "trace_s": 67.78055807497506,
  "top_eigenvalue": 33.27938440096608,
  "min_eigenvalue": 5.669853321633914e-07,
  "R1": 0.49098717015806065,
  "effective_rank": 4.7916674368451275,
  "config_suffix": "cov_matern_mask_random_rho_NA_lambda_1e-05_beta_1_d_25_T_10_lr_0p001_iter_5000_ntrain_30_seed_42"
}