{
  "alpha": null,
  "seed": 42,
  "n_train": 1250,
  "n_population": 5000,
  "train_loss": 0.6913133997779347,
  "population_risk": 0.7402610757834278,
  "bayes_population_risk": 0.10837348066298334,
  "empirical_bayes_risk": 0.10860725822641384,
  "generalization_gap": 0.0489476760054931,
  "excess_population_risk": 0.6318875951204445,
  "runtime_seconds": 1043.7971774116158,
  "runtime_per_step_seconds": 0.20875943548232317,
  "initial_objective": 0.7189584991668216,
  "final_objective": 0.6980901167480866,
  "best_objective": 0.6980901167480864,
  "objective_reduction": 0.02086838241873501,
  "initial_train_loss_history": 0.7168566883129298,
  "final_train_loss_history": 0.6913133997779347,
  "best_train_loss_history": 0.6913132333312555,
  "train_loss_reduction": 0.0255432885349951,
  "weight_norm": 3.3883584850759645,
  "trace_s": 3.3883584850759645,
  "top_eigenvalue": 3.3883584850759663,
  "min_eigenvalue": -9.36407462073515e-16,
  "R1": 1.0000000000000002,
  "effective_rank": 1.0,
  "config_suffix": "cov_toeplitz_mask_random_rho_0p9_lambda_1e-05_beta_1_d_200_T_50_lr_0p001_iter_5000_ntrain_1250_seed_42",
  "ridge_lambda": 0.01,
  "ridge_train_loss": 0.10465845966932816,
  "ridge_population_risk": 0.11307146507640126,
  "ridge_generalization_gap": 0.008413005407073099,
  "ridge_excess_population_risk": 0.004697984413417913,
  "pca_n_components": 75,
  "pca_train_loss": 0.7762437243793323,
  "pca_population_risk": 0.9145319523013326,
  "pca_generalization_gap": 0.13828822792200024,
  "pca_excess_population_risk": 0.8061584716383492
}