{
  "alpha": null,
  "seed": 42,
  "n_train": 60,
  "n_population": 5000,
  "train_loss": 0.0445834108936021,
  "population_risk": 0.41028621169580964,
  "bayes_population_risk": 0.011034997727387535,
  "empirical_bayes_risk": 0.011006420693371837,
  "generalization_gap": 0.3657028008022075,
  "excess_population_risk": 0.3992512139684221,
  "runtime_seconds": 37.1576427500695,
  "runtime_per_step_seconds": 0.0074315285500139,
  "initial_objective": 0.07408899405235067,
  "final_objective": 0.05716928260384309,
  "best_objective": 0.05716928260384309,
  "objective_reduction": 0.016919711448507582,
  "initial_train_loss_history": 0.07350179636597653,
  "final_train_loss_history": 0.0445834108936021,
  "best_train_loss_history": 0.0445834108936021,
  "train_loss_reduction": 0.028918385472374436,
  "weight_norm": 25.171740840341194,
  "trace_s": 25.171740840341187,
  "top_eigenvalue": 14.15296537252545,
  "min_eigenvalue": 4.552335408138769e-13,
  "R1": 0.5622561213503109,
  "effective_rank": 3.4556938428277277,
  "config_suffix": "cov_toeplitz_mask_random_rho_0p99_lambda_1e-05_beta_1_d_50_T_20_lr_0p001_iter_5000_ntrain_60_seed_42",
  "ridge_lambda": 0.01,
  "ridge_train_loss": 0.00803643400578987,
  "ridge_population_risk": 0.015985081049830853,
  "ridge_generalization_gap": 0.007948647044040982,
  "ridge_excess_population_risk": 0.004950083322443318,
  "pca_n_components": 75,
  "pca_train_loss": 1.1300305535717258e-16,
  "pca_population_risk": 0.22911021608480742,
  "pca_generalization_gap": 0.2291102160848073,
  "pca_excess_population_risk": 0.2180752183574199
}