{
  "alpha": null,
  "seed": 42,
  "n_train": 40,
  "n_population": 5000,
  "train_loss": 1.0725312266070492,
  "population_risk": 1.133672212203303,
  "bayes_population_risk": 0.9675589362829065,
  "empirical_bayes_risk": 0.9717747550696598,
  "generalization_gap": 0.061140985596253694,
  "excess_population_risk": 0.16611327592039649,
  "runtime_seconds": 17.579338643699884,
  "runtime_per_step_seconds": 0.003515867728739977,
  "initial_objective": 1.1177911862011214,
  "final_objective": 1.0775465241743452,
  "best_objective": 1.0775465241743452,
  "objective_reduction": 0.040244662026776234,
  "initial_train_loss_history": 1.1171122125523345,
  "final_train_loss_history": 1.0725312266070492,
  "best_train_loss_history": 1.0725312266070492,
  "train_loss_reduction": 0.044580985945285256,
  "weight_norm": 10.030581522032081,
  "trace_s": 10.030581522032081,
  "top_eigenvalue": 4.389361228065001,
  "min_eigenvalue": 6.223339489890686e-13,
  "R1": 0.4375978818799097,
  "effective_rank": 2.931662456352291,
  "config_suffix": "cov_exponential_mask_random_rho_NA_lambda_1e-05_beta_1_d_50_T_10_lr_0p001_iter_5000_ntrain_40_seed_42",
  "ridge_lambda": 0.01,
  "ridge_train_loss": 0.785496183832287,
  "ridge_population_risk": 1.2479729742702252,
  "ridge_generalization_gap": 0.4624767904379382,
  "ridge_excess_population_risk": 0.2804140379873188,
  "pca_n_components": 75,
  "pca_train_loss": 1.57025376028068e-16,
  "pca_population_risk": 1.1217017488435523,
  "pca_generalization_gap": 1.1217017488435521,
  "pca_excess_population_risk": 0.15414281256064588
}