{
  "alpha": null,
  "seed": 42,
  "n_train": 1500,
  "n_population": 5000,
  "train_loss": 0.33302171252092266,
  "population_risk": 0.3405238971162413,
  "bayes_population_risk": 0.13898342541436456,
  "empirical_bayes_risk": 0.19017773592100554,
  "generalization_gap": 0.0075021845953186506,
  "excess_population_risk": 0.20154047170187675,
  "runtime_seconds": 86.67017276585102,
  "runtime_per_step_seconds": 0.08667017276585103,
  "initial_objective": 0.36764188260934777,
  "final_objective": 0.3477690975228157,
  "best_objective": 0.3477690975228157,
  "objective_reduction": 0.019872785086532063,
  "initial_train_loss_history": 0.3641865186083477,
  "final_train_loss_history": 0.33302171252092266,
  "best_train_loss_history": 0.33302171252092266,
  "train_loss_reduction": 0.031164806087425057,
  "weight_norm": 7.373286812124145,
  "trace_s": 7.373286812124146,
  "top_eigenvalue": 0.7701549998133991,
  "min_eigenvalue": 4.084238775108588e-14,
  "R1": 0.10445206044975862
}