{
  "alpha": null,
  "seed": 42,
  "n_train": 40,
  "n_population": 5000,
  "train_loss": 0.1460024377412396,
  "population_risk": 1.019051700163258,
  "bayes_population_risk": 0.13898342541436456,
  "empirical_bayes_risk": 0.13874865877150955,
  "generalization_gap": 0.8730492624220183,
  "excess_population_risk": 0.8800682747488934,
  "runtime_seconds": 38.71414087712765,
  "runtime_per_step_seconds": 0.007742828175425529,
  "initial_objective": 0.2886846855766827,
  "final_objective": 0.17232214357176392,
  "best_objective": 0.17232214357176392,
  "objective_reduction": 0.11636254200491877,
  "initial_train_loss_history": 0.28612400917481157,
  "final_train_loss_history": 0.1460024377412396,
  "best_train_loss_history": 0.1460024377412396,
  "train_loss_reduction": 0.14012157143357196,
  "weight_norm": 26.31967456253701,
  "trace_s": 26.319674562537017,
  "top_eigenvalue": 14.720468748897414,
  "min_eigenvalue": 1.1221880513403333e-12,
  "R1": 0.5592952418131449,
  "effective_rank": 3.5205129586840016,
  "config_suffix": "cov_toeplitz_mask_random_rho_0p9_lambda_1e-05_beta_1_d_100_T_5_lr_0p001_iter_5000_ntrain_40_seed_42"
}