{
  "alpha": null,
  "seed": 42,
  "n_train": 10,
  "n_population": 5000,
  "train_loss": 0.10673176352250162,
  "population_risk": 1.3096066020099144,
  "bayes_population_risk": 0.10837348066298334,
  "empirical_bayes_risk": 0.10822948012212462,
  "generalization_gap": 1.2028748384874128,
  "excess_population_risk": 1.2012331213469312,
  "runtime_seconds": 40.3844058830291,
  "runtime_per_step_seconds": 0.008076881176605821,
  "initial_objective": 0.7166038429194689,
  "final_objective": 0.12619428602462907,
  "best_objective": 0.12619428602462907,
  "objective_reduction": 0.5904095568948398,
  "initial_train_loss_history": 0.7154003052497037,
  "final_train_loss_history": 0.10673176352250162,
  "best_train_loss_history": 0.10673176352250162,
  "train_loss_reduction": 0.6086685417272021,
  "weight_norm": 38.921174538559605,
  "trace_s": 38.92117453855961,
  "top_eigenvalue": 35.94298176069836,
  "min_eigenvalue": 1.7851094276307953e-08,
  "R1": 0.9234814259032512,
  "effective_rank": 1.484118161546936,
  "config_suffix": "cov_toeplitz_mask_random_rho_0p9_lambda_1e-05_beta_1_d_50_T_50_lr_0p001_iter_5000_ntrain_10_seed_42",
  "ridge_lambda": 0.01,
  "ridge_train_loss": 2.706270008723554e-07,
  "ridge_population_risk": 0.40843854680463904,
  "ridge_generalization_gap": 0.40843827617763817,
  "ridge_excess_population_risk": 0.3000650661416557,
  "pca_n_components": 75,
  "pca_train_loss": 9.896707743613453e-17,
  "pca_population_risk": 1.0616814951351952,
  "pca_generalization_gap": 1.0616814951351952,
  "pca_excess_population_risk": 0.9533080144722118
}