{
  "alpha": null,
  "seed": 42,
  "n_train": 400,
  "n_population": 5000,
  "train_loss": 0.43449141470835345,
  "population_risk": 0.5418828313108216,
  "bayes_population_risk": 0.1134751381215469,
  "empirical_bayes_risk": 0.1138587415341568,
  "generalization_gap": 0.10739141660246815,
  "excess_population_risk": 0.4284076931892747,
  "runtime_seconds": 68.47051952779293,
  "runtime_per_step_seconds": 0.013694103905558586,
  "initial_objective": 0.4911133674587331,
  "final_objective": 0.4473630346808867,
  "best_objective": 0.4473630346808867,
  "objective_reduction": 0.0437503327778464,
  "initial_train_loss_history": 0.4900120230872943,
  "final_train_loss_history": 0.43449141470835345,
  "best_train_loss_history": 0.434491311674859,
  "train_loss_reduction": 0.05552060837894085,
  "weight_norm": 12.871619547690031,
  "trace_s": 12.871619547690033,
  "top_eigenvalue": 9.515754929981362,
  "min_eigenvalue": 5.157055637117832e-17,
  "R1": 0.7392818669573777,
  "effective_rank": 2.7710726373523653,
  "config_suffix": "cov_toeplitz_mask_random_rho_0p9_lambda_1e-05_beta_1_d_100_T_20_lr_0p001_iter_5000_ntrain_400_seed_42"
}