{
  "alpha": null,
  "seed": 42,
  "n_train": 5000,
  "n_population": 5000,
  "train_loss": 0.0749561228039505,
  "population_risk": 0.07495657412963654,
  "bayes_population_risk": 0.011034997727387535,
  "empirical_bayes_risk": 0.011059900762715357,
  "generalization_gap": 4.5132568603223344e-07,
  "excess_population_risk": 0.063921576402249,
  "runtime_seconds": 1480.7973843030632,
  "runtime_per_step_seconds": 0.2961594768606126,
  "initial_objective": 0.07698535989639936,
  "final_objective": 0.07495611586051852,
  "best_objective": 0.07495609911793791,
  "objective_reduction": 0.0020292440358808395,
  "initial_train_loss_history": 0.0748397500983748,
  "final_train_loss_history": 0.0749561228039505,
  "best_train_loss_history": 0.07447168675434307,
  "train_loss_reduction": -0.00011637270557569857,
  "weight_norm": 2.0308802492916238e-07,
  "trace_s": 2.0308802492916238e-07,
  "top_eigenvalue": 2.0250313773526218e-07,
  "min_eigenvalue": -4.90948844761876e-23,
  "R1": 0.9971200311091498,
  "effective_rank": 1.0222574468259493,
  "config_suffix": "cov_toeplitz_mask_random_rho_0p99_lambda_1e-05_beta_1_d_200_T_20_lr_0p001_iter_5000_ntrain_5000_seed_42"
}