{
  "alpha": null,
  "seed": 42,
  "n_train": 250,
  "n_population": 5000,
  "train_loss": 1.1749174289845452,
  "population_risk": 1.208237445256072,
  "bayes_population_risk": 1.0,
  "empirical_bayes_risk": 0.995109457088312,
  "generalization_gap": 0.03332001627152681,
  "excess_population_risk": 0.20823744525607202,
  "runtime_seconds": 25.776427474804223,
  "runtime_per_step_seconds": 0.005155285494960845,
  "initial_objective": 1.185074934718599,
  "final_objective": 1.1756251513798885,
  "best_objective": 1.1756251513798885,
  "objective_reduction": 0.009449783338710382,
  "initial_train_loss_history": 1.1846606317466435,
  "final_train_loss_history": 1.1749174289845452,
  "best_train_loss_history": 1.1749174289845452,
  "train_loss_reduction": 0.00974320276209828,
  "weight_norm": 2.8308893574765186,
  "trace_s": 2.8308893574765195,
  "top_eigenvalue": 1.140983847925202,
  "min_eigenvalue": 1.5309218933539398e-15,
  "R1": 0.40304784251345155,
  "effective_rank": 3.6883547407792014,
  "config_suffix": "cov_identity_mask_random_rho_NA_lambda_1e-05_beta_1_d_25_T_5_lr_0p001_iter_5000_ntrain_250_seed_42"
}