{
  "alpha": 5.0,
  "seed": 0,
  "n_train": 12500,
  "n_population": 5000,
  "train_loss": 1.1188932186678282,
  "population_risk": 1.1227718546013294,
  "bayes_population_risk": 0.9415384615384615,
  "empirical_bayes_risk": 0.9408084020563688,
  "weight_norm": 0.0044154424831219915,
  "trace_s": 0.004415442483121993,
  "top_eigenvalue": 0.00042765039107120137,
  "R1": 0.09685334883330331
}