{
  "alpha": 3.0,
  "seed": 0,
  "n_train": 7500,
  "n_population": 5000,
  "train_loss": 0.4619801689118834,
  "population_risk": 0.4610585064795536,
  "bayes_population_risk": 0.28975609756097553,
  "empirical_bayes_risk": 0.28821516453926105,
  "weight_norm": 0.004424994875118195,
  "trace_s": 0.004424994875118196,
  "top_eigenvalue": 0.0004343324189750163,
  "R1": 0.09815433265635475
}