{
  "alpha": 1.0,
  "seed": 0,
  "n_train": 2500,
  "n_population": 5000,
  "train_loss": 0.8404243224932401,
  "population_risk": 0.8454076277634879,
  "bayes_population_risk": 0.66,
  "empirical_bayes_risk": 0.6587840184498182,
  "generalization_gap": 0.0049833052702478176,
  "excess_population_risk": 0.18540762776348785,
  "runtime_seconds": 40.38590699998895,
  "runtime_per_step_seconds": 0.040385906999988945,
  "initial_objective": 0.8602270979622869,
  "final_objective": 0.8409395695254255,
  "best_objective": 0.8409395695254255,
  "objective_reduction": 0.019287528436861434,
  "initial_train_loss_history": 0.8473574187757413,
  "final_train_loss_history": 0.8404243224932401,
  "best_train_loss_history": 0.8404243224932401,
  "train_loss_reduction": 0.006933096282501272,
  "weight_norm": 1.0304899884264245,
  "trace_s": 1.0304899884264245,
  "top_eigenvalue": 0.1981458742092449,
  "min_eigenvalue": 3.971133414335027e-15,
  "R1": 0.1922831628008507
}