{
  "alpha": null,
  "seed": 42,
  "n_train": 5000,
  "n_population": 5000,
  "train_loss": 1.0446273240707384,
  "population_risk": 1.0500395764622625,
  "bayes_population_risk": 1.0,
  "empirical_bayes_risk": 1.0007371740660167,
  "generalization_gap": 0.005412252391524097,
  "excess_population_risk": 0.050039576462262536,
  "runtime_seconds": 375.1448584459722,
  "runtime_per_step_seconds": 0.07502897168919444,
  "initial_objective": 1.045442758133438,
  "final_objective": 1.0446461503982865,
  "best_objective": 1.0446461503982865,
  "objective_reduction": 0.0007966077351515555,
  "initial_train_loss_history": 1.0448964475591511,
  "final_train_loss_history": 1.0446273240707384,
  "best_train_loss_history": 1.044626881156273,
  "train_loss_reduction": 0.0002691234884126814,
  "weight_norm": 0.03765265509617877,
  "trace_s": 0.03765265509617877,
  "top_eigenvalue": 0.03765265509617878,
  "min_eigenvalue": -9.322934227998536e-18,
  "R1": 0.9999999999999998,
  "effective_rank": 1.0,
  "config_suffix": "cov_identity_mask_random_rho_NA_lambda_1e-05_beta_1_d_50_T_20_lr_0p001_iter_5000_ntrain_5000_seed_42",
  "ridge_lambda": 0.01,
  "ridge_train_loss": 0.9906278993334203,
  "ridge_population_risk": 1.0041223875762504,
  "ridge_generalization_gap": 0.01349448824283006,
  "ridge_excess_population_risk": 0.004122387576250386,
  "pca_n_components": 75,
  "pca_train_loss": 1.0015920323949132,
  "pca_population_risk": 1.0844932719488574,
  "pca_generalization_gap": 0.08290123955394413,
  "pca_excess_population_risk": 0.08449327194885736
}