{
  "alpha": null,
  "seed": 42,
  "n_train": 1250,
  "n_population": 5000,
  "train_loss": 1.0247913956882246,
  "population_risk": 1.0233653389586943,
  "bayes_population_risk": 0.9267692307692309,
  "empirical_bayes_risk": 0.9255685457198408,
  "generalization_gap": -0.001426056729530334,
  "excess_population_risk": 0.0965961081894634,
  "runtime_seconds": 498.4570053573698,
  "runtime_per_step_seconds": 0.09969140107147395,
  "initial_objective": 1.0272431140212595,
  "final_objective": 1.0250621775085023,
  "best_objective": 1.025062177508502,
  "objective_reduction": 0.0021809365127571922,
  "initial_train_loss_history": 1.0252247484150365,
  "final_train_loss_history": 1.0247913956882246,
  "best_train_loss_history": 1.0247913956882246,
  "train_loss_reduction": 0.0004333527268118864,
  "weight_norm": 0.13539091013883622,
  "trace_s": 0.13539091013883625,
  "top_eigenvalue": 0.13539091013883628,
  "min_eigenvalue": -3.617878244422893e-17,
  "R1": 0.9999999999999998,
  "effective_rank": 1.0,
  "config_suffix": "cov_toeplitz_mask_random_rho_0p2_lambda_1e-05_beta_1_d_200_T_20_lr_0p001_iter_5000_ntrain_1250_seed_42",
  "ridge_lambda": 0.01,
  "ridge_train_loss": 0.9159008053723046,
  "ridge_population_risk": 0.939852481282223,
  "ridge_generalization_gap": 0.023951675909918424,
  "ridge_excess_population_risk": 0.013083250512992084,
  "pca_n_components": 75,
  "pca_train_loss": 0.9010253167199614,
  "pca_population_risk": 1.0175283623642004,
  "pca_generalization_gap": 0.11650304564423897,
  "pca_excess_population_risk": 0.09075913159496951
}