{
  "alpha": null,
  "seed": 42,
  "n_train": 10,
  "n_population": 5000,
  "train_loss": 0.9515541999621291,
  "population_risk": 1.4734064304604126,
  "bayes_population_risk": 0.9000135482996884,
  "empirical_bayes_risk": 0.8987736590130738,
  "generalization_gap": 0.5218522304982836,
  "excess_population_risk": 0.5733928821607243,
  "runtime_seconds": 27.52033018320799,
  "runtime_per_step_seconds": 0.002752033018320799,
  "initial_objective": 1.131254641199416,
  "final_objective": 0.9580765641207177,
  "best_objective": 0.9580764321513329,
  "objective_reduction": 0.17317807707869826,
  "initial_train_loss_history": 1.1302649327861714,
  "final_train_loss_history": 0.9515541999621291,
  "best_train_loss_history": 0.9515532841999169,
  "train_loss_reduction": 0.17871073282404226,
  "weight_norm": 13.04466258000691,
  "trace_s": 13.044662580006909,
  "top_eigenvalue": 9.799532251180487,
  "min_eigenvalue": 1.5616496219909632e-15,
  "R1": 0.7512292626257637,
  "config_suffix": "cov_tridiagonal_mask_last_rho_0p3_lambda_1e-05_beta_1_d_50_T_5_lr_0p001_iter_10000_ntrain_10_seed_42"
}