{
  "alpha": 5.0,
  "seed": 0,
  "n_train": 12500,
  "n_population": 5000,
  "train_loss": 0.9069497076037267,
  "population_risk": 0.9080127725919643,
  "bayes_population_risk": 0.6299999999999999,
  "empirical_bayes_risk": 0.6312811400224353,
  "generalization_gap": 0.0010630649882376053,
  "excess_population_risk": 0.27801277259196444,
  "runtime_seconds": 349.44658420904307,
  "runtime_per_step_seconds": 0.34944658420904307,
  "initial_objective": 0.9624476660705398,
  "final_objective": 0.9069524030442282,
  "best_objective": 0.9069524030442282,
  "objective_reduction": 0.05549526302631158,
  "initial_train_loss_history": 0.9112247617364225,
  "final_train_loss_history": 0.9069497076037267,
  "best_train_loss_history": 0.9061688227154032,
  "train_loss_reduction": 0.004275054132695799,
  "weight_norm": 5.344244350891832e-05,
  "trace_s": 5.344244350891832e-05,
  "top_eigenvalue": 3.0088561869135752e-05,
  "min_eigenvalue": 3.323653051910411e-16,
  "R1": 0.56300872290981
}