{
  "alpha": null,
  "seed": 42,
  "n_train": 50,
  "n_population": 5000,
  "train_loss": 1.0870650302587257,
  "population_risk": 1.3381701079097803,
  "bayes_population_risk": 0.8444937602472408,
  "empirical_bayes_risk": 0.8986658706660404,
  "generalization_gap": 0.2511050776510546,
  "excess_population_risk": 0.49367634766253954,
  "runtime_seconds": 38.81341505423188,
  "runtime_per_step_seconds": 0.003881341505423188,
  "initial_objective": 1.174491500369845,
  "final_objective": 1.0953827405247378,
  "best_objective": 1.0953827392564475,
  "objective_reduction": 0.07910875984510723,
  "initial_train_loss_history": 1.172172050953583,
  "final_train_loss_history": 1.0870650302587257,
  "best_train_loss_history": 1.0870643422050978,
  "train_loss_reduction": 0.0851070206948572,
  "weight_norm": 16.63541963933445,
  "trace_s": 16.63541963933445,
  "top_eigenvalue": 7.596691597500653,
  "min_eigenvalue": -1.7086373151432588e-17,
  "R1": 0.4566576474895935
}