{
  "alpha": 1.0,
  "seed": 0,
  "n_train": 2500,
  "n_population": 5000,
  "train_loss": 0.8699497127625487,
  "population_risk": 0.8662307049314826,
  "bayes_population_risk": 0.65,
  "empirical_bayes_risk": 0.6501232231742079,
  "weight_norm": 0.004418168155128835,
  "trace_s": 0.004418168155128834,
  "top_eigenvalue": 0.00042956647879174945,
  "R1": 0.09722728146801901
}