{
  "alpha": null,
  "seed": 42,
  "n_train": 125,
  "n_population": 5000,
  "train_loss": 0.9630472353910686,
  "population_risk": 0.9898957159515707,
  "bayes_population_risk": 0.7822082681172894,
  "empirical_bayes_risk": 0.7795501607221228,
  "generalization_gap": 0.02684848056050204,
  "excess_population_risk": 0.20768744783428128,
  "runtime_seconds": 35.68322133645415,
  "runtime_per_step_seconds": 0.00713664426729083,
  "initial_objective": 0.9762524447742112,
  "final_objective": 0.9641910752783279,
  "best_objective": 0.9641910752783279,
  "objective_reduction": 0.012061369495883323,
  "initial_train_loss_history": 0.9759000137198469,
  "final_train_loss_history": 0.9630472353910686,
  "best_train_loss_history": 0.9630460490427848,
  "train_loss_reduction": 0.012852778328778292,
  "weight_norm": 4.575359232904384,
  "trace_s": 4.5753592329043835,
  "top_eigenvalue": 3.647045349107522,
  "min_eigenvalue": 1.538318735841973e-14,
  "R1": 0.7971057928914626,
  "effective_rank": 1.8088670676677274,
  "config_suffix": "cov_exponential_mask_random_rho_NA_lambda_1e-05_beta_1_d_25_T_10_lr_0p001_iter_5000_ntrain_125_seed_42"
}