{
  "alpha": 1.0,
  "seed": 0,
  "n_train": 2500,
  "n_population": 5000,
  "train_loss": 0.9705485030625248,
  "population_risk": 0.9649070799178324,
  "bayes_population_risk": 0.5208333333333334,
  "empirical_bayes_risk": 0.5198185546926212,
  "weight_norm": 0.004419889121696923,
  "trace_s": 0.004419889121696922,
  "top_eigenvalue": 0.0004306770633341303,
  "R1": 0.09744069398030078
}