{
  "alpha": 3.0,
  "seed": 0,
  "n_train": 7500,
  "n_population": 5000,
  "train_loss": 0.9073178392438609,
  "population_risk": 0.9090351340722076,
  "bayes_population_risk": 0.6299999999999999,
  "empirical_bayes_risk": 0.6308155800504741,
  "generalization_gap": 0.0017172948283467049,
  "excess_population_risk": 0.2790351340722077,
  "runtime_seconds": 183.73025679198327,
  "runtime_per_step_seconds": 0.18373025679198327,
  "initial_objective": 0.9149646723810697,
  "final_objective": 0.9075517256046096,
  "best_objective": 0.907551710053303,
  "objective_reduction": 0.007412946776460094,
  "initial_train_loss_history": 0.9101223395680402,
  "final_train_loss_history": 0.9073178392438609,
  "best_train_loss_history": 0.9073177801494533,
  "train_loss_reduction": 0.0028045003241793376,
  "weight_norm": 0.4677845026966819,
  "trace_s": 0.46778450269668187,
  "top_eigenvalue": 0.14187683283188096,
  "min_eigenvalue": 2.0063576973840864e-16,
  "R1": 0.303295282366111
}