{
  "alpha": null,
  "seed": 42,
  "n_train": 200,
  "n_population": 5000,
  "train_loss": 0.7934308115597507,
  "population_risk": 0.8547416481936003,
  "bayes_population_risk": 0.4961178375737193,
  "empirical_bayes_risk": 0.4975975686005129,
  "generalization_gap": 0.06131083663384962,
  "excess_population_risk": 0.358623810619881,
  "runtime_seconds": 22.074083963409066,
  "runtime_per_step_seconds": 0.004414816792681814,
  "initial_objective": 0.835528723606539,
  "final_objective": 0.7983546662129161,
  "best_objective": 0.7983546662129161,
  "objective_reduction": 0.037174057393622895,
  "initial_train_loss_history": 0.8348138152420854,
  "final_train_loss_history": 0.7934308115597507,
  "best_train_loss_history": 0.7934308115597507,
  "train_loss_reduction": 0.04138300368233472,
  "weight_norm": 9.847701454112181,
  "trace_s": 9.847701454112181,
  "top_eigenvalue": 4.021543831026626,
  "min_eigenvalue": 2.7092275527614275e-16,
  "R1": 0.408373857571334,
  "effective_rank": 3.740966504174627,
  "config_suffix": "cov_exponential_mask_random_rho_NA_lambda_1e-05_beta_1_d_50_T_10_lr_0p001_iter_5000_ntrain_200_seed_42",
  "ridge_lambda": 0.01,
  "ridge_train_loss": 0.4793861371925878,
  "ridge_population_risk": 0.5214338483913477,
  "ridge_generalization_gap": 0.04204771119875983,
  "ridge_excess_population_risk": 0.025316010817628354,
  "pca_n_components": 75,
  "pca_train_loss": 0.36606215144048504,
  "pca_population_risk": 0.9361953526923764,
  "pca_generalization_gap": 0.5701332012518914,
  "pca_excess_population_risk": 0.4400775151186571
}