{
  "alpha": null,
  "seed": 42,
  "n_train": 10000,
  "n_population": 5000,
  "train_loss": 0.8470490546908795,
  "population_risk": 0.84607833332497,
  "bayes_population_risk": 0.66,
  "empirical_bayes_risk": 0.6613468705570839,
  "generalization_gap": -0.0009707213659095881,
  "excess_population_risk": 0.18607833332496992,
  "runtime_seconds": 115.9613637458533,
  "runtime_per_step_seconds": 0.11596136374585331,
  "initial_objective": 0.8581373714864649,
  "final_objective": 0.8494294019465638,
  "best_objective": 0.8494294019465638,
  "objective_reduction": 0.00870796953990105,
  "initial_train_loss_history": 0.8572702017999047,
  "final_train_loss_history": 0.8470490546908795,
  "best_train_loss_history": 0.8470490546908795,
  "train_loss_reduction": 0.010221147109025108,
  "weight_norm": 4.75954038259728,
  "trace_s": 4.759540382597282,
  "top_eigenvalue": 0.6030242810792408,
  "min_eigenvalue": 1.0450940359792101e-10,
  "R1": 0.12669800707734943
}