{
  "alpha": 3.0,
  "seed": 0,
  "n_train": 7500,
  "n_population": 5000,
  "train_loss": 1.1319489417978232,
  "population_risk": 1.1323880110900066,
  "bayes_population_risk": 0.9382971014492754,
  "empirical_bayes_risk": 0.9369907658143731,
  "weight_norm": 2.2320613326376257,
  "trace_s": 2.2320613326376253,
  "top_eigenvalue": 0.3141669786728757,
  "R1": 0.140751947125765
}