{
  "alpha": null,
  "seed": 42,
  "n_train": 750,
  "n_population": 5000,
  "train_loss": 1.0107165317787323,
  "population_risk": 1.0113368790259207,
  "bayes_population_risk": 0.9245538461538463,
  "empirical_bayes_risk": 0.9252842705015534,
  "generalization_gap": 0.000620347247188402,
  "excess_population_risk": 0.08678303287207445,
  "runtime_seconds": 329.7825670633465,
  "runtime_per_step_seconds": 0.0659565134126693,
  "initial_objective": 1.0127275634872377,
  "final_objective": 1.0112075052795064,
  "best_objective": 1.0112075052795062,
  "objective_reduction": 0.0015200582077312674,
  "initial_train_loss_history": 1.0117022692508573,
  "final_train_loss_history": 1.0107165317787323,
  "best_train_loss_history": 1.0107165317787323,
  "train_loss_reduction": 0.0009857374721249368,
  "weight_norm": 0.49097350077413215,
  "trace_s": 0.4909735007741322,
  "top_eigenvalue": 0.49097350077413215,
  "min_eigenvalue": -1.0686328466501859e-16,
  "R1": 1.0000000000000004,
  "effective_rank": 1.0,
  "config_suffix": "cov_toeplitz_mask_random_rho_0p2_lambda_1e-05_beta_1_d_100_T_50_lr_0p001_iter_5000_ntrain_750_seed_42"
}