{
  "alpha": null,
  "seed": 42,
  "n_train": 250,
  "n_population": 5000,
  "train_loss": 0.5217800933114818,
  "population_risk": 0.9085535912689405,
  "bayes_population_risk": 0.10837348066298334,
  "empirical_bayes_risk": 0.10833660466153978,
  "generalization_gap": 0.38677349795745875,
  "excess_population_risk": 0.8001801106059572,
  "runtime_seconds": 387.27869300730526,
  "runtime_per_step_seconds": 0.07745573860146106,
  "initial_objective": 0.7095116763004808,
  "final_objective": 0.5663081106463131,
  "best_objective": 0.5663081106463131,
  "objective_reduction": 0.1432035656541677,
  "initial_train_loss_history": 0.7072863434429034,
  "final_train_loss_history": 0.5217800933114818,
  "best_train_loss_history": 0.5217800933114818,
  "train_loss_reduction": 0.18550625013142163,
  "weight_norm": 22.26400848750929,
  "trace_s": 22.264008487509294,
  "top_eigenvalue": 21.44388231969672,
  "min_eigenvalue": -2.2403176863060096e-17,
  "R1": 0.9631635889703914,
  "effective_rank": 1.2028919541352938,
  "config_suffix": "cov_toeplitz_mask_random_rho_0p9_lambda_1e-05_beta_1_d_200_T_50_lr_0p001_iter_5000_ntrain_250_seed_42"
}