{
  "alpha": null,
  "seed": 42,
  "n_train": 1500,
  "n_population": 5000,
  "train_loss": 0.07575073101412012,
  "population_risk": 0.07588547917111325,
  "bayes_population_risk": 0.011034997727387535,
  "empirical_bayes_risk": 0.011065877131539826,
  "generalization_gap": 0.0001347481569931308,
  "excess_population_risk": 0.06485048144372572,
  "runtime_seconds": 572.426451202482,
  "runtime_per_step_seconds": 0.11448529024049639,
  "initial_objective": 0.0777395315871901,
  "final_objective": 0.07575072249318279,
  "best_objective": 0.07575071878421255,
  "objective_reduction": 0.00198880909400731,
  "initial_train_loss_history": 0.07556849203232584,
  "final_train_loss_history": 0.07575073101412012,
  "best_train_loss_history": 0.07524943106565989,
  "train_loss_reduction": -0.000182238981794286,
  "weight_norm": 1.0538741136358484e-07,
  "trace_s": 1.0538741136358484e-07,
  "top_eigenvalue": 1.0469421704580003e-07,
  "min_eigenvalue": -2.7958528308887525e-23,
  "R1": 0.9934224182109069,
  "effective_rank": 1.0438555248891273,
  "config_suffix": "cov_toeplitz_mask_random_rho_0p99_lambda_1e-05_beta_1_d_200_T_20_lr_0p001_iter_5000_ntrain_1500_seed_42"
}