{
  "alpha": null,
  "seed": 42,
  "n_train": 100,
  "n_population": 5000,
  "train_loss": 1.0114471864597527,
  "population_risk": 1.075267079494197,
  "bayes_population_risk": 0.8649174311926606,
  "empirical_bayes_risk": 0.8646972256161989,
  "generalization_gap": 0.06381989303444424,
  "excess_population_risk": 0.21034964830153635,
  "runtime_seconds": 12.432955548167229,
  "runtime_per_step_seconds": 0.01243295554816723,
  "initial_objective": 1.0596081377390332,
  "final_objective": 1.023180983526893,
  "best_objective": 1.023180983526893,
  "objective_reduction": 0.036427154212140156,
  "initial_train_loss_history": 1.0583120184611052,
  "final_train_loss_history": 1.0114471864597527,
  "best_train_loss_history": 1.0114471864597527,
  "train_loss_reduction": 0.0468648320013525,
  "weight_norm": 11.732532621568065,
  "trace_s": 11.732532621568062,
  "top_eigenvalue": 4.0558327146448665,
  "min_eigenvalue": 2.172294796902924e-11,
  "R1": 0.3456911517287393
}