{
  "alpha": 0.5,
  "seed": 0,
  "n_train": 1250,
  "n_population": 5000,
  "train_loss": 0.9682437050571927,
  "population_risk": 0.9695813910108824,
  "bayes_population_risk": 0.5208333333333334,
  "empirical_bayes_risk": 0.522889729157922,
  "weight_norm": 0.004492750181783144,
  "trace_s": 0.004492750181783144,
  "top_eigenvalue": 0.0004553690960298229,
  "R1": 0.10135642481886005
}