{
  "alpha": null,
  "seed": 42,
  "n_train": 125,
  "n_population": 5000,
  "train_loss": 0.05755975884983332,
  "population_risk": 0.0872160029219033,
  "bayes_population_risk": 0.011034997727387535,
  "empirical_bayes_risk": 0.010950956415108948,
  "generalization_gap": 0.029656244072069987,
  "excess_population_risk": 0.07618100519451577,
  "runtime_seconds": 40.68770011141896,
  "runtime_per_step_seconds": 0.008137540022283793,
  "initial_objective": 0.07255199941804881,
  "final_objective": 0.06571525103714529,
  "best_objective": 0.06571525103714529,
  "objective_reduction": 0.006836748380903521,
  "initial_train_loss_history": 0.07194059756562046,
  "final_train_loss_history": 0.05755975884983332,
  "best_train_loss_history": 0.05755948445499567,
  "train_loss_reduction": 0.014380838715787145,
  "weight_norm": 16.31098402530575,
  "trace_s": 16.31098402530575,
  "top_eigenvalue": 10.224254070910355,
  "min_eigenvalue": 1.56605148704002e-14,
  "R1": 0.6268324495351042,
  "effective_rank": 3.5224900266610817,
  "config_suffix": "cov_toeplitz_mask_random_rho_0p99_lambda_1e-05_beta_1_d_50_T_20_lr_0p001_iter_5000_ntrain_125_seed_42"
}