{
  "alpha": null,
  "seed": 42,
  "n_train": 60,
  "n_population": 5000,
  "train_loss": 1.0944723672454155,
  "population_risk": 1.164541758586959,
  "bayes_population_risk": 0.9710902924899966,
  "empirical_bayes_risk": 0.9716754754691945,
  "generalization_gap": 0.07006939134154355,
  "excess_population_risk": 0.1934514660969625,
  "runtime_seconds": 39.64032510481775,
  "runtime_per_step_seconds": 0.00792806502096355,
  "initial_objective": 1.1265309144415352,
  "final_objective": 1.1011891884958547,
  "best_objective": 1.1011890526790906,
  "objective_reduction": 0.025341725945680516,
  "initial_train_loss_history": 1.1253184327215953,
  "final_train_loss_history": 1.0944723672454155,
  "best_train_loss_history": 1.0944707941500895,
  "train_loss_reduction": 0.03084606547617974,
  "weight_norm": 6.716697169424657,
  "trace_s": 6.7166971694246556,
  "top_eigenvalue": 3.1113425341658916,
  "min_eigenvalue": 2.9249203722236133e-15,
  "R1": 0.4632250726337875,
  "effective_rank": 3.23758776278927,
  "config_suffix": "cov_exponential_mask_random_rho_NA_lambda_1e-05_beta_1_d_100_T_5_lr_0p001_iter_5000_ntrain_60_seed_42"
}