{
  "alpha": null,
  "seed": 42,
  "n_train": 125,
  "n_population": 5000,
  "train_loss": 0.07805152937804645,
  "population_risk": 0.07520389536122322,
  "bayes_population_risk": 0.011034997727387535,
  "empirical_bayes_risk": 0.011076867866416828,
  "generalization_gap": -0.002847634016823225,
  "excess_population_risk": 0.0641688976338357,
  "runtime_seconds": 67.64508802816272,
  "runtime_per_step_seconds": 0.013529017605632543,
  "initial_objective": 0.0816076083745562,
  "final_objective": 0.07931030934302609,
  "best_objective": 0.0793103081795374,
  "objective_reduction": 0.0022972990315301145,
  "initial_train_loss_history": 0.0794467844516151,
  "final_train_loss_history": 0.07805152937804645,
  "best_train_loss_history": 0.07804907499468233,
  "train_loss_reduction": 0.0013952550735686492,
  "weight_norm": 0.6293899780474609,
  "trace_s": 0.6293899780474608,
  "top_eigenvalue": 0.23847423560180647,
  "min_eigenvalue": -1.529820244845686e-17,
  "R1": 0.3788974148295441,
  "effective_rank": 4.058823723378312,
  "config_suffix": "cov_toeplitz_mask_random_rho_0p99_lambda_1e-05_beta_1_d_200_T_20_lr_0p001_iter_5000_ntrain_125_seed_42",
  "ridge_lambda": 0.01,
  "ridge_train_loss": 0.009724607740661763,
  "ridge_population_risk": 0.013057087536071507,
  "ridge_generalization_gap": 0.0033324797954097443,
  "ridge_excess_population_risk": 0.0020220898086839717,
  "pca_n_components": 75,
  "pca_train_loss": 0.12696438225419757,
  "pca_population_risk": 0.6763634655165222,
  "pca_generalization_gap": 0.5493990832623246,
  "pca_excess_population_risk": 0.6653284677891346
}