{
  "alpha": null,
  "seed": 42,
  "n_train": 125,
  "n_population": 5000,
  "train_loss": 1.012315100594624,
  "population_risk": 1.0416564520199951,
  "bayes_population_risk": 0.9267692307692309,
  "empirical_bayes_risk": 0.9264728041451336,
  "generalization_gap": 0.029341351425371087,
  "excess_population_risk": 0.11488722125076423,
  "runtime_seconds": 27.848050378262997,
  "runtime_per_step_seconds": 0.0055696100756526,
  "initial_objective": 1.0275302212262267,
  "final_objective": 1.0142912292656099,
  "best_objective": 1.0142912292656099,
  "objective_reduction": 0.013238991960616842,
  "initial_train_loss_history": 1.0269468596364866,
  "final_train_loss_history": 1.012315100594624,
  "best_train_loss_history": 1.012315100594624,
  "train_loss_reduction": 0.014631759041862535,
  "weight_norm": 3.9522571319982878,
  "trace_s": 3.952257131998288,
  "top_eigenvalue": 2.4779343697676537,
  "min_eigenvalue": 1.0527986649112459e-16,
  "R1": 0.6269668918314512,
  "effective_rank": 1.938531342887073,
  "config_suffix": "cov_toeplitz_mask_random_rho_0p2_lambda_1e-05_beta_1_d_50_T_20_lr_0p001_iter_5000_ntrain_125_seed_42",
  "ridge_lambda": 0.01,
  "ridge_train_loss": 0.7744658741297246,
  "ridge_population_risk": 1.0968625492461523,
  "ridge_generalization_gap": 0.3223966751164278,
  "ridge_excess_population_risk": 0.17009331847692144,
  "pca_n_components": 75,
  "pca_train_loss": 0.29053800305066874,
  "pca_population_risk": 1.08853036418505,
  "pca_generalization_gap": 0.7979923611343811,
  "pca_excess_population_risk": 0.161761133415819
}