{
  "alpha": null,
  "seed": 42,
  "n_train": 500,
  "n_population": 5000,
  "train_loss": 0.7986548462041778,
  "population_risk": 0.8274023741650921,
  "bayes_population_risk": 0.4961178375737193,
  "empirical_bayes_risk": 0.49455376045873106,
  "generalization_gap": 0.028747527960914288,
  "excess_population_risk": 0.3312845365913728,
  "runtime_seconds": 28.924691330641508,
  "runtime_per_step_seconds": 0.005784938266128302,
  "initial_objective": 0.814107709444948,
  "final_objective": 0.8016000942899978,
  "best_objective": 0.8016000942899978,
  "objective_reduction": 0.012507615154950247,
  "initial_train_loss_history": 0.8134306103057468,
  "final_train_loss_history": 0.7986548462041778,
  "best_train_loss_history": 0.7986548462041778,
  "train_loss_reduction": 0.014775764101569,
  "weight_norm": 5.89049540887769,
  "trace_s": 5.89049540887769,
  "top_eigenvalue": 2.6675839932344267,
  "min_eigenvalue": 5.568065924241936e-16,
  "R1": 0.4528624178560693,
  "effective_rank": 4.256473484693193,
  "config_suffix": "cov_exponential_mask_random_rho_NA_lambda_1e-05_beta_1_d_50_T_10_lr_0p001_iter_5000_ntrain_500_seed_42",
  "ridge_lambda": 0.01,
  "ridge_train_loss": 0.4863139395125091,
  "ridge_population_risk": 0.5040638107863495,
  "ridge_generalization_gap": 0.017749871273840423,
  "ridge_excess_population_risk": 0.007945973212630242,
  "pca_n_components": 75,
  "pca_train_loss": 0.5574934640952075,
  "pca_population_risk": 0.8603671992979703,
  "pca_generalization_gap": 0.30287373520276284,
  "pca_excess_population_risk": 0.36424936172425104
}