{
  "alpha": null,
  "seed": 42,
  "n_train": 2000,
  "n_population": 5000,
  "train_loss": 1.1136584253082484,
  "population_risk": 1.1195435506955709,
  "bayes_population_risk": 0.8649174311926606,
  "empirical_bayes_risk": 0.9110783175847736,
  "generalization_gap": 0.005885125387322443,
  "excess_population_risk": 0.25462611950291025,
  "runtime_seconds": 268.04169308394194,
  "runtime_per_step_seconds": 0.026804169308394195,
  "initial_objective": 1.1195328529653812,
  "final_objective": 1.1137487102200783,
  "best_objective": 1.1137486560407182,
  "objective_reduction": 0.005784142745302923,
  "initial_train_loss_history": 1.1142980477686188,
  "final_train_loss_history": 1.1136584253082484,
  "best_train_loss_history": 1.1136309129927238,
  "train_loss_reduction": 0.0006396224603704148,
  "weight_norm": 0.018059563886128928,
  "trace_s": 0.018059563886128924,
  "top_eigenvalue": 0.018056541975929846,
  "min_eigenvalue": 9.335699343772869e-18,
  "R1": 0.9998326698131728
}