{
  "alpha": null,
  "seed": 42,
  "n_train": 2000,
  "n_population": 5000,
  "train_loss": 0.722568618942902,
  "population_risk": 0.7234469195363478,
  "bayes_population_risk": 0.10837348066298334,
  "empirical_bayes_risk": 0.10929077855383708,
  "generalization_gap": 0.0008783005934457355,
  "excess_population_risk": 0.6150734388733644,
  "runtime_seconds": 878.2404725812376,
  "runtime_per_step_seconds": 0.17564809451624752,
  "initial_objective": 0.7273516588129898,
  "final_objective": 0.7232436795052527,
  "best_objective": 0.7232436795052525,
  "objective_reduction": 0.004107979307737097,
  "initial_train_loss_history": 0.7267999355059511,
  "final_train_loss_history": 0.722568618942902,
  "best_train_loss_history": 0.722568618942902,
  "train_loss_reduction": 0.004231316563049092,
  "weight_norm": 1.3501211247011704,
  "trace_s": 1.3501211247011704,
  "top_eigenvalue": 1.3501211247011702,
  "min_eigenvalue": -2.9349316481951423e-16,
  "R1": 0.9999999999999993,
  "effective_rank": 1.0,
  "config_suffix": "cov_toeplitz_mask_random_rho_0p9_lambda_1e-05_beta_1_d_50_T_50_lr_0p001_iter_5000_ntrain_2000_seed_42"
}