{
  "alpha": null,
  "seed": 42,
  "n_train": 1000,
  "n_population": 5000,
  "train_loss": 1.077835134489209,
  "population_risk": 1.066498845484261,
  "bayes_population_risk": 0.9675589362829065,
  "empirical_bayes_risk": 0.9669084347372187,
  "generalization_gap": -0.011336289004947986,
  "excess_population_risk": 0.09893990920135454,
  "runtime_seconds": 188.4948373120278,
  "runtime_per_step_seconds": 0.037698967462405565,
  "initial_objective": 1.0793077169983494,
  "final_objective": 1.0780525635104388,
  "best_objective": 1.0780525617813526,
  "objective_reduction": 0.0012551534879106097,
  "initial_train_loss_history": 1.0787748780080368,
  "final_train_loss_history": 1.077835134489209,
  "best_train_loss_history": 1.077835134489209,
  "train_loss_reduction": 0.0009397435188278624,
  "weight_norm": 0.43486121671901423,
  "trace_s": 0.4348612167190143,
  "top_eigenvalue": 0.40257607036610765,
  "min_eigenvalue": 3.347577082644356e-17,
  "R1": 0.9257575863019127,
  "effective_rank": 1.302751088194007,
  "config_suffix": "cov_exponential_mask_random_rho_NA_lambda_1e-05_beta_1_d_50_T_10_lr_0p001_iter_5000_ntrain_1000_seed_42"
}