{
  "alpha": 2.0,
  "seed": 0,
  "n_train": 5000,
  "n_population": 5000,
  "train_loss": 0.8469423735764653,
  "population_risk": 0.8460534195923152,
  "bayes_population_risk": 0.66,
  "empirical_bayes_risk": 0.6601247920553202,
  "generalization_gap": -0.0008889539841501204,
  "excess_population_risk": 0.18605341959231514,
  "runtime_seconds": 66.75031029200181,
  "runtime_per_step_seconds": 0.06675031029200182,
  "initial_objective": 0.8697311070214819,
  "final_objective": 0.8502225611776588,
  "best_objective": 0.8502225611776588,
  "objective_reduction": 0.01950854584382311,
  "initial_train_loss_history": 0.852070091387504,
  "final_train_loss_history": 0.8469423735764653,
  "best_train_loss_history": 0.8469423735764653,
  "train_loss_reduction": 0.005127717811038712,
  "weight_norm": 0.6560370886908897,
  "trace_s": 0.6560370886908898,
  "top_eigenvalue": 0.12515022756691896,
  "min_eigenvalue": 7.367882240848042e-16,
  "R1": 0.19076700040946468
}