{
  "alpha": null,
  "seed": 42,
  "n_train": 750,
  "n_population": 5000,
  "train_loss": 1.0472228876973106,
  "population_risk": 1.0467420960037848,
  "bayes_population_risk": 1.0,
  "empirical_bayes_risk": 0.995243070122534,
  "generalization_gap": -0.0004807916935258838,
  "excess_population_risk": 0.04674209600378476,
  "runtime_seconds": 75.5970029849559,
  "runtime_per_step_seconds": 0.015119400596991182,
  "initial_objective": 1.0490332391183186,
  "final_objective": 1.0475962615931458,
  "best_objective": 1.0475962615931456,
  "objective_reduction": 0.0014369775251728,
  "initial_train_loss_history": 1.0484977774762667,
  "final_train_loss_history": 1.0472228876973106,
  "best_train_loss_history": 1.0472228876973104,
  "train_loss_reduction": 0.0012748897789560676,
  "weight_norm": 0.746747791670485,
  "trace_s": 0.7467477916704851,
  "top_eigenvalue": 0.7467477916704853,
  "min_eigenvalue": -1.2869739788513787e-16,
  "R1": 0.9999999999999997,
  "effective_rank": 1.0,
  "config_suffix": "cov_identity_mask_random_rho_NA_lambda_1e-05_beta_1_d_50_T_20_lr_0p001_iter_5000_ntrain_750_seed_42",
  "ridge_lambda": 0.01,
  "ridge_train_loss": 0.974020783919634,
  "ridge_population_risk": 1.021417954174762,
  "ridge_generalization_gap": 0.04739717025512813,
  "ridge_excess_population_risk": 0.02141795417476211,
  "pca_n_components": 75,
  "pca_train_loss": 0.8420911669906219,
  "pca_population_risk": 1.084129760128348,
  "pca_generalization_gap": 0.24203859313772602,
  "pca_excess_population_risk": 0.08412976012834794
}