{
  "alpha": null,
  "seed": 42,
  "n_train": 10,
  "n_population": 5000,
  "train_loss": 0.29807906405706397,
  "population_risk": 1.5363580928047316,
  "bayes_population_risk": 0.24553354982376377,
  "empirical_bayes_risk": 0.2452538888010924,
  "generalization_gap": 1.2382790287476677,
  "excess_population_risk": 1.2908245429809677,
  "runtime_seconds": 17.900657581165433,
  "runtime_per_step_seconds": 0.0035801315162330865,
  "initial_objective": 0.8469236446164515,
  "final_objective": 0.3168227282777796,
  "best_objective": 0.3168227282777796,
  "objective_reduction": 0.530100916338672,
  "initial_train_loss_history": 0.8450140204267891,
  "final_train_loss_history": 0.29807906405706397,
  "best_train_loss_history": 0.29807906405706397,
  "train_loss_reduction": 0.5469349563697251,
  "weight_norm": 18.7434937636883,
  "trace_s": 18.7434937636883,
  "top_eigenvalue": 14.441153161710929,
  "min_eigenvalue": 1.4871512117611955e-11,
  "R1": 0.7704621851070108,
  "effective_rank": 2.1157305096261467,
  "config_suffix": "cov_matern_mask_random_rho_NA_lambda_1e-05_beta_1_d_100_T_10_lr_0p001_iter_5000_ntrain_10_seed_42",
  "ridge_lambda": 0.01,
  "ridge_train_loss": 0.03067314631400552,
  "ridge_population_risk": 1.8852040072023923,
  "ridge_generalization_gap": 1.8545308608883868,
  "ridge_excess_population_risk": 1.6396704573786285,
  "pca_n_components": 75,
  "pca_train_loss": 1.197644009981199e-16,
  "pca_population_risk": 1.0961785309748908,
  "pca_generalization_gap": 1.0961785309748906,
  "pca_excess_population_risk": 0.8506449811511271
}