{
  "alpha": null,
  "seed": 42,
  "n_train": 20,
  "n_population": 5000,
  "train_loss": 1.0929264790031932,
  "population_risk": 1.3363617777707586,
  "bayes_population_risk": 1.0,
  "empirical_bayes_risk": 1.0067822683298502,
  "generalization_gap": 0.24343529876756542,
  "excess_population_risk": 0.3363617777707586,
  "runtime_seconds": 22.07812242023647,
  "runtime_per_step_seconds": 0.0044156244840472935,
  "initial_objective": 1.181222793459793,
  "final_objective": 1.0964049073314004,
  "best_objective": 1.0964049073314004,
  "objective_reduction": 0.08481788612839258,
  "initial_train_loss_history": 1.1807160906150798,
  "final_train_loss_history": 1.0929264790031932,
  "best_train_loss_history": 1.0929264790031932,
  "train_loss_reduction": 0.08778961161188659,
  "weight_norm": 13.913178789552008,
  "trace_s": 13.913178789552008,
  "top_eigenvalue": 7.930996039884864,
  "min_eigenvalue": 3.58011222347057e-10,
  "R1": 0.5700347964938525,
  "effective_rank": 3.2264667675081844,
  "config_suffix": "cov_identity_mask_random_rho_NA_lambda_1e-05_beta_1_d_25_T_5_lr_0p001_iter_5000_ntrain_20_seed_42"
}