{
  "alpha": null,
  "seed": 42,
  "n_train": 400,
  "n_population": 5000,
  "train_loss": 1.1582509562902363,
  "population_risk": 1.1748837263868435,
  "bayes_population_risk": 0.9582577132486388,
  "empirical_bayes_risk": 0.9569702134947602,
  "generalization_gap": 0.01663277009660713,
  "excess_population_risk": 0.21662601313820462,
  "runtime_seconds": 64.50762120820582,
  "runtime_per_step_seconds": 0.0064507621208205815,
  "initial_objective": 1.166765670301265,
  "final_objective": 1.160106789051651,
  "best_objective": 1.160106789051651,
  "objective_reduction": 0.0066588812496140015,
  "initial_train_loss_history": 1.1661997473191987,
  "final_train_loss_history": 1.1582509562902363,
  "best_train_loss_history": 1.158246730747379,
  "train_loss_reduction": 0.007948791028962399,
  "weight_norm": 3.7116655222098967,
  "trace_s": 3.711665522209898,
  "top_eigenvalue": 1.1856044532233776,
  "min_eigenvalue": -1.6793060042040768e-16,
  "R1": 0.31942653402601795,
  "config_suffix": "cov_tridiagonal_mask_last_rho_0p2_lambda_1e-05_beta_1_d_50_T_5_lr_0p001_iter_10000_ntrain_400_seed_42"
}