{
  "alpha": null,
  "seed": 42,
  "n_train": 40,
  "n_population": 5000,
  "train_loss": 1.1480076126061722,
  "population_risk": 1.249556605132799,
  "bayes_population_risk": 1.0,
  "empirical_bayes_risk": 0.9995291988614041,
  "generalization_gap": 0.10154899252662686,
  "excess_population_risk": 0.2495566051327991,
  "runtime_seconds": 13.997823487967253,
  "runtime_per_step_seconds": 0.0027995646975934505,
  "initial_objective": 1.1828071959480233,
  "final_objective": 1.1556371865655697,
  "best_objective": 1.1556371865655697,
  "objective_reduction": 0.02717000938245362,
  "initial_train_loss_history": 1.1815770373610466,
  "final_train_loss_history": 1.1480076126061722,
  "best_train_loss_history": 1.1480076126061722,
  "train_loss_reduction": 0.033569424754874344,
  "weight_norm": 7.629573503560024,
  "trace_s": 7.629573503560022,
  "top_eigenvalue": 3.939938855484305,
  "min_eigenvalue": 2.4234894186959912e-15,
  "R1": 0.5164035517379703,
  "effective_rank": 3.1662670924635723,
  "config_suffix": "cov_identity_mask_random_rho_NA_lambda_1e-05_beta_1_d_100_T_5_lr_0p001_iter_5000_ntrain_40_seed_42",
  "ridge_lambda": 0.01,
  "ridge_train_loss": 0.8937661186759339,
  "ridge_population_risk": 1.100832377940074,
  "ridge_generalization_gap": 0.20706625926414002,
  "ridge_excess_population_risk": 0.10083237794007394,
  "pca_n_components": 75,
  "pca_train_loss": 1.8612502414027603e-16,
  "pca_population_risk": 1.1367319906119515,
  "pca_generalization_gap": 1.1367319906119513,
  "pca_excess_population_risk": 0.13673199061195151
}