{
  "alpha": 0.5,
  "seed": 0,
  "n_train": 1250,
  "n_population": 5000,
  "train_loss": 1.1235821088522395,
  "population_risk": 1.1225866684164485,
  "bayes_population_risk": 0.9415384615384615,
  "empirical_bayes_risk": 0.9453083437559741,
  "weight_norm": 0.004465721774846416,
  "trace_s": 0.004465721774846416,
  "top_eigenvalue": 0.00044700884350830193,
  "R1": 0.1000977817351094
}