{
  "alpha": null,
  "seed": 42,
  "n_train": 10,
  "n_population": 5000,
  "train_loss": 0.15426836267138028,
  "population_risk": 1.259856202554255,
  "bayes_population_risk": 0.13898342541436456,
  "empirical_bayes_risk": 0.13920828693728304,
  "generalization_gap": 1.1055878398828747,
  "excess_population_risk": 1.1208727771398905,
  "runtime_seconds": 8.215228220447898,
  "runtime_per_step_seconds": 0.008215228220447898,
  "initial_objective": 0.3223301466180938,
  "final_objective": 0.1621361364001411,
  "best_objective": 0.1621361364001411,
  "objective_reduction": 0.16019401021795268,
  "initial_train_loss_history": 0.3206569461237997,
  "final_train_loss_history": 0.15426836267138028,
  "best_train_loss_history": 0.15426836267138028,
  "train_loss_reduction": 0.16638858345241941,
  "weight_norm": 15.683374056526851,
  "trace_s": 15.683374056526853,
  "top_eigenvalue": 7.275340993728843,
  "min_eigenvalue": 4.254508225577618e-06,
  "R1": 0.4638887631900298,
  "config_suffix": "cov_toeplitz_mask_random_rho_0p9_lambda_1e-05_beta_1_d_50_T_5_lr_0p001_iter_1000_ntrain_10_seed_42"
}