{
  "alpha": null,
  "seed": 42,
  "n_train": 50,
  "n_population": 5000,
  "train_loss": 0.9740857776389595,
  "population_risk": 1.141723155186801,
  "bayes_population_risk": 0.8649174311926606,
  "empirical_bayes_risk": 0.8620395558662007,
  "generalization_gap": 0.16763737754784147,
  "excess_population_risk": 0.2768057239941404,
  "runtime_seconds": 26.409132465720177,
  "runtime_per_step_seconds": 0.0026409132465720175,
  "initial_objective": 1.053073746195251,
  "final_objective": 0.9814128905640689,
  "best_objective": 0.9814128837975228,
  "objective_reduction": 0.07166085563118219,
  "initial_train_loss_history": 1.052249082952648,
  "final_train_loss_history": 0.9740857776389595,
  "best_train_loss_history": 0.9740857732710724,
  "train_loss_reduction": 0.07816330531368854,
  "weight_norm": 14.654214198722913,
  "trace_s": 14.654214198722919,
  "top_eigenvalue": 6.496711815465777,
  "min_eigenvalue": 7.233200071308881e-17,
  "R1": 0.44333402851665354
}