{
  "alpha": null,
  "seed": 42,
  "n_train": 175,
  "n_population": 5000,
  "train_loss": 0.99134854082424,
  "population_risk": 0.9946149288881557,
  "bayes_population_risk": 0.7822082681172894,
  "empirical_bayes_risk": 0.7821323055416001,
  "generalization_gap": 0.0032663880639157705,
  "excess_population_risk": 0.21240666077086634,
  "runtime_seconds": 20.765619603917003,
  "runtime_per_step_seconds": 0.004153123920783401,
  "initial_objective": 0.9998553308721333,
  "final_objective": 0.9921253488711216,
  "best_objective": 0.9921253488711216,
  "objective_reduction": 0.007729982001011715,
  "initial_train_loss_history": 0.9994954684645484,
  "final_train_loss_history": 0.99134854082424,
  "best_train_loss_history": 0.9913483630814881,
  "train_loss_reduction": 0.008146927640308443,
  "weight_norm": 3.1072320430399607,
  "trace_s": 3.1072320430399616,
  "top_eigenvalue": 2.0068216180555924,
  "min_eigenvalue": 2.7785359124218625e-16,
  "R1": 0.6458550858957472,
  "effective_rank": 2.3331892717668565,
  "config_suffix": "cov_exponential_mask_random_rho_NA_lambda_1e-05_beta_1_d_25_T_10_lr_0p001_iter_5000_ntrain_175_seed_42",
  "ridge_lambda": 0.01,
  "ridge_train_loss": 0.7509025585188672,
  "ridge_population_risk": 0.8245735555909658,
  "ridge_generalization_gap": 0.07367099707209857,
  "ridge_excess_population_risk": 0.042365287473676405,
  "pca_n_components": 75,
  "pca_train_loss": 0.42037721706345693,
  "pca_population_risk": 1.300295240995367,
  "pca_generalization_gap": 0.87991802393191,
  "pca_excess_population_risk": 0.5180869728780776
}