{
  "alpha": null,
  "seed": 42,
  "n_train": 500,
  "n_population": 5000,
  "train_loss": 0.7112342509822039,
  "population_risk": 0.744032618817866,
  "bayes_population_risk": 0.10837348066298334,
  "empirical_bayes_risk": 0.10850968921106469,
  "generalization_gap": 0.032798367835662035,
  "excess_population_risk": 0.6356591381548826,
  "runtime_seconds": 267.3987963348627,
  "runtime_per_step_seconds": 0.05347975926697254,
  "initial_objective": 0.7319419143078921,
  "final_objective": 0.7132385754647527,
  "best_objective": 0.7132385754647527,
  "objective_reduction": 0.01870333884313946,
  "initial_train_loss_history": 0.7313317643182179,
  "final_train_loss_history": 0.7112342509822039,
  "best_train_loss_history": 0.7112340975352427,
  "train_loss_reduction": 0.02009751333601395,
  "weight_norm": 4.008648882240953,
  "trace_s": 4.008648882240953,
  "top_eigenvalue": 4.008612841953603,
  "min_eigenvalue": -2.019633474805571e-17,
  "R1": 0.9999910093678921,
  "effective_rank": 1.0001184807766188,
  "config_suffix": "cov_toeplitz_mask_random_rho_0p9_lambda_1e-05_beta_1_d_50_T_50_lr_0p001_iter_5000_ntrain_500_seed_42"
}