{
  "alpha": null,
  "seed": 42,
  "n_train": 500,
  "n_population": 5000,
  "train_loss": 0.49835026203496363,
  "population_risk": 0.5542905897496774,
  "bayes_population_risk": 0.05101341981519296,
  "empirical_bayes_risk": 0.05096542742468597,
  "generalization_gap": 0.055940327714713745,
  "excess_population_risk": 0.5032771699344845,
  "runtime_seconds": 35.39942600950599,
  "runtime_per_step_seconds": 0.007079885201901197,
  "initial_objective": 0.5320283253303263,
  "final_objective": 0.5038854065250957,
  "best_objective": 0.5038854065250957,
  "objective_reduction": 0.028142918805230566,
  "initial_train_loss_history": 0.5312667000193649,
  "final_train_loss_history": 0.49835026203496363,
  "best_train_loss_history": 0.49835026203496363,
  "train_loss_reduction": 0.0329164379844013,
  "weight_norm": 11.07028318024247,
  "trace_s": 11.07028318024247,
  "top_eigenvalue": 3.9914763308307064,
  "min_eigenvalue": 7.801463740826018e-12,
  "R1": 0.36055774417355796,
  "effective_rank": 6.248498806030302,
  "config_suffix": "cov_matern_mask_random_rho_NA_lambda_1e-05_beta_1_d_50_T_10_lr_0p001_iter_5000_ntrain_500_seed_42",
  "ridge_lambda": 0.01,
  "ridge_train_loss": 0.04993469428018321,
  "ridge_population_risk": 0.05190747541212455,
  "ridge_generalization_gap": 0.0019727811319413396,
  "ridge_excess_population_risk": 0.0008940555969315922,
  "pca_n_components": 75,
  "pca_train_loss": 0.2789059874650053,
  "pca_population_risk": 0.44605937815763835,
  "pca_generalization_gap": 0.16715339069263307,
  "pca_excess_population_risk": 0.3950459583424454
}