{
  "alpha": null,
  "seed": 42,
  "n_train": 2000,
  "n_population": 5000,
  "train_loss": 0.8832136383311305,
  "population_risk": 0.886081548459966,
  "bayes_population_risk": 0.4371730888154475,
  "empirical_bayes_risk": 0.4370254411763528,
  "generalization_gap": 0.0028679101288354714,
  "excess_population_risk": 0.44890845964451853,
  "runtime_seconds": 77.73394089192152,
  "runtime_per_step_seconds": 0.015546788178384304,
  "initial_objective": 0.8886859630680359,
  "final_objective": 0.8847132812140917,
  "best_objective": 0.8847132812140917,
  "objective_reduction": 0.003972681853944282,
  "initial_train_loss_history": 0.8880864823864001,
  "final_train_loss_history": 0.8832136383311305,
  "best_train_loss_history": 0.8832136280980283,
  "train_loss_reduction": 0.004872844055269554,
  "weight_norm": 2.9992857139713083,
  "trace_s": 2.9992857139713083,
  "top_eigenvalue": 1.435321655518689,
  "min_eigenvalue": 6.564539119954907e-17,
  "R1": 0.47855449343577267,
  "effective_rank": 3.933820390374723,
  "config_suffix": "cov_toeplitz_bump_mask_random_rho_0p5_lambda_1e-05_beta_1_d_50_T_10_lr_0p001_iter_5000_ntrain_2000_seed_42",
  "ridge_lambda": 0.01,
  "ridge_train_loss": 0.4363886847160637,
  "ridge_population_risk": 0.4388525718633079,
  "ridge_generalization_gap": 0.0024638871472442148,
  "ridge_excess_population_risk": 0.0016794830478604195,
  "pca_n_components": 75,
  "pca_train_loss": 0.7503380211713877,
  "pca_population_risk": 0.8603003210626116,
  "pca_generalization_gap": 0.10996229989122386,
  "pca_excess_population_risk": 0.4231272322471641
}