{
  "alpha": null,
  "seed": 42,
  "n_train": 175,
  "n_population": 5000,
  "train_loss": 1.034550001166529,
  "population_risk": 1.02966162471336,
  "bayes_population_risk": 0.9267692307692309,
  "empirical_bayes_risk": 0.9278279937815652,
  "generalization_gap": -0.004888376453168863,
  "excess_population_risk": 0.10289239394412919,
  "runtime_seconds": 46.826444586738944,
  "runtime_per_step_seconds": 0.00936528891734779,
  "initial_objective": 1.041975042025889,
  "final_objective": 1.0355809986633087,
  "best_objective": 1.0355809986633087,
  "objective_reduction": 0.006394043362580426,
  "initial_train_loss_history": 1.0414367485601268,
  "final_train_loss_history": 1.034550001166529,
  "best_train_loss_history": 1.034528573822408,
  "train_loss_reduction": 0.006886747393597847,
  "weight_norm": 2.0619949416779706,
  "trace_s": 2.06199494167797,
  "top_eigenvalue": 2.0565074473429643,
  "min_eigenvalue": 1.187152693138766e-16,
  "R1": 0.9973387450065525,
  "effective_rank": 1.0187656023294052,
  "config_suffix": "cov_toeplitz_mask_random_rho_0p2_lambda_1e-05_beta_1_d_50_T_20_lr_0p001_iter_5000_ntrain_175_seed_42"
}