{
  "alpha": null,
  "seed": 42,
  "n_train": 2000,
  "n_population": 5000,
  "train_loss": 1.0526327181907247,
  "population_risk": 1.0513536281265459,
  "bayes_population_risk": 1.0,
  "empirical_bayes_risk": 1.000044306458673,
  "generalization_gap": -0.0012790900641788117,
  "excess_population_risk": 0.05135362812654587,
  "runtime_seconds": 560.9767242306843,
  "runtime_per_step_seconds": 0.11219534484613687,
  "initial_objective": 1.0547043270100431,
  "final_objective": 1.0526676378979318,
  "best_objective": 1.0526676378979314,
  "objective_reduction": 0.0020366891121113007,
  "initial_train_loss_history": 1.0527162777137804,
  "final_train_loss_history": 1.0526327181907247,
  "best_train_loss_history": 1.052632555969996,
  "train_loss_reduction": 8.355952305572067e-05,
  "weight_norm": 0.017459853603522653,
  "trace_s": 0.017459853603522656,
  "top_eigenvalue": 0.01745985360352265,
  "min_eigenvalue": -6.809932482135509e-18,
  "R1": 1.0000000000000002,
  "effective_rank": 1.0,
  "config_suffix": "cov_identity_mask_random_rho_NA_lambda_1e-05_beta_1_d_200_T_20_lr_0p001_iter_5000_ntrain_2000_seed_42",
  "ridge_lambda": 0.01,
  "ridge_train_loss": 0.9928901916253733,
  "ridge_population_risk": 1.0097128096948995,
  "ridge_generalization_gap": 0.01682261806952623,
  "ridge_excess_population_risk": 0.009712809694899516,
  "pca_n_components": 75,
  "pca_train_loss": 0.9389588838711056,
  "pca_population_risk": 1.0205144466502196,
  "pca_generalization_gap": 0.08155556277911402,
  "pca_excess_population_risk": 0.02051444665021962
}