{
  "alpha": null,
  "seed": 42,
  "n_train": 200,
  "n_population": 5000,
  "train_loss": 0.9767548536306796,
  "population_risk": 1.0015392916376769,
  "bayes_population_risk": 0.7459898192227884,
  "empirical_bayes_risk": 0.7477577265094393,
  "generalization_gap": 0.024784438006997256,
  "excess_population_risk": 0.25554947241488846,
  "runtime_seconds": 19.89819877780974,
  "runtime_per_step_seconds": 0.003979639755561948,
  "initial_objective": 1.0017181682302032,
  "final_objective": 0.9782688508524988,
  "best_objective": 0.9782688508524988,
  "objective_reduction": 0.023449317377704393,
  "initial_train_loss_history": 1.0011467880186138,
  "final_train_loss_history": 0.9767548536306796,
  "best_train_loss_history": 0.9767548536306796,
  "train_loss_reduction": 0.02439193438793419,
  "weight_norm": 6.0559887622241515,
  "trace_s": 6.055988762224151,
  "top_eigenvalue": 2.126198851277694,
  "min_eigenvalue": 5.481209870404826e-15,
  "R1": 0.351090290084491,
  "effective_rank": 4.250189770778488,
  "config_suffix": "cov_matern_mask_random_rho_NA_lambda_1e-05_beta_1_d_25_T_5_lr_0p001_iter_5000_ntrain_200_seed_42",
  "ridge_lambda": 0.01,
  "ridge_train_loss": 0.7323642720179895,
  "ridge_population_risk": 0.7647200797389104,
  "ridge_generalization_gap": 0.03235580772092095,
  "ridge_excess_population_risk": 0.018730260516122033,
  "pca_n_components": 62,
  "pca_train_loss": 0.6435286275120272,
  "pca_population_risk": 1.755172711584728,
  "pca_generalization_gap": 1.1116440840727009,
  "pca_excess_population_risk": 1.0091828923619395
}