{
  "alpha": null,
  "seed": 42,
  "n_train": 750,
  "n_population": 5000,
  "train_loss": 0.713063410151806,
  "population_risk": 0.7318912204375265,
  "bayes_population_risk": 0.10837348066298334,
  "empirical_bayes_risk": 0.10989637513064754,
  "generalization_gap": 0.01882781028572056,
  "excess_population_risk": 0.6235177397745432,
  "runtime_seconds": 373.95858039706945,
  "runtime_per_step_seconds": 0.07479171607941389,
  "initial_objective": 0.7230379674427597,
  "final_objective": 0.7142529609261172,
  "best_objective": 0.7142529609261172,
  "objective_reduction": 0.00878500651664249,
  "initial_train_loss_history": 0.722485903767825,
  "final_train_loss_history": 0.713063410151806,
  "best_train_loss_history": 0.713063410151806,
  "train_loss_reduction": 0.00942249361601899,
  "weight_norm": 2.3791015486120157,
  "trace_s": 2.3791015486120157,
  "top_eigenvalue": 2.379101546586912,
  "min_eigenvalue": -1.6696844521427167e-16,
  "R1": 0.9999999991487946,
  "effective_rank": 1.0000000191369787,
  "config_suffix": "cov_toeplitz_mask_random_rho_0p9_lambda_1e-05_beta_1_d_50_T_50_lr_0p001_iter_5000_ntrain_750_seed_42"
}