{
  "alpha": null,
  "seed": 42,
  "n_train": 100,
  "n_population": 5000,
  "train_loss": 1.0482954011050456,
  "population_risk": 1.0292857681388574,
  "bayes_population_risk": 1.0,
  "empirical_bayes_risk": 1.000079612975086,
  "generalization_gap": -0.019009632966188184,
  "excess_population_risk": 0.029285768138857415,
  "runtime_seconds": 109.48407812044024,
  "runtime_per_step_seconds": 0.02189681562408805,
  "initial_objective": 1.0591383006188253,
  "final_objective": 1.051067061755828,
  "best_objective": 1.0510670565791933,
  "objective_reduction": 0.00807123886299732,
  "initial_train_loss_history": 1.0581047265471288,
  "final_train_loss_history": 1.0482954011050456,
  "best_train_loss_history": 1.0482951524265909,
  "train_loss_reduction": 0.009809325442083239,
  "weight_norm": 2.7716630617324136,
  "trace_s": 2.771663061732414,
  "top_eigenvalue": 2.771663055460057,
  "min_eigenvalue": 8.133690906568417e-16,
  "R1": 0.9999999977369707,
  "effective_rank": 1.000000054489473,
  "config_suffix": "cov_identity_mask_random_rho_NA_lambda_1e-05_beta_1_d_100_T_50_lr_0p001_iter_5000_ntrain_100_seed_42",
  "ridge_lambda": 0.01,
  "ridge_train_loss": 0.5273404317507506,
  "ridge_population_risk": 1.9834837334964615,
  "ridge_generalization_gap": 1.4561433017457108,
  "ridge_excess_population_risk": 0.9834837334964615,
  "pca_n_components": 75,
  "pca_train_loss": 0.20403070698659578,
  "pca_population_risk": 1.0259597748989675,
  "pca_generalization_gap": 0.8219290679123717,
  "pca_excess_population_risk": 0.025959774898967503
}