{
  "alpha": null,
  "seed": 42,
  "n_train": 60,
  "n_population": 5000,
  "train_loss": 0.16585032695497534,
  "population_risk": 0.6220500531033422,
  "bayes_population_risk": 0.13898342541436456,
  "empirical_bayes_risk": 0.14000971118497652,
  "generalization_gap": 0.4561997261483668,
  "excess_population_risk": 0.48306662768897757,
  "runtime_seconds": 23.62995888851583,
  "runtime_per_step_seconds": 0.004725991777703166,
  "initial_objective": 0.280005122701752,
  "final_objective": 0.1905631894992638,
  "best_objective": 0.1905631894992638,
  "objective_reduction": 0.0894419332024882,
  "initial_train_loss_history": 0.27768479447803585,
  "final_train_loss_history": 0.16585032695497534,
  "best_train_loss_history": 0.16585032695497534,
  "train_loss_reduction": 0.1118344675230605,
  "weight_norm": 24.712849853464494,
  "trace_s": 24.712849853464494,
  "top_eigenvalue": 13.692028402513133,
  "min_eigenvalue": 2.209534718816016e-14,
  "R1": 0.5540448990586024,
  "effective_rank": 3.7917655709918665,
  "config_suffix": "cov_toeplitz_mask_random_rho_0p9_lambda_1e-05_beta_1_d_100_T_5_lr_0p001_iter_5000_ntrain_60_seed_42",
  "ridge_lambda": 0.01,
  "ridge_train_loss": 0.12814521882389157,
  "ridge_population_risk": 0.15000680274076839,
  "ridge_generalization_gap": 0.021861583916876814,
  "ridge_excess_population_risk": 0.011023377326403822,
  "pca_n_components": 75,
  "pca_train_loss": 1.7307636591348252e-16,
  "pca_population_risk": 0.7211177366842245,
  "pca_generalization_gap": 0.7211177366842243,
  "pca_excess_population_risk": 0.5821343112698599
}