{
  "alpha": null,
  "seed": 42,
  "n_train": 50,
  "n_population": 5000,
  "train_loss": 0.1923763012754604,
  "population_risk": 1.2025629434370162,
  "bayes_population_risk": 0.10837348066298334,
  "empirical_bayes_risk": 0.1085189823435239,
  "generalization_gap": 1.0101866421615557,
  "excess_population_risk": 1.094189462774033,
  "runtime_seconds": 88.80477860756218,
  "runtime_per_step_seconds": 0.01776095572151244,
  "initial_objective": 0.7115926813427926,
  "final_objective": 0.27347771509988283,
  "best_objective": 0.27347771509988283,
  "objective_reduction": 0.4381149662429098,
  "initial_train_loss_history": 0.7091496532296369,
  "final_train_loss_history": 0.1923763012754604,
  "best_train_loss_history": 0.1923763012754604,
  "train_loss_reduction": 0.5167733519541764,
  "weight_norm": 40.5506806973031,
  "trace_s": 40.55068069730309,
  "top_eigenvalue": 35.00472076860694,
  "min_eigenvalue": 1.6513430404639772e-14,
  "R1": 0.8632338635670542,
  "effective_rank": 1.691891628096382,
  "config_suffix": "cov_toeplitz_mask_random_rho_0p9_lambda_1e-05_beta_1_d_200_T_50_lr_0p001_iter_5000_ntrain_50_seed_42",
  "ridge_lambda": 0.01,
  "ridge_train_loss": 0.004004938149945849,
  "ridge_population_risk": 1.3084101822284928,
  "ridge_generalization_gap": 1.304405244078547,
  "ridge_excess_population_risk": 1.2000367015655096,
  "pca_n_components": 75,
  "pca_train_loss": 1.032350040295926e-16,
  "pca_population_risk": 0.9855785996113376,
  "pca_generalization_gap": 0.9855785996113375,
  "pca_excess_population_risk": 0.8772051189483543
}