{
  "alpha": null,
  "seed": 42,
  "n_train": 50,
  "n_population": 5000,
  "train_loss": 0.46044891539626565,
  "population_risk": 1.2510377820566325,
  "bayes_population_risk": 0.09796305337869733,
  "empirical_bayes_risk": 0.09615786426867459,
  "generalization_gap": 0.7905888666603669,
  "excess_population_risk": 1.1530747286779353,
  "runtime_seconds": 34.60354631766677,
  "runtime_per_step_seconds": 0.006920709263533354,
  "initial_objective": 0.7467168658992583,
  "final_objective": 0.49239656687044175,
  "best_objective": 0.49239656687044175,
  "objective_reduction": 0.2543202990288166,
  "initial_train_loss_history": 0.7456226137674953,
  "final_train_loss_history": 0.46044891539626565,
  "best_train_loss_history": 0.46044891539626565,
  "train_loss_reduction": 0.28517369837122963,
  "weight_norm": 63.8942929517119,
  "trace_s": 63.89429295171188,
  "top_eigenvalue": 27.137500404454997,
  "min_eigenvalue": 1.3944796261090183e-08,
  "R1": 0.42472495039524355,
  "effective_rank": 5.438705721204887,
  "config_suffix": "cov_toeplitz_bump_mask_random_rho_0p5_lambda_1e-05_beta_1_d_50_T_5_lr_0p001_iter_5000_ntrain_50_seed_42"
}