{
  "alpha": null,
  "seed": 42,
  "n_train": 10,
  "n_population": 5000,
  "train_loss": 0.9064127261242347,
  "population_risk": 1.194731316937418,
  "bayes_population_risk": 0.8649174311926606,
  "empirical_bayes_risk": 0.8673961771058454,
  "generalization_gap": 0.28831859081318334,
  "excess_population_risk": 0.32981388574475745,
  "runtime_seconds": 25.97780404984951,
  "runtime_per_step_seconds": 0.002597780404984951,
  "initial_objective": 1.0763291650460276,
  "final_objective": 0.9436544326382301,
  "best_objective": 0.9436541059113067,
  "objective_reduction": 0.13267473240779748,
  "initial_train_loss_history": 1.0671028207529365,
  "final_train_loss_history": 0.9064127261242347,
  "best_train_loss_history": 0.9063592101364542,
  "train_loss_reduction": 0.16069009462870176,
  "weight_norm": 7.4483174340423215,
  "trace_s": 7.448317434042321,
  "top_eigenvalue": 5.350681268534415,
  "min_eigenvalue": -5.567955994294257e-17,
  "R1": 0.7183744940943683
}