{
  "alpha": null,
  "seed": 42,
  "n_train": 9000,
  "n_population": 5000,
  "train_loss": 0.32793273479634544,
  "population_risk": 0.3303930162697354,
  "bayes_population_risk": 0.13898342541436456,
  "empirical_bayes_risk": 0.18990349187882558,
  "generalization_gap": 0.002460281473389947,
  "excess_population_risk": 0.19140959085537082,
  "runtime_seconds": 828.303024707362,
  "runtime_per_step_seconds": 0.08283030247073621,
  "initial_objective": 0.3650994751041243,
  "final_objective": 0.3329333778855407,
  "best_objective": 0.3329333778855407,
  "objective_reduction": 0.0321660972185836,
  "initial_train_loss_history": 0.3638645925639598,
  "final_train_loss_history": 0.32793273479634544,
  "best_train_loss_history": 0.32793273479634544,
  "train_loss_reduction": 0.03593185776761437,
  "weight_norm": 10.001286152939892,
  "trace_s": 10.001286152939894,
  "top_eigenvalue": 0.73306193169317,
  "min_eigenvalue": 1.815956826044178e-15,
  "R1": 0.07329676608419859
}