{
  "alpha": null,
  "seed": 42,
  "n_train": 1500,
  "n_population": 5000,
  "train_loss": 0.6435214136513828,
  "population_risk": 0.6669598347822242,
  "bayes_population_risk": 0.2921672002085666,
  "empirical_bayes_risk": 0.2940172056560985,
  "generalization_gap": 0.02343842113084138,
  "excess_population_risk": 0.3747926345736576,
  "runtime_seconds": 38.3563727196306,
  "runtime_per_step_seconds": 0.00767127454392612,
  "initial_objective": 0.6771557101469553,
  "final_objective": 0.6487243269983375,
  "best_objective": 0.6487243269983375,
  "objective_reduction": 0.028431383148617817,
  "initial_train_loss_history": 0.6760111696346107,
  "final_train_loss_history": 0.6435214136513828,
  "best_train_loss_history": 0.6435214136513828,
  "train_loss_reduction": 0.0324897559832279,
  "weight_norm": 10.405822631189118,
  "trace_s": 10.405822631189118,
  "top_eigenvalue": 1.871534235109482,
  "min_eigenvalue": 4.189220252677811e-12,
  "R1": 0.1798545200549526,
  "effective_rank": 10.135689032239204,
  "config_suffix": "cov_matern_mask_random_rho_NA_lambda_1e-05_beta_1_d_50_T_5_lr_0p001_iter_5000_ntrain_1500_seed_42",
  "ridge_lambda": 0.01,
  "ridge_train_loss": 0.2895957876714334,
  "ridge_population_risk": 0.2947608084905876,
  "ridge_generalization_gap": 0.005165020819154209,
  "ridge_excess_population_risk": 0.002593608282020987,
  "pca_n_components": 75,
  "pca_train_loss": 0.4706982368017405,
  "pca_population_risk": 0.5708975790017503,
  "pca_generalization_gap": 0.10019934220000981,
  "pca_excess_population_risk": 0.2787303787931837
}