{
  "alpha": null,
  "seed": 42,
  "n_train": 90,
  "n_population": 5000,
  "train_loss": 0.619771052414692,
  "population_risk": 0.9434641130433685,
  "bayes_population_risk": 0.09796305337869733,
  "empirical_bayes_risk": 0.0972649743096845,
  "generalization_gap": 0.32369306062867653,
  "excess_population_risk": 0.8455010596646712,
  "runtime_seconds": 35.02316587604582,
  "runtime_per_step_seconds": 0.007004633175209165,
  "initial_objective": 0.7791722768137971,
  "final_objective": 0.634742114129372,
  "best_objective": 0.634742114129372,
  "objective_reduction": 0.1444301626844251,
  "initial_train_loss_history": 0.7781361769628088,
  "final_train_loss_history": 0.619771052414692,
  "best_train_loss_history": 0.619771052414692,
  "train_loss_reduction": 0.1583651245481168,
  "weight_norm": 29.94174098451936,
  "trace_s": 29.941740984519356,
  "top_eigenvalue": 16.238474064861776,
  "min_eigenvalue": 4.182820563569571e-10,
  "R1": 0.5423356668958387,
  "effective_rank": 4.398475422202325,
  "config_suffix": "cov_toeplitz_bump_mask_random_rho_0p5_lambda_1e-05_beta_1_d_50_T_5_lr_0p001_iter_5000_ntrain_90_seed_42"
}