{
  "alpha": null,
  "seed": 42,
  "n_train": 500,
  "n_population": 5000,
  "train_loss": 1.115369127848011,
  "population_risk": 1.11250262459836,
  "bayes_population_risk": 0.9339407664588757,
  "empirical_bayes_risk": 0.9312708444425097,
  "generalization_gap": -0.0028665032496508758,
  "excess_population_risk": 0.17856185813948433,
  "runtime_seconds": 75.32215143274516,
  "runtime_per_step_seconds": 0.007532215143274516,
  "initial_objective": 1.1240414466061388,
  "final_objective": 1.117325396401025,
  "best_objective": 1.1173253964009129,
  "objective_reduction": 0.006716050205113788,
  "initial_train_loss_history": 1.123357902249811,
  "final_train_loss_history": 1.115369127848011,
  "best_train_loss_history": 1.1153675049195448,
  "train_loss_reduction": 0.007988774401800125,
  "weight_norm": 3.9125371061578953,
  "trace_s": 3.9125371061578944,
  "top_eigenvalue": 1.4996645155198516,
  "min_eigenvalue": -2.2782086038501896e-16,
  "R1": 0.38329719944624874
}