{
  "alpha": null,
  "seed": 42,
  "n_train": 300,
  "n_population": 5000,
  "train_loss": 0.7516757439821349,
  "population_risk": 0.8829512041687357,
  "bayes_population_risk": 0.24553354982376377,
  "empirical_bayes_risk": 0.2443374196353726,
  "generalization_gap": 0.13127546018660086,
  "excess_population_risk": 0.637417654344972,
  "runtime_seconds": 50.373055735602975,
  "runtime_per_step_seconds": 0.010074611147120594,
  "initial_objective": 0.825566440555171,
  "final_objective": 0.7656442621737899,
  "best_objective": 0.7656442621737899,
  "objective_reduction": 0.05992217838138114,
  "initial_train_loss_history": 0.8243293921196869,
  "final_train_loss_history": 0.7516757439821349,
  "best_train_loss_history": 0.7516757439821349,
  "train_loss_reduction": 0.07265364813755204,
  "weight_norm": 13.968516679765012,
  "trace_s": 13.968516679765013,
  "top_eigenvalue": 8.834037931670736,
  "min_eigenvalue": 1.0944529667076703e-16,
  "R1": 0.6324249119785103,
  "effective_rank": 3.327533597597253,
  "config_suffix": "cov_matern_mask_random_rho_NA_lambda_1e-05_beta_1_d_100_T_10_lr_0p001_iter_5000_ntrain_300_seed_42",
  "ridge_lambda": 0.01,
  "ridge_train_loss": 0.24532854420749592,
  "ridge_population_risk": 0.25246509705260906,
  "ridge_generalization_gap": 0.007136552845113137,
  "ridge_excess_population_risk": 0.006931547228845286,
  "pca_n_components": 75,
  "pca_train_loss": 0.5164280068315382,
  "pca_population_risk": 0.9232425533720922,
  "pca_generalization_gap": 0.40681454654055393,
  "pca_excess_population_risk": 0.6777090035483284
}