{
  "alpha": null,
  "seed": 42,
  "n_train": 175,
  "n_population": 5000,
  "train_loss": 0.284734774031747,
  "population_risk": 0.3876438890977034,
  "bayes_population_risk": 0.12197790055248611,
  "empirical_bayes_risk": 0.12250332902569253,
  "generalization_gap": 0.1029091150659564,
  "excess_population_risk": 0.2656659885452173,
  "runtime_seconds": 22.906115213409066,
  "runtime_per_step_seconds": 0.0045812230426818135,
  "initial_objective": 0.34726962954135715,
  "final_objective": 0.2958386481965792,
  "best_objective": 0.2958386481965792,
  "objective_reduction": 0.05143098134477797,
  "initial_train_loss_history": 0.3464460048484451,
  "final_train_loss_history": 0.284734774031747,
  "best_train_loss_history": 0.284734774031747,
  "train_loss_reduction": 0.061711230816698104,
  "weight_norm": 22.207703722050887,
  "trace_s": 22.207703722050887,
  "top_eigenvalue": 13.75790594594343,
  "min_eigenvalue": 6.897227804146798e-13,
  "R1": 0.6195105139250696,
  "effective_rank": 3.779909960908215,
  "config_suffix": "cov_toeplitz_mask_random_rho_0p9_lambda_1e-05_beta_1_d_50_T_10_lr_0p001_iter_5000_ntrain_175_seed_42",
  "ridge_lambda": 0.01,
  "ridge_train_loss": 0.11053939578273571,
  "ridge_population_risk": 0.12927049597035556,
  "ridge_generalization_gap": 0.01873110018761985,
  "ridge_excess_population_risk": 0.007292595417869446,
  "pca_n_components": 75,
  "pca_train_loss": 0.11606597794227635,
  "pca_population_risk": 0.38415000890409073,
  "pca_generalization_gap": 0.2680840309618144,
  "pca_excess_population_risk": 0.26217210835160465
}