{
  "alpha": null,
  "seed": 42,
  "n_train": 5000,
  "n_population": 5000,
  "train_loss": 1.0978343227045058,
  "population_risk": 1.0986768062345607,
  "bayes_population_risk": 1.0,
  "empirical_bayes_risk": 0.9987822658309696,
  "generalization_gap": 0.0008424835300548938,
  "excess_population_risk": 0.09867680623456065,
  "runtime_seconds": 172.56627258099616,
  "runtime_per_step_seconds": 0.03451325451619923,
  "initial_objective": 1.0988405498393643,
  "final_objective": 1.0978954394825515,
  "best_objective": 1.097895439482551,
  "objective_reduction": 0.0009451103568127728,
  "initial_train_loss_history": 1.0982987045646468,
  "final_train_loss_history": 1.0978343227045058,
  "best_train_loss_history": 1.0978343227045053,
  "train_loss_reduction": 0.0004643818601410832,
  "weight_norm": 0.12223355609173173,
  "trace_s": 0.12223355609173173,
  "top_eigenvalue": 0.12223355609173178,
  "min_eigenvalue": -1.6918088526211053e-17,
  "R1": 0.9999999999999998,
  "effective_rank": 1.0,
  "config_suffix": "cov_identity_mask_random_rho_NA_lambda_1e-05_beta_1_d_50_T_10_lr_0p001_iter_5000_ntrain_5000_seed_42",
  "ridge_lambda": 0.01,
  "ridge_train_loss": 0.9982148086555539,
  "ridge_population_risk": 1.0006351346726379,
  "ridge_generalization_gap": 0.0024203260170839735,
  "ridge_excess_population_risk": 0.0006351346726378715,
  "pca_n_components": 75,
  "pca_train_loss": 1.089590256916875,
  "pca_population_risk": 1.2008347958710697,
  "pca_generalization_gap": 0.11124453895419473,
  "pca_excess_population_risk": 0.20083479587106967
}