{
  "alpha": null,
  "seed": 42,
  "n_train": 10000,
  "n_population": 5000,
  "train_loss": 0.33676375988105,
  "population_risk": 0.3397318564891414,
  "bayes_population_risk": 0.13898342541436456,
  "empirical_bayes_risk": 0.19037751393178945,
  "generalization_gap": 0.002968096608091386,
  "excess_population_risk": 0.20074843107477683,
  "runtime_seconds": 655.0008728839457,
  "runtime_per_step_seconds": 0.6550008728839457,
  "initial_objective": 0.36766004816012077,
  "final_objective": 0.35259009288826837,
  "best_objective": 0.35259009288826837,
  "objective_reduction": 0.015069955271852398,
  "initial_train_loss_history": 0.36420249213736045,
  "final_train_loss_history": 0.33676375988105,
  "best_train_loss_history": 0.33676375988105,
  "train_loss_reduction": 0.02743873225631044,
  "weight_norm": 7.912718830133896,
  "trace_s": 7.912718830133898,
  "top_eigenvalue": 0.4208283600221165,
  "min_eigenvalue": 6.649489040768504e-13,
  "R1": 0.05318378790605848
}