{
  "alpha": null,
  "seed": 42,
  "n_train": 250,
  "n_population": 5000,
  "train_loss": 0.4634116368761324,
  "population_risk": 0.5993609592709482,
  "bayes_population_risk": 0.05101341981519296,
  "empirical_bayes_risk": 0.05218459698507661,
  "generalization_gap": 0.13594932239481583,
  "excess_population_risk": 0.5483475394557553,
  "runtime_seconds": 24.142001751810312,
  "runtime_per_step_seconds": 0.004828400350362062,
  "initial_objective": 0.531539804286107,
  "final_objective": 0.4722249000448616,
  "best_objective": 0.4722249000448616,
  "objective_reduction": 0.059314904241245414,
  "initial_train_loss_history": 0.5307977798983212,
  "final_train_loss_history": 0.4634116368761324,
  "best_train_loss_history": 0.4634116368761324,
  "train_loss_reduction": 0.06738614302218882,
  "weight_norm": 17.62648603152596,
  "trace_s": 17.62648603152596,
  "top_eigenvalue": 6.863438874800563,
  "min_eigenvalue": 2.885847987744275e-12,
  "R1": 0.3893821413142084,
  "effective_rank": 6.009154217156653,
  "config_suffix": "cov_matern_mask_random_rho_NA_lambda_1e-05_beta_1_d_50_T_10_lr_0p001_iter_5000_ntrain_250_seed_42",
  "ridge_lambda": 0.01,
  "ridge_train_loss": 0.04668916703651783,
  "ridge_population_risk": 0.054130642026342206,
  "ridge_generalization_gap": 0.007441474989824379,
  "ridge_excess_population_risk": 0.0031172222111492467,
  "pca_n_components": 75,
  "pca_train_loss": 0.20233915671727187,
  "pca_population_risk": 0.4964229189904032,
  "pca_generalization_gap": 0.2940837622731313,
  "pca_excess_population_risk": 0.4454094991752102
}