{
  "alpha": null,
  "seed": 42,
  "n_train": 90,
  "n_population": 5000,
  "train_loss": 0.08637849720415605,
  "population_risk": 0.3453769575379446,
  "bayes_population_risk": 0.010443997575880022,
  "empirical_bayes_risk": 0.010454706016208565,
  "generalization_gap": 0.2589984603337886,
  "excess_population_risk": 0.33493295996206457,
  "runtime_seconds": 74.36666172556579,
  "runtime_per_step_seconds": 0.014873332345113158,
  "initial_objective": 0.14991868642020567,
  "final_objective": 0.11042491458605525,
  "best_objective": 0.11042491458605525,
  "objective_reduction": 0.039493771834150426,
  "initial_train_loss_history": 0.14885340464230074,
  "final_train_loss_history": 0.08637849720415605,
  "best_train_loss_history": 0.08637849720415605,
  "train_loss_reduction": 0.06247490743814468,
  "weight_norm": 24.046416772231574,
  "trace_s": 24.046416772231574,
  "top_eigenvalue": 16.372790410226038,
  "min_eigenvalue": 1.629851534998325e-15,
  "R1": 0.6808827512768174,
  "effective_rank": 2.7138962571137575,
  "config_suffix": "cov_toeplitz_mask_random_rho_0p99_lambda_1e-05_beta_1_d_100_T_50_lr_0p001_iter_5000_ntrain_90_seed_42",
  "ridge_lambda": 0.01,
  "ridge_train_loss": 0.004794583350011215,
  "ridge_population_risk": 0.021917953336554868,
  "ridge_generalization_gap": 0.01712336998654365,
  "ridge_excess_population_risk": 0.011473955760674845,
  "pca_n_components": 75,
  "pca_train_loss": 0.025541175329810855,
  "pca_population_risk": 0.5058470610061797,
  "pca_generalization_gap": 0.48030588567636884,
  "pca_excess_population_risk": 0.49540306343029966
}