{
  "alpha": null,
  "seed": 42,
  "n_train": 100,
  "n_population": 5000,
  "train_loss": 1.0910109929644396,
  "population_risk": 1.1249739491794195,
  "bayes_population_risk": 0.8222472188202141,
  "empirical_bayes_risk": 0.901024192124861,
  "generalization_gap": 0.03396295621497991,
  "excess_population_risk": 0.3027267303592054,
  "runtime_seconds": 10.869694387540221,
  "runtime_per_step_seconds": 0.010869694387540221,
  "initial_objective": 1.1207524899552035,
  "final_objective": 1.0979031202135061,
  "best_objective": 1.0979031202135061,
  "objective_reduction": 0.02284936974169738,
  "initial_train_loss_history": 1.1196641824159592,
  "final_train_loss_history": 1.0910109929644396,
  "best_train_loss_history": 1.0910109929644396,
  "train_loss_reduction": 0.028653189451519623,
  "weight_norm": 6.891688410488691,
  "trace_s": 6.891688410488692,
  "top_eigenvalue": 4.044325490473266,
  "min_eigenvalue": 1.948686437533444e-13,
  "R1": 0.5868410249537793
}