{
  "alpha": null,
  "seed": 42,
  "n_train": 125,
  "n_population": 5000,
  "train_loss": 1.197027323226009,
  "population_risk": 1.2131010946491088,
  "bayes_population_risk": 1.0,
  "empirical_bayes_risk": 1.0008770535450138,
  "generalization_gap": 0.016073771423099847,
  "excess_population_risk": 0.21310109464910876,
  "runtime_seconds": 36.10159310698509,
  "runtime_per_step_seconds": 0.007220318621397019,
  "initial_objective": 1.2144132270436678,
  "final_objective": 1.2021925166534537,
  "best_objective": 1.2021925166534537,
  "objective_reduction": 0.012220710390214107,
  "initial_train_loss_history": 1.2132833800157268,
  "final_train_loss_history": 1.197027323226009,
  "best_train_loss_history": 1.1970263438394024,
  "train_loss_reduction": 0.016256056789717865,
  "weight_norm": 5.165193426674636,
  "trace_s": 5.1651934266746355,
  "top_eigenvalue": 1.7051992730258982,
  "min_eigenvalue": -2.313349744112129e-17,
  "R1": 0.3301327040764298,
  "effective_rank": 4.6712160781577445,
  "config_suffix": "cov_identity_mask_random_rho_NA_lambda_1e-05_beta_1_d_100_T_5_lr_0p001_iter_5000_ntrain_125_seed_42"
}