{
  "alpha": null,
  "seed": 42,
  "n_train": 2500,
  "n_population": 5000,
  "train_loss": 0.8022365739734659,
  "population_risk": 0.8020308472039728,
  "bayes_population_risk": 0.48757509716865854,
  "empirical_bayes_risk": 0.4876255635263926,
  "generalization_gap": -0.00020572676949315305,
  "excess_population_risk": 0.31445575003531423,
  "runtime_seconds": 31.302242593839765,
  "runtime_per_step_seconds": 0.006260448518767953,
  "initial_objective": 0.8186088217772459,
  "final_objective": 0.8034711054741154,
  "best_objective": 0.8034711054741154,
  "objective_reduction": 0.015137716303130544,
  "initial_train_loss_history": 0.8180710591392801,
  "final_train_loss_history": 0.8022365739734659,
  "best_train_loss_history": 0.8022365739734659,
  "train_loss_reduction": 0.015834485165814205,
  "weight_norm": 4.938122516945391,
  "trace_s": 4.938122516945392,
  "top_eigenvalue": 1.3213679314748932,
  "min_eigenvalue": 8.309708736520625e-12,
  "R1": 0.26758508460261143,
  "effective_rank": 6.881528924995626,
  "config_suffix": "cov_toeplitz_bump_mask_random_rho_0p5_lambda_1e-05_beta_1_d_25_T_5_lr_0p001_iter_5000_ntrain_2500_seed_42",
  "ridge_lambda": 0.01,
  "ridge_train_loss": 0.49263121795965026,
  "ridge_population_risk": 0.48818001541599115,
  "ridge_generalization_gap": -0.004451202543659105,
  "ridge_excess_population_risk": 0.0006049182473326087,
  "pca_n_components": 62,
  "pca_train_loss": 0.7100870691782175,
  "pca_population_risk": 0.7637620418549166,
  "pca_generalization_gap": 0.05367497267669907,
  "pca_excess_population_risk": 0.27618694468625804
}