{
  "alpha": 1.0,
  "seed": 0,
  "n_train": 2500,
  "n_population": 5000,
  "train_loss": 0.8621621215078329,
  "population_risk": 0.8619049137958278,
  "bayes_population_risk": 0.65,
  "empirical_bayes_risk": 0.6501232231742079,
  "weight_norm": 5.57233110353522,
  "trace_s": 5.572331103535218,
  "top_eigenvalue": 0.8366477024036951,
  "R1": 0.15014321418784787
}