{
  "alpha": 3.0,
  "seed": 0,
  "n_train": 7500,
  "n_population": 5000,
  "train_loss": 0.9073996977241116,
  "population_risk": 0.9090253465957574,
  "bayes_population_risk": 0.6299999999999999,
  "empirical_bayes_risk": 0.6308155800504741,
  "generalization_gap": 0.0016256488716458461,
  "excess_population_risk": 0.2790253465957575,
  "runtime_seconds": 195.16756562504452,
  "runtime_per_step_seconds": 0.1951675656250445,
  "initial_objective": 0.9149646723810697,
  "final_objective": 0.9076352613735296,
  "best_objective": 0.9076352613735296,
  "objective_reduction": 0.007329411007540143,
  "initial_train_loss_history": 0.9135494123359876,
  "final_train_loss_history": 0.9073996977241116,
  "best_train_loss_history": 0.9073996977241116,
  "train_loss_reduction": 0.006149714611876078,
  "weight_norm": 0.47075985108537066,
  "trace_s": 0.47075985108537066,
  "top_eigenvalue": 0.10978275063209861,
  "min_eigenvalue": 3.14597619022819e-10,
  "R1": 0.23320329968451342
}