{
  "alpha": null,
  "seed": 42,
  "n_train": 500,
  "n_population": 5000,
  "train_loss": 1.1502539799048204,
  "population_risk": 1.1601985528339533,
  "bayes_population_risk": 0.96,
  "empirical_bayes_risk": 0.9587578315183293,
  "generalization_gap": 0.009944572929132978,
  "excess_population_risk": 0.20019855283395338,
  "runtime_seconds": 89.1628871820867,
  "runtime_per_step_seconds": 0.008916288718208671,
  "initial_objective": 1.157230236716599,
  "final_objective": 1.1517455065482196,
  "best_objective": 1.1517445536737208,
  "objective_reduction": 0.005484730168379359,
  "initial_train_loss_history": 1.1562429989297554,
  "final_train_loss_history": 1.1502539799048204,
  "best_train_loss_history": 1.1502495221155997,
  "train_loss_reduction": 0.005989019024934983,
  "weight_norm": 2.982691994260784,
  "trace_s": 2.9826919942607835,
  "top_eigenvalue": 0.9594264290445201,
  "min_eigenvalue": 4.206313169999381e-16,
  "R1": 0.32166460059926494,
  "config_suffix": "cov_toeplitz_mask_last_rho_0p2_lambda_1e-05_beta_1_d_50_T_5_lr_0p01_iter_10000_ntrain_500_seed_42"
}