{
  "alpha": null,
  "seed": 42,
  "n_train": 1750,
  "n_population": 5000,
  "train_loss": 1.10602572900735,
  "population_risk": 1.1049071348628472,
  "bayes_population_risk": 1.0,
  "empirical_bayes_risk": 1.0024244330819312,
  "generalization_gap": -0.0011185941445028824,
  "excess_population_risk": 0.1049071348628472,
  "runtime_seconds": 84.43548487499356,
  "runtime_per_step_seconds": 0.01688709697499871,
  "initial_objective": 1.107324571013678,
  "final_objective": 1.106188935439615,
  "best_objective": 1.1061889354396146,
  "objective_reduction": 0.001135635574063043,
  "initial_train_loss_history": 1.1068000251904808,
  "final_train_loss_history": 1.10602572900735,
  "best_train_loss_history": 1.106025723061107,
  "train_loss_reduction": 0.0007742961831307404,
  "weight_norm": 0.3264128645298445,
  "trace_s": 0.32641286452984447,
  "top_eigenvalue": 0.3264128645298444,
  "min_eigenvalue": -6.547476840811239e-17,
  "R1": 1.0,
  "effective_rank": 1.0,
  "config_suffix": "cov_identity_mask_random_rho_NA_lambda_1e-05_beta_1_d_50_T_10_lr_0p001_iter_5000_ntrain_1750_seed_42",
  "ridge_lambda": 0.01,
  "ridge_train_loss": 0.9984962630373088,
  "ridge_population_risk": 1.007460333870747,
  "ridge_generalization_gap": 0.008964070833438309,
  "ridge_excess_population_risk": 0.007460333870747071,
  "pca_n_components": 75,
  "pca_train_loss": 1.0099958694860707,
  "pca_population_risk": 1.202904183990984,
  "pca_generalization_gap": 0.1929083145049133,
  "pca_excess_population_risk": 0.20290418399098398
}