{
  "alpha": null,
  "seed": 42,
  "n_train": 50,
  "n_population": 5000,
  "train_loss": 0.3952745013775417,
  "population_risk": 1.2546963223265952,
  "bayes_population_risk": 0.27570731707317064,
  "empirical_bayes_risk": 0.3604060895439992,
  "generalization_gap": 0.8594218209490535,
  "excess_population_risk": 0.9789890052534246,
  "runtime_seconds": 8.752392150461674,
  "runtime_per_step_seconds": 0.008752392150461674,
  "initial_objective": 0.6072376603151034,
  "final_objective": 0.4308265412979922,
  "best_objective": 0.4308265412979922,
  "objective_reduction": 0.1764111190171112,
  "initial_train_loss_history": 0.6055467243396161,
  "final_train_loss_history": 0.3952745013775417,
  "best_train_loss_history": 0.3952745013775417,
  "train_loss_reduction": 0.21027222296207437,
  "weight_norm": 35.536302381593934,
  "trace_s": 35.53630238159393,
  "top_eigenvalue": 19.17124648550439,
  "min_eigenvalue": 1.996999723075926e-08,
  "R1": 0.5394834352668655
}