{
  "alpha": null,
  "seed": 42,
  "n_train": 40,
  "n_population": 5000,
  "train_loss": 0.15941821138113776,
  "population_risk": 1.15236590630285,
  "bayes_population_risk": 0.10837348066298334,
  "empirical_bayes_risk": 0.10860658985522853,
  "generalization_gap": 0.9929476949217122,
  "excess_population_risk": 1.0439924256398667,
  "runtime_seconds": 85.38270130567253,
  "runtime_per_step_seconds": 0.017076540261134504,
  "initial_objective": 0.7123866425034049,
  "final_objective": 0.2373045444668565,
  "best_objective": 0.2373045444668565,
  "objective_reduction": 0.4750820980365484,
  "initial_train_loss_history": 0.7098738478388174,
  "final_train_loss_history": 0.15941821138113776,
  "best_train_loss_history": 0.15941821138113776,
  "train_loss_reduction": 0.5504556364576796,
  "weight_norm": 38.943141549162426,
  "trace_s": 38.943141549162426,
  "top_eigenvalue": 32.264610302635674,
  "min_eigenvalue": 1.87793063262342e-15,
  "R1": 0.8285055858142394,
  "effective_rank": 1.7797250613016626,
  "config_suffix": "cov_toeplitz_mask_random_rho_0p9_lambda_1e-05_beta_1_d_200_T_50_lr_0p001_iter_5000_ntrain_40_seed_42",
  "ridge_lambda": 0.01,
  "ridge_train_loss": 6.891305171866559e-05,
  "ridge_population_risk": 0.6588108156548794,
  "ridge_generalization_gap": 0.6587419026031608,
  "ridge_excess_population_risk": 0.5504373349918961,
  "pca_n_components": 75,
  "pca_train_loss": 1.0270315258127998e-16,
  "pca_population_risk": 0.9993155395796319,
  "pca_generalization_gap": 0.9993155395796318,
  "pca_excess_population_risk": 0.8909420589166486
}