{
  "alpha": null,
  "seed": 42,
  "n_train": 100,
  "n_population": 5000,
  "train_loss": 0.059221661548881255,
  "population_risk": 0.09430025145718374,
  "bayes_population_risk": 0.011034997727387535,
  "empirical_bayes_risk": 0.01102329054609388,
  "generalization_gap": 0.03507858990830248,
  "excess_population_risk": 0.08326525372979621,
  "runtime_seconds": 40.32029330730438,
  "runtime_per_step_seconds": 0.008064058661460876,
  "initial_objective": 0.07563188722011785,
  "final_objective": 0.06734308728443512,
  "best_objective": 0.06734308728443512,
  "objective_reduction": 0.008288799935682725,
  "initial_train_loss_history": 0.07501322685790694,
  "final_train_loss_history": 0.059221661548881255,
  "best_train_loss_history": 0.059221661548881255,
  "train_loss_reduction": 0.015791565309025687,
  "weight_norm": 16.2428510592973,
  "trace_s": 16.242851059297294,
  "top_eigenvalue": 9.906691384356849,
  "min_eigenvalue": 7.201428071182242e-15,
  "R1": 0.609910867752883,
  "effective_rank": 3.3767835265283312,
  "config_suffix": "cov_toeplitz_mask_random_rho_0p99_lambda_1e-05_beta_1_d_50_T_20_lr_0p001_iter_5000_ntrain_100_seed_42"
}