{
  "alpha": null,
  "seed": 42,
  "n_train": 175,
  "n_population": 5000,
  "train_loss": 0.07774922449272166,
  "population_risk": 0.07452717663110987,
  "bayes_population_risk": 0.011034997727387535,
  "empirical_bayes_risk": 0.010924769513846824,
  "generalization_gap": -0.0032220478616117876,
  "excess_population_risk": 0.06349217890372234,
  "runtime_seconds": 70.67718108557165,
  "runtime_per_step_seconds": 0.01413543621711433,
  "initial_objective": 0.08032061108492117,
  "final_objective": 0.07827411267338324,
  "best_objective": 0.07827411181501336,
  "objective_reduction": 0.0020464984115379226,
  "initial_train_loss_history": 0.07816668876158359,
  "final_train_loss_history": 0.07774922449272166,
  "best_train_loss_history": 0.0777410294551736,
  "train_loss_reduction": 0.0004174642688619251,
  "weight_norm": 0.26244416257341907,
  "trace_s": 0.262444162573419,
  "top_eigenvalue": 0.13439496759984898,
  "min_eigenvalue": -2.9676750296369356e-18,
  "R1": 0.5120897576155913,
  "effective_rank": 2.325430731206368,
  "config_suffix": "cov_toeplitz_mask_random_rho_0p99_lambda_1e-05_beta_1_d_200_T_20_lr_0p001_iter_5000_ntrain_175_seed_42",
  "ridge_lambda": 0.01,
  "ridge_train_loss": 0.010087548239878973,
  "ridge_population_risk": 0.012238194706954078,
  "ridge_generalization_gap": 0.002150646467075105,
  "ridge_excess_population_risk": 0.0012031969795665426,
  "pca_n_components": 75,
  "pca_train_loss": 0.21115622503586523,
  "pca_population_risk": 0.6685854214448682,
  "pca_generalization_gap": 0.457429196409003,
  "pca_excess_population_risk": 0.6575504237174806
}