{
  "alpha": null,
  "seed": 42,
  "n_train": 10,
  "n_population": 5000,
  "train_loss": 0.631472320397251,
  "population_risk": 1.5570964114383308,
  "bayes_population_risk": 0.45666666666666667,
  "empirical_bayes_risk": 0.45464616530105106,
  "generalization_gap": 0.9256240910410798,
  "excess_population_risk": 1.100429744771664,
  "runtime_seconds": 17.458789723925292,
  "runtime_per_step_seconds": 0.0034917579447850586,
  "initial_objective": 0.9314691836561017,
  "final_objective": 0.6454929317714888,
  "best_objective": 0.6454929317714888,
  "objective_reduction": 0.28597625188461284,
  "initial_train_loss_history": 0.929830478100054,
  "final_train_loss_history": 0.631472320397251,
  "best_train_loss_history": 0.631472320397251,
  "train_loss_reduction": 0.29835815770280305,
  "weight_norm": 14.02057406195306,
  "trace_s": 14.020574061953061,
  "top_eigenvalue": 11.114775829303168,
  "min_eigenvalue": 5.743482335112136e-12,
  "R1": 0.792747556568656,
  "effective_rank": 1.8736613536659736,
  "config_suffix": "cov_tridiagonal_mask_random_rho_0p5_lambda_1e-05_beta_1_d_100_T_5_lr_0p001_iter_5000_ntrain_10_seed_42",
  "ridge_lambda": 0.01,
  "ridge_train_loss": 0.3098104056326931,
  "ridge_population_risk": 0.7719068429208391,
  "ridge_generalization_gap": 0.46209643728814603,
  "ridge_excess_population_risk": 0.31524017625417244,
  "pca_n_components": 75,
  "pca_train_loss": 1.4429183211507467e-16,
  "pca_population_risk": 1.1091693240855631,
  "pca_generalization_gap": 1.109169324085563,
  "pca_excess_population_risk": 0.6525026574188965
}