{
  "alpha": null,
  "seed": 42,
  "n_train": 2000,
  "n_population": 5000,
  "train_loss": 1.0656310650240284,
  "population_risk": 1.0623360976016334,
  "bayes_population_risk": 0.8444937602472408,
  "empirical_bayes_risk": 0.8436625903214746,
  "generalization_gap": -0.00329496742239499,
  "excess_population_risk": 0.21784233735439262,
  "runtime_seconds": 51.52337603829801,
  "runtime_per_step_seconds": 0.05152337603829801,
  "initial_objective": 1.070703639825649,
  "final_objective": 1.0669699518943359,
  "best_objective": 1.066969950701123,
  "objective_reduction": 0.0037336879313132343,
  "initial_train_loss_history": 1.069189213201375,
  "final_train_loss_history": 1.0656310650240284,
  "best_train_loss_history": 1.0656305926273408,
  "train_loss_reduction": 0.003558148177346565,
  "weight_norm": 2.6777732432523185,
  "trace_s": 2.6777732432523185,
  "top_eigenvalue": 0.8622096912366183,
  "min_eigenvalue": 6.982272862603058e-17,
  "R1": 0.32198756687456187
}