{
  "alpha": null,
  "seed": 42,
  "n_train": 50,
  "n_population": 5000,
  "train_loss": 1.110119871359823,
  "population_risk": 1.1933534590426131,
  "bayes_population_risk": 0.9710902924899966,
  "empirical_bayes_risk": 0.9711674209063407,
  "generalization_gap": 0.0832335876827901,
  "excess_population_risk": 0.22226316655261658,
  "runtime_seconds": 23.02671367675066,
  "runtime_per_step_seconds": 0.004605342735350132,
  "initial_objective": 1.14843307473988,
  "final_objective": 1.1190347751097995,
  "best_objective": 1.1190347751097995,
  "objective_reduction": 0.02939829963008056,
  "initial_train_loss_history": 1.1472631320751003,
  "final_train_loss_history": 1.110119871359823,
  "best_train_loss_history": 1.1101196968012672,
  "train_loss_reduction": 0.03714326071527729,
  "weight_norm": 8.914903638507486,
  "trace_s": 8.914903638507486,
  "top_eigenvalue": 4.6385231232969675,
  "min_eigenvalue": 3.753558326599279e-16,
  "R1": 0.5203110780986008,
  "effective_rank": 3.0633377901129415,
  "config_suffix": "cov_exponential_mask_random_rho_NA_lambda_1e-05_beta_1_d_100_T_5_lr_0p001_iter_5000_ntrain_50_seed_42",
  "ridge_lambda": 0.01,
  "ridge_train_loss": 0.9076472569216808,
  "ridge_population_risk": 1.0499483490198502,
  "ridge_generalization_gap": 0.14230109209816943,
  "ridge_excess_population_risk": 0.07885805652985367,
  "pca_n_components": 75,
  "pca_train_loss": 2.0770726332482367e-16,
  "pca_population_risk": 1.1579113917393253,
  "pca_generalization_gap": 1.1579113917393251,
  "pca_excess_population_risk": 0.18682109924932877
}