{
  "alpha": null,
  "seed": 42,
  "n_train": 90,
  "n_population": 5000,
  "train_loss": 1.0088010326795251,
  "population_risk": 1.0284417687627287,
  "bayes_population_risk": 1.0,
  "empirical_bayes_risk": 0.9984688760100038,
  "generalization_gap": 0.019640736083203603,
  "excess_population_risk": 0.028441768762728747,
  "runtime_seconds": 106.77651176787913,
  "runtime_per_step_seconds": 0.021355302353575824,
  "initial_objective": 1.0202411058720107,
  "final_objective": 1.011824315261362,
  "best_objective": 1.011824315125043,
  "objective_reduction": 0.008416790610648706,
  "initial_train_loss_history": 1.019198743716647,
  "final_train_loss_history": 1.0088010326795251,
  "best_train_loss_history": 1.0088006344914215,
  "train_loss_reduction": 0.010397711037121837,
  "weight_norm": 3.0232825362103943,
  "trace_s": 3.0232825362103957,
  "top_eigenvalue": 3.0232825361312896,
  "min_eigenvalue": -8.801915364719553e-17,
  "R1": 0.9999999999738344,
  "effective_rank": 1.0000000005797536,
  "config_suffix": "cov_identity_mask_random_rho_NA_lambda_1e-05_beta_1_d_100_T_50_lr_0p001_iter_5000_ntrain_90_seed_42"
}