{
  "alpha": null,
  "seed": 42,
  "n_train": 100,
  "n_population": 5000,
  "train_loss": 0.785431121216582,
  "population_risk": 1.4283990279436438,
  "bayes_population_risk": 0.45666666666666667,
  "empirical_bayes_risk": 0.45907987227707797,
  "generalization_gap": 0.6429679067270618,
  "excess_population_risk": 0.9717323612769772,
  "runtime_seconds": 42.679541043937206,
  "runtime_per_step_seconds": 0.00853590820878744,
  "initial_objective": 0.9801529975081632,
  "final_objective": 0.834994263978915,
  "best_objective": 0.834994263978915,
  "objective_reduction": 0.14515873352924824,
  "initial_train_loss_history": 0.9788062958051618,
  "final_train_loss_history": 0.785431121216582,
  "best_train_loss_history": 0.785431121216582,
  "train_loss_reduction": 0.19337517458857978,
  "weight_norm": 49.563093607933794,
  "trace_s": 49.56309360793379,
  "top_eigenvalue": 25.513744000584886,
  "min_eigenvalue": 2.0530901401752364e-14,
  "R1": 0.5147730325796448,
  "effective_rank": 4.053166799956054,
  "config_suffix": "cov_tridiagonal_mask_random_rho_0p5_lambda_1e-05_beta_1_d_100_T_5_lr_0p001_iter_5000_ntrain_100_seed_42"
}