{
  "alpha": null,
  "seed": 42,
  "n_train": 100,
  "n_population": 5000,
  "train_loss": 0.8080609975116588,
  "population_risk": 0.9075731652016641,
  "bayes_population_risk": 0.66,
  "empirical_bayes_risk": 0.6642334742117835,
  "generalization_gap": 0.09951216769000526,
  "excess_population_risk": 0.24757316520166406,
  "runtime_seconds": 10.609359484165907,
  "runtime_per_step_seconds": 0.010609359484165908,
  "initial_objective": 0.8835925649125764,
  "final_objective": 0.8151259328082744,
  "best_objective": 0.8151259328082744,
  "objective_reduction": 0.06846663210430204,
  "initial_train_loss_history": 0.8797806017831238,
  "final_train_loss_history": 0.8080609975116588,
  "best_train_loss_history": 0.8080609975116588,
  "train_loss_reduction": 0.07171960427146495,
  "weight_norm": 14.12980429699174,
  "trace_s": 14.12980429699174,
  "top_eigenvalue": 4.579689250899093,
  "min_eigenvalue": 1.4103546984208305e-12,
  "R1": 0.3241155471540478
}