{
  "alpha": null,
  "seed": 42,
  "n_train": 70,
  "n_population": 5000,
  "train_loss": 0.17837194497397316,
  "population_risk": 0.5751385360205005,
  "bayes_population_risk": 0.13898342541436456,
  "empirical_bayes_risk": 0.13865969967689823,
  "generalization_gap": 0.39676659104652734,
  "excess_population_risk": 0.4361551106061359,
  "runtime_seconds": 22.885632211342454,
  "runtime_per_step_seconds": 0.004577126442268491,
  "initial_objective": 0.28906716109464137,
  "final_objective": 0.2031669951717433,
  "best_objective": 0.2031669951717433,
  "objective_reduction": 0.08590016592289806,
  "initial_train_loss_history": 0.2868360556129288,
  "final_train_loss_history": 0.17837194497397316,
  "best_train_loss_history": 0.17837194497397316,
  "train_loss_reduction": 0.10846411063895564,
  "weight_norm": 24.795030228433443,
  "trace_s": 24.795030228433443,
  "top_eigenvalue": 13.501032566316102,
  "min_eigenvalue": 1.4079502540204704e-12,
  "R1": 0.5445055901095026,
  "effective_rank": 3.9605491437506304,
  "config_suffix": "cov_toeplitz_mask_random_rho_0p9_lambda_1e-05_beta_1_d_100_T_5_lr_0p001_iter_5000_ntrain_70_seed_42",
  "ridge_lambda": 0.01,
  "ridge_train_loss": 0.13560126670104858,
  "ridge_population_risk": 0.14747180394422515,
  "ridge_generalization_gap": 0.011870537243176577,
  "ridge_excess_population_risk": 0.00848837852986059,
  "pca_n_components": 75,
  "pca_train_loss": 1.8386381294304977e-16,
  "pca_population_risk": 0.687962613330528,
  "pca_generalization_gap": 0.6879626133305278,
  "pca_excess_population_risk": 0.5489791879161634
}