{
  "alpha": null,
  "seed": 42,
  "n_train": 40,
  "n_population": 5000,
  "train_loss": 0.1466128981885967,
  "population_risk": 0.2832578580541259,
  "bayes_population_risk": 0.09356768304525143,
  "empirical_bayes_risk": 0.09303107759195615,
  "generalization_gap": 0.1366449598655292,
  "excess_population_risk": 0.18969017500887447,
  "runtime_seconds": 23.8998816665262,
  "runtime_per_step_seconds": 0.004779976333305239,
  "initial_objective": 0.24029004298040463,
  "final_objective": 0.1546325608299176,
  "best_objective": 0.1546325608299176,
  "objective_reduction": 0.08565748215048702,
  "initial_train_loss_history": 0.23937255408884325,
  "final_train_loss_history": 0.1466128981885967,
  "best_train_loss_history": 0.1466128981885967,
  "train_loss_reduction": 0.09275965590024654,
  "weight_norm": 32.07703714833672,
  "trace_s": 32.07703714833672,
  "top_eigenvalue": 15.323688501858179,
  "min_eigenvalue": 1.3796600828429905e-07,
  "R1": 0.4777152088890088,
  "effective_rank": 4.810156268982493,
  "config_suffix": "cov_circulant_ar1_mask_random_rho_0p9_lambda_1e-05_beta_1_d_25_T_5_lr_0p001_iter_5000_ntrain_40_seed_42"
}