{
  "alpha": null,
  "seed": 42,
  "n_train": 1500,
  "n_population": 5000,
  "train_loss": 0.3322758169598841,
  "population_risk": 0.3418024238869465,
  "bayes_population_risk": 0.12197790055248611,
  "empirical_bayes_risk": 0.12156259701932094,
  "generalization_gap": 0.009526606927062364,
  "excess_population_risk": 0.21982452333446037,
  "runtime_seconds": 77.79063420183957,
  "runtime_per_step_seconds": 0.015558126840367913,
  "initial_objective": 0.35097106880683615,
  "final_objective": 0.3376934911796293,
  "best_objective": 0.3376934911796293,
  "objective_reduction": 0.013277577627206827,
  "initial_train_loss_history": 0.3502258920404496,
  "final_train_loss_history": 0.3322758169598841,
  "best_train_loss_history": 0.3322758169598841,
  "train_loss_reduction": 0.01795007508056551,
  "weight_norm": 10.835346565295351,
  "trace_s": 10.83534656529535,
  "top_eigenvalue": 3.679079544180426,
  "min_eigenvalue": 3.058139101722157e-13,
  "R1": 0.3395442427253956,
  "effective_rank": 8.655638473032145,
  "config_suffix": "cov_toeplitz_mask_random_rho_0p9_lambda_1e-05_beta_1_d_50_T_10_lr_0p001_iter_5000_ntrain_1500_seed_42",
  "ridge_lambda": 0.01,
  "ridge_train_loss": 0.12057142975280463,
  "ridge_population_risk": 0.12237311516513213,
  "ridge_generalization_gap": 0.0018016854123275028,
  "ridge_excess_population_risk": 0.0003952146126460221,
  "pca_n_components": 75,
  "pca_train_loss": 0.236451031339744,
  "pca_population_risk": 0.2747268238269574,
  "pca_generalization_gap": 0.03827579248721341,
  "pca_excess_population_risk": 0.1527489232744713
}