{
  "alpha": null,
  "seed": 42,
  "n_train": 10000,
  "n_population": 5000,
  "train_loss": 0.9324751474119577,
  "population_risk": 0.9312611687391711,
  "bayes_population_risk": 0.23356097560975608,
  "empirical_bayes_risk": 0.3592325822045513,
  "generalization_gap": -0.0012139786727866086,
  "excess_population_risk": 0.697700193129415,
  "runtime_seconds": 718.2440413609147,
  "runtime_per_step_seconds": 0.7182440413609147,
  "initial_objective": 0.9394895361400319,
  "final_objective": 0.9327990352863165,
  "best_objective": 0.9327990352863165,
  "objective_reduction": 0.006690500853715475,
  "initial_train_loss_history": 0.938367007801489,
  "final_train_loss_history": 0.9324751474119577,
  "best_train_loss_history": 0.9324751474119577,
  "train_loss_reduction": 0.005891860389531267,
  "weight_norm": 0.3238786851271213,
  "trace_s": 0.3238786851271213,
  "top_eigenvalue": 0.3230660194629437,
  "min_eigenvalue": 9.645542377166222e-13,
  "R1": 0.997490833137541
}