{
  "alpha": null,
  "seed": 42,
  "n_train": 6000,
  "n_population": 5000,
  "train_loss": 1.1678494940495379,
  "population_risk": 1.167152900952524,
  "bayes_population_risk": 0.9582577132486388,
  "empirical_bayes_risk": 0.9565979081032668,
  "generalization_gap": -0.0006965930970137535,
  "excess_population_risk": 0.20889518770388527,
  "runtime_seconds": 709.0269315484911,
  "runtime_per_step_seconds": 0.07090269315484911,
  "initial_objective": 1.1691901123922541,
  "final_objective": 1.167892458323461,
  "best_objective": 1.1678924505893464,
  "objective_reduction": 0.0012976540687932303,
  "initial_train_loss_history": 1.1686638009668562,
  "final_train_loss_history": 1.1678494940495379,
  "best_train_loss_history": 1.1678494878118348,
  "train_loss_reduction": 0.0008143069173183193,
  "weight_norm": 0.08592644763365528,
  "trace_s": 0.08592644763365528,
  "top_eigenvalue": 0.085926422637346,
  "min_eigenvalue": 1.1333572628104628e-16,
  "R1": 0.999999709096442,
  "config_suffix": "cov_tridiagonal_mask_last_rho_0p2_lambda_1e-05_beta_1_d_50_T_5_lr_0p001_iter_10000_ntrain_6000_seed_42"
}