{
  "alpha": null,
  "seed": 42,
  "n_train": 1000,
  "n_population": 5000,
  "train_loss": 0.9890633678211743,
  "population_risk": 0.98811035250902,
  "bayes_population_risk": 0.7822082681172894,
  "empirical_bayes_risk": 0.784066893161259,
  "generalization_gap": -0.0009530153121543039,
  "excess_population_risk": 0.20590208439173063,
  "runtime_seconds": 116.28806314989924,
  "runtime_per_step_seconds": 0.02325761262997985,
  "initial_objective": 0.9960971004107367,
  "final_objective": 0.9896398313676188,
  "best_objective": 0.9896398313676188,
  "objective_reduction": 0.006457269043117941,
  "initial_train_loss_history": 0.9956526466440239,
  "final_train_loss_history": 0.9890633678211743,
  "best_train_loss_history": 0.9890633411078342,
  "train_loss_reduction": 0.0065892788228495425,
  "weight_norm": 2.305853160265462,
  "trace_s": 2.3058531602654626,
  "top_eigenvalue": 1.3666259369803118,
  "min_eigenvalue": 4.127330545427456e-15,
  "R1": 0.5926769147880079,
  "effective_rank": 2.833874989709429,
  "config_suffix": "cov_exponential_mask_random_rho_NA_lambda_1e-05_beta_1_d_25_T_10_lr_0p001_iter_5000_ntrain_1000_seed_42"
}