{
  "alpha": null,
  "seed": 42,
  "n_train": 70,
  "n_population": 5000,
  "train_loss": 0.9110295891920843,
  "population_risk": 1.1562948068400107,
  "bayes_population_risk": 0.2928968253968254,
  "empirical_bayes_risk": 0.29173523392825107,
  "generalization_gap": 0.24526521764792641,
  "excess_population_risk": 0.8633979814431854,
  "runtime_seconds": 17.127309195697308,
  "runtime_per_step_seconds": 0.0034254618391394613,
  "initial_objective": 0.9776199984924546,
  "final_objective": 0.9180978414472695,
  "best_objective": 0.9180978414472695,
  "objective_reduction": 0.05952215704518515,
  "initial_train_loss_history": 0.9769664603827213,
  "final_train_loss_history": 0.9110295891920843,
  "best_train_loss_history": 0.9110295891920843,
  "train_loss_reduction": 0.06593687119063696,
  "weight_norm": 14.136470700850978,
  "trace_s": 14.136470700850978,
  "top_eigenvalue": 6.82490180213447,
  "min_eigenvalue": 1.1349572306254465e-11,
  "R1": 0.4827868247004273,
  "effective_rank": 3.4998359919481907,
  "config_suffix": "cov_tridiagonal_mask_random_rho_0p5_lambda_1e-05_beta_1_d_50_T_10_lr_0p001_iter_5000_ntrain_70_seed_42",
  "ridge_lambda": 0.01,
  "ridge_train_loss": 0.25816992058660354,
  "ridge_population_risk": 0.3342028799271107,
  "ridge_generalization_gap": 0.07603295934050713,
  "ridge_excess_population_risk": 0.0413060545302853,
  "pca_n_components": 75,
  "pca_train_loss": 1.7284301425763792e-16,
  "pca_population_risk": 1.108421974706179,
  "pca_generalization_gap": 1.1084219747061788,
  "pca_excess_population_risk": 0.8155251493093536
}