{
  "alpha": 2.0,
  "seed": 0,
  "n_train": 5000,
  "n_population": 5000,
  "train_loss": 0.9764131392698971,
  "population_risk": 0.9767699215897359,
  "bayes_population_risk": 0.4083333333333334,
  "empirical_bayes_risk": 0.40705279595327026,
  "weight_norm": 0.4188581590047786,
  "trace_s": 0.4188581590047786,
  "top_eigenvalue": 0.060632375399720384,
  "R1": 0.14475634315870797
}