{
  "alpha": null,
  "seed": 42,
  "n_train": 500,
  "n_population": 5000,
  "train_loss": 0.5546025287270941,
  "population_risk": 0.5914180114541469,
  "bayes_population_risk": 0.27570731707317064,
  "empirical_bayes_risk": 0.3604419014440437,
  "generalization_gap": 0.036815482727052706,
  "excess_population_risk": 0.3157106943809762,
  "runtime_seconds": 66.24740280583501,
  "runtime_per_step_seconds": 0.0066247402805835005,
  "initial_objective": 0.591818923154053,
  "final_objective": 0.5617315847334149,
  "best_objective": 0.5617315847334149,
  "objective_reduction": 0.030087338420638154,
  "initial_train_loss_history": 0.5908304393546377,
  "final_train_loss_history": 0.5546025287270941,
  "best_train_loss_history": 0.5546021008508514,
  "train_loss_reduction": 0.0362279106275436,
  "weight_norm": 14.25811201219449,
  "trace_s": 14.258112012194488,
  "top_eigenvalue": 4.932034826089669,
  "min_eigenvalue": -2.449420069608474e-16,
  "R1": 0.34591079252789314
}