{
  "alpha": null,
  "seed": 42,
  "n_train": 30,
  "n_population": 5000,
  "train_loss": 0.5677288669261988,
  "population_risk": 1.3687747743965262,
  "bayes_population_risk": 0.4961178375737193,
  "empirical_bayes_risk": 0.49819053097826255,
  "generalization_gap": 0.8010459074703273,
  "excess_population_risk": 0.8726569368228069,
  "runtime_seconds": 31.947646666318178,
  "runtime_per_step_seconds": 0.006389529333263636,
  "initial_objective": 0.7984581500418297,
  "final_objective": 0.5890979204348077,
  "best_objective": 0.5890979204348077,
  "objective_reduction": 0.20936022960702205,
  "initial_train_loss_history": 0.7977418388707569,
  "final_train_loss_history": 0.5677288669261988,
  "best_train_loss_history": 0.5677288669261988,
  "train_loss_reduction": 0.23001297194455805,
  "weight_norm": 42.73751700011284,
  "trace_s": 42.73751700011284,
  "top_eigenvalue": 25.180402287998803,
  "min_eigenvalue": 8.758853988708583e-10,
  "R1": 0.5891873008891065,
  "effective_rank": 3.096270801877543,
  "config_suffix": "cov_exponential_mask_random_rho_NA_lambda_1e-05_beta_1_d_50_T_10_lr_0p001_iter_5000_ntrain_30_seed_42"
}