{
  "alpha": null,
  "seed": 42,
  "n_train": 5000,
  "n_population": 5000,
  "train_loss": 0.988370280795538,
  "population_risk": 0.9926778999330378,
  "bayes_population_risk": 0.2928968253968254,
  "empirical_bayes_risk": 0.29116168617687044,
  "generalization_gap": 0.004307619137499774,
  "excess_population_risk": 0.6997810745362124,
  "runtime_seconds": 212.94298063218594,
  "runtime_per_step_seconds": 0.042588596126437187,
  "initial_objective": 0.9899831256055122,
  "final_objective": 0.9887906212100738,
  "best_objective": 0.9887906212100738,
  "objective_reduction": 0.0011925043954383874,
  "initial_train_loss_history": 0.9894073893660467,
  "final_train_loss_history": 0.988370280795538,
  "best_train_loss_history": 0.988369427457311,
  "train_loss_reduction": 0.0010371085705086491,
  "weight_norm": 0.8406808107054049,
  "trace_s": 0.8406808107054047,
  "top_eigenvalue": 0.6040311908832712,
  "min_eigenvalue": 6.49202779625513e-18,
  "R1": 0.7185024127961668,
  "effective_rank": 1.8367639664377193,
  "config_suffix": "cov_tridiagonal_mask_random_rho_0p5_lambda_1e-05_beta_1_d_50_T_10_lr_0p001_iter_5000_ntrain_5000_seed_42",
  "ridge_lambda": 0.01,
  "ridge_train_loss": 0.29474810456179384,
  "ridge_population_risk": 0.29177493290446227,
  "ridge_generalization_gap": -0.0029731716573315747,
  "ridge_excess_population_risk": -0.001121892492363108,
  "pca_n_components": 75,
  "pca_train_loss": 0.9102552353727582,
  "pca_population_risk": 0.9982656130380084,
  "pca_generalization_gap": 0.08801037766525022,
  "pca_excess_population_risk": 0.705368787641183
}