{
  "alpha": null,
  "seed": 42,
  "n_train": 200,
  "n_population": 5000,
  "train_loss": 0.510042826639958,
  "population_risk": 0.9819092519706061,
  "bayes_population_risk": 0.10837348066298334,
  "empirical_bayes_risk": 0.10856518246135201,
  "generalization_gap": 0.47186642533064804,
  "excess_population_risk": 0.8735357713076227,
  "runtime_seconds": 285.563402691856,
  "runtime_per_step_seconds": 0.05711268053837121,
  "initial_objective": 0.7381242192919807,
  "final_objective": 0.5743731381747798,
  "best_objective": 0.574372950971263,
  "objective_reduction": 0.16375108111720094,
  "initial_train_loss_history": 0.7358867710243528,
  "final_train_loss_history": 0.510042826639958,
  "best_train_loss_history": 0.5100428014216284,
  "train_loss_reduction": 0.2258439443843948,
  "weight_norm": 32.165148152814936,
  "trace_s": 32.165148152814936,
  "top_eigenvalue": 27.399377457038078,
  "min_eigenvalue": 5.262787810256535e-16,
  "R1": 0.8518343309617317,
  "effective_rank": 1.766972817989996,
  "config_suffix": "cov_toeplitz_mask_random_rho_0p9_lambda_1e-05_beta_1_d_200_T_50_lr_0p001_iter_5000_ntrain_200_seed_42",
  "ridge_lambda": 0.01,
  "ridge_train_loss": 0.08271805826403156,
  "ridge_population_risk": 0.14386064721160582,
  "ridge_generalization_gap": 0.06114258894757427,
  "ridge_excess_population_risk": 0.03548716654862248,
  "pca_n_components": 75,
  "pca_train_loss": 0.4579097117748766,
  "pca_population_risk": 0.9414842163464591,
  "pca_generalization_gap": 0.48357450457158246,
  "pca_excess_population_risk": 0.8331107356834757
}