{
  "alpha": null,
  "seed": 42,
  "n_train": 250,
  "n_population": 5000,
  "train_loss": 0.2985514772056122,
  "population_risk": 0.36680439368837137,
  "bayes_population_risk": 0.12197790055248611,
  "empirical_bayes_risk": 0.12317490274158217,
  "generalization_gap": 0.06825291648275916,
  "excess_population_risk": 0.24482649313588525,
  "runtime_seconds": 22.060833763331175,
  "runtime_per_step_seconds": 0.004412166752666235,
  "initial_objective": 0.34082548718150857,
  "final_objective": 0.30754284402537235,
  "best_objective": 0.30754284402537235,
  "objective_reduction": 0.033282643156136216,
  "initial_train_loss_history": 0.3400464297203649,
  "final_train_loss_history": 0.2985514772056122,
  "best_train_loss_history": 0.2985514772056122,
  "train_loss_reduction": 0.041494952514752714,
  "weight_norm": 17.982724404164685,
  "trace_s": 17.982724404164685,
  "top_eigenvalue": 8.890559056275933,
  "min_eigenvalue": 7.232619360535636e-13,
  "R1": 0.49439444527198195,
  "effective_rank": 5.45670977704832,
  "config_suffix": "cov_toeplitz_mask_random_rho_0p9_lambda_1e-05_beta_1_d_50_T_10_lr_0p001_iter_5000_ntrain_250_seed_42",
  "ridge_lambda": 0.01,
  "ridge_train_loss": 0.11447160493517496,
  "ridge_population_risk": 0.12781584772679044,
  "ridge_generalization_gap": 0.013344242791615488,
  "ridge_excess_population_risk": 0.005837947174304331,
  "pca_n_components": 75,
  "pca_train_loss": 0.1526970110728011,
  "pca_population_risk": 0.3480826706043644,
  "pca_generalization_gap": 0.19538565953156328,
  "pca_excess_population_risk": 0.22610477005187826
}