{
  "alpha": null,
  "seed": 42,
  "n_train": 2000,
  "n_population": 5000,
  "train_loss": 1.1502611222514583,
  "population_risk": 1.1567532113236059,
  "bayes_population_risk": 0.9378461538461538,
  "empirical_bayes_risk": 0.9612106320487103,
  "generalization_gap": 0.0064920890721476,
  "excess_population_risk": 0.2189070574774521,
  "runtime_seconds": 261.57567935064435,
  "runtime_per_step_seconds": 0.026157567935064435,
  "initial_objective": 1.1519294282305041,
  "final_objective": 1.150439108600931,
  "best_objective": 1.1504389852450794,
  "objective_reduction": 0.0014903196295732446,
  "initial_train_loss_history": 1.1512325964102452,
  "final_train_loss_history": 1.1502611222514583,
  "best_train_loss_history": 1.1502535884863068,
  "train_loss_reduction": 0.0009714741587869558,
  "weight_norm": 0.3560350586445701,
  "trace_s": 0.35603505864457,
  "top_eigenvalue": 0.18634013635747831,
  "min_eigenvalue": 1.0866309978455484e-18,
  "R1": 0.5233758076153442
}