{
  "alpha": null,
  "seed": 42,
  "n_train": 10,
  "n_population": 5000,
  "train_loss": 0.4007633152064522,
  "population_risk": 1.3896423211724944,
  "bayes_population_risk": 0.23356097560975608,
  "empirical_bayes_risk": 0.3595611840367656,
  "generalization_gap": 0.9888790059660422,
  "excess_population_risk": 1.1560813455627383,
  "runtime_seconds": 11.713158605620265,
  "runtime_per_step_seconds": 0.011713158605620265,
  "initial_objective": 0.9610777873526478,
  "final_objective": 0.415800005270642,
  "best_objective": 0.415800005270642,
  "objective_reduction": 0.5452777820820058,
  "initial_train_loss_history": 0.9593245166978734,
  "final_train_loss_history": 0.4007633152064522,
  "best_train_loss_history": 0.4007633152064522,
  "train_loss_reduction": 0.5585612014914212,
  "weight_norm": 15.02985172780694,
  "trace_s": 15.029851727806943,
  "top_eigenvalue": 13.523243884644117,
  "min_eigenvalue": 2.5959823029620016e-08,
  "R1": 0.8997589683219944
}