{
  "alpha": null,
  "seed": 42,
  "n_train": 750,
  "n_population": 5000,
  "train_loss": 1.0543118847187871,
  "population_risk": 1.0516616457487833,
  "bayes_population_risk": 1.0,
  "empirical_bayes_risk": 1.0007282753124758,
  "generalization_gap": -0.0026502389700038265,
  "excess_population_risk": 0.05166164574878329,
  "runtime_seconds": 277.01446256041527,
  "runtime_per_step_seconds": 0.05540289251208305,
  "initial_objective": 1.0571016562412086,
  "final_objective": 1.0547262447163541,
  "best_objective": 1.054726244690117,
  "objective_reduction": 0.0023754115248544316,
  "initial_train_loss_history": 1.0550769312251138,
  "final_train_loss_history": 1.0543118847187871,
  "best_train_loss_history": 1.054311696072164,
  "train_loss_reduction": 0.0007650465063266942,
  "weight_norm": 0.2071805850213085,
  "trace_s": 0.2071805850213085,
  "top_eigenvalue": 0.20718058227622874,
  "min_eigenvalue": 7.332166484541831e-17,
  "R1": 0.9999999867503039,
  "effective_rank": 1.0000003121972405,
  "config_suffix": "cov_identity_mask_random_rho_NA_lambda_1e-05_beta_1_d_200_T_20_lr_0p001_iter_5000_ntrain_750_seed_42"
}