{
  "alpha": null,
  "seed": 42,
  "n_train": 50,
  "n_population": 5000,
  "train_loss": 0.4362788018332681,
  "population_risk": 1.200253965897093,
  "bayes_population_risk": 0.10837348066298334,
  "empirical_bayes_risk": 0.1085077074726414,
  "generalization_gap": 0.7639751640638248,
  "excess_population_risk": 1.0918804852341097,
  "runtime_seconds": 76.63041995093226,
  "runtime_per_step_seconds": 0.015326083990186453,
  "initial_objective": 0.6865916702247584,
  "final_objective": 0.4563553057624544,
  "best_objective": 0.4563553057624544,
  "objective_reduction": 0.230236364462304,
  "initial_train_loss_history": 0.6858392815380888,
  "final_train_loss_history": 0.4362788018332681,
  "best_train_loss_history": 0.4362788018332681,
  "train_loss_reduction": 0.2495604797048207,
  "weight_norm": 40.15277789992752,
  "trace_s": 40.152777899927514,
  "top_eigenvalue": 33.43313190828308,
  "min_eigenvalue": 6.740445362720083e-11,
  "R1": 0.8326480422253287,
  "effective_rank": 1.9000904076851959,
  "config_suffix": "cov_toeplitz_mask_random_rho_0p9_lambda_1e-05_beta_1_d_50_T_50_lr_0p001_iter_5000_ntrain_50_seed_42"
}