{
  "alpha": null,
  "seed": 42,
  "n_train": 2000,
  "n_population": 5000,
  "train_loss": 0.7084625419348467,
  "population_risk": 0.7265736659950152,
  "bayes_population_risk": 0.10837348066298334,
  "empirical_bayes_risk": 0.10842872132660335,
  "generalization_gap": 0.01811112406016846,
  "excess_population_risk": 0.6182001853320318,
  "runtime_seconds": 2341.3789843376726,
  "runtime_per_step_seconds": 0.4682757968675345,
  "initial_objective": 0.7216180823583398,
  "final_objective": 0.7119784065102265,
  "best_objective": 0.7119784065091048,
  "objective_reduction": 0.009639675848113316,
  "initial_train_loss_history": 0.7195733614519749,
  "final_train_loss_history": 0.7084625419348467,
  "best_train_loss_history": 0.7084622919461776,
  "train_loss_reduction": 0.011110819517128223,
  "weight_norm": 1.7579322878270667,
  "trace_s": 1.7579322878270665,
  "top_eigenvalue": 1.757932287826934,
  "min_eigenvalue": -2.1622999614213682e-16,
  "R1": 0.9999999999999245,
  "effective_rank": 1.0,
  "config_suffix": "cov_toeplitz_mask_random_rho_0p9_lambda_1e-05_beta_1_d_200_T_50_lr_0p001_iter_5000_ntrain_2000_seed_42",
  "ridge_lambda": 0.01,
  "ridge_train_loss": 0.1058346508542709,
  "ridge_population_risk": 0.11117913943899034,
  "ridge_generalization_gap": 0.005344488584719434,
  "ridge_excess_population_risk": 0.0028056587760069973,
  "pca_n_components": 75,
  "pca_train_loss": 0.8099978914632157,
  "pca_population_risk": 0.910240959250782,
  "pca_generalization_gap": 0.10024306778756631,
  "pca_excess_population_risk": 0.8018674785877986
}