{
  "alpha": null,
  "seed": 42,
  "n_train": 125,
  "n_population": 5000,
  "train_loss": 0.692142077873383,
  "population_risk": 1.0375296544278125,
  "bayes_population_risk": 0.48757509716865854,
  "empirical_bayes_risk": 0.4888298821149428,
  "generalization_gap": 0.34538757655442953,
  "excess_population_risk": 0.549954557259154,
  "runtime_seconds": 53.92927058041096,
  "runtime_per_step_seconds": 0.010785854116082192,
  "initial_objective": 0.8284261642115065,
  "final_objective": 0.7242032981112926,
  "best_objective": 0.7242032981112926,
  "objective_reduction": 0.10422286610021392,
  "initial_train_loss_history": 0.82681762298312,
  "final_train_loss_history": 0.692142077873383,
  "best_train_loss_history": 0.692142077873383,
  "train_loss_reduction": 0.134675545109737,
  "weight_norm": 32.06119896164014,
  "trace_s": 32.061198961640144,
  "top_eigenvalue": 14.71911837779978,
  "min_eigenvalue": 2.411639798941191e-12,
  "R1": 0.45909444607516325,
  "effective_rank": 4.925647764398941,
  "config_suffix": "cov_toeplitz_bump_mask_random_rho_0p5_lambda_1e-05_beta_1_d_100_T_5_lr_0p001_iter_5000_ntrain_125_seed_42"
}