{
  "alpha": null,
  "seed": 42,
  "n_train": 10000,
  "n_population": 5000,
  "train_loss": 1.1188018915772853,
  "population_risk": 1.119798950760379,
  "bayes_population_risk": 0.8649174311926606,
  "empirical_bayes_risk": 0.9100123881512793,
  "generalization_gap": 0.0009970591830936737,
  "excess_population_risk": 0.2548815195677183,
  "runtime_seconds": 1014.5207522362471,
  "runtime_per_step_seconds": 0.1014520752236247,
  "initial_objective": 1.120016461774278,
  "final_objective": 1.1188466504089392,
  "best_objective": 1.1188466503554062,
  "objective_reduction": 0.0011698113653388909,
  "initial_train_loss_history": 1.1194865558408176,
  "final_train_loss_history": 1.1188018915772853,
  "best_train_loss_history": 1.118801875623954,
  "train_loss_reduction": 0.0006846642635323086,
  "weight_norm": 0.08951777290815267,
  "trace_s": 0.08951777290815262,
  "top_eigenvalue": 0.08951777229771751,
  "min_eigenvalue": 5.537003691775174e-16,
  "R1": 0.9999999931808506
}