{
  "alpha": null,
  "seed": 42,
  "n_train": 175,
  "n_population": 5000,
  "train_loss": 0.3027094210044833,
  "population_risk": 0.35452722961420396,
  "bayes_population_risk": 0.07006953088198194,
  "empirical_bayes_risk": 0.0695893521695984,
  "generalization_gap": 0.051817808609720684,
  "excess_population_risk": 0.28445769873222204,
  "runtime_seconds": 26.80859535560012,
  "runtime_per_step_seconds": 0.005361719071120024,
  "initial_objective": 0.38898372252435526,
  "final_objective": 0.3081697301976183,
  "best_objective": 0.3081697301976183,
  "objective_reduction": 0.08081399232673697,
  "initial_train_loss_history": 0.3878789256257322,
  "final_train_loss_history": 0.3027094210044833,
  "best_train_loss_history": 0.3027094210044833,
  "train_loss_reduction": 0.08516950462124889,
  "weight_norm": 21.840536781225197,
  "trace_s": 21.840536781225193,
  "top_eigenvalue": 7.350948905862985,
  "min_eigenvalue": 4.151378952910255e-09,
  "R1": 0.3365736373376175,
  "effective_rank": 6.47357386289557,
  "config_suffix": "cov_matern_mask_random_rho_NA_lambda_1e-05_beta_1_d_25_T_5_lr_0p001_iter_5000_ntrain_175_seed_42"
}