{
  "alpha": 0.5,
  "seed": 0,
  "n_train": 1250,
  "n_population": 5000,
  "train_loss": 1.0834761448392456,
  "population_risk": 1.079065432515226,
  "bayes_population_risk": 0.9353846153846154,
  "empirical_bayes_risk": 0.9367410645929897,
  "weight_norm": 0.00441541701941708,
  "trace_s": 0.00441541701941708,
  "top_eigenvalue": 0.00042759842661978795,
  "R1": 0.09684213852041526
}