{
  "alpha": null,
  "seed": 42,
  "n_train": 60,
  "n_population": 5000,
  "train_loss": 1.0660099872312723,
  "population_risk": 1.0612674217336635,
  "bayes_population_risk": 1.0,
  "empirical_bayes_risk": 0.9989395515423326,
  "generalization_gap": -0.004742565497608764,
  "excess_population_risk": 0.06126742173366351,
  "runtime_seconds": 29.931499376893044,
  "runtime_per_step_seconds": 0.005986299875378609,
  "initial_objective": 1.077396458866566,
  "final_objective": 1.067707607335749,
  "best_objective": 1.067707607335749,
  "objective_reduction": 0.00968885153081711,
  "initial_train_loss_history": 1.0768439369508054,
  "final_train_loss_history": 1.0660099872312723,
  "best_train_loss_history": 1.0660099872312723,
  "train_loss_reduction": 0.01083394971953311,
  "weight_norm": 3.3952396423238036,
  "trace_s": 3.395239642323803,
  "top_eigenvalue": 1.7961999633604124,
  "min_eigenvalue": 1.7464256134002363e-14,
  "R1": 0.5290348112603445,
  "effective_rank": 2.6352156839562326,
  "config_suffix": "cov_identity_mask_random_rho_NA_lambda_1e-05_beta_1_d_50_T_20_lr_0p001_iter_5000_ntrain_60_seed_42",
  "ridge_lambda": 0.01,
  "ridge_train_loss": 0.7073990599638663,
  "ridge_population_risk": 1.468301473710798,
  "ridge_generalization_gap": 0.7609024137469317,
  "ridge_excess_population_risk": 0.468301473710798,
  "pca_n_components": 75,
  "pca_train_loss": 1.282217289617885e-16,
  "pca_population_risk": 1.0830807046148967,
  "pca_generalization_gap": 1.0830807046148965,
  "pca_excess_population_risk": 0.0830807046148967
}