{
  "alpha": null,
  "seed": 42,
  "n_train": 1750,
  "n_population": 5000,
  "train_loss": 0.7145488472790104,
  "population_risk": 0.720966511848501,
  "bayes_population_risk": 0.10837348066298334,
  "empirical_bayes_risk": 0.1082865627655889,
  "generalization_gap": 0.0064176645694906664,
  "excess_population_risk": 0.6125930311855177,
  "runtime_seconds": 994.2281065154821,
  "runtime_per_step_seconds": 0.1988456213030964,
  "initial_objective": 0.7185772748448628,
  "final_objective": 0.715028500604768,
  "best_objective": 0.7150285006047679,
  "objective_reduction": 0.0035487742400948097,
  "initial_train_loss_history": 0.7180288025396407,
  "final_train_loss_history": 0.7145488472790104,
  "best_train_loss_history": 0.7145488472790104,
  "train_loss_reduction": 0.003479955260630385,
  "weight_norm": 0.9593066515153746,
  "trace_s": 0.9593066515153746,
  "top_eigenvalue": 0.9593066515153527,
  "min_eigenvalue": -1.7379558810833962e-16,
  "R1": 0.9999999999999771,
  "effective_rank": 1.0,
  "config_suffix": "cov_toeplitz_mask_random_rho_0p9_lambda_1e-05_beta_1_d_50_T_50_lr_0p001_iter_5000_ntrain_1750_seed_42"
}