{
  "alpha": null,
  "seed": 42,
  "n_train": 1000,
  "n_population": 5000,
  "train_loss": 0.7679133549823792,
  "population_risk": 0.7890869093837095,
  "bayes_population_risk": 0.24760975609756097,
  "empirical_bayes_risk": 0.3597406280360034,
  "generalization_gap": 0.021173554401330286,
  "excess_population_risk": 0.5414771532861485,
  "runtime_seconds": 22.485704645514488,
  "runtime_per_step_seconds": 0.022485704645514488,
  "initial_objective": 0.7776163088464698,
  "final_objective": 0.769849652975007,
  "best_objective": 0.769849652975007,
  "objective_reduction": 0.0077666558714628575,
  "initial_train_loss_history": 0.7770370784057644,
  "final_train_loss_history": 0.7679133549823792,
  "best_train_loss_history": 0.7679133549823792,
  "train_loss_reduction": 0.009123723423385188,
  "weight_norm": 3.8719045584940295,
  "trace_s": 3.87190455849403,
  "top_eigenvalue": 1.6209707764023382,
  "min_eigenvalue": 8.860529721618875e-10,
  "R1": 0.4186494661513072
}