{
  "alpha": null,
  "seed": 42,
  "n_train": 1000,
  "n_population": 5000,
  "train_loss": 1.1614525073313917,
  "population_risk": 1.1715023687832213,
  "bayes_population_risk": 0.9582577132486388,
  "empirical_bayes_risk": 0.9571507972477761,
  "generalization_gap": 0.010049861451829623,
  "excess_population_risk": 0.2132446555345825,
  "runtime_seconds": 89.34314716793597,
  "runtime_per_step_seconds": 0.008934314716793597,
  "initial_objective": 1.1653022925412435,
  "final_objective": 1.1621751778106968,
  "best_objective": 1.1621751778106884,
  "objective_reduction": 0.0031271147305467206,
  "initial_train_loss_history": 1.164754214440999,
  "final_train_loss_history": 1.1614525073313917,
  "best_train_loss_history": 1.1614524660303809,
  "train_loss_reduction": 0.0033017071096073103,
  "weight_norm": 1.4453409586101769,
  "trace_s": 1.4453409586101769,
  "top_eigenvalue": 0.6396140413795646,
  "min_eigenvalue": -1.0348522928653009e-16,
  "R1": 0.44253505553084876,
  "config_suffix": "cov_tridiagonal_mask_last_rho_0p2_lambda_1e-05_beta_1_d_50_T_5_lr_0p001_iter_10000_ntrain_1000_seed_42"
}