{
  "alpha": null,
  "seed": 42,
  "n_train": 750,
  "n_population": 5000,
  "train_loss": 0.9867751562832894,
  "population_risk": 0.9950961038789566,
  "bayes_population_risk": 0.7166519216006867,
  "empirical_bayes_risk": 0.7142663286514195,
  "generalization_gap": 0.00832094759566726,
  "excess_population_risk": 0.27844418227826995,
  "runtime_seconds": 92.50056501291692,
  "runtime_per_step_seconds": 0.018500113002583383,
  "initial_objective": 0.9923796787334785,
  "final_objective": 0.9882074386754492,
  "best_objective": 0.9882074386754492,
  "objective_reduction": 0.004172240058029297,
  "initial_train_loss_history": 0.9917718995086635,
  "final_train_loss_history": 0.9867751562832894,
  "best_train_loss_history": 0.9867741190821595,
  "train_loss_reduction": 0.004996743225374134,
  "weight_norm": 2.8645647240361685,
  "trace_s": 2.864564724036169,
  "top_eigenvalue": 1.3272767263664853,
  "min_eigenvalue": -7.295626770658183e-18,
  "R1": 0.4633432490561267,
  "effective_rank": 2.852405096900578,
  "config_suffix": "cov_matern_mask_random_rho_NA_lambda_1e-05_beta_1_d_50_T_10_lr_0p001_iter_5000_ntrain_750_seed_42"
}