{
  "alpha": null,
  "seed": 42,
  "n_train": 1000,
  "n_population": 5000,
  "train_loss": 0.2278111247817161,
  "population_risk": 0.24403659614485415,
  "bayes_population_risk": 0.13898342541436456,
  "empirical_bayes_risk": 0.14035344463872812,
  "generalization_gap": 0.01622547136313804,
  "excess_population_risk": 0.10505317073048959,
  "runtime_seconds": 47.93595550023019,
  "runtime_per_step_seconds": 0.00958719110004604,
  "initial_objective": 0.2860341863556676,
  "final_objective": 0.2412449674852805,
  "best_objective": 0.2412449674852805,
  "objective_reduction": 0.04478921887038709,
  "initial_train_loss_history": 0.2838254249613519,
  "final_train_loss_history": 0.2278111247817161,
  "best_train_loss_history": 0.2278111247817161,
  "train_loss_reduction": 0.05601430017963577,
  "weight_norm": 13.433836201108395,
  "trace_s": 13.433836201108393,
  "top_eigenvalue": 2.335957497077108,
  "min_eigenvalue": 1.1451159706530014e-14,
  "R1": 0.17388610833920798,
  "effective_rank": 14.315107108005446,
  "config_suffix": "cov_toeplitz_mask_random_rho_0p9_lambda_1e-05_beta_1_d_100_T_5_lr_0p001_iter_5000_ntrain_1000_seed_42",
  "ridge_lambda": 0.01,
  "ridge_train_loss": 0.13689659169065646,
  "ridge_population_risk": 0.14092250238910298,
  "ridge_generalization_gap": 0.0040259106984465165,
  "ridge_excess_population_risk": 0.001939076974738413,
  "pca_n_components": 75,
  "pca_train_loss": 0.32086776658988636,
  "pca_population_risk": 0.44097536079898264,
  "pca_generalization_gap": 0.12010759420909628,
  "pca_excess_population_risk": 0.3019919353846181
}