{
  "alpha": null,
  "seed": 42,
  "n_train": 1000,
  "n_population": 5000,
  "train_loss": 0.9898472223552702,
  "population_risk": 0.9961586378784762,
  "bayes_population_risk": 0.66,
  "empirical_bayes_risk": 0.749854410138651,
  "generalization_gap": 0.006311415523206021,
  "excess_population_risk": 0.3361586378784762,
  "runtime_seconds": 126.50238701887429,
  "runtime_per_step_seconds": 0.01265023870188743,
  "initial_objective": 0.9967818727212142,
  "final_objective": 0.9908958860954061,
  "best_objective": 0.9908958860954058,
  "objective_reduction": 0.005885986625808082,
  "initial_train_loss_history": 0.9916295596470727,
  "final_train_loss_history": 0.9898472223552702,
  "best_train_loss_history": 0.9898464290515565,
  "train_loss_reduction": 0.0017823372918024383,
  "weight_norm": 0.20973274802714734,
  "trace_s": 0.2097327480271474,
  "top_eigenvalue": 0.20973274802714745,
  "min_eigenvalue": -4.562080668086139e-17,
  "R1": 0.9999999999999999
}