run_name,experiment_number,alpha,seed,n_train,n_population,train_loss,population_risk,bayes_population_risk,empirical_bayes_risk,weight_norm,trace_s,top_eigenvalue,R1
experiment_1_20260308-041428,1,0.5,0,1250,5000,0.46420201143739676,0.46454167015588954,0.28975609756097553,0.29058737485216396,0.004415735735867734,0.0044157357358677336,0.00042815210597383876,0.0969605364958967
experiment_2_20260308-041434,2,1.0,0,2500,5000,0.4663356495060192,0.46206674879965215,0.28975609756097553,0.2891994571616683,0.004415742320761126,0.004415742320761126,0.0004281576710781953,0.09696165219269301
experiment_3_20260308-041443,3,2.0,0,5000,5000,0.465096960030211,0.4622428930623482,0.28975609756097553,0.2893972499642421,0.004415742607898827,0.004415742607898826,0.0004281599332202933,0.09696215817797126
experiment_4_20260308-041503,4,3.0,0,7500,5000,0.4622120916836381,0.46128911705418785,0.28975609756097553,0.28821516453926105,0.004415746466420007,0.004415746466420006,0.00042816287512168394,0.096962739681205
experiment_5_20260308-041530,5,5.0,0,12500,5000,0.462430219546533,0.46443110745489274,0.28975609756097553,0.28986039349982146,0.004415736284862538,0.004415736284862539,0.0004281532034481079,0.09696077297818892
