{
  "alpha": null,
  "seed": 42,
  "n_train": 175,
  "n_population": 5000,
  "train_loss": 0.7104114052199697,
  "population_risk": 0.7420338133472627,
  "bayes_population_risk": 0.5301185178874289,
  "empirical_bayes_risk": 0.527756993984145,
  "generalization_gap": 0.031622408127293,
  "excess_population_risk": 0.21191529545983379,
  "runtime_seconds": 16.33095084130764,
  "runtime_per_step_seconds": 0.003266190168261528,
  "initial_objective": 0.7567434725287605,
  "final_objective": 0.7132203113877461,
  "best_objective": 0.7132203113877461,
  "objective_reduction": 0.0435231611410144,
  "initial_train_loss_history": 0.7559864991374879,
  "final_train_loss_history": 0.7104114052199697,
  "best_train_loss_history": 0.7104114052199697,
  "train_loss_reduction": 0.04557509391751824,
  "weight_norm": 11.235591564660782,
  "trace_s": 11.23559156466078,
  "top_eigenvalue": 4.462185362126337,
  "min_eigenvalue": 7.58210200199813e-12,
  "R1": 0.397147345241813,
  "effective_rank": 4.503256079855861,
  "config_suffix": "cov_exponential_mask_random_rho_NA_lambda_1e-05_beta_1_d_25_T_5_lr_0p001_iter_5000_ntrain_175_seed_42",
  "ridge_lambda": 0.01,
  "ridge_train_loss": 0.5184986311971143,
  "ridge_population_risk": 0.5425339886982445,
  "ridge_generalization_gap": 0.024035357501130283,
  "ridge_excess_population_risk": 0.012415470810815621,
  "pca_n_components": 62,
  "pca_train_loss": 0.41767580339698224,
  "pca_population_risk": 1.1972679414284126,
  "pca_generalization_gap": 0.7795921380314303,
  "pca_excess_population_risk": 0.6671494235409837
}