{
  "alpha": null,
  "seed": 42,
  "n_train": 2000,
  "n_population": 5000,
  "train_loss": 0.992683468466525,
  "population_risk": 0.9780254099202641,
  "bayes_population_risk": 0.7459898192227884,
  "empirical_bayes_risk": 0.7430209155671573,
  "generalization_gap": -0.0146580585462609,
  "excess_population_risk": 0.2320355906974757,
  "runtime_seconds": 31.191219879314303,
  "runtime_per_step_seconds": 0.006238243975862861,
  "initial_objective": 1.0001037097705425,
  "final_objective": 0.9933886150865476,
  "best_objective": 0.9933886150865476,
  "objective_reduction": 0.006715094683994893,
  "initial_train_loss_history": 0.9996341097967341,
  "final_train_loss_history": 0.992683468466525,
  "best_train_loss_history": 0.992683468466525,
  "train_loss_reduction": 0.006950641330209062,
  "weight_norm": 2.820585957019075,
  "trace_s": 2.8205859570190746,
  "top_eigenvalue": 1.0919624449950172,
  "min_eigenvalue": 2.5405050286578353e-14,
  "R1": 0.3871402827762263,
  "effective_rank": 4.5876014306622155,
  "config_suffix": "cov_matern_mask_random_rho_NA_lambda_1e-05_beta_1_d_25_T_5_lr_0p001_iter_5000_ntrain_2000_seed_42",
  "ridge_lambda": 0.01,
  "ridge_train_loss": 0.7556483658083776,
  "ridge_population_risk": 0.7440963778943886,
  "ridge_generalization_gap": -0.011551987913988926,
  "ridge_excess_population_risk": -0.0018934413283997475,
  "pca_n_components": 62,
  "pca_train_loss": 1.1057144556714484,
  "pca_population_risk": 1.2325418457722614,
  "pca_generalization_gap": 0.126827390100813,
  "pca_excess_population_risk": 0.48655202654947305
}