{
  "alpha": null,
  "seed": 42,
  "n_train": 30,
  "n_population": 5000,
  "train_loss": 0.04398329876547812,
  "population_risk": 1.0730445203084193,
  "bayes_population_risk": 0.010443997575880022,
  "empirical_bayes_risk": 0.010414621204225993,
  "generalization_gap": 1.0290612215429413,
  "excess_population_risk": 1.0626005227325392,
  "runtime_seconds": 87.52580609172583,
  "runtime_per_step_seconds": 0.017505161218345167,
  "initial_objective": 0.16092634431500918,
  "final_objective": 0.06831077561643754,
  "best_objective": 0.06831077561643754,
  "objective_reduction": 0.09261556869857164,
  "initial_train_loss_history": 0.1598146411982449,
  "final_train_loss_history": 0.04398329876547812,
  "best_train_loss_history": 0.04398290134799942,
  "train_loss_reduction": 0.11583134243276677,
  "weight_norm": 24.32747307646882,
  "trace_s": 24.32747307646882,
  "top_eigenvalue": 17.95648081931092,
  "min_eigenvalue": 2.2098786153709206e-16,
  "R1": 0.738115330057836,
  "effective_rank": 2.254285110792979,
  "config_suffix": "cov_toeplitz_mask_random_rho_0p99_lambda_1e-05_beta_1_d_100_T_50_lr_0p001_iter_5000_ntrain_30_seed_42"
}