{
  "alpha": null,
  "seed": 42,
  "n_train": 60,
  "n_population": 5000,
  "train_loss": 1.0362042126614397,
  "population_risk": 1.0653127053956228,
  "bayes_population_risk": 1.0,
  "empirical_bayes_risk": 1.0024151099145957,
  "generalization_gap": 0.029108492734183145,
  "excess_population_risk": 0.06531270539562284,
  "runtime_seconds": 61.764203092083335,
  "runtime_per_step_seconds": 0.012352840618416667,
  "initial_objective": 1.0549389330027659,
  "final_objective": 1.0424714622389768,
  "best_objective": 1.0424714622389764,
  "objective_reduction": 0.012467470763789068,
  "initial_train_loss_history": 1.0528449059178535,
  "final_train_loss_history": 1.0362042126614397,
  "best_train_loss_history": 1.0362039161786005,
  "train_loss_reduction": 0.01664069325641382,
  "weight_norm": 3.1336247887685187,
  "trace_s": 3.133624788768519,
  "top_eigenvalue": 3.13362478876852,
  "min_eigenvalue": -7.543134429961736e-16,
  "R1": 1.0,
  "effective_rank": 1.0,
  "config_suffix": "cov_identity_mask_random_rho_NA_lambda_1e-05_beta_1_d_200_T_20_lr_0p001_iter_5000_ntrain_60_seed_42"
}