{
  "alpha": 1.0,
  "seed": 0,
  "n_train": 2500,
  "n_population": 5000,
  "train_loss": 1.0941755796580268,
  "population_risk": 1.091189275668116,
  "bayes_population_risk": 0.9310364973015884,
  "empirical_bayes_risk": 0.9304208606940422,
  "weight_norm": 0.25480794225653697,
  "trace_s": 0.25480794225653697,
  "top_eigenvalue": 0.03530377098697061,
  "R1": 0.13855051249315958
}