{
  "alpha": null,
  "seed": 42,
  "n_train": 1000,
  "n_population": 5000,
  "train_loss": 0.33923523545860285,
  "population_risk": 0.33751196233494674,
  "bayes_population_risk": 0.12197790055248611,
  "empirical_bayes_risk": 0.1221781122068308,
  "generalization_gap": -0.0017232731236561105,
  "excess_population_risk": 0.21553406178246062,
  "runtime_seconds": 140.35614539589733,
  "runtime_per_step_seconds": 0.028071229079179465,
  "initial_objective": 0.354761059730548,
  "final_objective": 0.343926527162541,
  "best_objective": 0.343926527162541,
  "objective_reduction": 0.010834532568006983,
  "initial_train_loss_history": 0.354031904298707,
  "final_train_loss_history": 0.33923523545860285,
  "best_train_loss_history": 0.33923523545860285,
  "train_loss_reduction": 0.014796668840104166,
  "weight_norm": 9.382582657677046,
  "trace_s": 9.382582657677046,
  "top_eigenvalue": 2.6629806998503094,
  "min_eigenvalue": 5.909085124149653e-15,
  "R1": 0.28382171487414476,
  "effective_rank": 8.495328685897277,
  "config_suffix": "cov_toeplitz_mask_random_rho_0p9_lambda_1e-05_beta_1_d_50_T_10_lr_0p001_iter_5000_ntrain_1000_seed_42"
}