{
  "alpha": null,
  "seed": 42,
  "n_train": 150,
  "n_population": 5000,
  "train_loss": 1.0707721786116433,
  "population_risk": 1.082476676490618,
  "bayes_population_risk": 0.9675589362829065,
  "empirical_bayes_risk": 0.9737522263758456,
  "generalization_gap": 0.011704497878974651,
  "excess_population_risk": 0.1149177402077115,
  "runtime_seconds": 20.947321016341448,
  "runtime_per_step_seconds": 0.00418946420326829,
  "initial_objective": 1.082015803906519,
  "final_objective": 1.0732179299588358,
  "best_objective": 1.0732179299588358,
  "objective_reduction": 0.008797873947683277,
  "initial_train_loss_history": 1.0814255768142236,
  "final_train_loss_history": 1.0707721786116433,
  "best_train_loss_history": 1.0707721786116433,
  "train_loss_reduction": 0.010653398202580266,
  "weight_norm": 4.891502663059338,
  "trace_s": 4.891502663059336,
  "top_eigenvalue": 2.831112269815599,
  "min_eigenvalue": 3.630981336523178e-16,
  "R1": 0.5787817087775866,
  "effective_rank": 2.942166696369656,
  "config_suffix": "cov_exponential_mask_random_rho_NA_lambda_1e-05_beta_1_d_50_T_10_lr_0p001_iter_5000_ntrain_150_seed_42",
  "ridge_lambda": 0.01,
  "ridge_train_loss": 0.9277852811499707,
  "ridge_population_risk": 1.0373552676389663,
  "ridge_generalization_gap": 0.10956998648899563,
  "ridge_excess_population_risk": 0.06979633135605989,
  "pca_n_components": 75,
  "pca_train_loss": 0.37319574625569224,
  "pca_population_risk": 1.2062947018315602,
  "pca_generalization_gap": 0.8330989555758679,
  "pca_excess_population_risk": 0.23873576554865372
}