{
  "alpha": 1.0,
  "seed": 0,
  "n_train": 2500,
  "n_population": 5000,
  "train_loss": 0.8531061523965189,
  "population_risk": 0.8483562335322247,
  "bayes_population_risk": 0.675,
  "empirical_bayes_risk": 0.6734119966296875,
  "weight_norm": 0.004420615124661549,
  "trace_s": 0.004420615124661549,
  "top_eigenvalue": 0.00043140570756400564,
  "R1": 0.09758951987412272
}