{
  "alpha": null,
  "seed": 42,
  "n_train": 5000,
  "n_population": 5000,
  "train_loss": 1.0978343227045058,
  "population_risk": 1.0986768062345607,
  "bayes_population_risk": 1.0,
  "empirical_bayes_risk": 0.9987822658309696,
  "generalization_gap": 0.0008424835300548938,
  "excess_population_risk": 0.09867680623456065,
  "runtime_seconds": 813.5687239840627,
  "runtime_per_step_seconds": 0.16271374479681253,
  "initial_objective": 1.0988405498393643,
  "final_objective": 1.0978954394825515,
  "best_objective": 1.0978954394825513,
  "objective_reduction": 0.0009451103568127728,
  "initial_train_loss_history": 1.0982987045646468,
  "final_train_loss_history": 1.0978343227045058,
  "best_train_loss_history": 1.0978343227045055,
  "train_loss_reduction": 0.0004643818601410832,
  "weight_norm": 0.12223355609173167,
  "trace_s": 0.1222335560917317,
  "top_eigenvalue": 0.12223355609173159,
  "min_eigenvalue": -4.203548157865579e-17,
  "R1": 1.0000000000000004,
  "effective_rank": 1.0,
  "config_suffix": "cov_identity_mask_random_rho_NA_lambda_1e-05_beta_1_d_50_T_10_lr_0p001_iter_5000_ntrain_5000_seed_42"
}