{
  "alpha": null,
  "seed": 42,
  "n_train": 200,
  "n_population": 5000,
  "train_loss": 1.206137516058728,
  "population_risk": 1.2105878680017672,
  "bayes_population_risk": 1.0,
  "empirical_bayes_risk": 1.0009773118297796,
  "generalization_gap": 0.004450351943039221,
  "excess_population_risk": 0.2105878680017672,
  "runtime_seconds": 61.2008554469794,
  "runtime_per_step_seconds": 0.01224017108939588,
  "initial_objective": 1.220263108115881,
  "final_objective": 1.2112080588932357,
  "best_objective": 1.2112080588932357,
  "objective_reduction": 0.009055049222645328,
  "initial_train_loss_history": 1.2191702515551845,
  "final_train_loss_history": 1.206137516058728,
  "best_train_loss_history": 1.2061345874349367,
  "train_loss_reduction": 0.01303273549645656,
  "weight_norm": 5.070542801709377,
  "trace_s": 5.070542801709378,
  "top_eigenvalue": 1.5088776231427228,
  "min_eigenvalue": -2.312982801200893e-17,
  "R1": 0.29757713959816123,
  "effective_rank": 5.447521811963064,
  "config_suffix": "cov_identity_mask_random_rho_NA_lambda_1e-05_beta_1_d_100_T_5_lr_0p001_iter_5000_ntrain_200_seed_42"
}