{
  "alpha": null,
  "seed": 42,
  "n_train": 2000,
  "n_population": 5000,
  "train_loss": 1.112789201073677,
  "population_risk": 1.1072928987025696,
  "bayes_population_risk": 0.9339407664588757,
  "empirical_bayes_risk": 0.9319389864712111,
  "generalization_gap": -0.005496302371107431,
  "excess_population_risk": 0.17335213224369395,
  "runtime_seconds": 242.56978069618344,
  "runtime_per_step_seconds": 0.024256978069618344,
  "initial_objective": 1.1161486398777272,
  "final_objective": 1.1137158905922742,
  "best_objective": 1.113715890592269,
  "objective_reduction": 0.0024327492854530064,
  "initial_train_loss_history": 1.1155201581006395,
  "final_train_loss_history": 1.112789201073677,
  "best_train_loss_history": 1.1127889072560715,
  "train_loss_reduction": 0.002730957026962466,
  "weight_norm": 1.8533790371998862,
  "trace_s": 1.853379037199886,
  "top_eigenvalue": 0.6453652435385491,
  "min_eigenvalue": -1.442036594461122e-16,
  "R1": 0.3482100695999977
}