{
  "alpha": null,
  "seed": 42,
  "n_train": 1250,
  "n_population": 5000,
  "train_loss": 1.0495874004882992,
  "population_risk": 1.0521369733603383,
  "bayes_population_risk": 1.0,
  "empirical_bayes_risk": 1.0007986341977584,
  "generalization_gap": 0.002549572872039052,
  "excess_population_risk": 0.05213697336033829,
  "runtime_seconds": 169.56970691680908,
  "runtime_per_step_seconds": 0.03391394138336182,
  "initial_objective": 1.0510749044556977,
  "final_objective": 1.0497841242248203,
  "best_objective": 1.0497841242248198,
  "objective_reduction": 0.0012907802308774752,
  "initial_train_loss_history": 1.050536654225791,
  "final_train_loss_history": 1.0495874004882992,
  "best_train_loss_history": 1.049587400488299,
  "train_loss_reduction": 0.0009492537374917731,
  "weight_norm": 0.393447473042202,
  "trace_s": 0.39344747304220185,
  "top_eigenvalue": 0.3934474730422019,
  "min_eigenvalue": -1.2802151665781992e-16,
  "R1": 1.0,
  "effective_rank": 1.0,
  "config_suffix": "cov_identity_mask_random_rho_NA_lambda_1e-05_beta_1_d_50_T_20_lr_0p001_iter_5000_ntrain_1250_seed_42"
}