{
  "alpha": null,
  "seed": 42,
  "n_train": 1000,
  "n_population": 5000,
  "train_loss": 1.1060262053466225,
  "population_risk": 1.1288193901381873,
  "bayes_population_risk": 0.6,
  "empirical_bayes_risk": 0.5994907682179306,
  "generalization_gap": 0.02279318479156478,
  "excess_population_risk": 0.5288193901381874,
  "runtime_seconds": 124.98842269554734,
  "runtime_per_step_seconds": 0.012498842269554734,
  "initial_objective": 1.1153760246910682,
  "final_objective": 1.1075641726477912,
  "best_objective": 1.1075641726477887,
  "objective_reduction": 0.007811852043277057,
  "initial_train_loss_history": 1.114773557907281,
  "final_train_loss_history": 1.1060262053466225,
  "best_train_loss_history": 1.1060259996044133,
  "train_loss_reduction": 0.008747352560658506,
  "weight_norm": 3.0759346023368064,
  "trace_s": 3.0759346023368055,
  "top_eigenvalue": 0.7870736459118789,
  "min_eigenvalue": -1.8960490962236316e-16,
  "R1": 0.25588113782195965,
  "config_suffix": "cov_tridiagonal_mask_last_rho_0p5_lambda_1e-05_beta_1_d_50_T_5_lr_0p001_iter_10000_ntrain_1000_seed_42"
}