{
  "alpha": null,
  "seed": 42,
  "n_train": 500,
  "n_population": 5000,
  "train_loss": 0.22769986470417575,
  "population_risk": 0.23922560012973526,
  "bayes_population_risk": 0.13898342541436456,
  "empirical_bayes_risk": 0.13894687599605798,
  "generalization_gap": 0.011525735425559513,
  "excess_population_risk": 0.1002421747153707,
  "runtime_seconds": 73.7209942638874,
  "runtime_per_step_seconds": 0.00737209942638874,
  "initial_objective": 0.2912811398191875,
  "final_objective": 0.23622531343756017,
  "best_objective": 0.23622531343756017,
  "objective_reduction": 0.05505582638162734,
  "initial_train_loss_history": 0.2898661529807473,
  "final_train_loss_history": 0.22769986470417575,
  "best_train_loss_history": 0.22769859489075872,
  "train_loss_reduction": 0.06216628827657156,
  "weight_norm": 17.050897317629314,
  "trace_s": 17.050897317629307,
  "top_eigenvalue": 4.390455003391342,
  "min_eigenvalue": 2.0629565337208444e-15,
  "R1": 0.25749114088277036,
  "config_suffix": "cov_toeplitz_mask_random_rho_0p9_lambda_1e-05_beta_1_d_50_T_5_lr_0p001_iter_10000_ntrain_500_seed_42"
}