{
  "alpha": null,
  "seed": 42,
  "n_train": 50,
  "n_population": 5000,
  "train_loss": 1.0184701912435876,
  "population_risk": 1.103450391505958,
  "bayes_population_risk": 0.8444937602472408,
  "empirical_bayes_risk": 0.8418920147649287,
  "generalization_gap": 0.0849802002623703,
  "excess_population_risk": 0.25895663125871715,
  "runtime_seconds": 9.504478024318814,
  "runtime_per_step_seconds": 0.009504478024318815,
  "initial_objective": 1.095804291354247,
  "final_objective": 1.0475029140243453,
  "best_objective": 1.0475029140243453,
  "objective_reduction": 0.048301377329901696,
  "initial_train_loss_history": 1.0904103702098233,
  "final_train_loss_history": 1.0184701912435876,
  "best_train_loss_history": 1.0184701912435876,
  "train_loss_reduction": 0.07194017896623572,
  "weight_norm": 5.806231258772186,
  "trace_s": 5.806231258772188,
  "top_eigenvalue": 3.5440531471267054,
  "min_eigenvalue": 6.071122683258422e-09,
  "R1": 0.6103878728172031,
  "config_suffix": "cov_tridiagonal_mask_random_rho_0p3_lambda_0p0001_beta_1_d_50_T_5_lr_0p001_iter_1000_ntrain_50_seed_42"
}