{
  "alpha": null,
  "seed": 42,
  "n_train": 10,
  "n_population": 5000,
  "train_loss": 0.6437941053415385,
  "population_risk": 1.401172187049633,
  "bayes_population_risk": 0.45666666666666667,
  "empirical_bayes_risk": 0.45763081300445674,
  "generalization_gap": 0.7573780817080945,
  "excess_population_risk": 0.9445055203829663,
  "runtime_seconds": 18.171784525737166,
  "runtime_per_step_seconds": 0.018171784525737165,
  "initial_objective": 1.043532909361903,
  "final_objective": 0.6537793514089634,
  "best_objective": 0.6537793514089634,
  "objective_reduction": 0.38975355795293964,
  "initial_train_loss_history": 1.0423676201956003,
  "final_train_loss_history": 0.6437941053415385,
  "best_train_loss_history": 0.6437941053415385,
  "train_loss_reduction": 0.3985735148540618,
  "weight_norm": 19.882113174074966,
  "trace_s": 19.882113174074966,
  "top_eigenvalue": 10.99516903535083,
  "min_eigenvalue": 4.827591278627378e-07,
  "R1": 0.5530181293650337
}