{
  "alpha": null,
  "seed": 42,
  "n_train": 10000,
  "n_population": 5000,
  "train_loss": 1.024777451957592,
  "population_risk": 1.024426424347802,
  "bayes_population_risk": 0.8649174311926606,
  "empirical_bayes_risk": 0.863429306514813,
  "generalization_gap": -0.00035102760979000003,
  "excess_population_risk": 0.15950899315514144,
  "runtime_seconds": 196.07501323334873,
  "runtime_per_step_seconds": 0.19607501323334872,
  "initial_objective": 1.0282678008846908,
  "final_objective": 1.0264118700882692,
  "best_objective": 1.0264118700882692,
  "objective_reduction": 0.0018559307964216565,
  "initial_train_loss_history": 1.0270041217844685,
  "final_train_loss_history": 1.024777451957592,
  "best_train_loss_history": 1.024777451957592,
  "train_loss_reduction": 0.0022266698268764706,
  "weight_norm": 1.6343747842697565,
  "trace_s": 1.6343747842697567,
  "top_eigenvalue": 0.4381422918183644,
  "min_eigenvalue": 1.0715216956230105e-13,
  "R1": 0.2680794491173746
}