{
  "alpha": null,
  "seed": 42,
  "n_train": 1250,
  "n_population": 5000,
  "train_loss": 0.4815305178172899,
  "population_risk": 0.5026644541057494,
  "bayes_population_risk": 0.1134751381215469,
  "empirical_bayes_risk": 0.1131080013275485,
  "generalization_gap": 0.021133936288459554,
  "excess_population_risk": 0.38918931598420253,
  "runtime_seconds": 149.81086150743067,
  "runtime_per_step_seconds": 0.029962172301486133,
  "initial_objective": 0.4936136276563559,
  "final_objective": 0.48555081528082006,
  "best_objective": 0.48555081521023935,
  "objective_reduction": 0.008062812375535855,
  "initial_train_loss_history": 0.49253615283520574,
  "final_train_loss_history": 0.4815305178172899,
  "best_train_loss_history": 0.48152969814683466,
  "train_loss_reduction": 0.011005635017915849,
  "weight_norm": 4.020297465565214,
  "trace_s": 4.020297465565214,
  "top_eigenvalue": 3.895822545008592,
  "min_eigenvalue": -1.5435492550426068e-17,
  "R1": 0.9690383804624466,
  "effective_rank": 1.1486035860063277,
  "config_suffix": "cov_toeplitz_mask_random_rho_0p9_lambda_1e-05_beta_1_d_100_T_20_lr_0p001_iter_5000_ntrain_1250_seed_42"
}