{
  "alpha": null,
  "seed": 42,
  "n_train": 1500,
  "n_population": 5000,
  "train_loss": 0.31367370046273974,
  "population_risk": 0.3375254420700542,
  "bayes_population_risk": 0.07006953088198194,
  "empirical_bayes_risk": 0.06990600699626104,
  "generalization_gap": 0.02385174160731446,
  "excess_population_risk": 0.26745591118807227,
  "runtime_seconds": 65.38290575891733,
  "runtime_per_step_seconds": 0.013076581151783466,
  "initial_objective": 0.37348609989369813,
  "final_objective": 0.33054927070394124,
  "best_objective": 0.33054927070394124,
  "objective_reduction": 0.04293682918975689,
  "initial_train_loss_history": 0.3713909454666967,
  "final_train_loss_history": 0.31367370046273974,
  "best_train_loss_history": 0.31367370046273974,
  "train_loss_reduction": 0.057717245003956974,
  "weight_norm": 16.875565574598514,
  "trace_s": 16.875565574598514,
  "top_eigenvalue": 4.909396215446279,
  "min_eigenvalue": 8.253665891679844e-15,
  "R1": 0.29091743288509475,
  "effective_rank": 12.20406768657638,
  "config_suffix": "cov_matern_mask_random_rho_NA_lambda_1e-05_beta_1_d_100_T_5_lr_0p001_iter_5000_ntrain_1500_seed_42",
  "ridge_lambda": 0.01,
  "ridge_train_loss": 0.06850817472048548,
  "ridge_population_risk": 0.0700799976604234,
  "ridge_generalization_gap": 0.0015718229399379197,
  "ridge_excess_population_risk": 1.0466778441464708e-05,
  "pca_n_components": 75,
  "pca_train_loss": 0.40081497675625055,
  "pca_population_risk": 0.49890144148748233,
  "pca_generalization_gap": 0.09808646473123178,
  "pca_excess_population_risk": 0.4288319106055004
}