{
  "alpha": null,
  "seed": 42,
  "n_train": 2000,
  "n_population": 5000,
  "train_loss": 0.9773246207123334,
  "population_risk": 0.9859920225940707,
  "bayes_population_risk": 0.7822082681172894,
  "empirical_bayes_risk": 0.7853678839227276,
  "generalization_gap": 0.008667401881737313,
  "excess_population_risk": 0.20378375447678132,
  "runtime_seconds": 685.8213338721544,
  "runtime_per_step_seconds": 0.13716426677443086,
  "initial_objective": 0.980004949969701,
  "final_objective": 0.9781781950954429,
  "best_objective": 0.9781781950953646,
  "objective_reduction": 0.0018267548742580964,
  "initial_train_loss_history": 0.9789218174869152,
  "final_train_loss_history": 0.9773246207123334,
  "best_train_loss_history": 0.9773245665894357,
  "train_loss_reduction": 0.0015971967745818105,
  "weight_norm": 0.8535743831160179,
  "trace_s": 0.853574383116018,
  "top_eigenvalue": 0.853574383115988,
  "min_eigenvalue": -1.4273182186481496e-16,
  "R1": 0.9999999999999649,
  "effective_rank": 1.0,
  "config_suffix": "cov_exponential_mask_random_rho_NA_lambda_1e-05_beta_1_d_100_T_10_lr_0p001_iter_5000_ntrain_2000_seed_42"
}