{
  "alpha": null,
  "seed": 42,
  "n_train": 10,
  "n_population": 5000,
  "train_loss": 0.5506107086986319,
  "population_risk": 1.5034382295475046,
  "bayes_population_risk": 0.45666666666666667,
  "empirical_bayes_risk": 0.45417264543915636,
  "generalization_gap": 0.9528275208488727,
  "excess_population_risk": 1.046771562880838,
  "runtime_seconds": 13.878085302188993,
  "runtime_per_step_seconds": 0.0027756170604377986,
  "initial_objective": 0.9783865230375504,
  "final_objective": 0.5648811138003236,
  "best_objective": 0.5648811138003236,
  "objective_reduction": 0.4135054092372268,
  "initial_train_loss_history": 0.9776099394454476,
  "final_train_loss_history": 0.5506107086986319,
  "best_train_loss_history": 0.5506107086986319,
  "train_loss_reduction": 0.4269992307468157,
  "weight_norm": 57.07905498900458,
  "trace_s": 57.0790549890046,
  "top_eigenvalue": 42.884102230590244,
  "min_eigenvalue": 6.05718299829007e-08,
  "R1": 0.7513106557011355,
  "effective_rank": 2.476926545100139,
  "config_suffix": "cov_tridiagonal_mask_random_rho_0p5_lambda_1e-05_beta_1_d_25_T_5_lr_0p001_iter_5000_ntrain_10_seed_42",
  "ridge_lambda": 0.01,
  "ridge_train_loss": 0.25339851093960797,
  "ridge_population_risk": 0.8658012625128316,
  "ridge_generalization_gap": 0.6124027515732237,
  "ridge_excess_population_risk": 0.40913459584616496,
  "pca_n_components": 62,
  "pca_train_loss": 1.8197069710444505e-16,
  "pca_population_risk": 1.166345682707641,
  "pca_generalization_gap": 1.1663456827076408,
  "pca_excess_population_risk": 0.7096790160409744
}