{
  "alpha": null,
  "seed": 42,
  "n_train": 100,
  "n_population": 5000,
  "train_loss": 0.2779835324663753,
  "population_risk": 0.6724345261915345,
  "bayes_population_risk": 0.13898342541436456,
  "empirical_bayes_risk": 0.19014044666992622,
  "generalization_gap": 0.39445099372515924,
  "excess_population_risk": 0.53345110077717,
  "runtime_seconds": 42.47677193954587,
  "runtime_per_step_seconds": 0.004247677193954587,
  "initial_objective": 0.3684271915784988,
  "final_objective": 0.2986555292115163,
  "best_objective": 0.2986555292115163,
  "objective_reduction": 0.06977166236698251,
  "initial_train_loss_history": 0.36720120870380385,
  "final_train_loss_history": 0.2779835324663753,
  "best_train_loss_history": 0.2779835324663753,
  "train_loss_reduction": 0.08921767623742854,
  "weight_norm": 41.34399316034127,
  "trace_s": 41.34399316034128,
  "top_eigenvalue": 24.348273060375956,
  "min_eigenvalue": -1.2937722135957512e-16,
  "R1": 0.5889192407213281
}