{
  "alpha": null,
  "seed": 42,
  "n_train": 400,
  "n_population": 5000,
  "train_loss": 0.7994479161685057,
  "population_risk": 0.807481645096273,
  "bayes_population_risk": 0.48757509716865854,
  "empirical_bayes_risk": 0.4859191048385286,
  "generalization_gap": 0.008033728927767214,
  "excess_population_risk": 0.3199065479276144,
  "runtime_seconds": 26.23241986706853,
  "runtime_per_step_seconds": 0.005246483973413706,
  "initial_objective": 0.8284635619729583,
  "final_objective": 0.8012256190447562,
  "best_objective": 0.8012256190447562,
  "objective_reduction": 0.02723794292820214,
  "initial_train_loss_history": 0.8278054105665614,
  "final_train_loss_history": 0.7994479161685057,
  "best_train_loss_history": 0.7994479161685057,
  "train_loss_reduction": 0.028357494398055683,
  "weight_norm": 7.110806762064872,
  "trace_s": 7.110806762064873,
  "top_eigenvalue": 2.100791315763837,
  "min_eigenvalue": 8.271036443494416e-14,
  "R1": 0.2954364231877676,
  "effective_rank": 5.417865705779137,
  "config_suffix": "cov_toeplitz_bump_mask_random_rho_0p5_lambda_1e-05_beta_1_d_25_T_5_lr_0p001_iter_5000_ntrain_400_seed_42"
}