{
  "alpha": null,
  "seed": 42,
  "n_train": 20,
  "n_population": 5000,
  "train_loss": 0.8647895585327194,
  "population_risk": 1.304034957393048,
  "bayes_population_risk": 0.8028223802788139,
  "empirical_bayes_risk": 0.8023924688358809,
  "generalization_gap": 0.43924539886032865,
  "excess_population_risk": 0.5012125771142342,
  "runtime_seconds": 24.902417292818427,
  "runtime_per_step_seconds": 0.004980483458563685,
  "initial_objective": 1.0247463390842517,
  "final_objective": 0.8748106016481695,
  "best_objective": 0.8748106016481695,
  "objective_reduction": 0.14993573743608224,
  "initial_train_loss_history": 1.0239671312630274,
  "final_train_loss_history": 0.8647895585327194,
  "best_train_loss_history": 0.8647895585327194,
  "train_loss_reduction": 0.15917757273030797,
  "weight_norm": 20.041886700100232,
  "trace_s": 20.041886700100232,
  "top_eigenvalue": 12.799870438208181,
  "min_eigenvalue": 5.277564652822139e-09,
  "R1": 0.6386559623722536,
  "effective_rank": 2.8239879567729105,
  "config_suffix": "cov_exponential_mask_random_rho_NA_lambda_1e-05_beta_1_d_50_T_5_lr_0p001_iter_5000_ntrain_20_seed_42"
}