{
  "alpha": null,
  "seed": 42,
  "n_train": 1000,
  "n_population": 5000,
  "train_loss": 0.7102696578439309,
  "population_risk": 0.7259666016365837,
  "bayes_population_risk": 0.10837348066298334,
  "empirical_bayes_risk": 0.10845578751360017,
  "generalization_gap": 0.01569694379265274,
  "excess_population_risk": 0.6175931209736003,
  "runtime_seconds": 500.52796393446624,
  "runtime_per_step_seconds": 0.10010559278689325,
  "initial_objective": 0.7179926175787711,
  "final_objective": 0.7113570468343844,
  "best_objective": 0.7113570468343844,
  "objective_reduction": 0.0066355707443866985,
  "initial_train_loss_history": 0.7174045930403516,
  "final_train_loss_history": 0.7102696578439309,
  "best_train_loss_history": 0.7102696578439309,
  "train_loss_reduction": 0.007134935196420722,
  "weight_norm": 2.1747779809072565,
  "trace_s": 2.174777980907257,
  "top_eigenvalue": 2.1747779809057417,
  "min_eigenvalue": -3.3124533469910913e-16,
  "R1": 0.9999999999993031,
  "effective_rank": 1.0000000000144142,
  "config_suffix": "cov_toeplitz_mask_random_rho_0p9_lambda_1e-05_beta_1_d_50_T_50_lr_0p001_iter_5000_ntrain_1000_seed_42"
}