{
  "alpha": null,
  "seed": 42,
  "n_train": 150,
  "n_population": 5000,
  "train_loss": 0.84297473277756,
  "population_risk": 1.2845966983354131,
  "bayes_population_risk": 0.45666666666666667,
  "empirical_bayes_risk": 0.45617628196245585,
  "generalization_gap": 0.44162196555785316,
  "excess_population_risk": 0.8279300316687465,
  "runtime_seconds": 57.70149837806821,
  "runtime_per_step_seconds": 0.011540299675613642,
  "initial_objective": 1.0072093153425388,
  "final_objective": 0.8795733097423346,
  "best_objective": 0.8795733097423346,
  "objective_reduction": 0.12763600560020416,
  "initial_train_loss_history": 1.005867236821577,
  "final_train_loss_history": 0.84297473277756,
  "best_train_loss_history": 0.84297473277756,
  "train_loss_reduction": 0.16289250404401712,
  "weight_norm": 36.59855956463743,
  "trace_s": 36.598559564637426,
  "top_eigenvalue": 17.979158615351842,
  "min_eigenvalue": 1.6198272884930893e-13,
  "R1": 0.4912531757868366,
  "effective_rank": 4.7601992151393455,
  "config_suffix": "cov_tridiagonal_mask_random_rho_0p5_lambda_1e-05_beta_1_d_100_T_5_lr_0p001_iter_5000_ntrain_150_seed_42"
}