{
  "alpha": 1.0,
  "seed": 42,
  "n_train": 10000,
  "n_population": 5000,
  "train_loss": 0.7034970795935684,
  "population_risk": 0.7132490619662742,
  "bayes_population_risk": 0.5552941176470588,
  "empirical_bayes_risk": 0.5595146409610414,
  "weight_norm": 1.446406293933401,
  "trace_s": 1.4464062939334013,
  "top_eigenvalue": 0.0726964300541412,
  "R1": 0.05026003437557529
}