{
  "alpha": null,
  "seed": 42,
  "n_train": 70,
  "n_population": 5000,
  "train_loss": 0.896296361545581,
  "population_risk": 1.0624157662325016,
  "bayes_population_risk": 0.8028223802788139,
  "empirical_bayes_risk": 0.8044885909901053,
  "generalization_gap": 0.16611940468692055,
  "excess_population_risk": 0.25959338595368764,
  "runtime_seconds": 22.485385924577713,
  "runtime_per_step_seconds": 0.0044970771849155424,
  "initial_objective": 0.9702539475877373,
  "final_objective": 0.9042430765985849,
  "best_objective": 0.9042430765985849,
  "objective_reduction": 0.06601087098915237,
  "initial_train_loss_history": 0.9693815596418619,
  "final_train_loss_history": 0.896296361545581,
  "best_train_loss_history": 0.896296361545581,
  "train_loss_reduction": 0.07308519809628089,
  "weight_norm": 15.893382772491055,
  "trace_s": 15.893382772491051,
  "top_eigenvalue": 5.365434186931426,
  "min_eigenvalue": 2.626831823752419e-13,
  "R1": 0.33758918813798094,
  "effective_rank": 5.170888832064745,
  "config_suffix": "cov_exponential_mask_random_rho_NA_lambda_1e-05_beta_1_d_50_T_5_lr_0p001_iter_5000_ntrain_70_seed_42",
  "ridge_lambda": 0.01,
  "ridge_train_loss": 0.7528389489213925,
  "ridge_population_risk": 0.8545743671769432,
  "ridge_generalization_gap": 0.10173541825555077,
  "ridge_excess_population_risk": 0.05175198689812932,
  "pca_n_components": 75,
  "pca_train_loss": 3.7660676097730805e-16,
  "pca_population_risk": 1.4146381964659396,
  "pca_generalization_gap": 1.4146381964659391,
  "pca_excess_population_risk": 0.6118158161871257
}