{
  "alpha": null,
  "seed": 42,
  "n_train": 60,
  "n_population": 5000,
  "train_loss": 0.2155107096761952,
  "population_risk": 0.2776388621906793,
  "bayes_population_risk": 0.13898342541436456,
  "empirical_bayes_risk": 0.13808786490615974,
  "generalization_gap": 0.062128152514484086,
  "excess_population_risk": 0.13865543677631473,
  "runtime_seconds": 16.873544035479426,
  "runtime_per_step_seconds": 0.0033747088070958855,
  "initial_objective": 0.31566104784210186,
  "final_objective": 0.22256889489393752,
  "best_objective": 0.22256889489393752,
  "objective_reduction": 0.09309215294816434,
  "initial_train_loss_history": 0.31464597743295525,
  "final_train_loss_history": 0.2155107096761952,
  "best_train_loss_history": 0.2155107096761952,
  "train_loss_reduction": 0.09913526775676004,
  "weight_norm": 28.230773190165294,
  "trace_s": 28.230773190165294,
  "top_eigenvalue": 17.273179499290194,
  "min_eigenvalue": 3.8824035969026926e-09,
  "R1": 0.6118564087117395,
  "effective_rank": 3.8919169740005146,
  "config_suffix": "cov_toeplitz_mask_random_rho_0p9_lambda_1e-05_beta_1_d_25_T_5_lr_0p001_iter_5000_ntrain_60_seed_42"
}