{
  "alpha": null,
  "seed": 42,
  "n_train": 1500,
  "n_population": 5000,
  "train_loss": 0.8002180616852433,
  "population_risk": 0.8199073825275777,
  "bayes_population_risk": 0.24553354982376377,
  "empirical_bayes_risk": 0.2471675427983083,
  "generalization_gap": 0.019689320842334324,
  "excess_population_risk": 0.5743738327038139,
  "runtime_seconds": 513.984748210758,
  "runtime_per_step_seconds": 0.1027969496421516,
  "initial_objective": 0.812822710109646,
  "final_objective": 0.8043253223210491,
  "best_objective": 0.8043253223210491,
  "objective_reduction": 0.008497387788596877,
  "initial_train_loss_history": 0.8116547728656335,
  "final_train_loss_history": 0.8002180616852433,
  "best_train_loss_history": 0.8002173173038366,
  "train_loss_reduction": 0.011436711180390136,
  "weight_norm": 4.107260595453843,
  "trace_s": 4.107260595453844,
  "top_eigenvalue": 3.2272951124975595,
  "min_eigenvalue": -3.3203457282546765e-17,
  "R1": 0.785753676323757,
  "effective_rank": 2.145721846393807,
  "config_suffix": "cov_matern_mask_random_rho_NA_lambda_1e-05_beta_1_d_100_T_10_lr_0p001_iter_5000_ntrain_1500_seed_42"
}