{
  "alpha": null,
  "seed": 42,
  "n_train": 100,
  "n_population": 5000,
  "train_loss": 1.0586492213688274,
  "population_risk": 1.081906903389949,
  "bayes_population_risk": 0.9675589362829065,
  "empirical_bayes_risk": 0.9703585961967383,
  "generalization_gap": 0.02325768202112166,
  "excess_population_risk": 0.11434796710704265,
  "runtime_seconds": 31.130884062498808,
  "runtime_per_step_seconds": 0.006226176812499762,
  "initial_objective": 1.0738403884650694,
  "final_objective": 1.0609555990797324,
  "best_objective": 1.0609555990797324,
  "objective_reduction": 0.012884789385336992,
  "initial_train_loss_history": 1.0732268891055217,
  "final_train_loss_history": 1.0586492213688274,
  "best_train_loss_history": 1.0586492213688274,
  "train_loss_reduction": 0.014577667736694222,
  "weight_norm": 4.612755282042901,
  "trace_s": 4.612755282042902,
  "top_eigenvalue": 1.974615508645096,
  "min_eigenvalue": -3.4385332453053376e-17,
  "R1": 0.42807723104933004,
  "effective_rank": 3.48421567693194,
  "config_suffix": "cov_exponential_mask_random_rho_NA_lambda_1e-05_beta_1_d_50_T_10_lr_0p001_iter_5000_ntrain_100_seed_42"
}