{
  "alpha": null,
  "seed": 42,
  "n_train": 10000,
  "n_population": 5000,
  "train_loss": 1.0649957763383306,
  "population_risk": 1.0625730417195143,
  "bayes_population_risk": 0.8444937602472408,
  "empirical_bayes_risk": 0.8452676461568915,
  "generalization_gap": -0.002422734618816369,
  "excess_population_risk": 0.2180792814722735,
  "runtime_seconds": 96.0006109084934,
  "runtime_per_step_seconds": 0.0960006109084934,
  "initial_objective": 1.0680034161332737,
  "final_objective": 1.065843189063145,
  "best_objective": 1.065843189063145,
  "objective_reduction": 0.0021602270701286397,
  "initial_train_loss_history": 1.0664463370561186,
  "final_train_loss_history": 1.0649957763383306,
  "best_train_loss_history": 1.0649956315014664,
  "train_loss_reduction": 0.0014505607177879298,
  "weight_norm": 1.6948250091413195,
  "trace_s": 1.6948250091413197,
  "top_eigenvalue": 0.38614498669029285,
  "min_eigenvalue": 2.3421037496110915e-14,
  "R1": 0.2278376732745598
}