{
  "alpha": null,
  "seed": 42,
  "n_train": 400,
  "n_population": 5000,
  "train_loss": 1.0119791211191609,
  "population_risk": 1.032487792722182,
  "bayes_population_risk": 0.9267692307692309,
  "empirical_bayes_risk": 0.9314807393990885,
  "generalization_gap": 0.020508671603021167,
  "excess_population_risk": 0.10571856195295115,
  "runtime_seconds": 45.08680270984769,
  "runtime_per_step_seconds": 0.009017360541969537,
  "initial_objective": 1.0154013133310265,
  "final_objective": 1.0125279168542454,
  "best_objective": 1.0125279168542451,
  "objective_reduction": 0.002873396476781087,
  "initial_train_loss_history": 1.014866364926774,
  "final_train_loss_history": 1.0119791211191609,
  "best_train_loss_history": 1.0119783037207353,
  "train_loss_reduction": 0.0028872438076130713,
  "weight_norm": 1.097591470169028,
  "trace_s": 1.097591470169028,
  "top_eigenvalue": 1.097591470169028,
  "min_eigenvalue": -2.381007077406433e-16,
  "R1": 1.0,
  "effective_rank": 1.0,
  "config_suffix": "cov_toeplitz_mask_random_rho_0p2_lambda_1e-05_beta_1_d_50_T_20_lr_0p001_iter_5000_ntrain_400_seed_42"
}