{
  "alpha": null,
  "seed": 42,
  "n_train": 1000,
  "n_population": 5000,
  "train_loss": 0.31686961529001845,
  "population_risk": 0.33591022517042163,
  "bayes_population_risk": 0.07006953088198194,
  "empirical_bayes_risk": 0.07007995754627863,
  "generalization_gap": 0.01904060988040318,
  "excess_population_risk": 0.2658406942884397,
  "runtime_seconds": 24.38764231465757,
  "runtime_per_step_seconds": 0.004877528462931514,
  "initial_objective": 0.36979107463839067,
  "final_objective": 0.32041558051178404,
  "best_objective": 0.32041558051178404,
  "objective_reduction": 0.049375494126606634,
  "initial_train_loss_history": 0.3689864719480312,
  "final_train_loss_history": 0.31686961529001845,
  "best_train_loss_history": 0.31686961529001845,
  "train_loss_reduction": 0.052116856658012745,
  "weight_norm": 14.183615130368706,
  "trace_s": 14.183615130368704,
  "top_eigenvalue": 3.461765491827822,
  "min_eigenvalue": 1.437668423815659e-08,
  "R1": 0.24406792344610337,
  "effective_rank": 8.51096246865742,
  "config_suffix": "cov_matern_mask_random_rho_NA_lambda_1e-05_beta_1_d_25_T_5_lr_0p001_iter_5000_ntrain_1000_seed_42",
  "ridge_lambda": 0.01,
  "ridge_train_loss": 0.06982952880896957,
  "ridge_population_risk": 0.07036505047003727,
  "ridge_generalization_gap": 0.0005355216610676977,
  "ridge_excess_population_risk": 0.0002955195880553346,
  "pca_n_components": 62,
  "pca_train_loss": 0.11042094761045357,
  "pca_population_risk": 0.13173627699290838,
  "pca_generalization_gap": 0.021315329382454812,
  "pca_excess_population_risk": 0.06166674611092644
}