{
  "alpha": 5.0,
  "seed": 0,
  "n_train": 12500,
  "n_population": 5000,
  "train_loss": 1.1652159176463084,
  "population_risk": 1.1640711631316427,
  "bayes_population_risk": 1.0,
  "empirical_bayes_risk": 0.9973804662927968,
  "weight_norm": 0.0044183033750015786,
  "trace_s": 0.0044183033750015786,
  "top_eigenvalue": 0.00042881538534361534,
  "R1": 0.09705430998012038
}