{
  "alpha": null,
  "seed": 42,
  "n_train": 5000,
  "n_population": 5000,
  "train_loss": 1.1539758830670108,
  "population_risk": 1.157280740935678,
  "bayes_population_risk": 0.96,
  "empirical_bayes_risk": 0.9599654207451745,
  "generalization_gap": 0.003304857868667188,
  "excess_population_risk": 0.19728074093567805,
  "runtime_seconds": 82.89057346247137,
  "runtime_per_step_seconds": 0.08289057346247136,
  "initial_objective": 1.1597466042189293,
  "final_objective": 1.1539764554535121,
  "best_objective": 1.1539764554535121,
  "objective_reduction": 0.005770148765417149,
  "initial_train_loss_history": 1.154634187436851,
  "final_train_loss_history": 1.1539758830670108,
  "best_train_loss_history": 1.153972543896595,
  "train_loss_reduction": 0.000658304369840268,
  "weight_norm": 0.00011412782355808055,
  "trace_s": 0.00011412782355808055,
  "top_eigenvalue": 9.648745010854061e-05,
  "min_eigenvalue": 6.084879256842924e-15,
  "R1": 0.8454331914902181,
  "config_suffix": "cov_toeplitz_mask_last_rho_0p2_lambda_0p0001_beta_1_d_50_T_5_lr_0p001_iter_1000_ntrain_5000_seed_42"
}