{
  "alpha": null,
  "seed": 42,
  "n_train": 5000,
  "n_population": 5000,
  "train_loss": 0.9937223840668992,
  "population_risk": 0.996683524629641,
  "bayes_population_risk": 0.75,
  "empirical_bayes_risk": 0.7503042627904035,
  "generalization_gap": 0.002961140562741882,
  "excess_population_risk": 0.24668352462964105,
  "runtime_seconds": 80.61069502308965,
  "runtime_per_step_seconds": 0.08061069502308965,
  "initial_objective": 0.9992792845901076,
  "final_objective": 0.9937225574562639,
  "best_objective": 0.9937225574562639,
  "objective_reduction": 0.005556727133843697,
  "initial_train_loss_history": 0.9941194190184968,
  "final_train_loss_history": 0.9937223840668992,
  "best_train_loss_history": 0.993588959576417,
  "train_loss_reduction": 0.00039703495159759683,
  "weight_norm": 3.4323210182048195e-05,
  "trace_s": 3.432321018204821e-05,
  "top_eigenvalue": 8.134725073707852e-06,
  "min_eigenvalue": 1.1197476001357165e-14,
  "R1": 0.23700362030712652,
  "config_suffix": "cov_toeplitz_mask_last_rho_0p5_lambda_0p0001_beta_1_d_50_T_5_lr_0p001_iter_1000_ntrain_5000_seed_42"
}