{
  "alpha": null,
  "seed": 42,
  "n_train": 150,
  "n_population": 5000,
  "train_loss": 0.4675481332897156,
  "population_risk": 0.8556187317662322,
  "bayes_population_risk": 0.27570731707317064,
  "empirical_bayes_risk": 0.3602304331849255,
  "generalization_gap": 0.38807059847651654,
  "excess_population_risk": 0.5799114146930615,
  "runtime_seconds": 18.347297504544258,
  "runtime_per_step_seconds": 0.01834729750454426,
  "initial_objective": 0.5951049267643874,
  "final_objective": 0.5221760128055133,
  "best_objective": 0.5221760128055133,
  "objective_reduction": 0.07292891395887413,
  "initial_train_loss_history": 0.592080278823366,
  "final_train_loss_history": 0.4675481332897156,
  "best_train_loss_history": 0.4675481332897156,
  "train_loss_reduction": 0.12453214553365038,
  "weight_norm": 27.311315269213434,
  "trace_s": 27.31131526921343,
  "top_eigenvalue": 15.138704944984916,
  "min_eigenvalue": 1.8695901016108596e-11,
  "R1": 0.5543015704575006
}