{
  "alpha": 0.5,
  "seed": 0,
  "n_train": 1250,
  "n_population": 5000,
  "train_loss": 1.1236319032772277,
  "population_risk": 1.1226262763543275,
  "bayes_population_risk": 0.9415384615384615,
  "empirical_bayes_risk": 0.9453083437559741,
  "weight_norm": 0.004416470811562553,
  "trace_s": 0.004416470811562552,
  "top_eigenvalue": 0.00042889121280006043,
  "R1": 0.09711175078463116
}