{
  "alpha": null,
  "seed": 42,
  "n_train": 2500,
  "n_population": 5000,
  "train_loss": 0.33557230060809096,
  "population_risk": 0.3345863956674777,
  "bayes_population_risk": 0.12197790055248611,
  "empirical_bayes_risk": 0.12099945685072157,
  "generalization_gap": -0.0009859049406132359,
  "excess_population_risk": 0.2126084951149916,
  "runtime_seconds": 373.22154147550464,
  "runtime_per_step_seconds": 0.07464430829510092,
  "initial_objective": 0.3501364428140155,
  "final_objective": 0.3400376806947187,
  "best_objective": 0.3400376806947187,
  "objective_reduction": 0.010098762119296834,
  "initial_train_loss_history": 0.3493679347021484,
  "final_train_loss_history": 0.33557230060809096,
  "best_train_loss_history": 0.33557230060809096,
  "train_loss_reduction": 0.01379563409405743,
  "weight_norm": 8.930759028032812,
  "trace_s": 8.930759028032812,
  "top_eigenvalue": 2.75247465995733,
  "min_eigenvalue": 5.210209390895099e-13,
  "R1": 0.30820164907793074,
  "effective_rank": 9.32818589042131,
  "config_suffix": "cov_toeplitz_mask_random_rho_0p9_lambda_1e-05_beta_1_d_50_T_10_lr_0p001_iter_5000_ntrain_2500_seed_42"
}