{
  "alpha": null,
  "seed": 42,
  "n_train": 500,
  "n_population": 5000,
  "train_loss": 0.23146355030404686,
  "population_risk": 0.2300997458396028,
  "bayes_population_risk": 0.09750000000000003,
  "empirical_bayes_risk": 0.09768150180799559,
  "generalization_gap": -0.0013638044644440628,
  "excess_population_risk": 0.13259974583960277,
  "runtime_seconds": 13.823309764266014,
  "runtime_per_step_seconds": 0.013823309764266014,
  "initial_objective": 0.7404913619392336,
  "final_objective": 0.23147142283440414,
  "best_objective": 0.23147142283440414,
  "objective_reduction": 0.5090199391048295,
  "initial_train_loss_history": 0.23029785919963444,
  "final_train_loss_history": 0.23146355030404686,
  "best_train_loss_history": 0.2285998719766581,
  "train_loss_reduction": -0.0011656911044124196,
  "weight_norm": 1.5553445224709885e-05,
  "trace_s": 1.5553445224709885e-05,
  "top_eigenvalue": 4.74687794350779e-06,
  "min_eigenvalue": 2.5044612421138556e-15,
  "R1": 0.3051978436241501,
  "config_suffix": "cov_toeplitz_mask_last_rho_0p95_lambda_0p01_beta_1_d_50_T_5_lr_0p001_iter_1000_ntrain_500_seed_42"
}