{
  "alpha": null,
  "seed": 42,
  "n_train": 175,
  "n_population": 5000,
  "train_loss": 0.9190062724817657,
  "population_risk": 1.0243334127423307,
  "bayes_population_risk": 0.7459898192227884,
  "empirical_bayes_risk": 0.7468122443609102,
  "generalization_gap": 0.105327140260565,
  "excess_population_risk": 0.2783435935195423,
  "runtime_seconds": 31.315271470695734,
  "runtime_per_step_seconds": 0.006263054294139147,
  "initial_objective": 0.9740557153232122,
  "final_objective": 0.9320588208196477,
  "best_objective": 0.9320588208196477,
  "objective_reduction": 0.041996894503564475,
  "initial_train_loss_history": 0.9727174606228132,
  "final_train_loss_history": 0.9190062724817657,
  "best_train_loss_history": 0.9190040520609146,
  "train_loss_reduction": 0.05371118814104747,
  "weight_norm": 13.052547546615937,
  "trace_s": 13.052547546615934,
  "top_eigenvalue": 4.042986612635077,
  "min_eigenvalue": 7.087515239811352e-14,
  "R1": 0.3097469362356992,
  "effective_rank": 5.737635479433365,
  "config_suffix": "cov_matern_mask_random_rho_NA_lambda_1e-05_beta_1_d_100_T_5_lr_0p001_iter_5000_ntrain_175_seed_42",
  "ridge_lambda": 0.01,
  "ridge_train_loss": 0.7202994414423579,
  "ridge_population_risk": 0.7647584145098119,
  "ridge_generalization_gap": 0.044458973067453944,
  "ridge_excess_population_risk": 0.01876859528702346,
  "pca_n_components": 75,
  "pca_train_loss": 0.40783914175863206,
  "pca_population_risk": 1.1393170609458163,
  "pca_generalization_gap": 0.7314779191871843,
  "pca_excess_population_risk": 0.3933272417230279
}