{
  "alpha": null,
  "seed": 42,
  "n_train": 10000,
  "n_population": 5000,
  "train_loss": 0.5746102829951854,
  "population_risk": 0.5764420811937655,
  "bayes_population_risk": 0.3599999999999999,
  "empirical_bayes_risk": 0.3594035854903747,
  "generalization_gap": 0.001831798198580148,
  "excess_population_risk": 0.21644208119376562,
  "runtime_seconds": 128.6265389174223,
  "runtime_per_step_seconds": 0.1286265389174223,
  "initial_objective": 0.5907047316496037,
  "final_objective": 0.5774493866243033,
  "best_objective": 0.5774493866243033,
  "objective_reduction": 0.013255345025300347,
  "initial_train_loss_history": 0.5897293340422819,
  "final_train_loss_history": 0.5746102829951854,
  "best_train_loss_history": 0.5746102829951854,
  "train_loss_reduction": 0.015119051047096543,
  "weight_norm": 5.676817686761565,
  "trace_s": 5.6768176867615665,
  "top_eigenvalue": 0.5288443221898933,
  "min_eigenvalue": 1.5280880590646405e-08,
  "R1": 0.0931585883801002,
  "config_suffix": "cov_toeplitz_mask_last_rho_0p8_lambda_1e-05_beta_1_d_50_T_5_lr_0p001_iter_1000_ntrain_10000_seed_42"
}