{
  "alpha": null,
  "seed": 42,
  "n_train": 500,
  "n_population": 5000,
  "train_loss": 0.2334161853165058,
  "population_risk": 0.24580641218484198,
  "bayes_population_risk": 0.13898342541436456,
  "empirical_bayes_risk": 0.13915972101692195,
  "generalization_gap": 0.012390226868336185,
  "excess_population_risk": 0.10682298677047741,
  "runtime_seconds": 107.00346169248223,
  "runtime_per_step_seconds": 0.021400692338496445,
  "initial_objective": 0.29540079186289714,
  "final_objective": 0.24816703700444503,
  "best_objective": 0.24816703700444503,
  "objective_reduction": 0.047233754858452104,
  "initial_train_loss_history": 0.29313919605263616,
  "final_train_loss_history": 0.2334161853165058,
  "best_train_loss_history": 0.2334161853165058,
  "train_loss_reduction": 0.05972301073613037,
  "weight_norm": 14.750845203773498,
  "trace_s": 14.750845203773494,
  "top_eigenvalue": 4.024894622399298,
  "min_eigenvalue": 7.549496320252676e-13,
  "R1": 0.272858576359385,
  "effective_rank": 10.367172550031203,
  "config_suffix": "cov_toeplitz_mask_random_rho_0p9_lambda_1e-05_beta_1_d_100_T_5_lr_0p001_iter_5000_ntrain_500_seed_42"
}