{
  "alpha": 0.5,
  "seed": 0,
  "n_train": 1250,
  "n_population": 5000,
  "train_loss": 0.8745327436685184,
  "population_risk": 0.8688584601055751,
  "bayes_population_risk": 0.65,
  "empirical_bayes_risk": 0.6511502881237284,
  "weight_norm": 0.004418566791005711,
  "trace_s": 0.004418566791005711,
  "top_eigenvalue": 0.0004297083756768147,
  "R1": 0.09725062356226338
}