{
  "alpha": null,
  "seed": 42,
  "n_train": 2500,
  "n_population": 5000,
  "train_loss": 0.5761074309764103,
  "population_risk": 0.5806841568096635,
  "bayes_population_risk": 0.27570731707317064,
  "empirical_bayes_risk": 0.36029828504071937,
  "generalization_gap": 0.004576725833253192,
  "excess_population_risk": 0.3049768397364928,
  "runtime_seconds": 143.30488508753479,
  "runtime_per_step_seconds": 0.14330488508753478,
  "initial_objective": 0.5909727008181372,
  "final_objective": 0.5842251096633535,
  "best_objective": 0.5842251096633535,
  "objective_reduction": 0.006747591154783739,
  "initial_train_loss_history": 0.5880391618349579,
  "final_train_loss_history": 0.5761074309764103,
  "best_train_loss_history": 0.5761074309764103,
  "train_loss_reduction": 0.011931730858547596,
  "weight_norm": 4.058752291965984,
  "trace_s": 4.058752291965982,
  "top_eigenvalue": 0.5960930256637056,
  "min_eigenvalue": 3.003660097863723e-14,
  "R1": 0.14686607676049368
}