{
  "alpha": null,
  "seed": 42,
  "n_train": 1000,
  "n_population": 5000,
  "train_loss": 0.9646436914044435,
  "population_risk": 0.981972152807084,
  "bayes_population_risk": 0.7459898192227884,
  "empirical_bayes_risk": 0.7432953531443552,
  "generalization_gap": 0.01732846140264055,
  "excess_population_risk": 0.23598233358429566,
  "runtime_seconds": 62.50968295149505,
  "runtime_per_step_seconds": 0.012501936590299011,
  "initial_objective": 0.9734910755279728,
  "final_objective": 0.9654371002932115,
  "best_objective": 0.9654371002932115,
  "objective_reduction": 0.008053975234761257,
  "initial_train_loss_history": 0.9730381952024012,
  "final_train_loss_history": 0.9646436914044435,
  "best_train_loss_history": 0.9646436914044435,
  "train_loss_reduction": 0.008394503797957698,
  "weight_norm": 3.173635014372957,
  "trace_s": 3.173635014372958,
  "top_eigenvalue": 1.229022778722463,
  "min_eigenvalue": 2.6391842108867637e-14,
  "R1": 0.38726027824762066,
  "effective_rank": 4.436615644176579,
  "config_suffix": "cov_matern_mask_random_rho_NA_lambda_1e-05_beta_1_d_25_T_5_lr_0p001_iter_5000_ntrain_1000_seed_42"
}