{
  "alpha": null,
  "seed": 42,
  "n_train": 90,
  "n_population": 5000,
  "train_loss": 0.16414878342144879,
  "population_risk": 0.9627637606410036,
  "bayes_population_risk": 0.07006953088198194,
  "empirical_bayes_risk": 0.06960207470235955,
  "generalization_gap": 0.7986149772195548,
  "excess_population_risk": 0.8926942297590216,
  "runtime_seconds": 26.163332087919116,
  "runtime_per_step_seconds": 0.005232666417583823,
  "initial_objective": 0.3614692839044604,
  "final_objective": 0.20825901407459352,
  "best_objective": 0.20825901407459352,
  "objective_reduction": 0.1532102698298669,
  "initial_train_loss_history": 0.35942701536756483,
  "final_train_loss_history": 0.16414878342144879,
  "best_train_loss_history": 0.16414878342144879,
  "train_loss_reduction": 0.19527823194611604,
  "weight_norm": 44.1101959201614,
  "trace_s": 44.11019592016141,
  "top_eigenvalue": 23.952062124343755,
  "min_eigenvalue": 1.548549633493187e-15,
  "R1": 0.5430051176307747,
  "effective_rank": 4.147582603070387,
  "config_suffix": "cov_matern_mask_random_rho_NA_lambda_1e-05_beta_1_d_100_T_5_lr_0p001_iter_5000_ntrain_90_seed_42",
  "ridge_lambda": 0.01,
  "ridge_train_loss": 0.06711233798296065,
  "ridge_population_risk": 0.0729424163235538,
  "ridge_generalization_gap": 0.005830078340593153,
  "ridge_excess_population_risk": 0.002872885441571868,
  "pca_n_components": 75,
  "pca_train_loss": 0.03694990992526523,
  "pca_population_risk": 0.7004627934900453,
  "pca_generalization_gap": 0.66351288356478,
  "pca_excess_population_risk": 0.6303932626080633
}