{
  "alpha": null,
  "seed": 42,
  "n_train": 10,
  "n_population": 5000,
  "train_loss": 0.2029226852530776,
  "population_risk": 1.0240762854512853,
  "bayes_population_risk": 0.1214410313285021,
  "empirical_bayes_risk": 0.11990526783522111,
  "generalization_gap": 0.8211536001982076,
  "excess_population_risk": 0.9026352541227831,
  "runtime_seconds": 17.057110495865345,
  "runtime_per_step_seconds": 0.003411422099173069,
  "initial_objective": 0.5361508923926483,
  "final_objective": 0.2157721930716701,
  "best_objective": 0.2157721930716701,
  "objective_reduction": 0.3203786993209783,
  "initial_train_loss_history": 0.5352994790616625,
  "final_train_loss_history": 0.2029226852530776,
  "best_train_loss_history": 0.2029226852530776,
  "train_loss_reduction": 0.3323767938085849,
  "weight_norm": 51.39520494119909,
  "trace_s": 51.39520494119911,
  "top_eigenvalue": 34.872040091422335,
  "min_eigenvalue": 2.0017832616658533e-07,
  "R1": 0.678507657111576,
  "effective_rank": 2.9321972283631736,
  "config_suffix": "cov_toeplitz_bump_mask_random_rho_0p7_lambda_1e-05_beta_1_d_25_T_5_lr_0p001_iter_5000_ntrain_10_seed_42",
  "ridge_lambda": 0.01,
  "ridge_train_loss": 0.06386115053720189,
  "ridge_population_risk": 0.22751317761238735,
  "ridge_generalization_gap": 0.16365202707518545,
  "ridge_excess_population_risk": 0.10607214628388524,
  "pca_n_components": 62,
  "pca_train_loss": 1.6446489399859474e-16,
  "pca_population_risk": 1.0306420496497892,
  "pca_generalization_gap": 1.030642049649789,
  "pca_excess_population_risk": 0.9092010183212871
}