{
  "alpha": null,
  "seed": 42,
  "n_train": 2000,
  "n_population": 5000,
  "train_loss": 0.9912873818727834,
  "population_risk": 0.9908671493008369,
  "bayes_population_risk": 0.2928968253968254,
  "empirical_bayes_risk": 0.2924940064382888,
  "generalization_gap": -0.00042023257194656605,
  "excess_population_risk": 0.6979703239040115,
  "runtime_seconds": 274.52874852344394,
  "runtime_per_step_seconds": 0.05490574970468879,
  "initial_objective": 0.9946746143432814,
  "final_objective": 0.9920968873487466,
  "best_objective": 0.9920968873487466,
  "objective_reduction": 0.0025777269945348458,
  "initial_train_loss_history": 0.994108790440677,
  "final_train_loss_history": 0.9912873818727834,
  "best_train_loss_history": 0.9912862376373325,
  "train_loss_reduction": 0.0028214085678935907,
  "weight_norm": 1.619010925448217,
  "trace_s": 1.6190109254482172,
  "top_eigenvalue": 1.0381448558160602,
  "min_eigenvalue": 8.188334046821117e-17,
  "R1": 0.6412216492786504,
  "effective_rank": 2.4085339423002083,
  "config_suffix": "cov_tridiagonal_mask_random_rho_0p5_lambda_1e-05_beta_1_d_50_T_10_lr_0p001_iter_5000_ntrain_2000_seed_42"
}