{
  "alpha": null,
  "seed": 42,
  "n_train": 5000,
  "n_population": 5000,
  "train_loss": 1.0117342116257937,
  "population_risk": 1.0163487796877528,
  "bayes_population_risk": 0.8498899082568808,
  "empirical_bayes_risk": 0.8525433963896021,
  "generalization_gap": 0.004614568061959146,
  "excess_population_risk": 0.166458871430872,
  "runtime_seconds": 99.64023896679282,
  "runtime_per_step_seconds": 0.09964023896679282,
  "initial_objective": 1.0130074204377775,
  "final_objective": 1.0119918972572246,
  "best_objective": 1.0119918972572246,
  "objective_reduction": 0.0010155231805528686,
  "initial_train_loss_history": 1.0124348784610375,
  "final_train_loss_history": 1.0117342116257937,
  "best_train_loss_history": 1.0117283603924951,
  "train_loss_reduction": 0.000700666835243835,
  "weight_norm": 0.5153469890428707,
  "trace_s": 0.5153469890428705,
  "top_eigenvalue": 0.4484584987313612,
  "min_eigenvalue": 1.0034213785371925e-12,
  "R1": 0.8702068863626461
}