{
  "alpha": null,
  "seed": 42,
  "n_train": 10,
  "n_population": 5000,
  "train_loss": 0.888902890667157,
  "population_risk": 1.4602396379190268,
  "bayes_population_risk": 0.8444937602472408,
  "empirical_bayes_risk": 0.8468799067666092,
  "generalization_gap": 0.5713367472518698,
  "excess_population_risk": 0.615745877671786,
  "runtime_seconds": 28.157384078018367,
  "runtime_per_step_seconds": 0.002815738407801837,
  "initial_objective": 1.110344322019057,
  "final_objective": 0.8968253691022513,
  "best_objective": 0.8968253691022513,
  "objective_reduction": 0.21351895291680567,
  "initial_train_loss_history": 1.1052812204498492,
  "final_train_loss_history": 0.888902890667157,
  "best_train_loss_history": 0.888902711179124,
  "train_loss_reduction": 0.21637832978269222,
  "weight_norm": 15.844955545180735,
  "trace_s": 15.844955545180735,
  "top_eigenvalue": 11.363634049187365,
  "min_eigenvalue": 6.68963150622621e-15,
  "R1": 0.7171767706627381
}