{
  "alpha": null,
  "seed": 42,
  "n_train": 500,
  "n_population": 5000,
  "train_loss": 1.0566637382868878,
  "population_risk": 1.0634776565592414,
  "bayes_population_risk": 0.9675589362829065,
  "empirical_bayes_risk": 0.9643442462905482,
  "generalization_gap": 0.0068139182723536695,
  "excess_population_risk": 0.09591872027633497,
  "runtime_seconds": 33.80690370313823,
  "runtime_per_step_seconds": 0.006761380740627647,
  "initial_objective": 1.060053615645781,
  "final_objective": 1.0575169945110543,
  "best_objective": 1.0575169945110543,
  "objective_reduction": 0.0025366211347266354,
  "initial_train_loss_history": 1.0594697621920035,
  "final_train_loss_history": 1.0566637382868878,
  "best_train_loss_history": 1.05666373740971,
  "train_loss_reduction": 0.002806023905115751,
  "weight_norm": 1.7065124481629474,
  "trace_s": 1.7065124481629472,
  "top_eigenvalue": 1.0025238425707268,
  "min_eigenvalue": -3.0541431391682e-17,
  "R1": 0.5874693991537764,
  "effective_rank": 2.6108854657456226,
  "config_suffix": "cov_exponential_mask_random_rho_NA_lambda_1e-05_beta_1_d_50_T_10_lr_0p001_iter_5000_ntrain_500_seed_42",
  "ridge_lambda": 0.01,
  "ridge_train_loss": 0.9473131902632331,
  "ridge_population_risk": 0.9833041318938597,
  "ridge_generalization_gap": 0.03599094163062655,
  "ridge_excess_population_risk": 0.015745195610953222,
  "pca_n_components": 75,
  "pca_train_loss": 0.7853186252416626,
  "pca_population_risk": 1.1847791410601944,
  "pca_generalization_gap": 0.3994605158185318,
  "pca_excess_population_risk": 0.21722020477728798
}