{
  "alpha": null,
  "seed": 42,
  "n_train": 1250,
  "n_population": 5000,
  "train_loss": 0.23097898979430506,
  "population_risk": 0.2347928606832537,
  "bayes_population_risk": 0.13898342541436456,
  "empirical_bayes_risk": 0.13977127800472136,
  "generalization_gap": 0.003813870888948634,
  "excess_population_risk": 0.09580943526888913,
  "runtime_seconds": 54.34673113748431,
  "runtime_per_step_seconds": 0.010869346227496862,
  "initial_objective": 0.2916050050381207,
  "final_objective": 0.23438345021668894,
  "best_objective": 0.23438345021668894,
  "objective_reduction": 0.057221554821431764,
  "initial_train_loss_history": 0.29069479332829035,
  "final_train_loss_history": 0.23097898979430506,
  "best_train_loss_history": 0.23097898979430506,
  "train_loss_reduction": 0.059715803533985284,
  "weight_norm": 13.617428192402935,
  "trace_s": 13.617428192402937,
  "top_eigenvalue": 2.557471069580445,
  "min_eigenvalue": 5.164388245801369e-08,
  "R1": 0.18780866940845992,
  "effective_rank": 10.900366014564172,
  "config_suffix": "cov_toeplitz_mask_random_rho_0p9_lambda_1e-05_beta_1_d_25_T_5_lr_0p001_iter_5000_ntrain_1250_seed_42"
}