{
  "alpha": null,
  "seed": 42,
  "n_train": 300,
  "n_population": 5000,
  "train_loss": 1.2238537151780338,
  "population_risk": 1.2025140082702674,
  "bayes_population_risk": 1.0,
  "empirical_bayes_risk": 0.9987788277659584,
  "generalization_gap": -0.02133970690776632,
  "excess_population_risk": 0.20251400827026744,
  "runtime_seconds": 31.185259398072958,
  "runtime_per_step_seconds": 0.006237051879614592,
  "initial_objective": 1.2317369981225796,
  "final_objective": 1.2243793274038048,
  "best_objective": 1.2243793274038048,
  "objective_reduction": 0.0073576707187748,
  "initial_train_loss_history": 1.2313692335586452,
  "final_train_loss_history": 1.2238537151780338,
  "best_train_loss_history": 1.2238528542342677,
  "train_loss_reduction": 0.007515518380611486,
  "weight_norm": 2.102448779052209,
  "trace_s": 2.1024487790522084,
  "top_eigenvalue": 0.9919636185175222,
  "min_eigenvalue": 4.0264583232814237e-16,
  "R1": 0.47181345315090306,
  "effective_rank": 3.5714937796805413,
  "config_suffix": "cov_identity_mask_random_rho_NA_lambda_1e-05_beta_1_d_25_T_5_lr_0p001_iter_5000_ntrain_300_seed_42"
}