{
  "alpha": null,
  "seed": 42,
  "n_train": 100,
  "n_population": 5000,
  "train_loss": 0.5527389408352452,
  "population_risk": 0.5941960002022728,
  "bayes_population_risk": 0.27570731707317064,
  "empirical_bayes_risk": 0.3601315060396694,
  "generalization_gap": 0.04145705936702759,
  "excess_population_risk": 0.31848868312910217,
  "runtime_seconds": 29.452162612229586,
  "runtime_per_step_seconds": 0.0029452162612229587,
  "initial_objective": 0.6007789520405066,
  "final_objective": 0.5800737800239317,
  "best_objective": 0.5800705174944083,
  "objective_reduction": 0.020705172016574847,
  "initial_train_loss_history": 0.5924757245478856,
  "final_train_loss_history": 0.5527389408352452,
  "best_train_loss_history": 0.5527275869617272,
  "train_loss_reduction": 0.03973678371264033,
  "weight_norm": 5.467112016543134,
  "trace_s": 5.467112016543134,
  "top_eigenvalue": 3.201149914371835,
  "min_eigenvalue": 1.3317008764624913e-16,
  "R1": 0.5855285029253762
}