{
  "alpha": null,
  "seed": 42,
  "n_train": 1000,
  "n_population": 5000,
  "train_loss": 0.9547344090209424,
  "population_risk": 0.9771341969583047,
  "bayes_population_risk": 0.45666666666666667,
  "empirical_bayes_risk": 0.45576574275415643,
  "generalization_gap": 0.022399787937362303,
  "excess_population_risk": 0.5204675302916381,
  "runtime_seconds": 22.623389748856425,
  "runtime_per_step_seconds": 0.0045246779497712854,
  "initial_objective": 0.9652933517754984,
  "final_objective": 0.9556278131990517,
  "best_objective": 0.9556278131990517,
  "objective_reduction": 0.009665538576446697,
  "initial_train_loss_history": 0.9648290808952118,
  "final_train_loss_history": 0.9547344090209424,
  "best_train_loss_history": 0.9547344090209424,
  "train_loss_reduction": 0.010094671874269379,
  "weight_norm": 3.5736158634899176,
  "trace_s": 3.573615863489918,
  "top_eigenvalue": 1.3010165007522638,
  "min_eigenvalue": 2.3781422248183498e-14,
  "R1": 0.36406165364447385,
  "effective_rank": 4.39800980493143,
  "config_suffix": "cov_tridiagonal_mask_random_rho_0p5_lambda_1e-05_beta_1_d_25_T_5_lr_0p001_iter_5000_ntrain_1000_seed_42",
  "ridge_lambda": 0.01,
  "ridge_train_loss": 0.45495568964574884,
  "ridge_population_risk": 0.4577129044598896,
  "ridge_generalization_gap": 0.0027572148141407626,
  "ridge_excess_population_risk": 0.0010462377932229372,
  "pca_n_components": 62,
  "pca_train_loss": 0.7679342140326754,
  "pca_population_risk": 0.9591644972043563,
  "pca_generalization_gap": 0.1912302831716809,
  "pca_excess_population_risk": 0.5024978305376896
}