{
  "alpha": null,
  "seed": 42,
  "n_train": 5000,
  "n_population": 5000,
  "train_loss": 1.117744373317877,
  "population_risk": 1.122702811220696,
  "bayes_population_risk": 0.6,
  "empirical_bayes_risk": 0.5998736927208341,
  "generalization_gap": 0.004958437902819135,
  "excess_population_risk": 0.5227028112206961,
  "runtime_seconds": 77.27671415172517,
  "runtime_per_step_seconds": 0.07727671415172517,
  "initial_objective": 1.1201148930637788,
  "final_objective": 1.1178887741290973,
  "best_objective": 1.1178887741290973,
  "objective_reduction": 0.002226118934681498,
  "initial_train_loss_history": 1.119547487484056,
  "final_train_loss_history": 1.117744373317877,
  "best_train_loss_history": 1.1177427041476857,
  "train_loss_reduction": 0.001803114166179176,
  "weight_norm": 0.2887829539661894,
  "trace_s": 0.28878295396618947,
  "top_eigenvalue": 0.2805047813390068,
  "min_eigenvalue": 2.384354740024591e-12,
  "R1": 0.9713342754013381,
  "config_suffix": "cov_tridiagonal_mask_last_rho_0p5_lambda_1e-05_beta_1_d_50_T_5_lr_0p001_iter_1000_ntrain_5000_seed_42"
}