{
  "alpha": null,
  "seed": 42,
  "n_train": 1500,
  "n_population": 5000,
  "train_loss": 0.9681190041360676,
  "population_risk": 0.9719612877967091,
  "bayes_population_risk": 0.45666666666666667,
  "empirical_bayes_risk": 0.4538675590153929,
  "generalization_gap": 0.0038422836606415434,
  "excess_population_risk": 0.5152946211300424,
  "runtime_seconds": 89.1892800424248,
  "runtime_per_step_seconds": 0.01783785600848496,
  "initial_objective": 0.9784578978485686,
  "final_objective": 0.9689596089515519,
  "best_objective": 0.9689596089515519,
  "objective_reduction": 0.00949828889701676,
  "initial_train_loss_history": 0.9779936340474724,
  "final_train_loss_history": 0.9681190041360676,
  "best_train_loss_history": 0.9681189639137898,
  "train_loss_reduction": 0.009874629911404864,
  "weight_norm": 3.3624186286318705,
  "trace_s": 3.3624186286318714,
  "top_eigenvalue": 1.2834223251649808,
  "min_eigenvalue": 4.2740092145176995e-16,
  "R1": 0.3816961737709591,
  "effective_rank": 5.008645242484889,
  "config_suffix": "cov_tridiagonal_mask_random_rho_0p5_lambda_1e-05_beta_1_d_25_T_5_lr_0p001_iter_5000_ntrain_1500_seed_42"
}