{
  "alpha": null,
  "seed": 42,
  "n_train": 175,
  "n_population": 5000,
  "train_loss": 1.090805059060773,
  "population_risk": 1.1093071216774175,
  "bayes_population_risk": 1.0,
  "empirical_bayes_risk": 1.0031651570017024,
  "generalization_gap": 0.018502062616644555,
  "excess_population_risk": 0.10930712167741752,
  "runtime_seconds": 53.86580057255924,
  "runtime_per_step_seconds": 0.010773160114511848,
  "initial_objective": 1.0983609110414716,
  "final_objective": 1.092970818567343,
  "best_objective": 1.092970818567343,
  "objective_reduction": 0.005390092474128583,
  "initial_train_loss_history": 1.097811419814138,
  "final_train_loss_history": 1.090805059060773,
  "best_train_loss_history": 1.090804056498911,
  "train_loss_reduction": 0.007006360753365026,
  "weight_norm": 4.331519012640828,
  "trace_s": 4.331519012640828,
  "top_eigenvalue": 1.6265298963632195,
  "min_eigenvalue": 5.015748212831539e-18,
  "R1": 0.37551027517516566,
  "effective_rank": 4.266648710052702,
  "config_suffix": "cov_identity_mask_random_rho_NA_lambda_1e-05_beta_1_d_50_T_10_lr_0p001_iter_5000_ntrain_175_seed_42"
}