{
  "alpha": null,
  "seed": 42,
  "n_train": 1500,
  "n_population": 5000,
  "train_loss": 0.5747527577424213,
  "population_risk": 0.5802249758650055,
  "bayes_population_risk": 0.27570731707317064,
  "empirical_bayes_risk": 0.3602660947945416,
  "generalization_gap": 0.005472218122584249,
  "excess_population_risk": 0.3045176587918349,
  "runtime_seconds": 804.1787143573165,
  "runtime_per_step_seconds": 0.08041787143573165,
  "initial_objective": 0.5920084932618086,
  "final_objective": 0.5841477396773708,
  "best_objective": 0.5841477374507762,
  "objective_reduction": 0.00786075358443783,
  "initial_train_loss_history": 0.5890752061821931,
  "final_train_loss_history": 0.5747527577424213,
  "best_train_loss_history": 0.5747490862289097,
  "train_loss_reduction": 0.014322448439771818,
  "weight_norm": 4.6974904804199085,
  "trace_s": 4.6974904804199085,
  "top_eigenvalue": 1.2483188930818845,
  "min_eigenvalue": -1.4941530433934098e-16,
  "R1": 0.2657416546739436
}