{
  "alpha": null,
  "seed": 42,
  "n_train": 100,
  "n_population": 5000,
  "train_loss": 0.23307028317034387,
  "population_risk": 0.23009756652972266,
  "bayes_population_risk": 0.09750000000000003,
  "empirical_bayes_risk": 0.09758998499756451,
  "generalization_gap": -0.002972716640621209,
  "excess_population_risk": 0.13259756652972263,
  "runtime_seconds": 8.554343910887837,
  "runtime_per_step_seconds": 0.008554343910887838,
  "initial_objective": 0.7412921447136548,
  "final_objective": 0.23307814926612128,
  "best_objective": 0.23307814926612128,
  "objective_reduction": 0.5082139954475335,
  "initial_train_loss_history": 0.23110884343608462,
  "final_train_loss_history": 0.23307028317034387,
  "best_train_loss_history": 0.22975106488466315,
  "train_loss_reduction": -0.001961439734259246,
  "weight_norm": 1.554088955338151e-05,
  "trace_s": 1.554088955338151e-05,
  "top_eigenvalue": 4.704596699324882e-06,
  "min_eigenvalue": 4.1893528493935754e-15,
  "R1": 0.30272377158109454,
  "config_suffix": "cov_toeplitz_mask_last_rho_0p95_lambda_0p01_beta_1_d_50_T_5_lr_0p001_iter_1000_ntrain_100_seed_42"
}