{
  "alpha": null,
  "seed": 42,
  "n_train": 1750,
  "n_population": 5000,
  "train_loss": 0.7286565242364321,
  "population_risk": 0.7215318591556205,
  "bayes_population_risk": 0.5301185178874289,
  "empirical_bayes_risk": 0.5261613754097808,
  "generalization_gap": -0.007124665080811665,
  "excess_population_risk": 0.19141334126819154,
  "runtime_seconds": 30.95338800922036,
  "runtime_per_step_seconds": 0.006190677601844072,
  "initial_objective": 0.749221625442491,
  "final_objective": 0.7301172202660343,
  "best_objective": 0.7301172202660343,
  "objective_reduction": 0.01910440517645673,
  "initial_train_loss_history": 0.7485585704943662,
  "final_train_loss_history": 0.7286565242364321,
  "best_train_loss_history": 0.7286565242364321,
  "train_loss_reduction": 0.019902046257934125,
  "weight_norm": 5.842779533229001,
  "trace_s": 5.842779533229001,
  "top_eigenvalue": 1.350310367001676,
  "min_eigenvalue": 1.4794405982867343e-14,
  "R1": 0.2311075335501202,
  "effective_rank": 6.9655703655597305,
  "config_suffix": "cov_exponential_mask_random_rho_NA_lambda_1e-05_beta_1_d_25_T_5_lr_0p001_iter_5000_ntrain_1750_seed_42",
  "ridge_lambda": 0.01,
  "ridge_train_loss": 0.533187511428807,
  "ridge_population_risk": 0.5273610694994872,
  "ridge_generalization_gap": -0.005826441929319803,
  "ridge_excess_population_risk": -0.0027574483879416745,
  "pca_n_components": 62,
  "pca_train_loss": 0.7538505071743234,
  "pca_population_risk": 0.8437359165826321,
  "pca_generalization_gap": 0.08988540940830869,
  "pca_excess_population_risk": 0.3136173986952032
}