{
  "alpha": null,
  "seed": 42,
  "n_train": 1750,
  "n_population": 5000,
  "train_loss": 0.9767198951456888,
  "population_risk": 0.9745394445915581,
  "bayes_population_risk": 0.7822082681172894,
  "empirical_bayes_risk": 0.7773930712271417,
  "generalization_gap": -0.0021804505541307417,
  "excess_population_risk": 0.19233117647426867,
  "runtime_seconds": 194.19871288351715,
  "runtime_per_step_seconds": 0.03883974257670343,
  "initial_objective": 0.9802523786232513,
  "final_objective": 0.9771144102508733,
  "best_objective": 0.9771144102508733,
  "objective_reduction": 0.0031379683723780083,
  "initial_train_loss_history": 0.9798797917087639,
  "final_train_loss_history": 0.9767198951456888,
  "best_train_loss_history": 0.9767198951456888,
  "train_loss_reduction": 0.0031598965630751374,
  "weight_norm": 1.5780599605438794,
  "trace_s": 1.57805996054388,
  "top_eigenvalue": 0.7543586778787776,
  "min_eigenvalue": -2.1158261675413285e-18,
  "R1": 0.4780291603234057,
  "effective_rank": 2.8269097897306033,
  "config_suffix": "cov_exponential_mask_random_rho_NA_lambda_1e-05_beta_1_d_25_T_10_lr_0p001_iter_5000_ntrain_1750_seed_42"
}