{
  "alpha": null,
  "seed": 42,
  "n_train": 10,
  "n_population": 5000,
  "train_loss": 0.8930893413671528,
  "population_risk": 1.3608908095407606,
  "bayes_population_risk": 0.8444937602472408,
  "empirical_bayes_risk": 0.8468799067666092,
  "generalization_gap": 0.4678014681736078,
  "excess_population_risk": 0.5163970492935198,
  "runtime_seconds": 5.418711809441447,
  "runtime_per_step_seconds": 0.0054187118094414476,
  "initial_objective": 1.110344322019057,
  "final_objective": 0.9007710299351503,
  "best_objective": 0.9007710299351503,
  "objective_reduction": 0.20957329208390663,
  "initial_train_loss_history": 1.1093339719578088,
  "final_train_loss_history": 0.8930893413671528,
  "best_train_loss_history": 0.8930893413671528,
  "train_loss_reduction": 0.21624463059065602,
  "weight_norm": 15.344006584514286,
  "trace_s": 15.344006584514288,
  "top_eigenvalue": 9.366757231367195,
  "min_eigenvalue": 1.1943176852729253e-06,
  "R1": 0.610450548217338
}