{
  "alpha": null,
  "seed": 42,
  "n_train": 1750,
  "n_population": 5000,
  "train_loss": 0.48461498867684,
  "population_risk": 0.5013292038141586,
  "bayes_population_risk": 0.1134751381215469,
  "empirical_bayes_risk": 0.11316352648911938,
  "generalization_gap": 0.016714215137318578,
  "excess_population_risk": 0.38785406569261166,
  "runtime_seconds": 284.4343587420881,
  "runtime_per_step_seconds": 0.05688687174841762,
  "initial_objective": 0.4953862765476638,
  "final_objective": 0.48831189625576804,
  "best_objective": 0.48831189625576804,
  "objective_reduction": 0.0070743802918957766,
  "initial_train_loss_history": 0.49432870680916535,
  "final_train_loss_history": 0.48461498867684,
  "best_train_loss_history": 0.48459891606759214,
  "train_loss_reduction": 0.009713718132325355,
  "weight_norm": 3.6969075789067882,
  "trace_s": 3.6969075789067882,
  "top_eigenvalue": 3.6969075038146753,
  "min_eigenvalue": -2.5228424363358844e-16,
  "R1": 0.9999999796878578,
  "effective_rank": 1.0000003803708362,
  "config_suffix": "cov_toeplitz_mask_random_rho_0p9_lambda_1e-05_beta_1_d_100_T_20_lr_0p001_iter_5000_ntrain_1750_seed_42"
}