{
  "alpha": null,
  "seed": 42,
  "n_train": 6000,
  "n_population": 5000,
  "train_loss": 0.573402921000071,
  "population_risk": 0.5751494022417926,
  "bayes_population_risk": 0.3599999999999999,
  "empirical_bayes_risk": 0.3593780811182827,
  "generalization_gap": 0.0017464812417216091,
  "excess_population_risk": 0.2151494022417927,
  "runtime_seconds": 890.4072398003191,
  "runtime_per_step_seconds": 0.0890407239800319,
  "initial_objective": 0.5901184265412587,
  "final_objective": 0.5763813906197244,
  "best_objective": 0.5763813906197244,
  "objective_reduction": 0.013737035921534302,
  "initial_train_loss_history": 0.5891492727622126,
  "final_train_loss_history": 0.573402921000071,
  "best_train_loss_history": 0.5734028365042182,
  "train_loss_reduction": 0.015746351762141675,
  "weight_norm": 5.956939238356622,
  "trace_s": 5.956939238356623,
  "top_eigenvalue": 0.748852478491991,
  "min_eigenvalue": 5.800084583250291e-17,
  "R1": 0.12571094794288712,
  "config_suffix": "cov_toeplitz_mask_last_rho_0p8_lambda_1e-05_beta_1_d_50_T_5_lr_0p001_iter_10000_ntrain_6000_seed_42"
}