{
  "alpha": null,
  "seed": 42,
  "n_train": 5000,
  "n_population": 5000,
  "train_loss": 1.0310162982728819,
  "population_risk": 1.0226775306468594,
  "bayes_population_risk": 0.8649174311926606,
  "empirical_bayes_risk": 0.8647891091065254,
  "generalization_gap": -0.00833876762602248,
  "excess_population_risk": 0.15776009945419878,
  "runtime_seconds": 558.446582255885,
  "runtime_per_step_seconds": 0.0558446582255885,
  "initial_objective": 1.0364350787520584,
  "final_objective": 1.0310164318134494,
  "best_objective": 1.0310162617558791,
  "objective_reduction": 0.005418646938609051,
  "initial_train_loss_history": 1.0300547230722605,
  "final_train_loss_history": 1.0310162982728819,
  "best_train_loss_history": 1.0296470542626515,
  "train_loss_reduction": -0.0009615752006213452,
  "weight_norm": 2.759045030704e-07,
  "trace_s": 2.759045030704e-07,
  "top_eigenvalue": 2.7590450255122443e-07,
  "min_eigenvalue": -3.9666772916467123e-23,
  "R1": 0.9999999981182784
}