{
  "alpha": null,
  "seed": 42,
  "n_train": 5000,
  "n_population": 5000,
  "train_loss": 0.32832746047527056,
  "population_risk": 0.32963983366578703,
  "bayes_population_risk": 0.18999999999999984,
  "empirical_bayes_risk": 0.19022685516595203,
  "generalization_gap": 0.0013123731905164693,
  "excess_population_risk": 0.1396398336657872,
  "runtime_seconds": 86.92697623185813,
  "runtime_per_step_seconds": 0.08692697623185813,
  "initial_objective": 0.3645464014703131,
  "final_objective": 0.333246794957306,
  "best_objective": 0.333246794957306,
  "objective_reduction": 0.03129960651300706,
  "initial_train_loss_history": 0.3633144889021077,
  "final_train_loss_history": 0.32832746047527056,
  "best_train_loss_history": 0.32832746047527056,
  "train_loss_reduction": 0.03498702842683715,
  "weight_norm": 9.837255990713821,
  "trace_s": 9.83725599071382,
  "top_eigenvalue": 0.7330967644357088,
  "min_eigenvalue": 1.677640564383026e-09,
  "R1": 0.07452248524667224,
  "config_suffix": "cov_toeplitz_mask_last_rho_0p9_lambda_1e-05_beta_1_d_50_T_5_lr_0p001_iter_1000_ntrain_5000_seed_42"
}