{
  "alpha": null,
  "seed": 42,
  "n_train": 1000,
  "n_population": 5000,
  "train_loss": 0.9721525971009454,
  "population_risk": 0.9825006001002959,
  "bayes_population_risk": 0.45666666666666667,
  "empirical_bayes_risk": 0.4600871723792077,
  "generalization_gap": 0.01034800299935057,
  "excess_population_risk": 0.5258339334336293,
  "runtime_seconds": 143.20107051730156,
  "runtime_per_step_seconds": 0.014320107051730155,
  "initial_objective": 0.9812267905618198,
  "final_objective": 0.9751180107920804,
  "best_objective": 0.9751178456158478,
  "objective_reduction": 0.0061087797697394475,
  "initial_train_loss_history": 0.9744106865250467,
  "final_train_loss_history": 0.9721525971009454,
  "best_train_loss_history": 0.9720285832852588,
  "train_loss_reduction": 0.0022580894241013283,
  "weight_norm": 0.5930785364455027,
  "trace_s": 0.5930785364455028,
  "top_eigenvalue": 0.5930777526146266,
  "min_eigenvalue": -7.145436495832829e-17,
  "R1": 0.9999986783691739
}