{
  "alpha": null,
  "seed": 42,
  "n_train": 1000,
  "n_population": 5000,
  "train_loss": 0.6559065776869188,
  "population_risk": 0.6746973694649804,
  "bayes_population_risk": 0.2921672002085666,
  "empirical_bayes_risk": 0.2955490040284288,
  "generalization_gap": 0.018790791778061533,
  "excess_population_risk": 0.38253016925641375,
  "runtime_seconds": 73.79201251640916,
  "runtime_per_step_seconds": 0.014758402503281831,
  "initial_objective": 0.6953366437053904,
  "final_objective": 0.6618302692302686,
  "best_objective": 0.6618302692302686,
  "objective_reduction": 0.033506374475121836,
  "initial_train_loss_history": 0.6942408044071499,
  "final_train_loss_history": 0.6559065776869188,
  "best_train_loss_history": 0.6559065776869188,
  "train_loss_reduction": 0.03833422672023101,
  "weight_norm": 11.847377372832218,
  "trace_s": 11.847377372832215,
  "top_eigenvalue": 3.10044985840796,
  "min_eigenvalue": 1.324053135550843e-13,
  "R1": 0.2616992572143224,
  "effective_rank": 8.37354661543878,
  "config_suffix": "cov_matern_mask_random_rho_NA_lambda_1e-05_beta_1_d_50_T_5_lr_0p001_iter_5000_ntrain_1000_seed_42"
}