{
  "alpha": null,
  "seed": 42,
  "n_train": 5000,
  "n_population": 5000,
  "train_loss": 0.5778498743663666,
  "population_risk": 0.581952226447728,
  "bayes_population_risk": 0.27570731707317064,
  "empirical_bayes_risk": 0.36009320091209523,
  "generalization_gap": 0.004102352081361449,
  "excess_population_risk": 0.3062449093745574,
  "runtime_seconds": 2363.462274702266,
  "runtime_per_step_seconds": 0.2363462274702266,
  "initial_objective": 0.5909595159694636,
  "final_objective": 0.5852429995122714,
  "best_objective": 0.5852429687056752,
  "objective_reduction": 0.005716516457192178,
  "initial_train_loss_history": 0.5880332933871963,
  "final_train_loss_history": 0.5778498743663666,
  "best_train_loss_history": 0.5778368756068089,
  "train_loss_reduction": 0.010183419020829754,
  "weight_norm": 3.6965630779417693,
  "trace_s": 3.69656307794177,
  "top_eigenvalue": 0.46934534456807425,
  "min_eigenvalue": -4.475040437846701e-17,
  "R1": 0.1269680334602605
}