{
  "alpha": null,
  "seed": 42,
  "n_train": 5000,
  "n_population": 5000,
  "train_loss": 0.5751553684913239,
  "population_risk": 0.5767156711018985,
  "bayes_population_risk": 0.27570731707317064,
  "empirical_bayes_risk": 0.35976323402891713,
  "generalization_gap": 0.0015603026105746043,
  "excess_population_risk": 0.30100835402872783,
  "runtime_seconds": 96.36721391789615,
  "runtime_per_step_seconds": 0.09636721391789616,
  "initial_objective": 0.5924458515089833,
  "final_objective": 0.5814397280180292,
  "best_objective": 0.5814397280180292,
  "objective_reduction": 0.01100612349095409,
  "initial_train_loss_history": 0.5907759405401293,
  "final_train_loss_history": 0.5751553684913239,
  "best_train_loss_history": 0.5751553684913239,
  "train_loss_reduction": 0.015620572048805403,
  "weight_norm": 6.2834974568092585,
  "trace_s": 6.283497456809259,
  "top_eigenvalue": 0.7565013441007229,
  "min_eigenvalue": 9.821643003964319e-11,
  "R1": 0.12039494712947203
}