{
  "alpha": 1.0,
  "seed": 0,
  "n_train": 2500,
  "n_population": 5000,
  "train_loss": 0.8531873782781909,
  "population_risk": 0.8484366801521792,
  "bayes_population_risk": 0.675,
  "empirical_bayes_risk": 0.6734119966296875,
  "weight_norm": 0.004415559863743935,
  "trace_s": 0.004415559863743935,
  "top_eigenvalue": 0.0004278690522977709,
  "R1": 0.09690029475333223
}