{
  "alpha": null,
  "seed": 42,
  "n_train": 9000,
  "n_population": 5000,
  "train_loss": 0.3287862968785127,
  "population_risk": 0.3303457109630577,
  "bayes_population_risk": 0.13898342541436456,
  "empirical_bayes_risk": 0.18990349187882558,
  "generalization_gap": 0.0015594140845450188,
  "excess_population_risk": 0.19136228554869314,
  "runtime_seconds": 147.5105991344899,
  "runtime_per_step_seconds": 0.14751059913448988,
  "initial_objective": 0.3650994751041243,
  "final_objective": 0.3337247264021933,
  "best_objective": 0.3337247264021933,
  "objective_reduction": 0.03137474870193102,
  "initial_train_loss_history": 0.3638645925639598,
  "final_train_loss_history": 0.3287862968785127,
  "best_train_loss_history": 0.3287862968785127,
  "train_loss_reduction": 0.035078295685447125,
  "weight_norm": 9.875819462125143,
  "trace_s": 9.875819462125145,
  "top_eigenvalue": 0.7459595563764794,
  "min_eigenvalue": 8.589523599091439e-10,
  "R1": 0.07553394016945293
}