{
  "alpha": 5.0,
  "seed": 0,
  "n_train": 12500,
  "n_population": 5000,
  "train_loss": 1.0782908085106049,
  "population_risk": 1.0763625920229514,
  "bayes_population_risk": 0.9353846153846154,
  "empirical_bayes_risk": 0.9335338891160405,
  "weight_norm": 0.004415414737234823,
  "trace_s": 0.004415414737234823,
  "top_eigenvalue": 0.0004276014923092229,
  "R1": 0.09684288289009305
}