{
  "alpha": null,
  "seed": 42,
  "n_train": 10000,
  "n_population": 5000,
  "train_loss": 0.4283556416180559,
  "population_risk": 0.4291358025539006,
  "bayes_population_risk": 0.27570731707317064,
  "empirical_bayes_risk": 0.27478688110546007,
  "generalization_gap": 0.0007801609358447092,
  "excess_population_risk": 0.15342848548072996,
  "runtime_seconds": 224.06259943544865,
  "runtime_per_step_seconds": 0.22406259943544865,
  "initial_objective": 0.4658903205597904,
  "final_objective": 0.43944154359328225,
  "best_objective": 0.43944154359328225,
  "objective_reduction": 0.02644877696650816,
  "initial_train_loss_history": 0.4638518985492872,
  "final_train_loss_history": 0.4283556416180559,
  "best_train_loss_history": 0.4283556416180559,
  "train_loss_reduction": 0.03549625693123132,
  "weight_norm": 11.08499596329603,
  "trace_s": 11.084995963296027,
  "top_eigenvalue": 0.5759439925417904,
  "min_eigenvalue": 7.434598661569664e-12,
  "R1": 0.05195707733668298
}