{
  "alpha": 2.0,
  "seed": 0,
  "n_train": 5000,
  "n_population": 5000,
  "train_loss": 0.8469503919434246,
  "population_risk": 0.846044995154047,
  "bayes_population_risk": 0.66,
  "empirical_bayes_risk": 0.6601247920553202,
  "generalization_gap": -0.0009053967893776216,
  "excess_population_risk": 0.18604499515404693,
  "runtime_seconds": 62.602788541000336,
  "runtime_per_step_seconds": 0.06260278854100033,
  "initial_objective": 0.8697311070214819,
  "final_objective": 0.8502304875603883,
  "best_objective": 0.8502304875603883,
  "objective_reduction": 0.019500619461093605,
  "initial_train_loss_history": 1.9955265301685592,
  "final_train_loss_history": 0.8469503919434246,
  "best_train_loss_history": 0.8469503919434246,
  "train_loss_reduction": 1.1485761382251347,
  "weight_norm": 0.6560121582287265,
  "trace_s": 0.6560121582287266,
  "top_eigenvalue": 0.1250755238447861,
  "min_eigenvalue": 4.6081243909444726e-17,
  "R1": 0.19066037462247318
}