{
  "alpha": null,
  "seed": 42,
  "n_train": 500,
  "n_population": 5000,
  "train_loss": 0.5789675863072004,
  "population_risk": 0.582284348346479,
  "bayes_population_risk": 0.27570731707317064,
  "empirical_bayes_risk": 0.3604419014440437,
  "generalization_gap": 0.0033167620392786645,
  "excess_population_risk": 0.3065770312733084,
  "runtime_seconds": 72.13626992888749,
  "runtime_per_step_seconds": 0.0072136269928887485,
  "initial_objective": 0.5964096649849309,
  "final_objective": 0.5878674981808313,
  "best_objective": 0.5878636289239139,
  "objective_reduction": 0.008542166804099582,
  "initial_train_loss_history": 0.588114178666393,
  "final_train_loss_history": 0.5789675863072004,
  "best_train_loss_history": 0.5789580674729399,
  "train_loss_reduction": 0.009146592359192685,
  "weight_norm": 1.7798311427456548,
  "trace_s": 1.7798311427456548,
  "top_eigenvalue": 0.5801799011305644,
  "min_eigenvalue": -5.972584761849988e-18,
  "R1": 0.32597468782097516
}