{
  "alpha": null,
  "seed": 42,
  "n_train": 750,
  "n_population": 5000,
  "train_loss": 0.14578412022773207,
  "population_risk": 0.15873385566938028,
  "bayes_population_risk": 0.010443997575880022,
  "empirical_bayes_risk": 0.010454138524435134,
  "generalization_gap": 0.012949735441648208,
  "excess_population_risk": 0.14828985809350026,
  "runtime_seconds": 389.4140048734844,
  "runtime_per_step_seconds": 0.07788280097469688,
  "initial_objective": 0.15309618308052297,
  "final_objective": 0.14929299899773962,
  "best_objective": 0.14929295251057112,
  "objective_reduction": 0.0038031840827833507,
  "initial_train_loss_history": 0.15206115700305733,
  "final_train_loss_history": 0.14578412022773207,
  "best_train_loss_history": 0.14578297587027508,
  "train_loss_reduction": 0.006277036775325262,
  "weight_norm": 3.5089430606359877,
  "trace_s": 3.508943060635988,
  "top_eigenvalue": 3.5089430332232663,
  "min_eigenvalue": 5.092870914579547e-14,
  "R1": 0.9999999921877551,
  "effective_rank": 1.0000001814447155,
  "config_suffix": "cov_toeplitz_mask_random_rho_0p99_lambda_1e-05_beta_1_d_100_T_50_lr_0p001_iter_5000_ntrain_750_seed_42"
}