{
  "alpha": null,
  "seed": 42,
  "n_train": 50,
  "n_population": 5000,
  "train_loss": 0.7504385792832738,
  "population_risk": 1.1143012834777517,
  "bayes_population_risk": 0.66,
  "empirical_bayes_risk": 0.6581155811772033,
  "generalization_gap": 0.36386270419447786,
  "excess_population_risk": 0.45430128347775167,
  "runtime_seconds": 29.783139802515507,
  "runtime_per_step_seconds": 0.0029783139802515507,
  "initial_objective": 0.8866133702475206,
  "final_objective": 0.7656679110320628,
  "best_objective": 0.7656594945858616,
  "objective_reduction": 0.12094545921545785,
  "initial_train_loss_history": 0.8828630604514259,
  "final_train_loss_history": 0.7504385792832738,
  "best_train_loss_history": 0.7504274998969457,
  "train_loss_reduction": 0.1324244811681521,
  "weight_norm": 30.458249596897158,
  "trace_s": 30.458249596897165,
  "top_eigenvalue": 17.70591107245238,
  "min_eigenvalue": -2.353341132329504e-16,
  "R1": 0.5813174199694033
}