{
  "alpha": null,
  "seed": 42,
  "n_train": 1000,
  "n_population": 5000,
  "train_loss": 0.7981919209765748,
  "population_risk": 0.8149741310539672,
  "bayes_population_risk": 0.24553354982376377,
  "empirical_bayes_risk": 0.24432091978901443,
  "generalization_gap": 0.016782210077392445,
  "excess_population_risk": 0.5694405812302035,
  "runtime_seconds": 245.4119873959571,
  "runtime_per_step_seconds": 0.04908239747919142,
  "initial_objective": 0.8132649414692819,
  "final_objective": 0.8031013913421211,
  "best_objective": 0.8031013913421211,
  "objective_reduction": 0.010163550127160748,
  "initial_train_loss_history": 0.8120592599740459,
  "final_train_loss_history": 0.7981919209765748,
  "best_train_loss_history": 0.7981897138611281,
  "train_loss_reduction": 0.013867338997471168,
  "weight_norm": 4.9094703321629085,
  "trace_s": 4.9094703321629085,
  "top_eigenvalue": 3.427316673588117,
  "min_eigenvalue": -2.6678035710155565e-17,
  "R1": 0.6981031438636245,
  "effective_rank": 2.7225104015707267,
  "config_suffix": "cov_matern_mask_random_rho_NA_lambda_1e-05_beta_1_d_100_T_10_lr_0p001_iter_5000_ntrain_1000_seed_42"
}