{
  "alpha": null,
  "seed": 42,
  "n_train": 50,
  "n_population": 5000,
  "train_loss": 1.1164356901233023,
  "population_risk": 1.235003043272554,
  "bayes_population_risk": 0.96,
  "empirical_bayes_risk": 0.9582192503611795,
  "generalization_gap": 0.11856735314925171,
  "excess_population_risk": 0.2750030432725541,
  "runtime_seconds": 41.79265940748155,
  "runtime_per_step_seconds": 0.004179265940748155,
  "initial_objective": 1.174682649262919,
  "final_objective": 1.1217722429446932,
  "best_objective": 1.1217722420048029,
  "objective_reduction": 0.052910406318225744,
  "initial_train_loss_history": 1.1727443921013738,
  "final_train_loss_history": 1.1164356901233023,
  "best_train_loss_history": 1.1164346703259083,
  "train_loss_reduction": 0.056308701978071474,
  "weight_norm": 10.673106186010394,
  "trace_s": 10.673106186010392,
  "top_eigenvalue": 5.064009589492015,
  "min_eigenvalue": -2.864899917202551e-16,
  "R1": 0.4744644624757494,
  "config_suffix": "cov_toeplitz_mask_last_rho_0p2_lambda_1e-05_beta_1_d_50_T_5_lr_0p01_iter_10000_ntrain_50_seed_42"
}