{
  "alpha": null,
  "seed": 42,
  "n_train": 1750,
  "n_population": 5000,
  "train_loss": 0.5342088664782254,
  "population_risk": 0.5512631594350336,
  "bayes_population_risk": 0.1214410313285021,
  "empirical_bayes_risk": 0.11995716787126116,
  "generalization_gap": 0.01705429295680816,
  "excess_population_risk": 0.4298221281065315,
  "runtime_seconds": 265.49475318938494,
  "runtime_per_step_seconds": 0.053098950637876986,
  "initial_objective": 0.5770882135212586,
  "final_objective": 0.5481730586113144,
  "best_objective": 0.5481730586113144,
  "objective_reduction": 0.02891515490994423,
  "initial_train_loss_history": 0.5752981245030224,
  "final_train_loss_history": 0.5342088664782254,
  "best_train_loss_history": 0.5342086426624112,
  "train_loss_reduction": 0.041089258024797015,
  "weight_norm": 13.964190913214463,
  "trace_s": 13.964190913214463,
  "top_eigenvalue": 4.018969094279736,
  "min_eigenvalue": 5.825822650076587e-15,
  "R1": 0.287805367260952,
  "effective_rank": 10.950557613270119,
  "config_suffix": "cov_toeplitz_bump_mask_random_rho_0p7_lambda_1e-05_beta_1_d_100_T_5_lr_0p001_iter_5000_ntrain_1750_seed_42"
}