{
  "alpha": null,
  "seed": 42,
  "n_train": 3000,
  "n_population": 5000,
  "train_loss": 0.5716328951133235,
  "population_risk": 0.5759507519588432,
  "bayes_population_risk": 0.3599999999999999,
  "empirical_bayes_risk": 0.3594743809119893,
  "generalization_gap": 0.004317856845519663,
  "excess_population_risk": 0.21595075195884328,
  "runtime_seconds": 417.7236193418503,
  "runtime_per_step_seconds": 0.04177236193418503,
  "initial_objective": 0.5900707678038276,
  "final_objective": 0.5750316521607773,
  "best_objective": 0.5750316521607773,
  "objective_reduction": 0.015039115643050271,
  "initial_train_loss_history": 0.5890984651004706,
  "final_train_loss_history": 0.5716328951133235,
  "best_train_loss_history": 0.5716325835037159,
  "train_loss_reduction": 0.0174655699871471,
  "weight_norm": 6.7975140937083,
  "trace_s": 6.797514093708302,
  "top_eigenvalue": 1.2595311362774737,
  "min_eigenvalue": -5.945680679955245e-17,
  "R1": 0.18529290545249194,
  "config_suffix": "cov_toeplitz_mask_last_rho_0p8_lambda_1e-05_beta_1_d_50_T_5_lr_0p001_iter_10000_ntrain_3000_seed_42"
}