{
  "alpha": null,
  "seed": 42,
  "n_train": 5000,
  "n_population": 5000,
  "train_loss": 0.3364719383242204,
  "population_risk": 0.33664691204251934,
  "bayes_population_risk": 0.12197790055248611,
  "empirical_bayes_risk": 0.12181505817050534,
  "generalization_gap": 0.00017497371829894304,
  "excess_population_risk": 0.21466901149003323,
  "runtime_seconds": 169.85504861734807,
  "runtime_per_step_seconds": 0.033971009723469614,
  "initial_objective": 0.3487892064888871,
  "final_objective": 0.34022763304063774,
  "best_objective": 0.34022763304063774,
  "objective_reduction": 0.008561573448249371,
  "initial_train_loss_history": 0.3480237115989187,
  "final_train_loss_history": 0.3364719383242204,
  "best_train_loss_history": 0.3364719383242204,
  "train_loss_reduction": 0.011551773274698307,
  "weight_norm": 7.51138805695065,
  "trace_s": 7.511388056950649,
  "top_eigenvalue": 1.5793959079261164,
  "min_eigenvalue": 1.176730526159235e-13,
  "R1": 0.2102668502747139,
  "effective_rank": 12.5171918290943,
  "config_suffix": "cov_toeplitz_mask_random_rho_0p9_lambda_1e-05_beta_1_d_50_T_10_lr_0p001_iter_5000_ntrain_5000_seed_42",
  "ridge_lambda": 0.01,
  "ridge_train_loss": 0.1224642033614868,
  "ridge_population_risk": 0.12205568625538649,
  "ridge_generalization_gap": -0.0004085171061003201,
  "ridge_excess_population_risk": 7.778570290037368e-05,
  "pca_n_components": 75,
  "pca_train_loss": 0.25234487082334633,
  "pca_population_risk": 0.2671419328415102,
  "pca_generalization_gap": 0.014797062018163887,
  "pca_excess_population_risk": 0.1451640322890241
}