{
  "alpha": null,
  "seed": 42,
  "n_train": 60,
  "n_population": 5000,
  "train_loss": 0.19766980684646096,
  "population_risk": 0.9657135153599536,
  "bayes_population_risk": 0.1134751381215469,
  "empirical_bayes_risk": 0.11393279393247444,
  "generalization_gap": 0.7680437085134927,
  "excess_population_risk": 0.8522383772384068,
  "runtime_seconds": 34.20778530091047,
  "runtime_per_step_seconds": 0.006841557060182094,
  "initial_objective": 0.4891549933271731,
  "final_objective": 0.2435144162841073,
  "best_objective": 0.2435144162841073,
  "objective_reduction": 0.2456405770430658,
  "initial_train_loss_history": 0.4878821988927355,
  "final_train_loss_history": 0.19766980684646096,
  "best_train_loss_history": 0.19766980684646096,
  "train_loss_reduction": 0.2902123920462745,
  "weight_norm": 45.84456372191104,
  "trace_s": 45.84456372191105,
  "top_eigenvalue": 32.708788721672974,
  "min_eigenvalue": 4.748558061695397e-15,
  "R1": 0.713471479848331,
  "effective_rank": 2.6619149944447495,
  "config_suffix": "cov_toeplitz_mask_random_rho_0p9_lambda_1e-05_beta_1_d_100_T_20_lr_0p001_iter_5000_ntrain_60_seed_42",
  "ridge_lambda": 0.01,
  "ridge_train_loss": 0.0736010872027711,
  "ridge_population_risk": 0.16814920605882738,
  "ridge_generalization_gap": 0.09454811885605628,
  "ridge_excess_population_risk": 0.05467406793728048,
  "pca_n_components": 75,
  "pca_train_loss": 1.1397230077681696e-16,
  "pca_population_risk": 0.8571719528570378,
  "pca_generalization_gap": 0.8571719528570377,
  "pca_excess_population_risk": 0.743696814735491
}