{
  "alpha": 1.0,
  "seed": 0,
  "n_train": 2500,
  "n_population": 5000,
  "train_loss": 0.8998602160434963,
  "population_risk": 0.9087980816124512,
  "bayes_population_risk": 0.6299999999999999,
  "empirical_bayes_risk": 0.6321589965112439,
  "generalization_gap": 0.008937865568954928,
  "excess_population_risk": 0.27879808161245134,
  "runtime_seconds": 57.05201583402231,
  "runtime_per_step_seconds": 0.057052015834022314,
  "initial_objective": 0.9084315597674477,
  "final_objective": 0.9001646814453411,
  "best_objective": 0.9001646814453411,
  "objective_reduction": 0.008266878322106597,
  "initial_train_loss_history": 0.9070140253251723,
  "final_train_loss_history": 0.8998602160434963,
  "best_train_loss_history": 0.8998602160434963,
  "train_loss_reduction": 0.007153809281675971,
  "weight_norm": 0.6084425302510382,
  "trace_s": 0.6084425302510383,
  "top_eigenvalue": 0.1323261949305278,
  "min_eigenvalue": 1.0552508039401073e-10,
  "R1": 0.2174834735433947
}