{
  "alpha": null,
  "seed": 42,
  "n_train": 150,
  "n_population": 5000,
  "train_loss": 1.1307750678280744,
  "population_risk": 1.1520174805624472,
  "bayes_population_risk": 0.9710902924899966,
  "empirical_bayes_risk": 0.9713620328555389,
  "generalization_gap": 0.021242412734372884,
  "excess_population_risk": 0.18092718807245067,
  "runtime_seconds": 17.51033235155046,
  "runtime_per_step_seconds": 0.003502066470310092,
  "initial_objective": 1.1481533703744247,
  "final_objective": 1.1321905708576983,
  "best_objective": 1.1321905708576983,
  "objective_reduction": 0.01596279951672641,
  "initial_train_loss_history": 1.1477540326737632,
  "final_train_loss_history": 1.1307750678280744,
  "best_train_loss_history": 1.1307750678280744,
  "train_loss_reduction": 0.016978964845688838,
  "weight_norm": 5.662012046736647,
  "trace_s": 5.662012046736648,
  "top_eigenvalue": 3.019300185750698,
  "min_eigenvalue": 1.540121493680671e-15,
  "R1": 0.5332556979441431,
  "effective_rank": 3.1251047443758786,
  "config_suffix": "cov_exponential_mask_random_rho_NA_lambda_1e-05_beta_1_d_25_T_5_lr_0p001_iter_5000_ntrain_150_seed_42",
  "ridge_lambda": 0.01,
  "ridge_train_loss": 0.9394309597303785,
  "ridge_population_risk": 1.003269802458415,
  "ridge_generalization_gap": 0.06383884272803653,
  "ridge_excess_population_risk": 0.03217950996841845,
  "pca_n_components": 62,
  "pca_train_loss": 0.6962545932441822,
  "pca_population_risk": 2.5107845782098237,
  "pca_generalization_gap": 1.8145299849656416,
  "pca_excess_population_risk": 1.5396942857198272
}