{
  "alpha": 0.5,
  "seed": 0,
  "n_train": 1250,
  "n_population": 5000,
  "train_loss": 1.1236240125550638,
  "population_risk": 1.1226219277025171,
  "bayes_population_risk": 0.9415384615384615,
  "empirical_bayes_risk": 0.9453083437559741,
  "weight_norm": 0.004419120255862898,
  "trace_s": 0.004419120255862897,
  "top_eigenvalue": 0.0004296248691413381,
  "R1": 0.09721954693840926
}