{
  "alpha": null,
  "seed": 42,
  "n_train": 10000,
  "n_population": 5000,
  "train_loss": 1.08928009173379,
  "population_risk": 1.092480535887994,
  "bayes_population_risk": 0.8222472188202141,
  "empirical_bayes_risk": 0.9024730909196118,
  "generalization_gap": 0.003200444154204174,
  "excess_population_risk": 0.27023331706778,
  "runtime_seconds": 512.6936462353915,
  "runtime_per_step_seconds": 0.5126936462353915,
  "initial_objective": 1.090703014488615,
  "final_objective": 1.0893420353443435,
  "best_objective": 1.0893420353443435,
  "objective_reduction": 0.001360979144271468,
  "initial_train_loss_history": 1.0896820055511665,
  "final_train_loss_history": 1.08928009173379,
  "best_train_loss_history": 1.0892800895372854,
  "train_loss_reduction": 0.0004019138173765313,
  "weight_norm": 0.06194360980725869,
  "trace_s": 0.06194360980725868,
  "top_eigenvalue": 0.06194358044205735,
  "min_eigenvalue": 1.1436344075668148e-18,
  "R1": 0.999999525936551
}