{
  "alpha": null,
  "seed": 42,
  "n_train": 250,
  "n_population": 5000,
  "train_loss": 0.7837353481168825,
  "population_risk": 0.8310296902793787,
  "bayes_population_risk": 0.24553354982376377,
  "empirical_bayes_risk": 0.24518350700813615,
  "generalization_gap": 0.04729434216249617,
  "excess_population_risk": 0.5854961404556149,
  "runtime_seconds": 36.08998688310385,
  "runtime_per_step_seconds": 0.00721799737662077,
  "initial_objective": 0.804557679913076,
  "final_objective": 0.7853367612306883,
  "best_objective": 0.7853367612306883,
  "objective_reduction": 0.019220918682387733,
  "initial_train_loss_history": 0.804217184993352,
  "final_train_loss_history": 0.7837353481168825,
  "best_train_loss_history": 0.7837353481168825,
  "train_loss_reduction": 0.02048183687646954,
  "weight_norm": 6.405651116919023,
  "trace_s": 6.405651116919023,
  "top_eigenvalue": 2.5106395391024883,
  "min_eigenvalue": 8.342246471395899e-13,
  "R1": 0.3919413488616673,
  "effective_rank": 3.6855104550770093,
  "config_suffix": "cov_matern_mask_random_rho_NA_lambda_1e-05_beta_1_d_25_T_10_lr_0p001_iter_5000_ntrain_250_seed_42"
}