{
  "alpha": null,
  "seed": 42,
  "n_train": 80,
  "n_population": 5000,
  "train_loss": 0.16611512346230806,
  "population_risk": 0.3060456731548541,
  "bayes_population_risk": 0.09356768304525143,
  "empirical_bayes_risk": 0.0935824429889931,
  "generalization_gap": 0.13993054969254604,
  "excess_population_risk": 0.21247799010960267,
  "runtime_seconds": 41.88649760745466,
  "runtime_per_step_seconds": 0.008377299521490932,
  "initial_objective": 0.24364871266244253,
  "final_objective": 0.18177612821818145,
  "best_objective": 0.18177612821818145,
  "objective_reduction": 0.06187258444426108,
  "initial_train_loss_history": 0.24123326007711557,
  "final_train_loss_history": 0.16611512346230806,
  "best_train_loss_history": 0.16611512346230806,
  "train_loss_reduction": 0.07511813661480751,
  "weight_norm": 15.660987069579386,
  "trace_s": 15.660987069579384,
  "top_eigenvalue": 6.561158635067244,
  "min_eigenvalue": 2.3518934087616145e-12,
  "R1": 0.41894924029481756,
  "effective_rank": 4.806428514863169,
  "config_suffix": "cov_circulant_ar1_mask_random_rho_0p9_lambda_1e-05_beta_1_d_100_T_5_lr_0p001_iter_5000_ntrain_80_seed_42"
}