{
  "alpha": 2.0,
  "seed": 0,
  "n_train": 5000,
  "n_population": 5000,
  "train_loss": 0.4561172573352282,
  "population_risk": 0.45663331619046166,
  "bayes_population_risk": 0.2663414634146341,
  "empirical_bayes_risk": 0.2653005744819174,
  "weight_norm": 8.633124756799061,
  "trace_s": 8.633124756799061,
  "top_eigenvalue": 0.7297464314082311,
  "R1": 0.0845286558419668
}