{
  "alpha": null,
  "seed": 42,
  "n_train": 2500,
  "n_population": 5000,
  "train_loss": 0.7480479985001027,
  "population_risk": 0.7555384992166209,
  "bayes_population_risk": 0.09796305337869733,
  "empirical_bayes_risk": 0.0979439520677995,
  "generalization_gap": 0.007490500716518134,
  "excess_population_risk": 0.6575754458379235,
  "runtime_seconds": 119.61873324029148,
  "runtime_per_step_seconds": 0.023923746648058294,
  "initial_objective": 0.7718628453433,
  "final_objective": 0.7519222049786951,
  "best_objective": 0.7519222049786951,
  "objective_reduction": 0.019940640364604856,
  "initial_train_loss_history": 0.7707650130508662,
  "final_train_loss_history": 0.7480479985001027,
  "best_train_loss_history": 0.7480479985001027,
  "train_loss_reduction": 0.02271701455076347,
  "weight_norm": 7.748410369439719,
  "trace_s": 7.7484103694397195,
  "top_eigenvalue": 1.4854999882902433,
  "min_eigenvalue": 6.0002212223441e-14,
  "R1": 0.19171674155890872,
  "effective_rank": 9.452942855558696,
  "config_suffix": "cov_toeplitz_bump_mask_random_rho_0p5_lambda_1e-05_beta_1_d_50_T_5_lr_0p001_iter_5000_ntrain_2500_seed_42"
}