{
  "alpha": null,
  "seed": 42,
  "n_train": 10,
  "n_population": 5000,
  "train_loss": 0.20052481074584666,
  "population_risk": 1.8535014773179115,
  "bayes_population_risk": 0.13898342541436456,
  "empirical_bayes_risk": 0.1902030820677246,
  "generalization_gap": 1.6529766665720649,
  "excess_population_risk": 1.714518051903547,
  "runtime_seconds": 18.281962862238288,
  "runtime_per_step_seconds": 0.018281962862238287,
  "initial_objective": 0.3948904671880758,
  "final_objective": 0.2164171427872241,
  "best_objective": 0.2164171427872241,
  "objective_reduction": 0.1784733244008517,
  "initial_train_loss_history": 0.3909106797118057,
  "final_train_loss_history": 0.20052481074584666,
  "best_train_loss_history": 0.20052481074584666,
  "train_loss_reduction": 0.19038586896595905,
  "weight_norm": 7.94500858519919,
  "trace_s": 7.94500858519919,
  "top_eigenvalue": 6.471342845456092,
  "min_eigenvalue": 1.920185859598927e-09,
  "R1": 0.8145167844766837
}