{
  "alpha": null,
  "seed": 42,
  "n_train": 20,
  "n_population": 5000,
  "train_loss": 0.9419778710131723,
  "population_risk": 1.2914953371579434,
  "bayes_population_risk": 1.0,
  "empirical_bayes_risk": 0.9978236590096574,
  "generalization_gap": 0.3495174661447711,
  "excess_population_risk": 0.2914953371579434,
  "runtime_seconds": 52.20842285268009,
  "runtime_per_step_seconds": 0.010441684570536017,
  "initial_objective": 1.0140575646996095,
  "final_objective": 0.9589147167780865,
  "best_objective": 0.9589147167780865,
  "objective_reduction": 0.05514284792152302,
  "initial_train_loss_history": 1.0129770512938723,
  "final_train_loss_history": 0.9419778710131723,
  "best_train_loss_history": 0.9419778710131723,
  "train_loss_reduction": 0.07099918028069996,
  "weight_norm": 16.936845764499903,
  "trace_s": 16.936845764499903,
  "top_eigenvalue": 16.936845645980306,
  "min_eigenvalue": -8.429776281431508e-16,
  "R1": 0.9999999930022618,
  "effective_rank": 1.0000001420402773,
  "config_suffix": "cov_identity_mask_random_rho_NA_lambda_1e-05_beta_1_d_100_T_50_lr_0p001_iter_5000_ntrain_20_seed_42",
  "ridge_lambda": 0.01,
  "ridge_train_loss": 2.1228487138429412e-07,
  "ridge_population_risk": 1.7109547582354379,
  "ridge_generalization_gap": 1.7109545459505664,
  "ridge_excess_population_risk": 0.7109547582354379,
  "pca_n_components": 75,
  "pca_train_loss": 9.812638583979033e-17,
  "pca_population_risk": 1.0526019257154,
  "pca_generalization_gap": 1.0526019257154,
  "pca_excess_population_risk": 0.05260192571540001
}