{
  "alpha": null,
  "seed": 42,
  "n_train": 20,
  "n_population": 5000,
  "train_loss": 0.6395177670444007,
  "population_risk": 1.6060178207686244,
  "bayes_population_risk": 0.2928968253968254,
  "empirical_bayes_risk": 0.29097041060565443,
  "generalization_gap": 0.9665000537242238,
  "excess_population_risk": 1.313120995371799,
  "runtime_seconds": 26.375816400162876,
  "runtime_per_step_seconds": 0.0052751632800325755,
  "initial_objective": 0.9540038717047471,
  "final_objective": 0.6618358834475695,
  "best_objective": 0.6618358834475695,
  "objective_reduction": 0.2921679882571776,
  "initial_train_loss_history": 0.9531546325075582,
  "final_train_loss_history": 0.6395177670444007,
  "best_train_loss_history": 0.6395177670444007,
  "train_loss_reduction": 0.3136368654631575,
  "weight_norm": 44.6356703953131,
  "trace_s": 44.6356703953131,
  "top_eigenvalue": 30.697226887685737,
  "min_eigenvalue": 3.4991538558423356e-09,
  "R1": 0.6877285949962803,
  "effective_rank": 2.838063087414436,
  "config_suffix": "cov_tridiagonal_mask_random_rho_0p5_lambda_1e-05_beta_1_d_50_T_10_lr_0p001_iter_5000_ntrain_20_seed_42"
}