{
  "alpha": null,
  "seed": 42,
  "n_train": 10,
  "n_population": 5000,
  "train_loss": 1.021875921467656,
  "population_risk": 1.1122415485213029,
  "bayes_population_risk": 1.0,
  "empirical_bayes_risk": 1.0005856287037294,
  "generalization_gap": 0.09036562705364681,
  "excess_population_risk": 0.11224154852130286,
  "runtime_seconds": 43.908692887052894,
  "runtime_per_step_seconds": 0.008781738577410578,
  "initial_objective": 1.0907100744637082,
  "final_objective": 1.0370529512326565,
  "best_objective": 1.0370529512326565,
  "objective_reduction": 0.05365712323105165,
  "initial_train_loss_history": 1.0885205619544607,
  "final_train_loss_history": 1.021875921467656,
  "best_train_loss_history": 1.021872774813072,
  "train_loss_reduction": 0.06664464048680463,
  "weight_norm": 7.588514878110553,
  "trace_s": 7.588514878110551,
  "top_eigenvalue": 7.588457448951323,
  "min_eigenvalue": -1.3495892547374263e-16,
  "R1": 0.9999924320950602,
  "effective_rank": 1.0000968144970597,
  "config_suffix": "cov_identity_mask_random_rho_NA_lambda_1e-05_beta_1_d_200_T_20_lr_0p001_iter_5000_ntrain_10_seed_42"
}