{
  "alpha": null,
  "seed": 42,
  "n_train": 90,
  "n_population": 5000,
  "train_loss": 0.6051412074743393,
  "population_risk": 0.8849241462323948,
  "bayes_population_risk": 0.5301185178874289,
  "empirical_bayes_risk": 0.528747040137304,
  "generalization_gap": 0.2797829387580555,
  "excess_population_risk": 0.3548056283449659,
  "runtime_seconds": 43.12023178488016,
  "runtime_per_step_seconds": 0.008624046356976032,
  "initial_objective": 0.7191627926466557,
  "final_objective": 0.626222629600554,
  "best_objective": 0.626222629600554,
  "objective_reduction": 0.09294016304610175,
  "initial_train_loss_history": 0.7175798527700497,
  "final_train_loss_history": 0.6051412074743393,
  "best_train_loss_history": 0.6051412074743393,
  "train_loss_reduction": 0.11243864529571035,
  "weight_norm": 21.08140605128743,
  "trace_s": 21.081406051287438,
  "top_eigenvalue": 9.896615548290383,
  "min_eigenvalue": 1.0451204618045406e-13,
  "R1": 0.4694476034574552,
  "effective_rank": 4.297333213369202,
  "config_suffix": "cov_exponential_mask_random_rho_NA_lambda_1e-05_beta_1_d_100_T_5_lr_0p001_iter_5000_ntrain_90_seed_42"
}