{
  "alpha": null,
  "seed": 42,
  "n_train": 2000,
  "n_population": 5000,
  "train_loss": 1.1963680201303855,
  "population_risk": 1.1974404704038162,
  "bayes_population_risk": 1.0,
  "empirical_bayes_risk": 0.9978441542505292,
  "generalization_gap": 0.001072450273430725,
  "excess_population_risk": 0.19744047040381618,
  "runtime_seconds": 77.70419152826071,
  "runtime_per_step_seconds": 0.015540838305652142,
  "initial_objective": 1.1978815825482187,
  "final_objective": 1.1965396698319462,
  "best_objective": 1.196539669831185,
  "objective_reduction": 0.0013419127162725975,
  "initial_train_loss_history": 1.1968275986981278,
  "final_train_loss_history": 1.1963680201303855,
  "best_train_loss_history": 1.1963642670243126,
  "train_loss_reduction": 0.00045957856774236916,
  "weight_norm": 0.1716497017935188,
  "trace_s": 0.17164970179351882,
  "top_eigenvalue": 0.17164970179136932,
  "min_eigenvalue": -2.61136489625269e-18,
  "R1": 0.9999999999874768,
  "effective_rank": 1.0,
  "config_suffix": "cov_identity_mask_random_rho_NA_lambda_1e-05_beta_1_d_100_T_5_lr_0p001_iter_5000_ntrain_2000_seed_42",
  "ridge_lambda": 0.01,
  "ridge_train_loss": 0.9994760492159499,
  "ridge_population_risk": 0.999914644272118,
  "ridge_generalization_gap": 0.0004385950561680563,
  "ridge_excess_population_risk": -8.53557278820416e-05,
  "pca_n_components": 75,
  "pca_train_loss": 1.0454438087764193,
  "pca_population_risk": 1.2314163809230636,
  "pca_generalization_gap": 0.1859725721466443,
  "pca_excess_population_risk": 0.2314163809230636
}