{
  "alpha": null,
  "seed": 42,
  "n_train": 250,
  "n_population": 5000,
  "train_loss": 1.0867800704208805,
  "population_risk": 1.1031679768051113,
  "bayes_population_risk": 1.0,
  "empirical_bayes_risk": 1.0009546598851338,
  "generalization_gap": 0.01638790638423071,
  "excess_population_risk": 0.10316797680511125,
  "runtime_seconds": 25.297556277364492,
  "runtime_per_step_seconds": 0.005059511255472898,
  "initial_objective": 1.0916307554651627,
  "final_objective": 1.0879750025270494,
  "best_objective": 1.0879750025270494,
  "objective_reduction": 0.003655752938113377,
  "initial_train_loss_history": 1.0910484995924221,
  "final_train_loss_history": 1.0867800704208805,
  "best_train_loss_history": 1.0867776813138972,
  "train_loss_reduction": 0.004268429171541577,
  "weight_norm": 2.389864146200416,
  "trace_s": 2.389864146200416,
  "top_eigenvalue": 1.1740835505289724,
  "min_eigenvalue": 1.4476734425107505e-16,
  "R1": 0.49127627291936987,
  "effective_rank": 2.605465836527008,
  "config_suffix": "cov_identity_mask_random_rho_NA_lambda_1e-05_beta_1_d_50_T_10_lr_0p001_iter_5000_ntrain_250_seed_42",
  "ridge_lambda": 0.01,
  "ridge_train_loss": 0.956647580046275,
  "ridge_population_risk": 1.0385079712336625,
  "ridge_generalization_gap": 0.08186039118738742,
  "ridge_excess_population_risk": 0.03850797123366245,
  "pca_n_components": 75,
  "pca_train_loss": 0.5950116503178674,
  "pca_population_risk": 1.2079443238648166,
  "pca_generalization_gap": 0.6129326735469492,
  "pca_excess_population_risk": 0.20794432386481665
}