{
  "alpha": 3.0,
  "seed": 0,
  "n_train": 7500,
  "n_population": 5000,
  "train_loss": 1.132161619847651,
  "population_risk": 1.1323883749509969,
  "bayes_population_risk": 0.9382971014492754,
  "empirical_bayes_risk": 0.9369907658143731,
  "weight_norm": 0.22929215188709012,
  "trace_s": 0.22929215188709004,
  "top_eigenvalue": 0.024816592756443105,
  "R1": 0.10823132214600828
}