{
  "alpha": null,
  "seed": 42,
  "n_train": 750,
  "n_population": 5000,
  "train_loss": 0.6500884736723564,
  "population_risk": 0.6753026269557882,
  "bayes_population_risk": 0.2921672002085666,
  "empirical_bayes_risk": 0.29591540548299256,
  "generalization_gap": 0.025214153283431795,
  "excess_population_risk": 0.3831354267472216,
  "runtime_seconds": 25.324628595262766,
  "runtime_per_step_seconds": 0.005064925719052553,
  "initial_objective": 0.6900084008344035,
  "final_objective": 0.6558164259501166,
  "best_objective": 0.6558164259501166,
  "objective_reduction": 0.034191974884286935,
  "initial_train_loss_history": 0.6888861332673086,
  "final_train_loss_history": 0.6500884736723564,
  "best_train_loss_history": 0.6500884736723564,
  "train_loss_reduction": 0.03879765959495218,
  "weight_norm": 11.455897960321913,
  "trace_s": 11.455897960321916,
  "top_eigenvalue": 2.4217455698568657,
  "min_eigenvalue": 3.482186645293657e-12,
  "R1": 0.21139727136578068,
  "effective_rank": 8.410789640442742,
  "config_suffix": "cov_matern_mask_random_rho_NA_lambda_1e-05_beta_1_d_50_T_5_lr_0p001_iter_5000_ntrain_750_seed_42",
  "ridge_lambda": 0.01,
  "ridge_train_loss": 0.29294981325401986,
  "ridge_population_risk": 0.2974674669900498,
  "ridge_generalization_gap": 0.004517653736029914,
  "ridge_excess_population_risk": 0.005300266781483154,
  "pca_n_components": 75,
  "pca_train_loss": 0.4395396158678497,
  "pca_population_risk": 0.6098455721670922,
  "pca_generalization_gap": 0.17030595629924256,
  "pca_excess_population_risk": 0.3176783719585256
}