{
  "alpha": null,
  "seed": 42,
  "n_train": 1750,
  "n_population": 5000,
  "train_loss": 0.9937767422849991,
  "population_risk": 0.9973883389539445,
  "bayes_population_risk": 0.7166519216006867,
  "empirical_bayes_risk": 0.7177295999957282,
  "generalization_gap": 0.0036115966689453938,
  "excess_population_risk": 0.28073641735325783,
  "runtime_seconds": 308.31551454775035,
  "runtime_per_step_seconds": 0.06166310290955007,
  "initial_objective": 0.9964178551689138,
  "final_objective": 0.9944911142931491,
  "best_objective": 0.9944911139902546,
  "objective_reduction": 0.0019267408757647209,
  "initial_train_loss_history": 0.9958610124216283,
  "final_train_loss_history": 0.9937767422849991,
  "best_train_loss_history": 0.9937751569243742,
  "train_loss_reduction": 0.0020842701366291516,
  "weight_norm": 1.4287433935990776,
  "trace_s": 1.4287433935990772,
  "top_eigenvalue": 1.1641794595650623,
  "min_eigenvalue": 1.0432767956829318e-17,
  "R1": 0.8148275364076646,
  "effective_rank": 1.7080374882667504,
  "config_suffix": "cov_matern_mask_random_rho_NA_lambda_1e-05_beta_1_d_50_T_10_lr_0p001_iter_5000_ntrain_1750_seed_42"
}