{
  "alpha": null,
  "seed": 42,
  "n_train": 1750,
  "n_population": 5000,
  "train_loss": 0.3285215995043317,
  "population_risk": 0.3289272671919739,
  "bayes_population_risk": 0.07006953088198194,
  "empirical_bayes_risk": 0.0693605395087809,
  "generalization_gap": 0.0004056676876422194,
  "excess_population_risk": 0.258857736309992,
  "runtime_seconds": 91.62840661033988,
  "runtime_per_step_seconds": 0.018325681322067976,
  "initial_objective": 0.3795260871496729,
  "final_objective": 0.3316854873533269,
  "best_objective": 0.3316854873533269,
  "objective_reduction": 0.04784059979634597,
  "initial_train_loss_history": 0.378596623832439,
  "final_train_loss_history": 0.3285215995043317,
  "best_train_loss_history": 0.3285215995043317,
  "train_loss_reduction": 0.05007502432810734,
  "weight_norm": 12.655249632346903,
  "trace_s": 12.655249632346907,
  "top_eigenvalue": 2.432384701494355,
  "min_eigenvalue": 1.5254732485052185e-10,
  "R1": 0.19220361290046484,
  "effective_rank": 9.950243167054197,
  "config_suffix": "cov_matern_mask_random_rho_NA_lambda_1e-05_beta_1_d_25_T_5_lr_0p001_iter_5000_ntrain_1750_seed_42"
}