{
  "alpha": null,
  "seed": 42,
  "n_train": 300,
  "n_population": 5000,
  "train_loss": 0.30955545033700055,
  "population_risk": 0.3510039486977448,
  "bayes_population_risk": 0.13898342541436456,
  "empirical_bayes_risk": 0.1901792656559187,
  "generalization_gap": 0.04144849836074427,
  "excess_population_risk": 0.21202052328338025,
  "runtime_seconds": 64.1604966018349,
  "runtime_per_step_seconds": 0.0064160496601834895,
  "initial_objective": 0.3683098623438754,
  "final_objective": 0.3205850903073503,
  "best_objective": 0.3205850903073503,
  "objective_reduction": 0.04772477203652514,
  "initial_train_loss_history": 0.36706073030104536,
  "final_train_loss_history": 0.30955545033700055,
  "best_train_loss_history": 0.30955496501821383,
  "train_loss_reduction": 0.05750527996404481,
  "weight_norm": 22.059279861637542,
  "trace_s": 22.059279861637542,
  "top_eigenvalue": 9.26053775245411,
  "min_eigenvalue": 1.7925368709610664e-15,
  "R1": 0.4198023603009254
}