{
  "alpha": 3.0,
  "seed": 0,
  "n_train": 7500,
  "n_population": 5000,
  "train_loss": 0.39453492526022954,
  "population_risk": 0.3940271935330877,
  "bayes_population_risk": 0.28975609756097553,
  "empirical_bayes_risk": 0.28821516453926105,
  "weight_norm": 1.7272240843163345,
  "trace_s": 1.727224084316335,
  "top_eigenvalue": 0.13166220879431934,
  "R1": 0.0762276360026751
}