{
  "alpha": null,
  "seed": 42,
  "n_train": 200,
  "n_population": 5000,
  "train_loss": 0.38665480111745026,
  "population_risk": 0.6111843426393231,
  "bayes_population_risk": 0.1134751381215469,
  "empirical_bayes_risk": 0.11314884783021711,
  "generalization_gap": 0.22452954152187282,
  "excess_population_risk": 0.49770920451777617,
  "runtime_seconds": 51.65672810189426,
  "runtime_per_step_seconds": 0.010331345620378851,
  "initial_objective": 0.4765939266227312,
  "final_objective": 0.4089268628961239,
  "best_objective": 0.4089268628961239,
  "objective_reduction": 0.0676670637266073,
  "initial_train_loss_history": 0.47544515980694263,
  "final_train_loss_history": 0.38665480111745026,
  "best_train_loss_history": 0.38665480111745026,
  "train_loss_reduction": 0.08879035868949237,
  "weight_norm": 22.272056895112893,
  "trace_s": 22.27205689511289,
  "top_eigenvalue": 13.079703202434544,
  "min_eigenvalue": 2.433677551104597e-15,
  "R1": 0.5872696565041817,
  "effective_rank": 3.6300153920818072,
  "config_suffix": "cov_toeplitz_mask_random_rho_0p9_lambda_1e-05_beta_1_d_100_T_20_lr_0p001_iter_5000_ntrain_200_seed_42",
  "ridge_lambda": 0.01,
  "ridge_train_loss": 0.10210864564013047,
  "ridge_population_risk": 0.12525189770767048,
  "ridge_generalization_gap": 0.023143252067540004,
  "ridge_excess_population_risk": 0.011776759586123578,
  "pca_n_components": 75,
  "pca_train_loss": 0.2944164275287784,
  "pca_population_risk": 0.7382205604109744,
  "pca_generalization_gap": 0.443804132882196,
  "pca_excess_population_risk": 0.6247454222894275
}