{
  "alpha": null,
  "seed": 42,
  "n_train": 10,
  "n_population": 5000,
  "train_loss": 1.0932943579165575,
  "population_risk": 1.7573956980942071,
  "bayes_population_risk": 1.0,
  "empirical_bayes_risk": 0.9984525689150939,
  "generalization_gap": 0.6641013401776497,
  "excess_population_risk": 0.7573956980942071,
  "runtime_seconds": 20.723709482699633,
  "runtime_per_step_seconds": 0.004144741896539927,
  "initial_objective": 1.2491550256528903,
  "final_objective": 1.1008875528323603,
  "best_objective": 1.1008875528323603,
  "objective_reduction": 0.14826747282053,
  "initial_train_loss_history": 1.2483865045976819,
  "final_train_loss_history": 1.0932943579165575,
  "best_train_loss_history": 1.0932943579165575,
  "train_loss_reduction": 0.15509214668112437,
  "weight_norm": 30.37100807273316,
  "trace_s": 30.37100807273316,
  "top_eigenvalue": 17.323815597283108,
  "min_eigenvalue": 1.5630628962620734e-07,
  "R1": 0.5704063413303785,
  "effective_rank": 3.5992759146920523,
  "config_suffix": "cov_identity_mask_random_rho_NA_lambda_1e-05_beta_1_d_25_T_5_lr_0p001_iter_5000_ntrain_10_seed_42"
}