{
  "alpha": null,
  "seed": 42,
  "n_train": 400,
  "n_population": 5000,
  "train_loss": 0.72220403426496,
  "population_risk": 0.7291713335297497,
  "bayes_population_risk": 0.5301185178874289,
  "empirical_bayes_risk": 0.5293231764397064,
  "generalization_gap": 0.0069672992647896725,
  "excess_population_risk": 0.1990528156423208,
  "runtime_seconds": 26.415784653276205,
  "runtime_per_step_seconds": 0.005283156930655241,
  "initial_objective": 0.7553446518206932,
  "final_objective": 0.7241630428661322,
  "best_objective": 0.7241630428661322,
  "objective_reduction": 0.031181608954561013,
  "initial_train_loss_history": 0.7546337965301726,
  "final_train_loss_history": 0.72220403426496,
  "best_train_loss_history": 0.72220403426496,
  "train_loss_reduction": 0.03242976226521255,
  "weight_norm": 7.836024442053417,
  "trace_s": 7.836024442053416,
  "top_eigenvalue": 2.3674992220337545,
  "min_eigenvalue": 9.956469640561657e-12,
  "R1": 0.3021301476968538,
  "effective_rank": 5.574732825677397,
  "config_suffix": "cov_exponential_mask_random_rho_NA_lambda_1e-05_beta_1_d_25_T_5_lr_0p001_iter_5000_ntrain_400_seed_42"
}