{
  "alpha": null,
  "seed": 42,
  "n_train": 1500,
  "n_population": 5000,
  "train_loss": 0.7177407944662,
  "population_risk": 0.7262417134760548,
  "bayes_population_risk": 0.10837348066298334,
  "empirical_bayes_risk": 0.10834115200439719,
  "generalization_gap": 0.008500919009854835,
  "excess_population_risk": 0.6178682328130715,
  "runtime_seconds": 487.8981435187161,
  "runtime_per_step_seconds": 0.09757962870374322,
  "initial_objective": 0.7245232498266196,
  "final_objective": 0.71861307713801,
  "best_objective": 0.7186130771380099,
  "objective_reduction": 0.005910172688609605,
  "initial_train_loss_history": 0.7239487138082364,
  "final_train_loss_history": 0.7177407944662,
  "best_train_loss_history": 0.7177407944662,
  "train_loss_reduction": 0.006207919342036461,
  "weight_norm": 1.7445653436203699,
  "trace_s": 1.7445653436203703,
  "top_eigenvalue": 1.744565343618036,
  "min_eigenvalue": -2.5693237423000873e-16,
  "R1": 0.999999999998662,
  "effective_rank": 1.0000000000334504,
  "config_suffix": "cov_toeplitz_mask_random_rho_0p9_lambda_1e-05_beta_1_d_50_T_50_lr_0p001_iter_5000_ntrain_1500_seed_42"
}