{
  "alpha": null,
  "seed": 42,
  "n_train": 1500,
  "n_population": 5000,
  "train_loss": 0.7859449776471699,
  "population_risk": 0.8093685883034841,
  "bayes_population_risk": 0.48757509716865854,
  "empirical_bayes_risk": 0.48767040240187637,
  "generalization_gap": 0.023423610656314264,
  "excess_population_risk": 0.3217934911348256,
  "runtime_seconds": 89.17151397839189,
  "runtime_per_step_seconds": 0.017834302795678377,
  "initial_objective": 0.8130733133389875,
  "final_objective": 0.7953585064543981,
  "best_objective": 0.7953585064543981,
  "objective_reduction": 0.017714806884589374,
  "initial_train_loss_history": 0.8115344915128128,
  "final_train_loss_history": 0.7859449776471699,
  "best_train_loss_history": 0.7859442977247313,
  "train_loss_reduction": 0.0255895138656429,
  "weight_norm": 9.413528533508622,
  "trace_s": 9.413528533508622,
  "top_eigenvalue": 3.0186209228290988,
  "min_eigenvalue": 6.49164835277722e-16,
  "R1": 0.3206683776528582,
  "effective_rank": 8.275341312726441,
  "config_suffix": "cov_toeplitz_bump_mask_random_rho_0p5_lambda_1e-05_beta_1_d_100_T_5_lr_0p001_iter_5000_ntrain_1500_seed_42",
  "ridge_lambda": 0.01,
  "ridge_train_loss": 0.48398153169380886,
  "ridge_population_risk": 0.48894678585344464,
  "ridge_generalization_gap": 0.004965254159635779,
  "ridge_excess_population_risk": 0.0013716886847860987,
  "pca_n_components": 75,
  "pca_train_loss": 0.7431917702159793,
  "pca_population_risk": 0.8870219733491954,
  "pca_generalization_gap": 0.14383020313321615,
  "pca_excess_population_risk": 0.39944687618053687
}