{
  "alpha": null,
  "seed": 42,
  "n_train": 2500,
  "n_population": 5000,
  "train_loss": 0.7248663507050298,
  "population_risk": 0.7244911047620454,
  "bayes_population_risk": 0.5301185178874289,
  "empirical_bayes_risk": 0.5295091686347191,
  "generalization_gap": -0.0003752459429844368,
  "excess_population_risk": 0.19437258687461645,
  "runtime_seconds": 81.38890385814011,
  "runtime_per_step_seconds": 0.01627778077162802,
  "initial_objective": 0.7476992908607235,
  "final_objective": 0.7328513089112181,
  "best_objective": 0.7328513089112181,
  "objective_reduction": 0.014847981949505429,
  "initial_train_loss_history": 0.7459703057610217,
  "final_train_loss_history": 0.7248663507050298,
  "best_train_loss_history": 0.7248643234230191,
  "train_loss_reduction": 0.02110395505599194,
  "weight_norm": 7.984957869467448,
  "trace_s": 7.984957869467447,
  "top_eigenvalue": 1.6873966608322832,
  "min_eigenvalue": 3.1209816090419286e-15,
  "R1": 0.211321924099873,
  "effective_rank": 10.68312875789107,
  "config_suffix": "cov_exponential_mask_random_rho_NA_lambda_1e-05_beta_1_d_100_T_5_lr_0p001_iter_5000_ntrain_2500_seed_42",
  "ridge_lambda": 0.01,
  "ridge_train_loss": 0.5323462100258802,
  "ridge_population_risk": 0.530377846097355,
  "ridge_generalization_gap": -0.001968363928525174,
  "ridge_excess_population_risk": 0.00025932820992613514,
  "pca_n_components": 75,
  "pca_train_loss": 0.7292355671469241,
  "pca_population_risk": 0.8088021611537599,
  "pca_generalization_gap": 0.07956659400683586,
  "pca_excess_population_risk": 0.278683643266331
}