{
  "alpha": 5.0,
  "seed": 0,
  "n_train": 12500,
  "n_population": 5000,
  "train_loss": 0.8467025222436412,
  "population_risk": 0.8453061423603331,
  "bayes_population_risk": 0.66,
  "empirical_bayes_risk": 0.657599225794865,
  "generalization_gap": -0.0013963798833080965,
  "excess_population_risk": 0.18530614236033305,
  "runtime_seconds": 1847.4951601249631,
  "runtime_per_step_seconds": 0.1847495160124963,
  "initial_objective": 0.8645649655163107,
  "final_objective": 0.8471144218650954,
  "best_objective": 0.8471144047186457,
  "objective_reduction": 0.017450543651215233,
  "initial_train_loss_history": 0.8614183897632888,
  "final_train_loss_history": 0.8467025222436412,
  "best_train_loss_history": 0.8467025042107011,
  "train_loss_reduction": 0.014715867519647596,
  "weight_norm": 0.8237950704550908,
  "trace_s": 0.8237950704550908,
  "top_eigenvalue": 0.12027393436509694,
  "min_eigenvalue": 4.973425675851791e-17,
  "R1": 0.14599982286693433
}