{
  "alpha": null,
  "seed": 42,
  "n_train": 2500,
  "n_population": 5000,
  "train_loss": 0.33117205455986976,
  "population_risk": 0.32710133218771753,
  "bayes_population_risk": 0.07006953088198194,
  "empirical_bayes_risk": 0.07002399288614594,
  "generalization_gap": -0.0040707223721522245,
  "excess_population_risk": 0.2570318013057356,
  "runtime_seconds": 95.021403869614,
  "runtime_per_step_seconds": 0.019004280773922803,
  "initial_objective": 0.3818741645723469,
  "final_objective": 0.3341834107056885,
  "best_objective": 0.3341834107056885,
  "objective_reduction": 0.047690753866658386,
  "initial_train_loss_history": 0.38106066703704966,
  "final_train_loss_history": 0.33117205455986976,
  "best_train_loss_history": 0.33117205455986976,
  "train_loss_reduction": 0.049888612477179906,
  "weight_norm": 12.045213674327622,
  "trace_s": 12.045213674327623,
  "top_eigenvalue": 2.3860514772508994,
  "min_eigenvalue": 1.206243392758187e-08,
  "R1": 0.19809125365176147,
  "effective_rank": 10.542176807304351,
  "config_suffix": "cov_matern_mask_random_rho_NA_lambda_1e-05_beta_1_d_25_T_5_lr_0p001_iter_5000_ntrain_2500_seed_42"
}