{
  "alpha": null,
  "seed": 42,
  "n_train": 2500,
  "n_population": 5000,
  "train_loss": 0.6539580344178455,
  "population_risk": 0.661002757481851,
  "bayes_population_risk": 0.2921672002085666,
  "empirical_bayes_risk": 0.29220926030259486,
  "generalization_gap": 0.007044723064005498,
  "excess_population_risk": 0.3688355572732844,
  "runtime_seconds": 50.910274451598525,
  "runtime_per_step_seconds": 0.010182054890319705,
  "initial_objective": 0.684702956520121,
  "final_objective": 0.6585940064148945,
  "best_objective": 0.6585940064148945,
  "objective_reduction": 0.026108950105226514,
  "initial_train_loss_history": 0.6834995911308603,
  "final_train_loss_history": 0.6539580344178455,
  "best_train_loss_history": 0.6539580344178455,
  "train_loss_reduction": 0.029541556713014838,
  "weight_norm": 9.271939193520192,
  "trace_s": 9.271939193520192,
  "top_eigenvalue": 1.632669726740327,
  "min_eigenvalue": 1.53554865668591e-12,
  "R1": 0.17608719089544267,
  "effective_rank": 10.582787318069922,
  "config_suffix": "cov_matern_mask_random_rho_NA_lambda_1e-05_beta_1_d_50_T_5_lr_0p001_iter_5000_ntrain_2500_seed_42",
  "ridge_lambda": 0.01,
  "ridge_train_loss": 0.29258472629562515,
  "ridge_population_risk": 0.29275613454056765,
  "ridge_generalization_gap": 0.00017140824494249474,
  "ridge_excess_population_risk": 0.0005889343320010232,
  "pca_n_components": 75,
  "pca_train_loss": 0.49218146806120366,
  "pca_population_risk": 0.5555564031031314,
  "pca_generalization_gap": 0.0633749350419277,
  "pca_excess_population_risk": 0.26338920289456474
}