{
  "alpha": null,
  "seed": 42,
  "n_train": 2000,
  "n_population": 5000,
  "train_loss": 0.4263975214324521,
  "population_risk": 0.42973278436769596,
  "bayes_population_risk": 0.27570731707317064,
  "empirical_bayes_risk": 0.27664366680881985,
  "generalization_gap": 0.003335262935243888,
  "excess_population_risk": 0.15402546729452532,
  "runtime_seconds": 39.711308067664504,
  "runtime_per_step_seconds": 0.03971130806766451,
  "initial_objective": 0.46688292757600736,
  "final_objective": 0.43205614084692817,
  "best_objective": 0.43205614084692817,
  "objective_reduction": 0.034826786729079184,
  "initial_train_loss_history": 0.4656494129227038,
  "final_train_loss_history": 0.4263975214324521,
  "best_train_loss_history": 0.4263975214324521,
  "train_loss_reduction": 0.03925189149025171,
  "weight_norm": 11.311695915006851,
  "trace_s": 11.311695915006851,
  "top_eigenvalue": 1.0580900500760322,
  "min_eigenvalue": 1.4794084456339382e-09,
  "R1": 0.09353947082968336,
  "config_suffix": "cov_toeplitz_mask_random_rho_0p8_lambda_1e-05_beta_1_d_50_T_5_lr_0p001_iter_1000_ntrain_2000_seed_42"
}