{
  "alpha": null,
  "seed": 42,
  "n_train": 2000,
  "n_population": 5000,
  "train_loss": 0.44168184717025044,
  "population_risk": 0.4447417820559729,
  "bayes_population_risk": 0.27570731707317064,
  "empirical_bayes_risk": 0.27664366680881985,
  "generalization_gap": 0.0030599348857224817,
  "excess_population_risk": 0.16903446498280228,
  "runtime_seconds": 241.0159094883129,
  "runtime_per_step_seconds": 0.02410159094883129,
  "initial_objective": 0.4714736694068851,
  "final_objective": 0.45782334467214403,
  "best_objective": 0.4578221799226296,
  "objective_reduction": 0.013650324734741093,
  "initial_train_loss_history": 0.4614273880452437,
  "final_train_loss_history": 0.44168184717025044,
  "best_train_loss_history": 0.44165329371391193,
  "train_loss_reduction": 0.01974554087499325,
  "weight_norm": 3.2283514469656622,
  "trace_s": 3.2283514469656622,
  "top_eigenvalue": 0.6165117886719462,
  "min_eigenvalue": -5.9104670915087334e-18,
  "R1": 0.19096799056726235
}