{
  "alpha": null,
  "seed": 42,
  "n_train": 30,
  "n_population": 5000,
  "train_loss": 0.15359803896212945,
  "population_risk": 0.8182565545020533,
  "bayes_population_risk": 0.12197790055248611,
  "empirical_bayes_risk": 0.12243414799493449,
  "generalization_gap": 0.6646585155399238,
  "excess_population_risk": 0.6962786539495671,
  "runtime_seconds": 16.031195359304547,
  "runtime_per_step_seconds": 0.0032062390718609096,
  "initial_objective": 0.3515367349612667,
  "final_objective": 0.17998438531585736,
  "best_objective": 0.17998438531585736,
  "objective_reduction": 0.17155234964540933,
  "initial_train_loss_history": 0.3508286174627638,
  "final_train_loss_history": 0.15359803896212945,
  "best_train_loss_history": 0.15359803896212945,
  "train_loss_reduction": 0.19723057850063433,
  "weight_norm": 52.77253610889063,
  "trace_s": 52.772536108890634,
  "top_eigenvalue": 39.816632813102146,
  "min_eigenvalue": 9.190225430039721e-11,
  "R1": 0.7544953445281595,
  "effective_rank": 2.3244816243527753,
  "config_suffix": "cov_toeplitz_mask_random_rho_0p9_lambda_1e-05_beta_1_d_50_T_10_lr_0p001_iter_5000_ntrain_30_seed_42",
  "ridge_lambda": 0.01,
  "ridge_train_loss": 0.09018659154725325,
  "ridge_population_risk": 0.17293098288952125,
  "ridge_generalization_gap": 0.08274439134226799,
  "ridge_excess_population_risk": 0.05095308233703513,
  "pca_n_components": 75,
  "pca_train_loss": 1.2300871103971198e-16,
  "pca_population_risk": 0.7959166102047954,
  "pca_generalization_gap": 0.7959166102047953,
  "pca_excess_population_risk": 0.6739387096523093
}