{
  "alpha": null,
  "seed": 42,
  "n_train": 5000,
  "n_population": 5000,
  "train_loss": 0.9785485221641724,
  "population_risk": 0.9885620809352124,
  "bayes_population_risk": 0.7822082681172894,
  "empirical_bayes_risk": 0.7913167201017528,
  "generalization_gap": 0.010013558771039932,
  "excess_population_risk": 0.20635381281792298,
  "runtime_seconds": 104.73269467800856,
  "runtime_per_step_seconds": 0.02094653893560171,
  "initial_objective": 0.9804430461556665,
  "final_objective": 0.9787890362149766,
  "best_objective": 0.9787890362149766,
  "objective_reduction": 0.0016540099406898712,
  "initial_train_loss_history": 0.9801353176985004,
  "final_train_loss_history": 0.9785485221641724,
  "best_train_loss_history": 0.9785485146014662,
  "train_loss_reduction": 0.001586795534327945,
  "weight_norm": 0.9620560157232493,
  "trace_s": 0.9620560157232492,
  "top_eigenvalue": 0.5463753863753514,
  "min_eigenvalue": 5.576975575841978e-19,
  "R1": 0.5679247127461704,
  "effective_rank": 2.6147907420483523,
  "config_suffix": "cov_exponential_mask_random_rho_NA_lambda_1e-05_beta_1_d_25_T_10_lr_0p001_iter_5000_ntrain_5000_seed_42",
  "ridge_lambda": 0.01,
  "ridge_train_loss": 0.7792175425157372,
  "ridge_population_risk": 0.7924943949373044,
  "ridge_generalization_gap": 0.013276852421567287,
  "ridge_excess_population_risk": 0.010286126820015062,
  "pca_n_components": 75,
  "pca_train_loss": 0.9538161467391343,
  "pca_population_risk": 1.0229980737202657,
  "pca_generalization_gap": 0.06918192698113146,
  "pca_excess_population_risk": 0.24078980560297636
}