{
  "alpha": null,
  "seed": 42,
  "n_train": 10,
  "n_population": 5000,
  "train_loss": 0.6665701980550562,
  "population_risk": 1.3175770384505376,
  "bayes_population_risk": 0.66,
  "empirical_bayes_risk": 0.6616785614093658,
  "generalization_gap": 0.6510068403954814,
  "excess_population_risk": 0.6575770384505376,
  "runtime_seconds": 9.322333473712206,
  "runtime_per_step_seconds": 0.009322333473712205,
  "initial_objective": 0.914885908588227,
  "final_objective": 0.6757432676238113,
  "best_objective": 0.6757432676238113,
  "objective_reduction": 0.23914264096441573,
  "initial_train_loss_history": 0.9094337024074548,
  "final_train_loss_history": 0.6665701980550562,
  "best_train_loss_history": 0.6665701980550562,
  "train_loss_reduction": 0.24286350435239856,
  "weight_norm": 18.34560657865057,
  "trace_s": 18.345606578650568,
  "top_eigenvalue": 12.443186742932333,
  "min_eigenvalue": 3.3956887402026956e-14,
  "R1": 0.678265212414012
}