{
  "alpha": null,
  "seed": 42,
  "n_train": 250,
  "n_population": 5000,
  "train_loss": 0.06814737191147294,
  "population_risk": 0.07246348620295961,
  "bayes_population_risk": 0.011034997727387535,
  "empirical_bayes_risk": 0.011021669899825644,
  "generalization_gap": 0.004316114291486678,
  "excess_population_risk": 0.06142848847557208,
  "runtime_seconds": 39.026449881494045,
  "runtime_per_step_seconds": 0.007805289976298809,
  "initial_objective": 0.07429707442101312,
  "final_objective": 0.07124535862975291,
  "best_objective": 0.07124535862975291,
  "objective_reduction": 0.0030517157912602066,
  "initial_train_loss_history": 0.07370066656567456,
  "final_train_loss_history": 0.06814737191147294,
  "best_train_loss_history": 0.06814717278008904,
  "train_loss_reduction": 0.005553294654201624,
  "weight_norm": 6.195973389987743,
  "trace_s": 6.195973389987743,
  "top_eigenvalue": 2.727931090271051,
  "min_eigenvalue": 1.5812019739394247e-16,
  "R1": 0.4402748234327789,
  "effective_rank": 5.217781284169323,
  "config_suffix": "cov_toeplitz_mask_random_rho_0p99_lambda_1e-05_beta_1_d_50_T_20_lr_0p001_iter_5000_ntrain_250_seed_42"
}