{
  "alpha": 1.0,
  "seed": 0,
  "n_train": 2500,
  "n_population": 5000,
  "train_loss": 0.8404239058767052,
  "population_risk": 0.8454065181951164,
  "bayes_population_risk": 0.66,
  "empirical_bayes_risk": 0.6587840184498182,
  "generalization_gap": 0.004982612318411128,
  "excess_population_risk": 0.18540651819511633,
  "runtime_seconds": 456.593672457966,
  "runtime_per_step_seconds": 0.045659367245796605,
  "initial_objective": 0.8602270979622869,
  "final_objective": 0.8409390881510915,
  "best_objective": 0.8409390879584555,
  "objective_reduction": 0.019288009811195383,
  "initial_train_loss_history": 0.8571539155693888,
  "final_train_loss_history": 0.8404239058767052,
  "best_train_loss_history": 0.8404239022682396,
  "train_loss_reduction": 0.016730009692683567,
  "weight_norm": 1.0303690730710087,
  "trace_s": 1.030369073071009,
  "top_eigenvalue": 0.19836358279841595,
  "min_eigenvalue": 4.57681997771243e-18,
  "R1": 0.19251701936976284
}