{
  "alpha": null,
  "seed": 42,
  "n_train": 2500,
  "n_population": 5000,
  "train_loss": 1.201628578144467,
  "population_risk": 1.198480328129693,
  "bayes_population_risk": 1.0,
  "empirical_bayes_risk": 0.9991698797506877,
  "generalization_gap": -0.0031482500147741455,
  "excess_population_risk": 0.19848032812969296,
  "runtime_seconds": 83.34438422136009,
  "runtime_per_step_seconds": 0.016668876844272016,
  "initial_objective": 1.2032016335396039,
  "final_objective": 1.2017955423980473,
  "best_objective": 1.2017955423980466,
  "objective_reduction": 0.0014060911415565425,
  "initial_train_loss_history": 1.2021521761572007,
  "final_train_loss_history": 1.201628578144467,
  "best_train_loss_history": 1.2016285311668622,
  "train_loss_reduction": 0.000523598012733606,
  "weight_norm": 0.16696425358023997,
  "trace_s": 0.16696425358024,
  "top_eigenvalue": 0.16696425358023984,
  "min_eigenvalue": -4.149089151887784e-17,
  "R1": 0.9999999999999992,
  "effective_rank": 1.0,
  "config_suffix": "cov_identity_mask_random_rho_NA_lambda_1e-05_beta_1_d_100_T_5_lr_0p001_iter_5000_ntrain_2500_seed_42",
  "ridge_lambda": 0.01,
  "ridge_train_loss": 1.0013726189576388,
  "ridge_population_risk": 1.0009632825283052,
  "ridge_generalization_gap": -0.0004093364293336066,
  "ridge_excess_population_risk": 0.0009632825283052426,
  "pca_n_components": 75,
  "pca_train_loss": 1.0662825165185874,
  "pca_population_risk": 1.2312085208214258,
  "pca_generalization_gap": 0.16492600430283844,
  "pca_excess_population_risk": 0.23120852082142584
}