{
  "alpha": 3.0,
  "seed": 0,
  "n_train": 7500,
  "n_population": 5000,
  "train_loss": 1.0913856232336958,
  "population_risk": 1.0899716537921114,
  "bayes_population_risk": 0.9310364973015884,
  "empirical_bayes_risk": 0.9299296826426539,
  "weight_norm": 1.57341498690475,
  "trace_s": 1.5734149869047502,
  "top_eigenvalue": 0.4349354979865805,
  "R1": 0.2764277076336951
}