{
  "alpha": 2.0,
  "seed": 0,
  "n_train": 5000,
  "n_population": 5000,
  "train_loss": 1.1396870982221645,
  "population_risk": 1.135975146232889,
  "bayes_population_risk": 0.9382971014492754,
  "empirical_bayes_risk": 0.9364845394341778,
  "weight_norm": 0.004460107730476306,
  "trace_s": 0.004460107730476306,
  "top_eigenvalue": 0.00044607326268632057,
  "R1": 0.10001401079132306
}