{
  "alpha": null,
  "seed": 42,
  "n_train": 100,
  "n_population": 5000,
  "train_loss": 0.8114596630180065,
  "population_risk": 0.9023425967403622,
  "bayes_population_risk": 0.66,
  "empirical_bayes_risk": 0.6642334742117835,
  "generalization_gap": 0.09088293372235567,
  "excess_population_risk": 0.24234259674036218,
  "runtime_seconds": 12.5623389352113,
  "runtime_per_step_seconds": 0.0125623389352113,
  "initial_objective": 0.8835925649125764,
  "final_objective": 0.8176780300983981,
  "best_objective": 0.8176780300983981,
  "objective_reduction": 0.0659145348141783,
  "initial_train_loss_history": 0.8826338475989366,
  "final_train_loss_history": 0.8114596630180065,
  "best_train_loss_history": 0.8114596630180065,
  "train_loss_reduction": 0.07117418458093006,
  "weight_norm": 12.427849900517943,
  "trace_s": 12.42784990051794,
  "top_eigenvalue": 4.6639948174122825,
  "min_eigenvalue": 1.2267881941352676e-08,
  "R1": 0.3752857376574773
}