{
  "alpha": null,
  "seed": 42,
  "n_train": 4000,
  "n_population": 5000,
  "train_loss": 0.3288314257892637,
  "population_risk": 0.3290132330584124,
  "bayes_population_risk": 0.13898342541436456,
  "empirical_bayes_risk": 0.19013184319403004,
  "generalization_gap": 0.00018180726914868162,
  "excess_population_risk": 0.19002980764404784,
  "runtime_seconds": 64.85636066272855,
  "runtime_per_step_seconds": 0.06485636066272855,
  "initial_objective": 0.3652561072417642,
  "final_objective": 0.33375664222682044,
  "best_objective": 0.33375664222682044,
  "objective_reduction": 0.03149946501494377,
  "initial_train_loss_history": 0.36402240968049693,
  "final_train_loss_history": 0.3288314257892637,
  "best_train_loss_history": 0.3288314257892637,
  "train_loss_reduction": 0.03519098389123321,
  "weight_norm": 9.8488105527887,
  "trace_s": 9.8488105527887,
  "top_eigenvalue": 0.7689349962578118,
  "min_eigenvalue": 3.3081400674651557e-09,
  "R1": 0.07807389452121069
}