{
  "alpha": null,
  "seed": 42,
  "n_train": 100,
  "n_population": 5000,
  "train_loss": 1.144875802584134,
  "population_risk": 1.160953336353374,
  "bayes_population_risk": 0.96,
  "empirical_bayes_risk": 0.9581450974298714,
  "generalization_gap": 0.016077533769240038,
  "excess_population_risk": 0.20095333635337398,
  "runtime_seconds": 16.108308620750904,
  "runtime_per_step_seconds": 0.016108308620750904,
  "initial_objective": 1.163696891387477,
  "final_objective": 1.1514913538540916,
  "best_objective": 1.1514913538540916,
  "objective_reduction": 0.01220553753338538,
  "initial_train_loss_history": 1.1585192301133287,
  "final_train_loss_history": 1.144875802584134,
  "best_train_loss_history": 1.144875802584134,
  "train_loss_reduction": 0.013643427529194785,
  "weight_norm": 1.3230974854547606,
  "trace_s": 1.3230974854547601,
  "top_eigenvalue": 1.1020139723719087,
  "min_eigenvalue": 1.3180556299688592e-11,
  "R1": 0.832904592810965,
  "config_suffix": "cov_toeplitz_mask_last_rho_0p2_lambda_0p0001_beta_1_d_50_T_5_lr_0p001_iter_1000_ntrain_100_seed_42"
}