{
  "alpha": null,
  "seed": 42,
  "n_train": 400,
  "n_population": 5000,
  "train_loss": 0.530209502941539,
  "population_risk": 0.6164402387673594,
  "bayes_population_risk": 0.27570731707317064,
  "empirical_bayes_risk": 0.3603770714474206,
  "generalization_gap": 0.08623073582582041,
  "excess_population_risk": 0.3407329216941888,
  "runtime_seconds": 42.52989799529314,
  "runtime_per_step_seconds": 0.042529897995293144,
  "initial_objective": 0.5927373594746641,
  "final_objective": 0.5657553145557646,
  "best_objective": 0.5657553145557646,
  "objective_reduction": 0.02698204491889955,
  "initial_train_loss_history": 0.5897613627412531,
  "final_train_loss_history": 0.530209502941539,
  "best_train_loss_history": 0.530209502941539,
  "train_loss_reduction": 0.05955185979971411,
  "weight_norm": 17.772318629189144,
  "trace_s": 17.772318629189144,
  "top_eigenvalue": 9.57449954439748,
  "min_eigenvalue": 1.1404292607801365e-11,
  "R1": 0.5387310313395115
}