{
  "alpha": null,
  "seed": 42,
  "n_train": 70,
  "n_population": 5000,
  "train_loss": 0.2984595439671119,
  "population_risk": 0.9008523783725244,
  "bayes_population_risk": 0.05101341981519296,
  "empirical_bayes_risk": 0.05085522331682871,
  "generalization_gap": 0.6023928344054126,
  "excess_population_risk": 0.8498389585573315,
  "runtime_seconds": 19.57579417526722,
  "runtime_per_step_seconds": 0.003915158835053444,
  "initial_objective": 0.5448841474340452,
  "final_objective": 0.32533455695929964,
  "best_objective": 0.32533455695929964,
  "objective_reduction": 0.2195495904747456,
  "initial_train_loss_history": 0.5440759128682306,
  "final_train_loss_history": 0.2984595439671119,
  "best_train_loss_history": 0.2984595439671119,
  "train_loss_reduction": 0.24561636890111876,
  "weight_norm": 53.749489224722474,
  "trace_s": 53.74948922472249,
  "top_eigenvalue": 40.005877503746206,
  "min_eigenvalue": 3.818155093366297e-10,
  "R1": 0.7443024683729501,
  "effective_rank": 2.5956815512456077,
  "config_suffix": "cov_matern_mask_random_rho_NA_lambda_1e-05_beta_1_d_50_T_10_lr_0p001_iter_5000_ntrain_70_seed_42",
  "ridge_lambda": 0.01,
  "ridge_train_loss": 0.04657661846325134,
  "ridge_population_risk": 0.05815862979646724,
  "ridge_generalization_gap": 0.011582011333215902,
  "ridge_excess_population_risk": 0.007145209981274284,
  "pca_n_components": 75,
  "pca_train_loss": 1.5722636657300613e-16,
  "pca_population_risk": 0.6924833764075266,
  "pca_generalization_gap": 0.6924833764075264,
  "pca_excess_population_risk": 0.6414699565923336
}