{
  "alpha": null,
  "seed": 42,
  "n_train": 50,
  "n_population": 5000,
  "train_loss": 0.750609901857713,
  "population_risk": 1.1086311773634552,
  "bayes_population_risk": 0.66,
  "empirical_bayes_risk": 0.6581155811772033,
  "generalization_gap": 0.35802127550574214,
  "excess_population_risk": 0.44863117736345515,
  "runtime_seconds": 33.16178132966161,
  "runtime_per_step_seconds": 0.033161781329661605,
  "initial_objective": 0.8866133702475206,
  "final_objective": 0.7657211024451063,
  "best_objective": 0.7657211024451063,
  "objective_reduction": 0.12089226780241435,
  "initial_train_loss_history": 0.8828630604514259,
  "final_train_loss_history": 0.750609901857713,
  "best_train_loss_history": 0.750609901857713,
  "train_loss_reduction": 0.1322531585937129,
  "weight_norm": 30.22196448040094,
  "trace_s": 30.221964480400942,
  "top_eigenvalue": 17.541416487234194,
  "min_eigenvalue": 4.9777025669724395e-12,
  "R1": 0.5804194660677955
}