{
  "alpha": null,
  "seed": 42,
  "n_train": 1000,
  "n_population": 5000,
  "train_loss": 1.0239131495230005,
  "population_risk": 1.0346190836286082,
  "bayes_population_risk": 0.8649174311926606,
  "empirical_bayes_risk": 0.8688157167447763,
  "generalization_gap": 0.010705934105607717,
  "excess_population_risk": 0.1697016524359476,
  "runtime_seconds": 197.27534104511142,
  "runtime_per_step_seconds": 0.01972753410451114,
  "initial_objective": 1.0319778314056254,
  "final_objective": 1.0257973715008921,
  "best_objective": 1.0257973714865047,
  "objective_reduction": 0.00618045990473326,
  "initial_train_loss_history": 1.0312696140261803,
  "final_train_loss_history": 1.0239131495230005,
  "best_train_loss_history": 1.0239129914996663,
  "train_loss_reduction": 0.007356464503179838,
  "weight_norm": 3.768444074428422,
  "trace_s": 3.768444074428422,
  "top_eigenvalue": 1.1529479205648623,
  "min_eigenvalue": -5.696163011587105e-17,
  "R1": 0.30594799811106005
}