{
  "alpha": null,
  "seed": 42,
  "n_train": 1500,
  "n_population": 5000,
  "train_loss": 0.22999938443635853,
  "population_risk": 0.23077458617188687,
  "bayes_population_risk": 0.13898342541436456,
  "empirical_bayes_risk": 0.13729706835055694,
  "generalization_gap": 0.0007752017355283358,
  "excess_population_risk": 0.0917911607575223,
  "runtime_seconds": 231.31221716478467,
  "runtime_per_step_seconds": 0.023131221716478467,
  "initial_objective": 0.28796881269055397,
  "final_objective": 0.23719411791926276,
  "best_objective": 0.23719411791926276,
  "objective_reduction": 0.05077469477129121,
  "initial_train_loss_history": 0.28656513953153295,
  "final_train_loss_history": 0.22999938443635853,
  "best_train_loss_history": 0.22999938443635853,
  "train_loss_reduction": 0.05656575509517442,
  "weight_norm": 14.389466900593266,
  "trace_s": 14.38946690059327,
  "top_eigenvalue": 2.2550781591370894,
  "min_eigenvalue": 4.0066483364390505e-17,
  "R1": 0.15671728318469635,
  "config_suffix": "cov_toeplitz_mask_random_rho_0p9_lambda_1e-05_beta_1_d_50_T_5_lr_0p001_iter_10000_ntrain_1500_seed_42"
}