{
  "alpha": null,
  "seed": 42,
  "n_train": 6000,
  "n_population": 5000,
  "train_loss": 0.33570454568437846,
  "population_risk": 0.34034417153044033,
  "bayes_population_risk": 0.13898342541436456,
  "empirical_bayes_risk": 0.19001022077411733,
  "generalization_gap": 0.004639625846061868,
  "excess_population_risk": 0.20136074611607577,
  "runtime_seconds": 334.59686920046806,
  "runtime_per_step_seconds": 0.33459686920046805,
  "initial_objective": 0.36722794981814605,
  "final_objective": 0.3513009968178203,
  "best_objective": 0.3513009968178203,
  "objective_reduction": 0.01592695300032576,
  "initial_train_loss_history": 0.36377729911725265,
  "final_train_loss_history": 0.33570454568437846,
  "best_train_loss_history": 0.33570454568437846,
  "train_loss_reduction": 0.028072753432874187,
  "weight_norm": 7.797753282506988,
  "trace_s": 7.797753282506985,
  "top_eigenvalue": 0.5274426626141713,
  "min_eigenvalue": 1.1510241471467241e-12,
  "R1": 0.06764033735170934
}