{
  "alpha": null,
  "seed": 42,
  "n_train": 30,
  "n_population": 5000,
  "train_loss": 0.9805779736888074,
  "population_risk": 1.1719783081466626,
  "bayes_population_risk": 0.9245538461538463,
  "empirical_bayes_risk": 0.9231314930630826,
  "generalization_gap": 0.1914003344578552,
  "excess_population_risk": 0.2474244619928163,
  "runtime_seconds": 81.80631742626429,
  "runtime_per_step_seconds": 0.016361263485252856,
  "initial_objective": 1.044618176603406,
  "final_objective": 0.9929124755627805,
  "best_objective": 0.9929124755627805,
  "objective_reduction": 0.05170570104062544,
  "initial_train_loss_history": 1.043533790304069,
  "final_train_loss_history": 0.9805779736888074,
  "best_train_loss_history": 0.9805779736888074,
  "train_loss_reduction": 0.0629558166152615,
  "weight_norm": 12.334501873823001,
  "trace_s": 12.334501873823,
  "top_eigenvalue": 12.334501849273595,
  "min_eigenvalue": -6.700832915397826e-16,
  "R1": 0.9999999980096957,
  "effective_rank": 1.0000000419548114,
  "config_suffix": "cov_toeplitz_mask_random_rho_0p2_lambda_1e-05_beta_1_d_100_T_50_lr_0p001_iter_5000_ntrain_30_seed_42"
}