{
  "alpha": null,
  "seed": 42,
  "n_train": 10,
  "n_population": 5000,
  "train_loss": 0.957546423873316,
  "population_risk": 1.3384904243483164,
  "bayes_population_risk": 0.8444937602472408,
  "empirical_bayes_risk": 0.8987736590130738,
  "generalization_gap": 0.38094400047500043,
  "excess_population_risk": 0.4939966641010757,
  "runtime_seconds": 14.709509491920471,
  "runtime_per_step_seconds": 0.01470950949192047,
  "initial_objective": 1.131254641199416,
  "final_objective": 0.9629459118127669,
  "best_objective": 0.9629459118127669,
  "objective_reduction": 0.1683087293866491,
  "initial_train_loss_history": 1.1302649327861714,
  "final_train_loss_history": 0.957546423873316,
  "best_train_loss_history": 0.957546423873316,
  "train_loss_reduction": 0.17271850891285534,
  "weight_norm": 10.777070195151909,
  "trace_s": 10.77707019515191,
  "top_eigenvalue": 7.3727587219187285,
  "min_eigenvalue": 6.956618421434601e-07,
  "R1": 0.6841153104148271
}