{
  "alpha": null,
  "seed": 42,
  "n_train": 1250,
  "n_population": 5000,
  "train_loss": 0.07554972624655218,
  "population_risk": 0.0744731663479574,
  "bayes_population_risk": 0.011034997727387535,
  "empirical_bayes_risk": 0.010941821571476641,
  "generalization_gap": -0.0010765598985947727,
  "excess_population_risk": 0.06343816862056988,
  "runtime_seconds": 441.3918778412044,
  "runtime_per_step_seconds": 0.08827837556824088,
  "initial_objective": 0.07770724901468204,
  "final_objective": 0.07554972085516583,
  "best_objective": 0.07554970658910437,
  "objective_reduction": 0.0021575281595162116,
  "initial_train_loss_history": 0.07551183405166868,
  "final_train_loss_history": 0.07554972624655218,
  "best_train_loss_history": 0.07507464397119182,
  "train_loss_reduction": -3.789219488349593e-05,
  "weight_norm": 1.6720972494142556e-07,
  "trace_s": 1.672097249414256e-07,
  "top_eigenvalue": 1.660709928084941e-07,
  "min_eigenvalue": -2.8921968059483127e-23,
  "R1": 0.9931897972242315,
  "effective_rank": 1.0454221254075167,
  "config_suffix": "cov_toeplitz_mask_random_rho_0p99_lambda_1e-05_beta_1_d_200_T_20_lr_0p001_iter_5000_ntrain_1250_seed_42"
}