{
  "alpha": null,
  "seed": 42,
  "n_train": 50,
  "n_population": 5000,
  "train_loss": 1.0870635294052535,
  "population_risk": 1.3381920697530616,
  "bayes_population_risk": 0.9000135482996884,
  "empirical_bayes_risk": 0.8986658706660404,
  "generalization_gap": 0.25112854034780807,
  "excess_population_risk": 0.4381785214533732,
  "runtime_seconds": 31.027237249538302,
  "runtime_per_step_seconds": 0.0031027237249538304,
  "initial_objective": 1.174491500369845,
  "final_objective": 1.0953828025500345,
  "best_objective": 1.0953827990093343,
  "objective_reduction": 0.07910869781981056,
  "initial_train_loss_history": 1.1737878398848585,
  "final_train_loss_history": 1.0870635294052535,
  "best_train_loss_history": 1.08706350239605,
  "train_loss_reduction": 0.08672431047960494,
  "weight_norm": 16.63855221467808,
  "trace_s": 16.638552214678075,
  "top_eigenvalue": 7.597421798431874,
  "min_eigenvalue": -8.675719026077627e-17,
  "R1": 0.45661555767632456,
  "config_suffix": "cov_tridiagonal_mask_last_rho_0p3_lambda_1e-05_beta_1_d_50_T_5_lr_0p001_iter_10000_ntrain_50_seed_42"
}