{
  "alpha": null,
  "seed": 42,
  "n_train": 1500,
  "n_population": 5000,
  "train_loss": 0.73667536142008,
  "population_risk": 0.7613729699049898,
  "bayes_population_risk": 0.09796305337869733,
  "empirical_bayes_risk": 0.09867572459469032,
  "generalization_gap": 0.02469760848490976,
  "excess_population_risk": 0.6634099165262924,
  "runtime_seconds": 34.14484204351902,
  "runtime_per_step_seconds": 0.006828968408703804,
  "initial_objective": 0.7636861366134019,
  "final_objective": 0.741126321041652,
  "best_objective": 0.741126321041652,
  "objective_reduction": 0.022559815571749908,
  "initial_train_loss_history": 0.7626333102329195,
  "final_train_loss_history": 0.73667536142008,
  "best_train_loss_history": 0.73667536142008,
  "train_loss_reduction": 0.025957948812839415,
  "weight_norm": 8.901917238191363,
  "trace_s": 8.901917238191363,
  "top_eigenvalue": 1.6066261567357623,
  "min_eigenvalue": 2.5285943749339873e-13,
  "R1": 0.18048091368935112,
  "effective_rank": 9.529882782362478,
  "config_suffix": "cov_toeplitz_bump_mask_random_rho_0p5_lambda_1e-05_beta_1_d_50_T_5_lr_0p001_iter_5000_ntrain_1500_seed_42",
  "ridge_lambda": 0.01,
  "ridge_train_loss": 0.09697634795426546,
  "ridge_population_risk": 0.0989314865919963,
  "ridge_generalization_gap": 0.0019551386377308355,
  "ridge_excess_population_risk": 0.0009684332132989665,
  "pca_n_components": 75,
  "pca_train_loss": 0.5449783622300548,
  "pca_population_risk": 0.6696951213720304,
  "pca_generalization_gap": 0.12471675914197555,
  "pca_excess_population_risk": 0.571732067993333
}