{
  "alpha": null,
  "seed": 42,
  "n_train": 500,
  "n_population": 5000,
  "train_loss": 1.2001771686395764,
  "population_risk": 1.1979337603359055,
  "bayes_population_risk": 1.0,
  "empirical_bayes_risk": 0.9978985319277144,
  "generalization_gap": -0.0022434083036708685,
  "excess_population_risk": 0.19793376033590548,
  "runtime_seconds": 111.67021400853992,
  "runtime_per_step_seconds": 0.022334042801707983,
  "initial_objective": 1.204594386483812,
  "final_objective": 1.201798309458303,
  "best_objective": 1.201798298160308,
  "objective_reduction": 0.0027960770255091028,
  "initial_train_loss_history": 1.203510112963139,
  "final_train_loss_history": 1.2001771686395764,
  "best_train_loss_history": 1.2001733995257753,
  "train_loss_reduction": 0.00333294432356257,
  "weight_norm": 1.6211415334211963,
  "trace_s": 1.6211415334211956,
  "top_eigenvalue": 0.7064706198057035,
  "min_eigenvalue": 1.6292150340257037e-15,
  "R1": 0.43578589854199523,
  "effective_rank": 3.2442460411808547,
  "config_suffix": "cov_identity_mask_random_rho_NA_lambda_1e-05_beta_1_d_100_T_5_lr_0p001_iter_5000_ntrain_500_seed_42"
}