{
  "alpha": null,
  "seed": 42,
  "n_train": 250,
  "n_population": 5000,
  "train_loss": 1.1603058791828371,
  "population_risk": 1.1560108657607437,
  "bayes_population_risk": 0.96,
  "empirical_bayes_risk": 0.9582415937406804,
  "generalization_gap": -0.0042950134220933744,
  "excess_population_risk": 0.19601086576074378,
  "runtime_seconds": 51.11190253123641,
  "runtime_per_step_seconds": 0.005111190253123641,
  "initial_objective": 1.1703828842866477,
  "final_objective": 1.162460425849966,
  "best_objective": 1.1624604258499656,
  "objective_reduction": 0.007922458436681712,
  "initial_train_loss_history": 1.1652299048219787,
  "final_train_loss_history": 1.1603058791828371,
  "best_train_loss_history": 1.1603044469122796,
  "train_loss_reduction": 0.004924025639141627,
  "weight_norm": 0.4309093334257457,
  "trace_s": 0.4309093334257456,
  "top_eigenvalue": 0.4309093334257456,
  "min_eigenvalue": -7.919417531590927e-17,
  "R1": 0.9999999999999999,
  "config_suffix": "cov_toeplitz_mask_last_rho_0p2_lambda_0p0001_beta_1_d_50_T_5_lr_0p001_iter_10000_ntrain_250_seed_42"
}