{
  "alpha": null,
  "seed": 42,
  "n_train": 10,
  "n_population": 5000,
  "train_loss": 0.12410860761202269,
  "population_risk": 0.8535601993570127,
  "bayes_population_risk": 0.13898342541436456,
  "empirical_bayes_risk": 0.13819360180666568,
  "generalization_gap": 0.72945159174499,
  "excess_population_risk": 0.7145767739426481,
  "runtime_seconds": 20.56510896794498,
  "runtime_per_step_seconds": 0.004113021793588996,
  "initial_objective": 0.2688673162590507,
  "final_objective": 0.13361010057228642,
  "best_objective": 0.13361010057228642,
  "objective_reduction": 0.13525721568676427,
  "initial_train_loss_history": 0.2678734580847878,
  "final_train_loss_history": 0.12410860761202269,
  "best_train_loss_history": 0.12410860761202269,
  "train_loss_reduction": 0.1437648504727651,
  "weight_norm": 38.004714519595176,
  "trace_s": 38.00471451959518,
  "top_eigenvalue": 23.833307825047427,
  "min_eigenvalue": 2.5223013059069645e-07,
  "R1": 0.6271145074056275,
  "effective_rank": 3.193209029739667,
  "config_suffix": "cov_toeplitz_mask_random_rho_0p9_lambda_1e-05_beta_1_d_25_T_5_lr_0p001_iter_5000_ntrain_10_seed_42"
}