{
  "alpha": null,
  "seed": 42,
  "n_train": 1250,
  "n_population": 5000,
  "train_loss": 0.7416604162728285,
  "population_risk": 0.7606864620573633,
  "bayes_population_risk": 0.09796305337869733,
  "empirical_bayes_risk": 0.0976125896574652,
  "generalization_gap": 0.019026045784534817,
  "excess_population_risk": 0.662723408678666,
  "runtime_seconds": 81.73887264356017,
  "runtime_per_step_seconds": 0.016347774528712035,
  "initial_objective": 0.7743119337463076,
  "final_objective": 0.7467187742915992,
  "best_objective": 0.7467187742915992,
  "objective_reduction": 0.027593159454708416,
  "initial_train_loss_history": 0.7732980773925526,
  "final_train_loss_history": 0.7416604162728285,
  "best_train_loss_history": 0.7416604162728285,
  "train_loss_reduction": 0.0316376611197241,
  "weight_norm": 10.116712702169965,
  "trace_s": 10.116712702169961,
  "top_eigenvalue": 2.4984574344758492,
  "min_eigenvalue": 2.669809211174865e-12,
  "R1": 0.24696336725465648,
  "effective_rank": 8.13612552689972,
  "config_suffix": "cov_toeplitz_bump_mask_random_rho_0p5_lambda_1e-05_beta_1_d_50_T_5_lr_0p001_iter_5000_ntrain_1250_seed_42"
}