{
  "alpha": null,
  "seed": 42,
  "n_train": 400,
  "n_population": 5000,
  "train_loss": 0.9970485215596304,
  "population_risk": 1.0141556226877921,
  "bayes_population_risk": 0.9245538461538463,
  "empirical_bayes_risk": 0.926441365240619,
  "generalization_gap": 0.017107101128161717,
  "excess_population_risk": 0.08960177653394585,
  "runtime_seconds": 168.77965392544866,
  "runtime_per_step_seconds": 0.03375593078508973,
  "initial_objective": 1.0003053689553416,
  "final_objective": 0.9979875929400409,
  "best_objective": 0.9979875929400408,
  "objective_reduction": 0.0023177760153006988,
  "initial_train_loss_history": 0.999268938845369,
  "final_train_loss_history": 0.9970485215596304,
  "best_train_loss_history": 0.9970485215596301,
  "train_loss_reduction": 0.0022204172857386295,
  "weight_norm": 0.9390713804108244,
  "trace_s": 0.9390713804108246,
  "top_eigenvalue": 0.9390713804108238,
  "min_eigenvalue": -2.5298221038513453e-16,
  "R1": 1.0000000000000002,
  "effective_rank": 1.0,
  "config_suffix": "cov_toeplitz_mask_random_rho_0p2_lambda_1e-05_beta_1_d_100_T_50_lr_0p001_iter_5000_ntrain_400_seed_42",
  "ridge_lambda": 0.01,
  "ridge_train_loss": 0.8049081565449299,
  "ridge_population_risk": 1.0556546788169443,
  "ridge_generalization_gap": 0.25074652227201444,
  "ridge_excess_population_risk": 0.13110083266309802,
  "pca_n_components": 75,
  "pca_train_loss": 0.7414285065667119,
  "pca_population_risk": 1.0195559883357967,
  "pca_generalization_gap": 0.27812748176908486,
  "pca_excess_population_risk": 0.09500214218195047
}