{
  "alpha": null,
  "seed": 42,
  "n_train": 750,
  "n_population": 5000,
  "train_loss": 0.5633305120515503,
  "population_risk": 0.584446624586641,
  "bayes_population_risk": 0.27570731707317064,
  "empirical_bayes_risk": 0.3603231349032658,
  "generalization_gap": 0.021116112535090714,
  "excess_population_risk": 0.30873930751347034,
  "runtime_seconds": 62.165187899023294,
  "runtime_per_step_seconds": 0.0621651878990233,
  "initial_objective": 0.5919870744255907,
  "final_objective": 0.5801750324108017,
  "best_objective": 0.5801750324108017,
  "objective_reduction": 0.011812042014789026,
  "initial_train_loss_history": 0.5890440038404207,
  "final_train_loss_history": 0.5633305120515503,
  "best_train_loss_history": 0.5633305120515503,
  "train_loss_reduction": 0.02571349178887039,
  "weight_norm": 8.422080044644808,
  "trace_s": 8.422080044644808,
  "top_eigenvalue": 3.9113177383868702,
  "min_eigenvalue": 7.181940940310382e-14,
  "R1": 0.46441232066820454
}