{
  "alpha": null,
  "seed": 42,
  "n_train": 100,
  "n_population": 5000,
  "train_loss": 0.7479721447106613,
  "population_risk": 0.8757419404431097,
  "bayes_population_risk": 0.48757509716865854,
  "empirical_bayes_risk": 0.49333039315611765,
  "generalization_gap": 0.1277697957324484,
  "excess_population_risk": 0.38816684327445117,
  "runtime_seconds": 17.291575767099857,
  "runtime_per_step_seconds": 0.0034583151534199716,
  "initial_objective": 0.8413196232579968,
  "final_objective": 0.752258162825702,
  "best_objective": 0.752258162825702,
  "objective_reduction": 0.08906146043229479,
  "initial_train_loss_history": 0.8407547841600205,
  "final_train_loss_history": 0.7479721447106613,
  "best_train_loss_history": 0.7479721447106613,
  "train_loss_reduction": 0.09278263944935916,
  "weight_norm": 17.14397377521838,
  "trace_s": 17.14397377521838,
  "top_eigenvalue": 6.659220427665637,
  "min_eigenvalue": 3.7646506857749306e-10,
  "R1": 0.388429223876412,
  "effective_rank": 4.216084213626717,
  "config_suffix": "cov_toeplitz_bump_mask_random_rho_0p5_lambda_1e-05_beta_1_d_25_T_5_lr_0p001_iter_5000_ntrain_100_seed_42",
  "ridge_lambda": 0.01,
  "ridge_train_loss": 0.4583452056157077,
  "ridge_population_risk": 0.5139925879188202,
  "ridge_generalization_gap": 0.0556473823031125,
  "ridge_excess_population_risk": 0.026417490750161643,
  "pca_n_components": 62,
  "pca_train_loss": 0.18002345100978923,
  "pca_population_risk": 1.4237971927423925,
  "pca_generalization_gap": 1.2437737417326034,
  "pca_excess_population_risk": 0.9362220955737339
}