{
  "alpha": null,
  "seed": 42,
  "n_train": 100,
  "n_population": 5000,
  "train_loss": 0.4923625455445195,
  "population_risk": 0.9237749515649102,
  "bayes_population_risk": 0.3599999999999999,
  "empirical_bayes_risk": 0.3601315060396694,
  "generalization_gap": 0.43141240602039066,
  "excess_population_risk": 0.5637749515649103,
  "runtime_seconds": 38.085487658157945,
  "runtime_per_step_seconds": 0.0038085487658157946,
  "initial_objective": 0.5961882102096288,
  "final_objective": 0.5151001828150028,
  "best_objective": 0.5151001828150028,
  "objective_reduction": 0.08108802739462595,
  "initial_train_loss_history": 0.5952061593089926,
  "final_train_loss_history": 0.4923625455445195,
  "best_train_loss_history": 0.4923625455445195,
  "train_loss_reduction": 0.10284361376447304,
  "weight_norm": 45.47525999655515,
  "trace_s": 45.47525999655514,
  "top_eigenvalue": 27.122396965658204,
  "min_eigenvalue": 1.17971055524313e-13,
  "R1": 0.596420932342394,
  "config_suffix": "cov_toeplitz_mask_last_rho_0p8_lambda_1e-05_beta_1_d_50_T_5_lr_0p001_iter_10000_ntrain_100_seed_42"
}