{
  "alpha": null,
  "seed": 42,
  "n_train": 1500,
  "n_population": 5000,
  "train_loss": 0.3329326493677075,
  "population_risk": 0.34104810780141315,
  "bayes_population_risk": 0.13898342541436456,
  "empirical_bayes_risk": 0.19017773592100554,
  "generalization_gap": 0.008115458433705647,
  "excess_population_risk": 0.20206468238704858,
  "runtime_seconds": 886.4867762364447,
  "runtime_per_step_seconds": 0.08864867762364446,
  "initial_objective": 0.36764188260934777,
  "final_objective": 0.34749082369013196,
  "best_objective": 0.3474906222839511,
  "objective_reduction": 0.020151058919215814,
  "initial_train_loss_history": 0.3641865186083477,
  "final_train_loss_history": 0.3329326493677075,
  "best_train_loss_history": 0.33291875148375055,
  "train_loss_reduction": 0.03125386924064022,
  "weight_norm": 7.279097117292436,
  "trace_s": 7.279097117292439,
  "top_eigenvalue": 0.9271045996605587,
  "min_eigenvalue": -2.0852779580990432e-18,
  "R1": 0.12736532906781825
}