{
  "alpha": 5.0,
  "seed": 0,
  "n_train": 12500,
  "n_population": 5000,
  "train_loss": 1.092153023971341,
  "population_risk": 1.0902359695237436,
  "bayes_population_risk": 0.9310364973015884,
  "empirical_bayes_risk": 0.9291519955213753,
  "weight_norm": 0.004418219440757306,
  "trace_s": 0.004418219440757306,
  "top_eigenvalue": 0.00042901995533274335,
  "R1": 0.09710245520516905
}