{
  "alpha": null,
  "seed": 42,
  "n_train": 2000,
  "n_population": 5000,
  "train_loss": 0.8093253950887462,
  "population_risk": 0.8010052927410782,
  "bayes_population_risk": 0.48757509716865854,
  "empirical_bayes_risk": 0.484470921359903,
  "generalization_gap": -0.008320102347668001,
  "excess_population_risk": 0.3134301955724197,
  "runtime_seconds": 30.478829907253385,
  "runtime_per_step_seconds": 0.006095765981450677,
  "initial_objective": 0.8252028031789336,
  "final_objective": 0.8105706888754944,
  "best_objective": 0.8105706888754944,
  "objective_reduction": 0.014632114303439137,
  "initial_train_loss_history": 0.8246290513139423,
  "final_train_loss_history": 0.8093253950887462,
  "best_train_loss_history": 0.8093253950887462,
  "train_loss_reduction": 0.015303656225196027,
  "weight_norm": 4.981172003965697,
  "trace_s": 4.981172003965698,
  "top_eigenvalue": 1.3773977815679952,
  "min_eigenvalue": 1.736620627593441e-13,
  "R1": 0.27652082290501045,
  "effective_rank": 6.315943302618973,
  "config_suffix": "cov_toeplitz_bump_mask_random_rho_0p5_lambda_1e-05_beta_1_d_25_T_5_lr_0p001_iter_5000_ntrain_2000_seed_42",
  "ridge_lambda": 0.01,
  "ridge_train_loss": 0.49355208000031187,
  "ridge_population_risk": 0.4851662536428135,
  "ridge_generalization_gap": -0.00838582635749835,
  "ridge_excess_population_risk": -0.002408843525845028,
  "pca_n_components": 62,
  "pca_train_loss": 0.7035855391355401,
  "pca_population_risk": 0.7732404992818857,
  "pca_generalization_gap": 0.06965496014634553,
  "pca_excess_population_risk": 0.2856654021132271
}