{
  "alpha": null,
  "seed": 42,
  "n_train": 400,
  "n_population": 5000,
  "train_loss": 0.5475645346070898,
  "population_risk": 0.5993313318474548,
  "bayes_population_risk": 0.3599999999999999,
  "empirical_bayes_risk": 0.36046678060824777,
  "generalization_gap": 0.05176679724036504,
  "excess_population_risk": 0.23933133184745492,
  "runtime_seconds": 65.31040409207344,
  "runtime_per_step_seconds": 0.006531040409207344,
  "initial_objective": 0.5907989721116326,
  "final_objective": 0.5557264673386679,
  "best_objective": 0.5557264663117898,
  "objective_reduction": 0.03507250477296464,
  "initial_train_loss_history": 0.5898161446795157,
  "final_train_loss_history": 0.5475645346070898,
  "best_train_loss_history": 0.5475643659766083,
  "train_loss_reduction": 0.04225161007242595,
  "weight_norm": 16.323868316748648,
  "trace_s": 16.323868316748648,
  "top_eigenvalue": 5.857638210953716,
  "min_eigenvalue": -1.0537304230527016e-16,
  "R1": 0.3588388546937522,
  "config_suffix": "cov_toeplitz_mask_last_rho_0p8_lambda_1e-05_beta_1_d_50_T_5_lr_0p001_iter_10000_ntrain_400_seed_42"
}