{
  "alpha": null,
  "seed": 42,
  "n_train": 2500,
  "n_population": 5000,
  "train_loss": 0.6539580344178455,
  "population_risk": 0.6610027574818509,
  "bayes_population_risk": 0.2921672002085666,
  "empirical_bayes_risk": 0.29220926030259486,
  "generalization_gap": 0.007044723064005387,
  "excess_population_risk": 0.36883555727328426,
  "runtime_seconds": 121.43109667487442,
  "runtime_per_step_seconds": 0.024286219334974886,
  "initial_objective": 0.684702956520121,
  "final_objective": 0.6585940064148945,
  "best_objective": 0.6585940064148945,
  "objective_reduction": 0.026108950105226514,
  "initial_train_loss_history": 0.6834995911308603,
  "final_train_loss_history": 0.6539580344178455,
  "best_train_loss_history": 0.6539580344178455,
  "train_loss_reduction": 0.029541556713014838,
  "weight_norm": 9.271939193520192,
  "trace_s": 9.271939193520192,
  "top_eigenvalue": 1.6326697267403267,
  "min_eigenvalue": 1.5355253830359825e-12,
  "R1": 0.1760871908954427,
  "effective_rank": 10.582787318069922,
  "config_suffix": "cov_matern_mask_random_rho_NA_lambda_1e-05_beta_1_d_50_T_5_lr_0p001_iter_5000_ntrain_2500_seed_42"
}