{
  "alpha": 0.5,
  "seed": 0,
  "n_train": 1250,
  "n_population": 5000,
  "train_loss": 0.8423530942887164,
  "population_risk": 0.851083111738052,
  "bayes_population_risk": 0.66,
  "empirical_bayes_risk": 0.6596827905453209,
  "generalization_gap": 0.008730017449335548,
  "excess_population_risk": 0.19108311173805193,
  "runtime_seconds": 23.551787583041005,
  "runtime_per_step_seconds": 0.023551787583041005,
  "initial_objective": 0.8683124536089208,
  "final_objective": 0.8429869646421272,
  "best_objective": 0.8429869646421272,
  "objective_reduction": 0.025325488966793652,
  "initial_train_loss_history": 0.8650908025016008,
  "final_train_loss_history": 0.8423530942887164,
  "best_train_loss_history": 0.8423530942887164,
  "train_loss_reduction": 0.022737708212884344,
  "weight_norm": 1.2663973669967519,
  "trace_s": 1.2663973669967516,
  "top_eigenvalue": 0.26559716497484354,
  "min_eigenvalue": 4.482807364068745e-10,
  "R1": 0.20972656126465627
}