{
  "alpha": null,
  "seed": 42,
  "n_train": 2500,
  "n_population": 5000,
  "train_loss": 1.0697293326138824,
  "population_risk": 1.0643938712562924,
  "bayes_population_risk": 0.9675589362829065,
  "empirical_bayes_risk": 0.9668976484152021,
  "generalization_gap": -0.005335461357589999,
  "excess_population_risk": 0.09683493497338591,
  "runtime_seconds": 81.40453461557627,
  "runtime_per_step_seconds": 0.016280906923115252,
  "initial_objective": 1.0712182792000804,
  "final_objective": 1.0699671966886086,
  "best_objective": 1.0699671966886053,
  "objective_reduction": 0.0012510825114717683,
  "initial_train_loss_history": 1.0706584387580362,
  "final_train_loss_history": 1.0697293326138824,
  "best_train_loss_history": 1.0697292021070188,
  "train_loss_reduction": 0.0009291061441538684,
  "weight_norm": 0.47572814944642905,
  "trace_s": 0.4757281494464291,
  "top_eigenvalue": 0.47572814944641434,
  "min_eigenvalue": -7.947425467410507e-17,
  "R1": 0.9999999999999688,
  "effective_rank": 1.0,
  "config_suffix": "cov_exponential_mask_random_rho_NA_lambda_1e-05_beta_1_d_50_T_10_lr_0p001_iter_5000_ntrain_2500_seed_42",
  "ridge_lambda": 0.01,
  "ridge_train_loss": 0.9659640362008344,
  "ridge_population_risk": 0.9702138972790275,
  "ridge_generalization_gap": 0.00424986107819314,
  "ridge_excess_population_risk": 0.0026549609961210585,
  "pca_n_components": 75,
  "pca_train_loss": 1.0172270448168483,
  "pca_population_risk": 1.1680264653905679,
  "pca_generalization_gap": 0.15079942057371953,
  "pca_excess_population_risk": 0.2004675291076614
}