{
  "alpha": null,
  "seed": 42,
  "n_train": 1250,
  "n_population": 5000,
  "train_loss": 1.1052826328280343,
  "population_risk": 1.1011033718227299,
  "bayes_population_risk": 1.0,
  "empirical_bayes_risk": 1.0015034698608858,
  "generalization_gap": -0.004179261005304413,
  "excess_population_risk": 0.10110337182272988,
  "runtime_seconds": 218.42058044858277,
  "runtime_per_step_seconds": 0.043684116089716556,
  "initial_objective": 1.1068383895490956,
  "final_objective": 1.1054834861760776,
  "best_objective": 1.1054834861760774,
  "objective_reduction": 0.0013549033730180238,
  "initial_train_loss_history": 1.106282780531354,
  "final_train_loss_history": 1.1052826328280343,
  "best_train_loss_history": 1.1052802441024516,
  "train_loss_reduction": 0.001000147703319687,
  "weight_norm": 0.40170669608673343,
  "trace_s": 0.4017066960867334,
  "top_eigenvalue": 0.4017066960813361,
  "min_eigenvalue": -8.106250180406323e-17,
  "R1": 0.9999999999865641,
  "effective_rank": 1.000000000349141,
  "config_suffix": "cov_identity_mask_random_rho_NA_lambda_1e-05_beta_1_d_50_T_10_lr_0p001_iter_5000_ntrain_1250_seed_42"
}