{
  "alpha": null,
  "seed": 42,
  "n_train": 125,
  "n_population": 5000,
  "train_loss": 0.9253273329593996,
  "population_risk": 1.0868857647075914,
  "bayes_population_risk": 0.7459898192227884,
  "empirical_bayes_risk": 0.7470605459112503,
  "generalization_gap": 0.16155843174819173,
  "excess_population_risk": 0.34089594548480295,
  "runtime_seconds": 29.15001135505736,
  "runtime_per_step_seconds": 0.005830002271011472,
  "initial_objective": 0.9990803060201465,
  "final_objective": 0.9418277942242392,
  "best_objective": 0.9418277942242392,
  "objective_reduction": 0.05725251179590729,
  "initial_train_loss_history": 0.9976875589194625,
  "final_train_loss_history": 0.9253273329593996,
  "best_train_loss_history": 0.9253253783623534,
  "train_loss_reduction": 0.07236022596006286,
  "weight_norm": 16.500458358602643,
  "trace_s": 16.500458358602643,
  "top_eigenvalue": 6.855247053614457,
  "min_eigenvalue": 1.7249615435652514e-15,
  "R1": 0.4154579772652448,
  "effective_rank": 4.639976307231136,
  "config_suffix": "cov_matern_mask_random_rho_NA_lambda_1e-05_beta_1_d_100_T_5_lr_0p001_iter_5000_ntrain_125_seed_42",
  "ridge_lambda": 0.01,
  "ridge_train_loss": 0.7375943142721616,
  "ridge_population_risk": 0.7712905073134801,
  "ridge_generalization_gap": 0.033696193041318545,
  "ridge_excess_population_risk": 0.025300688090691748,
  "pca_n_components": 75,
  "pca_train_loss": 0.2630687765680906,
  "pca_population_risk": 1.150202415410757,
  "pca_generalization_gap": 0.8871336388426665,
  "pca_excess_population_risk": 0.4042125961879687
}