{
  "alpha": null,
  "seed": 42,
  "n_train": 150,
  "n_population": 5000,
  "train_loss": 0.8074699949333634,
  "population_risk": 0.8684697118929962,
  "bayes_population_risk": 0.4961178375737193,
  "empirical_bayes_risk": 0.49794403969699513,
  "generalization_gap": 0.0609997169596328,
  "excess_population_risk": 0.37235187431927685,
  "runtime_seconds": 40.67674001213163,
  "runtime_per_step_seconds": 0.008135348002426327,
  "initial_objective": 0.8520452810101096,
  "final_objective": 0.813696251481815,
  "best_objective": 0.813696251481815,
  "objective_reduction": 0.038349029528294554,
  "initial_train_loss_history": 0.8514013625686235,
  "final_train_loss_history": 0.8074699949333634,
  "best_train_loss_history": 0.8074699949333634,
  "train_loss_reduction": 0.04393136763526018,
  "weight_norm": 12.452501434818274,
  "trace_s": 12.452501434818272,
  "top_eigenvalue": 4.792601011678191,
  "min_eigenvalue": 6.966383129838807e-13,
  "R1": 0.3848705448270548,
  "effective_rank": 4.550932333941412,
  "config_suffix": "cov_exponential_mask_random_rho_NA_lambda_1e-05_beta_1_d_50_T_10_lr_0p001_iter_5000_ntrain_150_seed_42"
}