{
  "alpha": null,
  "seed": 42,
  "n_train": 3000,
  "n_population": 5000,
  "train_loss": 1.1673564120320663,
  "population_risk": 1.1673974090098818,
  "bayes_population_risk": 0.9582577132486388,
  "empirical_bayes_risk": 0.9560327186956642,
  "generalization_gap": 4.099697781545508e-05,
  "excess_population_risk": 0.20913969576124292,
  "runtime_seconds": 359.6063037943095,
  "runtime_per_step_seconds": 0.03596063037943095,
  "initial_objective": 1.1688836026485454,
  "final_objective": 1.1674453270730745,
  "best_objective": 1.1674453270730738,
  "objective_reduction": 0.0014382755754709375,
  "initial_train_loss_history": 1.1683541273434586,
  "final_train_loss_history": 1.1673564120320663,
  "best_train_loss_history": 1.1673461774968907,
  "train_loss_reduction": 0.0009977153113922554,
  "weight_norm": 0.17783008201584644,
  "trace_s": 0.1778300820158464,
  "top_eigenvalue": 0.17783008198832181,
  "min_eigenvalue": -3.177566124572806e-17,
  "R1": 0.9999999998452197,
  "config_suffix": "cov_tridiagonal_mask_last_rho_0p2_lambda_1e-05_beta_1_d_50_T_5_lr_0p001_iter_10000_ntrain_3000_seed_42"
}