{
  "alpha": 0.5,
  "seed": 0,
  "n_train": 1250,
  "n_population": 5000,
  "train_loss": 0.4607308205951448,
  "population_risk": 0.45956305689472693,
  "bayes_population_risk": 0.2663414634146341,
  "empirical_bayes_risk": 0.2670365149389226,
  "weight_norm": 8.861214289369164,
  "trace_s": 8.861214289369164,
  "top_eigenvalue": 0.8836257730217911,
  "R1": 0.09971836185948925
}