{
  "alpha": null,
  "seed": 42,
  "n_train": 1000,
  "n_population": 5000,
  "train_loss": 1.086268458475489,
  "population_risk": 1.081540768905752,
  "bayes_population_risk": 0.8556104261592068,
  "empirical_bayes_risk": 0.8581596723794755,
  "generalization_gap": -0.004727689569737015,
  "excess_population_risk": 0.2259303427465451,
  "runtime_seconds": 19.82860902696848,
  "runtime_per_step_seconds": 0.01982860902696848,
  "initial_objective": 1.092471246685428,
  "final_objective": 1.0868246556716268,
  "best_objective": 1.0868246556716268,
  "objective_reduction": 0.005646591013801272,
  "initial_train_loss_history": 1.087099414928989,
  "final_train_loss_history": 1.086268458475489,
  "best_train_loss_history": 1.0847271720098899,
  "train_loss_reduction": 0.0008309564535000646,
  "weight_norm": 0.11122960080984884,
  "trace_s": 0.11122960080984882,
  "top_eigenvalue": 0.08557444682708912,
  "min_eigenvalue": 8.893495128159294e-12,
  "R1": 0.76934958144264
}