{
  "alpha": null,
  "seed": 42,
  "n_train": 7000,
  "n_population": 5000,
  "train_loss": 0.5787272992593038,
  "population_risk": 0.5824477264927189,
  "bayes_population_risk": 0.27570731707317064,
  "empirical_bayes_risk": 0.3600031510139494,
  "generalization_gap": 0.0037204272334151467,
  "excess_population_risk": 0.3067404094195483,
  "runtime_seconds": 3071.850950524211,
  "runtime_per_step_seconds": 0.3071850950524211,
  "initial_objective": 0.5913348381678654,
  "final_objective": 0.5859626562625313,
  "best_objective": 0.585962624800818,
  "objective_reduction": 0.005372181905334061,
  "initial_train_loss_history": 0.5884082236879012,
  "final_train_loss_history": 0.5787272992593038,
  "best_train_loss_history": 0.5787190085108578,
  "train_loss_reduction": 0.00968092442859747,
  "weight_norm": 3.617677846397498,
  "trace_s": 3.6176778463974983,
  "top_eigenvalue": 0.4231332843834131,
  "min_eigenvalue": -5.0494774691195146e-17,
  "R1": 0.11696267670842254
}