{
  "alpha": 5.0,
  "seed": 0,
  "n_train": 12500,
  "n_population": 5000,
  "train_loss": 0.8492325203925406,
  "population_risk": 0.8525220749696507,
  "bayes_population_risk": 0.675,
  "empirical_bayes_risk": 0.6748520782576668,
  "weight_norm": 0.004418238608902214,
  "trace_s": 0.004418238608902213,
  "top_eigenvalue": 0.0004308747171095985,
  "R1": 0.09752183058684029
}