{
  "alpha": null,
  "seed": 42,
  "n_train": 2000,
  "n_population": 5000,
  "train_loss": 1.128724953181704,
  "population_risk": 1.1298209620465782,
  "bayes_population_risk": 0.9710902924899966,
  "empirical_bayes_risk": 0.9689985095114605,
  "generalization_gap": 0.001096008864874154,
  "excess_population_risk": 0.15873066955658166,
  "runtime_seconds": 97.31235802546144,
  "runtime_per_step_seconds": 0.019462471605092287,
  "initial_objective": 1.131186390621186,
  "final_objective": 1.1296319452531118,
  "best_objective": 1.1296319452531118,
  "objective_reduction": 0.0015544453680742532,
  "initial_train_loss_history": 1.130041774424367,
  "final_train_loss_history": 1.128724953181704,
  "best_train_loss_history": 1.1287196383549212,
  "train_loss_reduction": 0.0013168212426628578,
  "weight_norm": 0.9069920698609322,
  "trace_s": 0.9069920698609317,
  "top_eigenvalue": 0.3911165312374127,
  "min_eigenvalue": -1.0605279245705118e-17,
  "R1": 0.4312237606414599,
  "effective_rank": 3.1372390589397656,
  "config_suffix": "cov_exponential_mask_random_rho_NA_lambda_1e-05_beta_1_d_100_T_5_lr_0p001_iter_5000_ntrain_2000_seed_42",
  "ridge_lambda": 0.01,
  "ridge_train_loss": 0.9699739004520529,
  "ridge_population_risk": 0.9710298892203555,
  "ridge_generalization_gap": 0.001055988768302596,
  "ridge_excess_population_risk": -6.04032696410739e-05,
  "pca_n_components": 75,
  "pca_train_loss": 1.017845253920936,
  "pca_population_risk": 1.1984301017669339,
  "pca_generalization_gap": 0.18058484784599793,
  "pca_excess_population_risk": 0.2273398092769373
}