{
  "alpha": null,
  "seed": 42,
  "n_train": 300,
  "n_population": 5000,
  "train_loss": 0.18183004572489592,
  "population_risk": 0.19884115769836558,
  "bayes_population_risk": 0.09356768304525143,
  "empirical_bayes_risk": 0.09343070041577628,
  "generalization_gap": 0.01701111197346966,
  "excess_population_risk": 0.10527347465311415,
  "runtime_seconds": 78.25828874111176,
  "runtime_per_step_seconds": 0.01565165774822235,
  "initial_objective": 0.246582153742126,
  "final_objective": 0.19354213710405782,
  "best_objective": 0.19354213710405782,
  "objective_reduction": 0.05304001663806818,
  "initial_train_loss_history": 0.24409158201494408,
  "final_train_loss_history": 0.18183004572489592,
  "best_train_loss_history": 0.18183004572489592,
  "train_loss_reduction": 0.06226153629004816,
  "weight_norm": 11.712082801022119,
  "trace_s": 11.712082801022117,
  "top_eigenvalue": 2.6237349740454547,
  "min_eigenvalue": 6.77478272142944e-13,
  "R1": 0.22401950350081892,
  "effective_rank": 9.689503593143233,
  "config_suffix": "cov_circulant_ar1_mask_random_rho_0p9_lambda_1e-05_beta_1_d_100_T_5_lr_0p001_iter_5000_ntrain_300_seed_42"
}