{
  "alpha": null,
  "seed": 42,
  "n_train": 400,
  "n_population": 5000,
  "train_loss": 0.7007055707191014,
  "population_risk": 0.7392237099128848,
  "bayes_population_risk": 0.10837348066298334,
  "empirical_bayes_risk": 0.10762826245245745,
  "generalization_gap": 0.03851813919378333,
  "excess_population_risk": 0.6308502292499014,
  "runtime_seconds": 225.9458124525845,
  "runtime_per_step_seconds": 0.0451891624905169,
  "initial_objective": 0.723754437025256,
  "final_objective": 0.7030450974490381,
  "best_objective": 0.7030450974490381,
  "objective_reduction": 0.0207093395762179,
  "initial_train_loss_history": 0.7231325431906689,
  "final_train_loss_history": 0.7007055707191014,
  "best_train_loss_history": 0.7007053858504514,
  "train_loss_reduction": 0.02242697247156744,
  "weight_norm": 4.679053298284297,
  "trace_s": 4.679053298284297,
  "top_eigenvalue": 4.678961742121329,
  "min_eigenvalue": 5.777495175934825e-18,
  "R1": 0.9999804327591221,
  "effective_rank": 1.0002426767112143,
  "config_suffix": "cov_toeplitz_mask_random_rho_0p9_lambda_1e-05_beta_1_d_50_T_50_lr_0p001_iter_5000_ntrain_400_seed_42"
}