{
  "alpha": null,
  "seed": 42,
  "n_train": 2000,
  "n_population": 5000,
  "train_loss": 0.32127640608258395,
  "population_risk": 0.3327611610957375,
  "bayes_population_risk": 0.07006953088198194,
  "empirical_bayes_risk": 0.06975727196474377,
  "generalization_gap": 0.011484755013153547,
  "excess_population_risk": 0.2626916302137556,
  "runtime_seconds": 353.47140123322606,
  "runtime_per_step_seconds": 0.07069428024664522,
  "initial_objective": 0.37710486553208444,
  "final_objective": 0.3366425213404438,
  "best_objective": 0.3366425213404438,
  "objective_reduction": 0.04046234419164063,
  "initial_train_loss_history": 0.37494316236005815,
  "final_train_loss_history": 0.32127640608258395,
  "best_train_loss_history": 0.32127640608258395,
  "train_loss_reduction": 0.05366675627747419,
  "weight_norm": 15.366111254824856,
  "trace_s": 15.366111254824856,
  "top_eigenvalue": 3.7681329124301772,
  "min_eigenvalue": 1.5523638870263825e-13,
  "R1": 0.24522358649765785,
  "effective_rank": 14.182157461011174,
  "config_suffix": "cov_matern_mask_random_rho_NA_lambda_1e-05_beta_1_d_100_T_5_lr_0p001_iter_5000_ntrain_2000_seed_42"
}