{
  "alpha": null,
  "seed": 42,
  "n_train": 100,
  "n_population": 5000,
  "train_loss": 1.1178869165931118,
  "population_risk": 1.1279258799164302,
  "bayes_population_risk": 0.9339407664588757,
  "empirical_bayes_risk": 0.9377309687410097,
  "generalization_gap": 0.01003896332331844,
  "excess_population_risk": 0.19398511345755454,
  "runtime_seconds": 40.029628317803144,
  "runtime_per_step_seconds": 0.004002962831780314,
  "initial_objective": 1.1467891481905959,
  "final_objective": 1.1302573852900282,
  "best_objective": 1.1302573424925992,
  "objective_reduction": 0.01653176290056768,
  "initial_train_loss_history": 1.1400641890613827,
  "final_train_loss_history": 1.1178869165931118,
  "best_train_loss_history": 1.1178811268296953,
  "train_loss_reduction": 0.022177272468270948,
  "weight_norm": 2.47408834391106,
  "trace_s": 2.4740883439110597,
  "top_eigenvalue": 1.4670587094805951,
  "min_eigenvalue": -4.894535737111993e-17,
  "R1": 0.592969411577865
}