{
  "alpha": null,
  "seed": 42,
  "n_train": 20,
  "n_population": 5000,
  "train_loss": 0.2982923532246535,
  "population_risk": 1.34928170039645,
  "bayes_population_risk": 0.24553354982376377,
  "empirical_bayes_risk": 0.2453098608010235,
  "generalization_gap": 1.0509893471717964,
  "excess_population_risk": 1.103748150572686,
  "runtime_seconds": 40.48452803120017,
  "runtime_per_step_seconds": 0.008096905606240034,
  "initial_objective": 0.7932686069415442,
  "final_objective": 0.3264924121279561,
  "best_objective": 0.3264924121279561,
  "objective_reduction": 0.4667761948135881,
  "initial_train_loss_history": 0.7917453305213283,
  "final_train_loss_history": 0.2982923532246535,
  "best_train_loss_history": 0.2982923532246535,
  "train_loss_reduction": 0.49345297729667487,
  "weight_norm": 28.199911144538024,
  "trace_s": 28.19991114453802,
  "top_eigenvalue": 22.321836994803547,
  "min_eigenvalue": 2.209695654387635e-11,
  "R1": 0.7915569974810724,
  "effective_rank": 1.9817279984567466,
  "config_suffix": "cov_matern_mask_random_rho_NA_lambda_1e-05_beta_1_d_100_T_10_lr_0p001_iter_5000_ntrain_20_seed_42"
}