{
  "alpha": null,
  "seed": 42,
  "n_train": 2000,
  "n_population": 5000,
  "train_loss": 0.7912290390206015,
  "population_risk": 0.8021372207758614,
  "bayes_population_risk": 0.48757509716865854,
  "empirical_bayes_risk": 0.48605037150842545,
  "generalization_gap": 0.010908181755259871,
  "excess_population_risk": 0.3145621236072028,
  "runtime_seconds": 123.07415385916829,
  "runtime_per_step_seconds": 0.024614830771833657,
  "initial_objective": 0.8134541690779246,
  "final_objective": 0.7994221359514546,
  "best_objective": 0.7994221359514546,
  "objective_reduction": 0.014032033126469945,
  "initial_train_loss_history": 0.811877011144507,
  "final_train_loss_history": 0.7912290390206015,
  "best_train_loss_history": 0.7912268536545963,
  "train_loss_reduction": 0.020647972123905567,
  "weight_norm": 8.193096751365598,
  "trace_s": 8.193096751365598,
  "top_eigenvalue": 2.3233938196239183,
  "min_eigenvalue": 4.912023380290531e-16,
  "R1": 0.2835794437843863,
  "effective_rank": 9.361488882422984,
  "config_suffix": "cov_toeplitz_bump_mask_random_rho_0p5_lambda_1e-05_beta_1_d_100_T_5_lr_0p001_iter_5000_ntrain_2000_seed_42",
  "ridge_lambda": 0.01,
  "ridge_train_loss": 0.4861239211336237,
  "ridge_population_risk": 0.4870896101329895,
  "ridge_generalization_gap": 0.0009656889993658324,
  "ridge_excess_population_risk": -0.00048548703566902995,
  "pca_n_components": 75,
  "pca_train_loss": 0.7580506480819811,
  "pca_population_risk": 0.8738906710510226,
  "pca_generalization_gap": 0.1158400229690415,
  "pca_excess_population_risk": 0.38631557388236404
}