{
  "alpha": 3.0,
  "seed": 0,
  "n_train": 7500,
  "n_population": 5000,
  "train_loss": 0.8471366975107719,
  "population_risk": 0.8409052272941326,
  "bayes_population_risk": 0.66,
  "empirical_bayes_risk": 0.6562527752992612,
  "generalization_gap": -0.006231470216639279,
  "excess_population_risk": 0.1809052272941326,
  "runtime_seconds": 597.5296551249921,
  "runtime_per_step_seconds": 0.059752965512499215,
  "initial_objective": 0.870141524079588,
  "final_objective": 0.8503774379813436,
  "best_objective": 0.8503774276135518,
  "objective_reduction": 0.019764086098244427,
  "initial_train_loss_history": 0.8623843734169289,
  "final_train_loss_history": 0.8471366975107719,
  "best_train_loss_history": 0.8471365067569379,
  "train_loss_reduction": 0.015247675906156943,
  "weight_norm": 0.6481477261286014,
  "trace_s": 0.6481477261286015,
  "top_eigenvalue": 0.1179855465193805,
  "min_eigenvalue": 4.3224583820900546e-18,
  "R1": 0.18203496172718273
}