{
  "alpha": null,
  "seed": 42,
  "n_train": 150,
  "n_population": 5000,
  "train_loss": 0.4010097343641495,
  "population_risk": 0.9248447775826587,
  "bayes_population_risk": 0.1214410313285021,
  "empirical_bayes_risk": 0.12081796468792044,
  "generalization_gap": 0.5238350432185093,
  "excess_population_risk": 0.8034037462541566,
  "runtime_seconds": 51.141073763370514,
  "runtime_per_step_seconds": 0.010228214752674103,
  "initial_objective": 0.5974341456713983,
  "final_objective": 0.44838250576902555,
  "best_objective": 0.44838250576902555,
  "objective_reduction": 0.14905163990237275,
  "initial_train_loss_history": 0.5956207330821767,
  "final_train_loss_history": 0.4010097343641495,
  "best_train_loss_history": 0.4010097343641495,
  "train_loss_reduction": 0.19461099871802717,
  "weight_norm": 47.37272642514617,
  "trace_s": 47.372726425146176,
  "top_eigenvalue": 23.226333005004626,
  "min_eigenvalue": 2.0306382417475404e-16,
  "R1": 0.4902891338058121,
  "effective_rank": 5.044568975770566,
  "config_suffix": "cov_toeplitz_bump_mask_random_rho_0p7_lambda_1e-05_beta_1_d_100_T_5_lr_0p001_iter_5000_ntrain_150_seed_42"
}