{
  "alpha": null,
  "seed": 42,
  "n_train": 250,
  "n_population": 5000,
  "train_loss": 0.965467069002206,
  "population_risk": 1.0053533970748278,
  "bayes_population_risk": 0.7166519216006867,
  "empirical_bayes_risk": 0.7198533433845796,
  "generalization_gap": 0.039886328072621824,
  "excess_population_risk": 0.28870147547414116,
  "runtime_seconds": 54.07569369673729,
  "runtime_per_step_seconds": 0.010815138739347458,
  "initial_objective": 0.9812124077040614,
  "final_objective": 0.9681997285382911,
  "best_objective": 0.9681997285382911,
  "objective_reduction": 0.013012679165770313,
  "initial_train_loss_history": 0.9805879521659016,
  "final_train_loss_history": 0.965467069002206,
  "best_train_loss_history": 0.965467069002206,
  "train_loss_reduction": 0.015120883163695531,
  "weight_norm": 5.465317787760151,
  "trace_s": 5.46531778776015,
  "top_eigenvalue": 2.2550360732452326,
  "min_eigenvalue": 1.4158827436404248e-14,
  "R1": 0.4126084082970432,
  "effective_rank": 3.626294018464344,
  "config_suffix": "cov_matern_mask_random_rho_NA_lambda_1e-05_beta_1_d_50_T_10_lr_0p001_iter_5000_ntrain_250_seed_42"
}