{
  "alpha": null,
  "seed": 42,
  "n_train": 125,
  "n_population": 5000,
  "train_loss": 0.5953316842101504,
  "population_risk": 1.19895065648749,
  "bayes_population_risk": 0.24553354982376377,
  "empirical_bayes_risk": 0.24408127059154736,
  "generalization_gap": 0.6036189722773397,
  "excess_population_risk": 0.9534171066637264,
  "runtime_seconds": 80.98862840607762,
  "runtime_per_step_seconds": 0.016197725681215525,
  "initial_objective": 0.8307115752496311,
  "final_objective": 0.6411300911878776,
  "best_objective": 0.6411300911878776,
  "objective_reduction": 0.18958148406175357,
  "initial_train_loss_history": 0.8294337341234123,
  "final_train_loss_history": 0.5953316842101504,
  "best_train_loss_history": 0.5953316842101504,
  "train_loss_reduction": 0.2341020499132619,
  "weight_norm": 45.79834440659266,
  "trace_s": 45.79834440659266,
  "top_eigenvalue": 29.551118622015593,
  "min_eigenvalue": 2.27333537322877e-16,
  "R1": 0.6452442551124563,
  "effective_rank": 3.280420700419167,
  "config_suffix": "cov_matern_mask_random_rho_NA_lambda_1e-05_beta_1_d_100_T_10_lr_0p001_iter_5000_ntrain_125_seed_42"
}