{
  "alpha": null,
  "seed": 42,
  "n_train": 10000,
  "n_population": 5000,
  "train_loss": 1.0670674860087817,
  "population_risk": 1.0636875229867142,
  "bayes_population_risk": 0.8444937602472408,
  "empirical_bayes_risk": 0.8452676461568915,
  "generalization_gap": -0.003379963022067445,
  "excess_population_risk": 0.21919376273947344,
  "runtime_seconds": 98.514861760661,
  "runtime_per_step_seconds": 0.098514861760661,
  "initial_objective": 1.1185015762729293,
  "final_objective": 1.0670683432210117,
  "best_objective": 1.0670683432210117,
  "objective_reduction": 0.051433233051917604,
  "initial_train_loss_history": 1.067443769994217,
  "final_train_loss_history": 1.0670674860087817,
  "best_train_loss_history": 1.0667457899702506,
  "train_loss_reduction": 0.0003762839854353217,
  "weight_norm": 1.6939173232772133e-05,
  "trace_s": 1.6939173232772136e-05,
  "top_eigenvalue": 4.843298212892765e-06,
  "min_eigenvalue": 2.640250367371082e-15,
  "R1": 0.285922940059581,
  "config_suffix": "cov_tridiagonal_mask_random_rho_0p3_lambda_0p001_beta_1_d_50_T_5_lr_0p001_iter_1000_ntrain_10000_seed_42"
}