{
  "alpha": null,
  "seed": 42,
  "n_train": 80,
  "n_population": 5000,
  "train_loss": 0.9968459709177806,
  "population_risk": 1.0329238032765753,
  "bayes_population_risk": 1.0,
  "empirical_bayes_risk": 0.9996081634114816,
  "generalization_gap": 0.03607783235879469,
  "excess_population_risk": 0.03292380327657529,
  "runtime_seconds": 98.8262052796781,
  "runtime_per_step_seconds": 0.01976524105593562,
  "initial_objective": 1.010438824085353,
  "final_objective": 1.0006331928544527,
  "best_objective": 1.0006331928544525,
  "objective_reduction": 0.00980563123090028,
  "initial_train_loss_history": 1.0093946813076071,
  "final_train_loss_history": 0.9968459709177806,
  "best_train_loss_history": 0.9968458932659136,
  "train_loss_reduction": 0.012548710389826523,
  "weight_norm": 3.7872219366722795,
  "trace_s": 3.7872219366722795,
  "top_eigenvalue": 3.7872219366722777,
  "min_eigenvalue": -9.274245636780998e-16,
  "R1": 0.9999999999999999,
  "effective_rank": 1.0,
  "config_suffix": "cov_identity_mask_random_rho_NA_lambda_1e-05_beta_1_d_100_T_50_lr_0p001_iter_5000_ntrain_80_seed_42",
  "ridge_lambda": 0.01,
  "ridge_train_loss": 0.3824563271608099,
  "ridge_population_risk": 2.6341571715036096,
  "ridge_generalization_gap": 2.2517008443427997,
  "ridge_excess_population_risk": 1.6341571715036096,
  "pca_n_components": 75,
  "pca_train_loss": 0.04117770048193188,
  "pca_population_risk": 1.0281332409183108,
  "pca_generalization_gap": 0.9869555404363789,
  "pca_excess_population_risk": 0.02813324091831082
}