{
  "alpha": null,
  "seed": 42,
  "n_train": 300,
  "n_population": 5000,
  "train_loss": 0.514706590588991,
  "population_risk": 0.6548470895147775,
  "bayes_population_risk": 0.27570731707317064,
  "empirical_bayes_risk": 0.3602855553772754,
  "generalization_gap": 0.1401404989257865,
  "excess_population_risk": 0.3791397724416069,
  "runtime_seconds": 231.65027295984328,
  "runtime_per_step_seconds": 0.02316502729598433,
  "initial_objective": 0.5916851883888844,
  "final_objective": 0.5546801688624462,
  "best_objective": 0.5546801684220768,
  "objective_reduction": 0.0370050195264382,
  "initial_train_loss_history": 0.5887087640992514,
  "final_train_loss_history": 0.514706590588991,
  "best_train_loss_history": 0.5147064256791078,
  "train_loss_reduction": 0.0740021735102604,
  "weight_norm": 19.98678997998541,
  "trace_s": 19.986789979985407,
  "top_eigenvalue": 10.643523078348789,
  "min_eigenvalue": -4.855336653922844e-16,
  "R1": 0.5325278891211203
}