{
  "alpha": null,
  "seed": 42,
  "n_train": 2500,
  "n_population": 5000,
  "train_loss": 0.8013581284025366,
  "population_risk": 0.8022758308616287,
  "bayes_population_risk": 0.48757509716865854,
  "empirical_bayes_risk": 0.48736538773198174,
  "generalization_gap": 0.0009177024590920624,
  "excess_population_risk": 0.31470073369297014,
  "runtime_seconds": 143.7984850872308,
  "runtime_per_step_seconds": 0.02875969701744616,
  "initial_objective": 0.8212163387848959,
  "final_objective": 0.8087735018791125,
  "best_objective": 0.8087735018791125,
  "objective_reduction": 0.012442836905783405,
  "initial_train_loss_history": 0.8195961350318921,
  "final_train_loss_history": 0.8013581284025366,
  "best_train_loss_history": 0.8013565264997339,
  "train_loss_reduction": 0.018238006629355485,
  "weight_norm": 7.415373308559834,
  "trace_s": 7.415373308559832,
  "top_eigenvalue": 1.948167236369553,
  "min_eigenvalue": 2.3993773142931797e-16,
  "R1": 0.2627200486482203,
  "effective_rank": 9.29179261739167,
  "config_suffix": "cov_toeplitz_bump_mask_random_rho_0p5_lambda_1e-05_beta_1_d_100_T_5_lr_0p001_iter_5000_ntrain_2500_seed_42",
  "ridge_lambda": 0.01,
  "ridge_train_loss": 0.49023426796379144,
  "ridge_population_risk": 0.4881744196228341,
  "ridge_generalization_gap": -0.0020598483409573487,
  "ridge_excess_population_risk": 0.0005993224541755438,
  "pca_n_components": 75,
  "pca_train_loss": 0.7772226260958329,
  "pca_population_risk": 0.8668975304810775,
  "pca_generalization_gap": 0.08967490438524461,
  "pca_excess_population_risk": 0.379322433312419
}