{
  "alpha": null,
  "seed": 42,
  "n_train": 1250,
  "n_population": 5000,
  "train_loss": 0.32256259331583836,
  "population_risk": 0.33852171511606355,
  "bayes_population_risk": 0.07006953088198194,
  "empirical_bayes_risk": 0.07064228070849743,
  "generalization_gap": 0.015959121800225184,
  "excess_population_risk": 0.2684521842340816,
  "runtime_seconds": 170.75819027330726,
  "runtime_per_step_seconds": 0.034151638054661454,
  "initial_objective": 0.37962085199290774,
  "final_objective": 0.33858563957102317,
  "best_objective": 0.33858563957102317,
  "objective_reduction": 0.04103521242188457,
  "initial_train_loss_history": 0.37759256895355175,
  "final_train_loss_history": 0.32256259331583836,
  "best_train_loss_history": 0.32256214585982085,
  "train_loss_reduction": 0.05502997563771339,
  "weight_norm": 16.023042033901298,
  "trace_s": 16.0230420339013,
  "top_eigenvalue": 4.170887060797,
  "min_eigenvalue": 7.528145163704496e-14,
  "R1": 0.2603055681918765,
  "effective_rank": 12.108504388945242,
  "config_suffix": "cov_matern_mask_random_rho_NA_lambda_1e-05_beta_1_d_100_T_5_lr_0p001_iter_5000_ntrain_1250_seed_42"
}