{
  "alpha": null,
  "seed": 42,
  "n_train": 80,
  "n_population": 5000,
  "train_loss": 1.1841810296296131,
  "population_risk": 1.2202980203803695,
  "bayes_population_risk": 1.0,
  "empirical_bayes_risk": 0.9986926008488566,
  "generalization_gap": 0.03611699075075636,
  "excess_population_risk": 0.2202980203803695,
  "runtime_seconds": 43.15739955753088,
  "runtime_per_step_seconds": 0.008631479911506175,
  "initial_objective": 1.2040097795648363,
  "final_objective": 1.1899527934114869,
  "best_objective": 1.1899527934114869,
  "objective_reduction": 0.014056986153349493,
  "initial_train_loss_history": 1.2029253515077063,
  "final_train_loss_history": 1.1841810296296131,
  "best_train_loss_history": 1.184180986185411,
  "train_loss_reduction": 0.018744321878093162,
  "weight_norm": 5.771763766879567,
  "trace_s": 5.771763766879568,
  "top_eigenvalue": 1.798488985889671,
  "min_eigenvalue": 7.341071902583214e-18,
  "R1": 0.31160128143324917,
  "effective_rank": 4.611286266459323,
  "config_suffix": "cov_identity_mask_random_rho_NA_lambda_1e-05_beta_1_d_100_T_5_lr_0p001_iter_5000_ntrain_80_seed_42"
}