{
  "alpha": null,
  "seed": 42,
  "n_train": 10,
  "n_population": 5000,
  "train_loss": 0.18494739672944788,
  "population_risk": 1.4231374472975191,
  "bayes_population_risk": 0.13898342541436456,
  "empirical_bayes_risk": 0.19010135577514434,
  "generalization_gap": 1.2381900505680712,
  "excess_population_risk": 1.2841540218831546,
  "runtime_seconds": 32.67283767275512,
  "runtime_per_step_seconds": 0.0032672837672755124,
  "initial_objective": 0.3728633877477782,
  "final_objective": 0.1936957234371112,
  "best_objective": 0.1936957234371112,
  "objective_reduction": 0.17916766431066702,
  "initial_train_loss_history": 0.371293698514921,
  "final_train_loss_history": 0.18494739672944788,
  "best_train_loss_history": 0.18494437927689622,
  "train_loss_reduction": 0.18634630178547312,
  "weight_norm": 17.49665231832411,
  "trace_s": 17.496652318324106,
  "top_eigenvalue": 11.691228333135054,
  "min_eigenvalue": 1.0998526456916042e-15,
  "R1": 0.668198014136163
}