{
  "alpha": null,
  "seed": 42,
  "n_train": 1250,
  "n_population": 5000,
  "train_loss": 1.2038642240158672,
  "population_risk": 1.1988029098191628,
  "bayes_population_risk": 1.0,
  "empirical_bayes_risk": 1.0000260990727883,
  "generalization_gap": -0.005061314196704414,
  "excess_population_risk": 0.19880290981916282,
  "runtime_seconds": 53.34037069231272,
  "runtime_per_step_seconds": 0.010668074138462543,
  "initial_objective": 1.2057229829925578,
  "final_objective": 1.2041925959029287,
  "best_objective": 1.2041925959029287,
  "objective_reduction": 0.0015303870896290483,
  "initial_train_loss_history": 1.204663983532919,
  "final_train_loss_history": 1.2038642240158672,
  "best_train_loss_history": 1.2038385377344372,
  "train_loss_reduction": 0.0007997595170516902,
  "weight_norm": 0.3283718870279376,
  "trace_s": 0.32837188702793746,
  "top_eigenvalue": 0.3283707588994666,
  "min_eigenvalue": -1.2190719360007935e-17,
  "R1": 0.999996564479131,
  "effective_rank": 1.0000466672808506,
  "config_suffix": "cov_identity_mask_random_rho_NA_lambda_1e-05_beta_1_d_100_T_5_lr_0p001_iter_5000_ntrain_1250_seed_42",
  "ridge_lambda": 0.01,
  "ridge_train_loss": 1.0009974741412513,
  "ridge_population_risk": 1.0034986345652095,
  "ridge_generalization_gap": 0.002501160423958204,
  "ridge_excess_population_risk": 0.003498634565209491,
  "pca_n_components": 75,
  "pca_train_loss": 0.9895159495601005,
  "pca_population_risk": 1.231374856664332,
  "pca_generalization_gap": 0.24185890710423164,
  "pca_excess_population_risk": 0.2313748566643321
}