{
  "alpha": null,
  "seed": 42,
  "n_train": 1750,
  "n_population": 5000,
  "train_loss": 0.9937767414321468,
  "population_risk": 0.9973887039181747,
  "bayes_population_risk": 0.7166519216006867,
  "empirical_bayes_risk": 0.7177295999957282,
  "generalization_gap": 0.0036119624860279087,
  "excess_population_risk": 0.280736782317488,
  "runtime_seconds": 62.48834417946637,
  "runtime_per_step_seconds": 0.012497668835893273,
  "initial_objective": 0.9964178551689138,
  "final_objective": 0.9944911139984474,
  "best_objective": 0.9944911139826645,
  "objective_reduction": 0.0019267411704664283,
  "initial_train_loss_history": 0.9958610124216283,
  "final_train_loss_history": 0.9937767414321468,
  "best_train_loss_history": 0.9937751569243741,
  "train_loss_reduction": 0.002084270989481496,
  "weight_norm": 1.4287451294792413,
  "trace_s": 1.428745129479242,
  "top_eigenvalue": 1.1641868180410695,
  "min_eigenvalue": 6.476591534086955e-16,
  "R1": 0.8148316967249432,
  "effective_rank": 1.7080266857266333,
  "config_suffix": "cov_matern_mask_random_rho_NA_lambda_1e-05_beta_1_d_50_T_10_lr_0p001_iter_5000_ntrain_1750_seed_42",
  "ridge_lambda": 0.01,
  "ridge_train_loss": 0.7154362989929429,
  "ridge_population_risk": 0.7213443657406684,
  "ridge_generalization_gap": 0.005908066747725482,
  "ridge_excess_population_risk": 0.004692444139981711,
  "pca_n_components": 75,
  "pca_train_loss": 0.8744434407243967,
  "pca_population_risk": 1.0365721290079284,
  "pca_generalization_gap": 0.16212868828353166,
  "pca_excess_population_risk": 0.3199202074072417
}