{
  "alpha": null,
  "seed": 42,
  "n_train": 2000,
  "n_population": 5000,
  "train_loss": 1.128724979164018,
  "population_risk": 1.1298276858200118,
  "bayes_population_risk": 0.9710902924899966,
  "empirical_bayes_risk": 0.9689985095114605,
  "generalization_gap": 0.0011027066559938792,
  "excess_population_risk": 0.15873739333001524,
  "runtime_seconds": 333.38800127245486,
  "runtime_per_step_seconds": 0.06667760025449097,
  "initial_objective": 1.131186390621186,
  "final_objective": 1.1296319783578408,
  "best_objective": 1.1296319452978303,
  "objective_reduction": 0.001554412263345295,
  "initial_train_loss_history": 1.130041774424367,
  "final_train_loss_history": 1.128724979164018,
  "best_train_loss_history": 1.1287196383549212,
  "train_loss_reduction": 0.0013167952603490019,
  "weight_norm": 0.9070160612904502,
  "trace_s": 0.9070160612904502,
  "top_eigenvalue": 0.3911337992291385,
  "min_eigenvalue": -1.4722610670227523e-19,
  "R1": 0.4312313926091407,
  "effective_rank": 3.137223971395045,
  "config_suffix": "cov_exponential_mask_random_rho_NA_lambda_1e-05_beta_1_d_100_T_5_lr_0p001_iter_5000_ntrain_2000_seed_42"
}