{
  "alpha": null,
  "seed": 42,
  "n_train": 20,
  "n_population": 5000,
  "train_loss": 0.5024128541975625,
  "population_risk": 1.419276302630585,
  "bayes_population_risk": 0.48757509716865854,
  "empirical_bayes_risk": 0.4866512511113102,
  "generalization_gap": 0.9168634484330225,
  "excess_population_risk": 0.9317012054619265,
  "runtime_seconds": 36.38107812963426,
  "runtime_per_step_seconds": 0.007276215625926852,
  "initial_objective": 0.7753232097376792,
  "final_objective": 0.5223777592687239,
  "best_objective": 0.5223777592687239,
  "objective_reduction": 0.25294545046895534,
  "initial_train_loss_history": 0.773653724712927,
  "final_train_loss_history": 0.5024128541975625,
  "best_train_loss_history": 0.5024128541975625,
  "train_loss_reduction": 0.2712408705153645,
  "weight_norm": 19.964882313822397,
  "trace_s": 19.964882313822393,
  "top_eigenvalue": 15.151244534690573,
  "min_eigenvalue": 5.7747996935880604e-15,
  "R1": 0.7588947581324247,
  "effective_rank": 2.02853970680484,
  "config_suffix": "cov_toeplitz_bump_mask_random_rho_0p5_lambda_1e-05_beta_1_d_100_T_5_lr_0p001_iter_5000_ntrain_20_seed_42"
}