{
  "alpha": null,
  "seed": 42,
  "n_train": 40,
  "n_population": 5000,
  "train_loss": 1.064629707315065,
  "population_risk": 1.2237120782469313,
  "bayes_population_risk": 0.9710902924899966,
  "empirical_bayes_risk": 0.9704329374540097,
  "generalization_gap": 0.15908237093186628,
  "excess_population_risk": 0.2526217857569347,
  "runtime_seconds": 37.06186590716243,
  "runtime_per_step_seconds": 0.007412373181432485,
  "initial_objective": 1.11589109792658,
  "final_objective": 1.0757029479867548,
  "best_objective": 1.0757029479867548,
  "objective_reduction": 0.04018814993982511,
  "initial_train_loss_history": 1.1145232118001929,
  "final_train_loss_history": 1.064629707315065,
  "best_train_loss_history": 1.0646295151713114,
  "train_loss_reduction": 0.04989350448512786,
  "weight_norm": 11.073240143149135,
  "trace_s": 11.073240143149134,
  "top_eigenvalue": 6.029058395333878,
  "min_eigenvalue": 5.062190302944628e-16,
  "R1": 0.5444710236022448,
  "effective_rank": 3.1272131097148184,
  "config_suffix": "cov_exponential_mask_random_rho_NA_lambda_1e-05_beta_1_d_100_T_5_lr_0p001_iter_5000_ntrain_40_seed_42"
}