{
  "alpha": 0.5,
  "seed": 0,
  "n_train": 1250,
  "n_population": 5000,
  "train_loss": 0.8429949487533788,
  "population_risk": 0.8493685863006732,
  "bayes_population_risk": 0.66,
  "empirical_bayes_risk": 0.6596827905453209,
  "generalization_gap": 0.006373637547294475,
  "excess_population_risk": 0.18936858630067321,
  "runtime_seconds": 21.4117235839949,
  "runtime_per_step_seconds": 0.021411723583994898,
  "initial_objective": 0.8728540760678669,
  "final_objective": 0.847501183590569,
  "best_objective": 0.847501183590569,
  "objective_reduction": 0.025352892477297884,
  "initial_train_loss_history": 2.008511781681109,
  "final_train_loss_history": 0.8429949487533788,
  "best_train_loss_history": 0.8429949487533788,
  "train_loss_reduction": 1.1655168329277303,
  "weight_norm": 0.9012454670582178,
  "trace_s": 0.9012454670582177,
  "top_eigenvalue": 0.22077008011481725,
  "min_eigenvalue": 1.17710131955814e-18,
  "R1": 0.24496109903935437
}