{
  "alpha": null,
  "seed": 42,
  "n_train": 150,
  "n_population": 5000,
  "train_loss": 0.9862154317152675,
  "population_risk": 1.0292255529397067,
  "bayes_population_risk": 0.2928968253968254,
  "empirical_bayes_risk": 0.2913921797425246,
  "generalization_gap": 0.04301012122443926,
  "excess_population_risk": 0.7363287275428814,
  "runtime_seconds": 52.58523164130747,
  "runtime_per_step_seconds": 0.010517046328261495,
  "initial_objective": 1.0144595655921516,
  "final_objective": 0.9902393440237761,
  "best_objective": 0.9902393440237761,
  "objective_reduction": 0.024220221568375444,
  "initial_train_loss_history": 1.0138297799396503,
  "final_train_loss_history": 0.9862154317152675,
  "best_train_loss_history": 0.9862154317152675,
  "train_loss_reduction": 0.0276143482243828,
  "weight_norm": 8.047822399355102,
  "trace_s": 8.047822399355104,
  "top_eigenvalue": 3.153541927727137,
  "min_eigenvalue": 2.1571021508874817e-14,
  "R1": 0.3918503380467044,
  "effective_rank": 3.7031537139076596,
  "config_suffix": "cov_tridiagonal_mask_random_rho_0p5_lambda_1e-05_beta_1_d_50_T_10_lr_0p001_iter_5000_ntrain_150_seed_42"
}