{
  "alpha": null,
  "seed": 42,
  "n_train": 100,
  "n_population": 5000,
  "train_loss": 0.16300273797486,
  "population_risk": 0.340063884164076,
  "bayes_population_risk": 0.09356768304525143,
  "empirical_bayes_risk": 0.09370857176201336,
  "generalization_gap": 0.177061146189216,
  "excess_population_risk": 0.2464962011188246,
  "runtime_seconds": 46.19862351194024,
  "runtime_per_step_seconds": 0.009239724702388048,
  "initial_objective": 0.244548660048956,
  "final_objective": 0.18240132364051193,
  "best_objective": 0.18240132364051193,
  "objective_reduction": 0.06214733640844408,
  "initial_train_loss_history": 0.24231824645728373,
  "final_train_loss_history": 0.16300273797486,
  "best_train_loss_history": 0.16300273797486,
  "train_loss_reduction": 0.07931550848242372,
  "weight_norm": 19.398575149624744,
  "trace_s": 19.39857514962475,
  "top_eigenvalue": 8.892104431649054,
  "min_eigenvalue": 2.912740014005939e-14,
  "R1": 0.4583895653707878,
  "effective_rank": 4.713342156216925,
  "config_suffix": "cov_circulant_ar1_mask_random_rho_0p9_lambda_1e-05_beta_1_d_100_T_5_lr_0p001_iter_5000_ntrain_100_seed_42"
}