{
  "alpha": null,
  "seed": 42,
  "n_train": 150,
  "n_population": 5000,
  "train_loss": 1.1996513718143675,
  "population_risk": 1.2197015821045265,
  "bayes_population_risk": 1.0,
  "empirical_bayes_risk": 1.0005151411799098,
  "generalization_gap": 0.020050210290158965,
  "excess_population_risk": 0.2197015821045265,
  "runtime_seconds": 17.59929213486612,
  "runtime_per_step_seconds": 0.0035198584269732235,
  "initial_objective": 1.214513007668992,
  "final_objective": 1.2009039637279748,
  "best_objective": 1.2009039637279748,
  "objective_reduction": 0.013609043941017251,
  "initial_train_loss_history": 1.2141465326981873,
  "final_train_loss_history": 1.1996513718143675,
  "best_train_loss_history": 1.1996513718143675,
  "train_loss_reduction": 0.014495160883819747,
  "weight_norm": 5.0103676465699145,
  "trace_s": 5.010367646569914,
  "top_eigenvalue": 2.7582097577161653,
  "min_eigenvalue": -8.016315858352337e-17,
  "R1": 0.5505004726757784,
  "effective_rank": 3.051572662965893,
  "config_suffix": "cov_identity_mask_random_rho_NA_lambda_1e-05_beta_1_d_25_T_5_lr_0p001_iter_5000_ntrain_150_seed_42",
  "ridge_lambda": 0.01,
  "ridge_train_loss": 0.9660050298269035,
  "ridge_population_risk": 1.0343326614818324,
  "ridge_generalization_gap": 0.06832763165492894,
  "ridge_excess_population_risk": 0.03433266148183245,
  "pca_n_components": 62,
  "pca_train_loss": 0.7464773822162382,
  "pca_population_risk": 2.698412721071402,
  "pca_generalization_gap": 1.9519353388551637,
  "pca_excess_population_risk": 1.698412721071402
}