{
  "alpha": null,
  "seed": 42,
  "n_train": 40,
  "n_population": 5000,
  "train_loss": 0.04162073829747003,
  "population_risk": 0.3927759448307375,
  "bayes_population_risk": 0.011034997727387535,
  "empirical_bayes_risk": 0.010984017235452863,
  "generalization_gap": 0.3511552065332675,
  "excess_population_risk": 0.38174094710335,
  "runtime_seconds": 35.59100371785462,
  "runtime_per_step_seconds": 0.0071182007435709235,
  "initial_objective": 0.0730768111958845,
  "final_objective": 0.05420355664242756,
  "best_objective": 0.05420355664242756,
  "objective_reduction": 0.018873254553456932,
  "initial_train_loss_history": 0.07245292940449577,
  "final_train_loss_history": 0.04162073829747003,
  "best_train_loss_history": 0.04162073829747003,
  "train_loss_reduction": 0.030832191107025737,
  "weight_norm": 25.165632415099605,
  "trace_s": 25.165632415099605,
  "top_eigenvalue": 17.0684712922721,
  "min_eigenvalue": 4.0210302150868445e-13,
  "R1": 0.6782452755699817,
  "effective_rank": 2.6171511221004033,
  "config_suffix": "cov_toeplitz_mask_random_rho_0p99_lambda_1e-05_beta_1_d_50_T_20_lr_0p001_iter_5000_ntrain_40_seed_42"
}