{
  "alpha": null,
  "seed": 42,
  "n_train": 2000,
  "n_population": 5000,
  "train_loss": 1.0156814140839523,
  "population_risk": 1.0134641382408849,
  "bayes_population_risk": 0.8498899082568808,
  "empirical_bayes_risk": 0.8533563138019339,
  "generalization_gap": -0.002217275843067412,
  "excess_population_risk": 0.16357422998400406,
  "runtime_seconds": 39.60047098994255,
  "runtime_per_step_seconds": 0.03960047098994255,
  "initial_objective": 1.0174845787320905,
  "final_objective": 1.0160838221399031,
  "best_objective": 1.0160838221399031,
  "objective_reduction": 0.0014007565921874132,
  "initial_train_loss_history": 1.0169182804729218,
  "final_train_loss_history": 1.0156814140839523,
  "best_train_loss_history": 1.0156795797465945,
  "train_loss_reduction": 0.0012368663889694709,
  "weight_norm": 0.8047907184727783,
  "trace_s": 0.8047907184727779,
  "top_eigenvalue": 0.7510939602297838,
  "min_eigenvalue": 9.594776945208793e-12,
  "R1": 0.9332786064619483
}