{
  "alpha": null,
  "seed": 42,
  "n_train": 750,
  "n_population": 5000,
  "train_loss": 0.8086334392141699,
  "population_risk": 0.8291589272838459,
  "bayes_population_risk": 0.4961178375737193,
  "empirical_bayes_risk": 0.4938698075769251,
  "generalization_gap": 0.020525488069676023,
  "excess_population_risk": 0.3330410897101266,
  "runtime_seconds": 160.62132903002203,
  "runtime_per_step_seconds": 0.03212426580600441,
  "initial_objective": 0.8213637525593303,
  "final_objective": 0.8115492443780192,
  "best_objective": 0.8115492443780192,
  "objective_reduction": 0.009814508181311021,
  "initial_train_loss_history": 0.8206973562990659,
  "final_train_loss_history": 0.8086334392141699,
  "best_train_loss_history": 0.8086334146823341,
  "train_loss_reduction": 0.01206391708489607,
  "weight_norm": 5.8316098708894195,
  "trace_s": 5.831609870889421,
  "top_eigenvalue": 2.07108928456753,
  "min_eigenvalue": 4.580358971514623e-15,
  "R1": 0.3551488063195239,
  "effective_rank": 4.977560627787769,
  "config_suffix": "cov_exponential_mask_random_rho_NA_lambda_1e-05_beta_1_d_50_T_10_lr_0p001_iter_5000_ntrain_750_seed_42"
}