{
  "alpha": 1.0,
  "seed": 0,
  "n_train": 2500,
  "n_population": 5000,
  "train_loss": 0.46609530875150595,
  "population_risk": 0.46183731410339135,
  "bayes_population_risk": 0.28975609756097553,
  "empirical_bayes_risk": 0.2891994571616683,
  "weight_norm": 0.004424946191027715,
  "trace_s": 0.004424946191027716,
  "top_eigenvalue": 0.00043422008551417005,
  "R1": 0.09813002616723805
}