{
  "alpha": null,
  "seed": 42,
  "n_train": 10,
  "n_population": 5000,
  "train_loss": 1.0436734084957706,
  "population_risk": 1.0826734233732564,
  "bayes_population_risk": 0.8444937602472408,
  "empirical_bayes_risk": 0.8468799067666092,
  "generalization_gap": 0.039000014877485834,
  "excess_population_risk": 0.23817966312601568,
  "runtime_seconds": 7.744454327970743,
  "runtime_per_step_seconds": 0.007744454327970743,
  "initial_objective": 1.1608424821587127,
  "final_objective": 1.0839694963085125,
  "best_objective": 1.0839694963085125,
  "objective_reduction": 0.07687298585020019,
  "initial_train_loss_history": 1.109515155484979,
  "final_train_loss_history": 1.0436734084957706,
  "best_train_loss_history": 1.0436734084957706,
  "train_loss_reduction": 0.0658417469892083,
  "weight_norm": 0.8059212036959645,
  "trace_s": 0.8059212036959648,
  "top_eigenvalue": 0.8058578843815937,
  "min_eigenvalue": 9.041233638795949e-17,
  "R1": 0.9999214323756711,
  "config_suffix": "cov_tridiagonal_mask_random_rho_0p3_lambda_0p001_beta_1_d_50_T_5_lr_0p001_iter_1000_ntrain_10_seed_42"
}