{
  "alpha": null,
  "seed": 42,
  "n_train": 300,
  "n_population": 5000,
  "train_loss": 0.3154544568085304,
  "population_risk": 0.3518335312855789,
  "bayes_population_risk": 0.12197790055248611,
  "empirical_bayes_risk": 0.121577620019005,
  "generalization_gap": 0.03637907447704852,
  "excess_population_risk": 0.22985563073309281,
  "runtime_seconds": 31.965770069509745,
  "runtime_per_step_seconds": 0.006393154013901949,
  "initial_objective": 0.35061626566972964,
  "final_objective": 0.32332501953310155,
  "best_objective": 0.32332501953310155,
  "objective_reduction": 0.02729124613662809,
  "initial_train_loss_history": 0.34985209153352514,
  "final_train_loss_history": 0.3154544568085304,
  "best_train_loss_history": 0.3154544568085304,
  "train_loss_reduction": 0.03439763472499474,
  "weight_norm": 15.74111780644792,
  "trace_s": 15.741117806447921,
  "top_eigenvalue": 6.22529879417519,
  "min_eigenvalue": 3.830412916258015e-12,
  "R1": 0.3954800968216607,
  "effective_rank": 6.475056495343658,
  "config_suffix": "cov_toeplitz_mask_random_rho_0p9_lambda_1e-05_beta_1_d_50_T_10_lr_0p001_iter_5000_ntrain_300_seed_42",
  "ridge_lambda": 0.01,
  "ridge_train_loss": 0.11730502238801593,
  "ridge_population_risk": 0.12527510478042556,
  "ridge_generalization_gap": 0.007970082392409622,
  "ridge_excess_population_risk": 0.003297204227939443,
  "pca_n_components": 75,
  "pca_train_loss": 0.17205112446287696,
  "pca_population_risk": 0.3300622521485826,
  "pca_generalization_gap": 0.15801112768570563,
  "pca_excess_population_risk": 0.20808435159609648
}