{
  "alpha": null,
  "seed": 42,
  "n_train": 50,
  "n_population": 5000,
  "train_loss": 1.129997336026471,
  "population_risk": 1.181044298113414,
  "bayes_population_risk": 0.9378461538461538,
  "empirical_bayes_risk": 0.9582192503611795,
  "generalization_gap": 0.051046962086942926,
  "excess_population_risk": 0.24319814426726016,
  "runtime_seconds": 44.06341951806098,
  "runtime_per_step_seconds": 0.004406341951806099,
  "initial_objective": 1.179273391093797,
  "final_objective": 1.1491411010553385,
  "best_objective": 1.1491411010553385,
  "objective_reduction": 0.03013229003845841,
  "initial_train_loss_history": 1.174023338317613,
  "final_train_loss_history": 1.129997336026471,
  "best_train_loss_history": 1.1299430458258288,
  "train_loss_reduction": 0.04402600229114206,
  "weight_norm": 3.828753005756906,
  "trace_s": 3.828753005756905,
  "top_eigenvalue": 2.303041027431248,
  "min_eigenvalue": -4.095265985081923e-16,
  "R1": 0.6015120390289996
}