{
  "alpha": null,
  "seed": 42,
  "n_train": 1000,
  "n_population": 5000,
  "train_loss": 1.0992722123946983,
  "population_risk": 1.1002377951878928,
  "bayes_population_risk": 0.9378461538461538,
  "empirical_bayes_risk": 0.9414840068239829,
  "generalization_gap": 0.0009655827931944749,
  "excess_population_risk": 0.162391641341739,
  "runtime_seconds": 22.165953669697046,
  "runtime_per_step_seconds": 0.022165953669697046,
  "initial_objective": 1.1050007121228067,
  "final_objective": 1.099273100248648,
  "best_objective": 1.099273100248648,
  "objective_reduction": 0.005727611874158711,
  "initial_train_loss_history": 1.0997752506573806,
  "final_train_loss_history": 1.0992722123946983,
  "best_train_loss_history": 1.0986951913614762,
  "train_loss_reduction": 0.000503038262682276,
  "weight_norm": 0.00017674742840715043,
  "trace_s": 0.00017674742840715043,
  "top_eigenvalue": 9.377186117517344e-05,
  "min_eigenvalue": 1.9186515347370398e-14,
  "R1": 0.5305415870558703,
  "config_suffix": "cov_toeplitz_mask_random_rho_0p2_lambda_0p0001_beta_1_d_50_T_5_lr_0p001_iter_1000_ntrain_1000_seed_42"
}