{
  "alpha": null,
  "seed": 42,
  "n_train": 1500,
  "n_population": 5000,
  "train_loss": 0.7928927022823232,
  "population_risk": 0.8010973720652936,
  "bayes_population_risk": 0.48757509716865854,
  "empirical_bayes_risk": 0.4847318963043883,
  "generalization_gap": 0.008204669782970408,
  "excess_population_risk": 0.3135222748966351,
  "runtime_seconds": 73.99608735367656,
  "runtime_per_step_seconds": 0.014799217470735312,
  "initial_objective": 0.8119384758945977,
  "final_objective": 0.7942689657941668,
  "best_objective": 0.7942689657941668,
  "objective_reduction": 0.01766951010043083,
  "initial_train_loss_history": 0.8113784712883025,
  "final_train_loss_history": 0.7928927022823232,
  "best_train_loss_history": 0.7928927022823232,
  "train_loss_reduction": 0.018485769005979313,
  "weight_norm": 5.505050737961446,
  "trace_s": 5.5050507379614455,
  "top_eigenvalue": 1.6381454113621943,
  "min_eigenvalue": 4.179609432245172e-14,
  "R1": 0.2975713557126649,
  "effective_rank": 6.528725048718515,
  "config_suffix": "cov_toeplitz_bump_mask_random_rho_0p5_lambda_1e-05_beta_1_d_25_T_5_lr_0p001_iter_5000_ntrain_1500_seed_42"
}