{
  "alpha": null,
  "seed": 42,
  "n_train": 40,
  "n_population": 5000,
  "train_loss": 0.045714922020798444,
  "population_risk": 0.5935462080034623,
  "bayes_population_risk": 0.011034997727387535,
  "empirical_bayes_risk": 0.011004657268258623,
  "generalization_gap": 0.5478312859826638,
  "excess_population_risk": 0.5825112102760747,
  "runtime_seconds": 36.21665681898594,
  "runtime_per_step_seconds": 0.007243331363797188,
  "initial_objective": 0.07668112577208938,
  "final_objective": 0.06577940374118099,
  "best_objective": 0.06577940374118099,
  "objective_reduction": 0.01090172203090839,
  "initial_train_loss_history": 0.07452267534748866,
  "final_train_loss_history": 0.045714922020798444,
  "best_train_loss_history": 0.04571477358131747,
  "train_loss_reduction": 0.028807753326690215,
  "weight_norm": 10.032240888091097,
  "trace_s": 10.032240888091097,
  "top_eigenvalue": 6.972418005349672,
  "min_eigenvalue": -8.14555306642497e-17,
  "R1": 0.6950010554099005,
  "effective_rank": 2.4424340829314395,
  "config_suffix": "cov_toeplitz_mask_random_rho_0p99_lambda_1e-05_beta_1_d_200_T_20_lr_0p001_iter_5000_ntrain_40_seed_42",
  "ridge_lambda": 0.01,
  "ridge_train_loss": 0.006062688888082178,
  "ridge_population_risk": 0.01976208965817576,
  "ridge_generalization_gap": 0.013699400770093583,
  "ridge_excess_population_risk": 0.008727091930788225,
  "pca_n_components": 75,
  "pca_train_loss": 1.0608891928912434e-16,
  "pca_population_risk": 0.8545807950963983,
  "pca_generalization_gap": 0.8545807950963982,
  "pca_excess_population_risk": 0.8435457973690107
}