{
  "alpha": null,
  "seed": 42,
  "n_train": 50,
  "n_population": 5000,
  "train_loss": 1.0857066312439043,
  "population_risk": 1.1301639487169746,
  "bayes_population_risk": 0.9339407664588757,
  "empirical_bayes_risk": 0.9306098736771724,
  "generalization_gap": 0.044457317473070246,
  "excess_population_risk": 0.19622318225809887,
  "runtime_seconds": 35.69802946969867,
  "runtime_per_step_seconds": 0.0035698029469698666,
  "initial_objective": 1.1362913041016445,
  "final_objective": 1.1057389485798756,
  "best_objective": 1.1057389073680512,
  "objective_reduction": 0.030552355521768826,
  "initial_train_loss_history": 1.1292839447255625,
  "final_train_loss_history": 1.0857066312439043,
  "best_train_loss_history": 1.0856937954821242,
  "train_loss_reduction": 0.043577313481658164,
  "weight_norm": 4.0064622979136,
  "trace_s": 4.006462297913601,
  "top_eigenvalue": 2.3958716383557,
  "min_eigenvalue": -1.359088892523998e-16,
  "R1": 0.5980017931538679
}