{
  "alpha": null,
  "seed": 42,
  "n_train": 1000,
  "n_population": 5000,
  "train_loss": 1.1456161633288597,
  "population_risk": 1.1535645255772289,
  "bayes_population_risk": 0.9000135482996884,
  "empirical_bayes_risk": 0.8990828691569576,
  "generalization_gap": 0.007948362248369145,
  "excess_population_risk": 0.2535509772775405,
  "runtime_seconds": 20.26149357110262,
  "runtime_per_step_seconds": 0.02026149357110262,
  "initial_objective": 1.1532930887442163,
  "final_objective": 1.1465041559770675,
  "best_objective": 1.1465041559770675,
  "objective_reduction": 0.00678893276714887,
  "initial_train_loss_history": 1.1481510945795614,
  "final_train_loss_history": 1.1456161633288597,
  "best_train_loss_history": 1.1456161633288597,
  "train_loss_reduction": 0.0025349312507016997,
  "weight_norm": 0.17759809705576804,
  "trace_s": 0.17759809705576807,
  "top_eigenvalue": 0.17755833710344435,
  "min_eigenvalue": 4.757019789506134e-16,
  "R1": 0.9997761239957925,
  "config_suffix": "cov_tridiagonal_mask_last_rho_0p3_lambda_0p0001_beta_1_d_50_T_5_lr_0p001_iter_1000_ntrain_1000_seed_42"
}