{
  "alpha": null,
  "seed": 42,
  "n_train": 750,
  "n_population": 5000,
  "train_loss": 1.2019220447860988,
  "population_risk": 1.1997156770122777,
  "bayes_population_risk": 1.0,
  "empirical_bayes_risk": 0.99818045935597,
  "generalization_gap": -0.002206367773821105,
  "excess_population_risk": 0.19971567701227766,
  "runtime_seconds": 33.135232334025204,
  "runtime_per_step_seconds": 0.006627046466805041,
  "initial_objective": 1.204444604510835,
  "final_objective": 1.2026846919412684,
  "best_objective": 1.2026846919412684,
  "objective_reduction": 0.0017599125695666462,
  "initial_train_loss_history": 1.2034329687500593,
  "final_train_loss_history": 1.2019220447860988,
  "best_train_loss_history": 1.2019189146191251,
  "train_loss_reduction": 0.0015109239639605754,
  "weight_norm": 0.7626471550199525,
  "trace_s": 0.7626471550199527,
  "top_eigenvalue": 0.35867413847780516,
  "min_eigenvalue": -2.198766636696367e-17,
  "R1": 0.47030154917239725,
  "effective_rank": 2.691054509137302,
  "config_suffix": "cov_identity_mask_random_rho_NA_lambda_1e-05_beta_1_d_100_T_5_lr_0p001_iter_5000_ntrain_750_seed_42",
  "ridge_lambda": 0.01,
  "ridge_train_loss": 1.0007276918481218,
  "ridge_population_risk": 1.0028298942232243,
  "ridge_generalization_gap": 0.002102202375102502,
  "ridge_excess_population_risk": 0.0028298942232243274,
  "pca_n_components": 75,
  "pca_train_loss": 0.907511633311864,
  "pca_population_risk": 1.2301378036775885,
  "pca_generalization_gap": 0.3226261703657245,
  "pca_excess_population_risk": 0.23013780367758851
}