{
  "alpha": null,
  "seed": 42,
  "n_train": 2000,
  "n_population": 5000,
  "train_loss": 1.1104846097195333,
  "population_risk": 1.1232241075530787,
  "bayes_population_risk": 0.6,
  "empirical_bayes_risk": 0.6000091440026428,
  "generalization_gap": 0.012739497833545332,
  "excess_population_risk": 0.5232241075530787,
  "runtime_seconds": 36.68894816376269,
  "runtime_per_step_seconds": 0.03668894816376269,
  "initial_objective": 1.1142922382180065,
  "final_objective": 1.1109705239755672,
  "best_objective": 1.1109705239755672,
  "objective_reduction": 0.003321714242439322,
  "initial_train_loss_history": 1.1137097665327804,
  "final_train_loss_history": 1.1104846097195333,
  "best_train_loss_history": 1.1104846097195333,
  "train_loss_reduction": 0.0032251568132470876,
  "weight_norm": 0.9717695475689533,
  "trace_s": 0.9717695475689534,
  "top_eigenvalue": 0.41175858159673445,
  "min_eigenvalue": 2.4477476004863773e-11,
  "R1": 0.42372040019860524,
  "config_suffix": "cov_tridiagonal_mask_last_rho_0p5_lambda_1e-05_beta_1_d_50_T_5_lr_0p001_iter_1000_ntrain_2000_seed_42"
}