{
  "alpha": null,
  "seed": 42,
  "n_train": 50,
  "n_population": 5000,
  "train_loss": 0.15661519086078643,
  "population_risk": 0.23502563278462776,
  "bayes_population_risk": 0.09356768304525143,
  "empirical_bayes_risk": 0.09368074319029261,
  "generalization_gap": 0.07841044192384133,
  "excess_population_risk": 0.14145794973937634,
  "runtime_seconds": 23.709096789360046,
  "runtime_per_step_seconds": 0.004741819357872009,
  "initial_objective": 0.23699322906814538,
  "final_objective": 0.16202627209915513,
  "best_objective": 0.16202627209915513,
  "objective_reduction": 0.07496695696899025,
  "initial_train_loss_history": 0.2361155176820726,
  "final_train_loss_history": 0.15661519086078643,
  "best_train_loss_history": 0.15661519086078643,
  "train_loss_reduction": 0.07950032682128616,
  "weight_norm": 21.64367635831924,
  "trace_s": 21.643676358319247,
  "top_eigenvalue": 11.595404130179308,
  "min_eigenvalue": 2.3142960545798065e-08,
  "R1": 0.5357409683185524,
  "effective_rank": 4.79068902877214,
  "config_suffix": "cov_circulant_ar1_mask_random_rho_0p9_lambda_1e-05_beta_1_d_25_T_5_lr_0p001_iter_5000_ntrain_50_seed_42"
}