{
  "alpha": null,
  "seed": 42,
  "n_train": 200,
  "n_population": 5000,
  "train_loss": 0.7039672809143757,
  "population_risk": 0.9152518964715273,
  "bayes_population_risk": 0.24553354982376377,
  "empirical_bayes_risk": 0.2439253095416154,
  "generalization_gap": 0.2112846155571516,
  "excess_population_risk": 0.6697183466477635,
  "runtime_seconds": 66.99256589636207,
  "runtime_per_step_seconds": 0.013398513179272414,
  "initial_objective": 0.8156829891960294,
  "final_objective": 0.7221083134960564,
  "best_objective": 0.7221083134960564,
  "objective_reduction": 0.09357467569997302,
  "initial_train_loss_history": 0.8144636772644059,
  "final_train_loss_history": 0.7039672809143757,
  "best_train_loss_history": 0.7039672809143757,
  "train_loss_reduction": 0.11049639635003028,
  "weight_norm": 18.141017687303645,
  "trace_s": 18.14101768730365,
  "top_eigenvalue": 8.9175110161816,
  "min_eigenvalue": 1.157468726645964e-13,
  "R1": 0.4915661937986365,
  "effective_rank": 4.490957022077064,
  "config_suffix": "cov_matern_mask_random_rho_NA_lambda_1e-05_beta_1_d_100_T_10_lr_0p001_iter_5000_ntrain_200_seed_42"
}