{
  "alpha": null,
  "seed": 42,
  "n_train": 2500,
  "n_population": 5000,
  "train_loss": 0.32957927135880133,
  "population_risk": 0.33295267963244946,
  "bayes_population_risk": 0.07006953088198194,
  "empirical_bayes_risk": 0.0701746454359015,
  "generalization_gap": 0.0033734082736481263,
  "excess_population_risk": 0.26288314875046753,
  "runtime_seconds": 121.4886509552598,
  "runtime_per_step_seconds": 0.02429773019105196,
  "initial_objective": 0.3827362022665253,
  "final_objective": 0.3437484336235244,
  "best_objective": 0.3437484336235244,
  "objective_reduction": 0.03898776864300091,
  "initial_train_loss_history": 0.38046330227994446,
  "final_train_loss_history": 0.32957927135880133,
  "best_train_loss_history": 0.32957927135880133,
  "train_loss_reduction": 0.05088403092114313,
  "weight_norm": 14.169158314232316,
  "trace_s": 14.16915831423231,
  "top_eigenvalue": 2.710482669694553,
  "min_eigenvalue": 1.5251479853393335e-16,
  "R1": 0.1912945433725579,
  "effective_rank": 16.058548008830044,
  "config_suffix": "cov_matern_mask_random_rho_NA_lambda_1e-05_beta_1_d_100_T_5_lr_0p001_iter_5000_ntrain_2500_seed_42",
  "ridge_lambda": 0.01,
  "ridge_train_loss": 0.07129703194807863,
  "ridge_population_risk": 0.07029589925581663,
  "ridge_generalization_gap": -0.0010011326922619995,
  "ridge_excess_population_risk": 0.00022636837383469,
  "pca_n_components": 75,
  "pca_train_loss": 0.428149755468128,
  "pca_population_risk": 0.49177719143062787,
  "pca_generalization_gap": 0.06362743596249987,
  "pca_excess_population_risk": 0.42170766054864595
}