{
  "alpha": null,
  "seed": 42,
  "n_train": 10,
  "n_population": 5000,
  "train_loss": 0.24128849788477474,
  "population_risk": 0.2302721865720608,
  "bayes_population_risk": 0.09750000000000003,
  "empirical_bayes_risk": 0.09756700471908938,
  "generalization_gap": -0.011016311312713939,
  "excess_population_risk": 0.13277218657206077,
  "runtime_seconds": 9.642398504540324,
  "runtime_per_step_seconds": 0.009642398504540324,
  "initial_objective": 0.7498322884661789,
  "final_objective": 0.24129704960375095,
  "best_objective": 0.24129704960375095,
  "objective_reduction": 0.5085352388624279,
  "initial_train_loss_history": 0.23953257957170387,
  "final_train_loss_history": 0.24128849788477474,
  "best_train_loss_history": 0.23599192511364314,
  "train_loss_reduction": -0.00175591831307087,
  "weight_norm": 1.690089415741684e-05,
  "trace_s": 1.690089415741684e-05,
  "top_eigenvalue": 4.713854237111536e-06,
  "min_eigenvalue": 4.4162140270274594e-16,
  "R1": 0.2789115293667993,
  "config_suffix": "cov_toeplitz_mask_last_rho_0p95_lambda_0p01_beta_1_d_50_T_5_lr_0p001_iter_1000_ntrain_10_seed_42"
}