{
  "alpha": null,
  "seed": 42,
  "n_train": 1500,
  "n_population": 5000,
  "train_loss": 0.22698671500145265,
  "population_risk": 0.2324170617478413,
  "bayes_population_risk": 0.13898342541436456,
  "empirical_bayes_risk": 0.13819480845920715,
  "generalization_gap": 0.005430346746388648,
  "excess_population_risk": 0.09343363633347673,
  "runtime_seconds": 87.80641824379563,
  "runtime_per_step_seconds": 0.017561283648759127,
  "initial_objective": 0.28665587127117026,
  "final_objective": 0.2305103109095563,
  "best_objective": 0.2305103109095563,
  "objective_reduction": 0.05614556036161397,
  "initial_train_loss_history": 0.28577373557104124,
  "final_train_loss_history": 0.22698671500145265,
  "best_train_loss_history": 0.22698671500145265,
  "train_loss_reduction": 0.058787020569588594,
  "weight_norm": 14.093902658968952,
  "trace_s": 14.093902658968949,
  "top_eigenvalue": 2.2575872012278326,
  "min_eigenvalue": 3.6720993681440277e-10,
  "R1": 0.16018183578067854,
  "effective_rank": 11.687264164928173,
  "config_suffix": "cov_toeplitz_mask_random_rho_0p9_lambda_1e-05_beta_1_d_25_T_5_lr_0p001_iter_5000_ntrain_1500_seed_42"
}