{
  "alpha": null,
  "seed": 42,
  "n_train": 10,
  "n_population": 5000,
  "train_loss": 0.9896325759215575,
  "population_risk": 1.355267544101734,
  "bayes_population_risk": 0.9378461538461538,
  "empirical_bayes_risk": 0.9406206671963646,
  "generalization_gap": 0.3656349681801764,
  "excess_population_risk": 0.4174213902555801,
  "runtime_seconds": 23.526341125369072,
  "runtime_per_step_seconds": 0.023526341125369072,
  "initial_objective": 1.1266597390769113,
  "final_objective": 0.9956590918056415,
  "best_objective": 0.9956590918056415,
  "objective_reduction": 0.1310006472712698,
  "initial_train_loss_history": 1.1225330030478322,
  "final_train_loss_history": 0.9896325759215575,
  "best_train_loss_history": 0.9896325759215575,
  "train_loss_reduction": 0.1329004271262747,
  "weight_norm": 12.052774854402395,
  "trace_s": 12.052774854402392,
  "top_eigenvalue": 7.755466382765162,
  "min_eigenvalue": 4.1380689637335615e-10,
  "R1": 0.6434589940035592
}