{
  "alpha": null,
  "seed": 42,
  "n_train": 2000,
  "n_population": 5000,
  "train_loss": 1.1506417486233576,
  "population_risk": 1.1562890199785743,
  "bayes_population_risk": 0.9378461538461538,
  "empirical_bayes_risk": 0.9612106320487103,
  "generalization_gap": 0.005647271355216699,
  "excess_population_risk": 0.21844286613242048,
  "runtime_seconds": 30.909360578283668,
  "runtime_per_step_seconds": 0.030909360578283668,
  "initial_objective": 1.156520170061382,
  "final_objective": 1.1507030857669014,
  "best_objective": 1.1507030857669014,
  "objective_reduction": 0.00581708429448069,
  "initial_train_loss_history": 1.1514060155615018,
  "final_train_loss_history": 1.1506417486233576,
  "best_train_loss_history": 1.1506363628538383,
  "train_loss_reduction": 0.0007642669381442424,
  "weight_norm": 0.012267204289897346,
  "trace_s": 0.012267204289897346,
  "top_eigenvalue": 0.012250354491585042,
  "min_eigenvalue": 1.562431593782177e-16,
  "R1": 0.9986264353381492
}