{
  "alpha": null,
  "seed": 42,
  "n_train": 1500,
  "n_population": 5000,
  "train_loss": 1.1569963254131967,
  "population_risk": 1.1714244655846195,
  "bayes_population_risk": 0.9582577132486388,
  "empirical_bayes_risk": 0.9588447261172489,
  "generalization_gap": 0.014428140171422799,
  "excess_population_risk": 0.2131667523359807,
  "runtime_seconds": 174.42586298845708,
  "runtime_per_step_seconds": 0.017442586298845708,
  "initial_objective": 1.159093384012749,
  "final_objective": 1.1572330522817424,
  "best_objective": 1.1572330522752263,
  "objective_reduction": 0.001860331731006637,
  "initial_train_loss_history": 1.1585580580665955,
  "final_train_loss_history": 1.1569963254131967,
  "best_train_loss_history": 1.1569933023259316,
  "train_loss_reduction": 0.0015617326533987619,
  "weight_norm": 0.4734537272849345,
  "trace_s": 0.4734537272849346,
  "top_eigenvalue": 0.30552624700121545,
  "min_eigenvalue": -1.3328155973816403e-17,
  "R1": 0.6453138488385862,
  "config_suffix": "cov_tridiagonal_mask_last_rho_0p2_lambda_1e-05_beta_1_d_50_T_5_lr_0p001_iter_10000_ntrain_1500_seed_42"
}