{
  "alpha": null,
  "seed": 42,
  "n_train": 10,
  "n_population": 5000,
  "train_loss": 0.3548289126857515,
  "population_risk": 1.361693628733456,
  "bayes_population_risk": 0.3599999999999999,
  "empirical_bayes_risk": 0.3600793606148145,
  "generalization_gap": 1.0068647160477044,
  "excess_population_risk": 1.0016936287334561,
  "runtime_seconds": 25.75745532847941,
  "runtime_per_step_seconds": 0.002575745532847941,
  "initial_objective": 0.5929533183012258,
  "final_objective": 0.3621652550336881,
  "best_objective": 0.3621652550336881,
  "objective_reduction": 0.23078806326753765,
  "initial_train_loss_history": 0.5916378264984206,
  "final_train_loss_history": 0.3548289126857515,
  "best_train_loss_history": 0.3548240472446011,
  "train_loss_reduction": 0.23680891381266905,
  "weight_norm": 14.672684154003997,
  "trace_s": 14.672684154004,
  "top_eigenvalue": 10.186953319889417,
  "min_eigenvalue": 1.0665409778900493e-14,
  "R1": 0.6942801475835977,
  "config_suffix": "cov_toeplitz_mask_last_rho_0p8_lambda_1e-05_beta_1_d_50_T_5_lr_0p001_iter_10000_ntrain_10_seed_42"
}