{
  "alpha": null,
  "seed": 42,
  "n_train": 90,
  "n_population": 5000,
  "train_loss": 0.3074226762665594,
  "population_risk": 1.1209557643438521,
  "bayes_population_risk": 0.10837348066298334,
  "empirical_bayes_risk": 0.1081872987182137,
  "generalization_gap": 0.8135330880772927,
  "excess_population_risk": 1.0125822836808689,
  "runtime_seconds": 202.04764110967517,
  "runtime_per_step_seconds": 0.04040952822193503,
  "initial_objective": 0.7243122279599509,
  "final_objective": 0.3996630876275478,
  "best_objective": 0.3996630876275478,
  "objective_reduction": 0.32464914033240305,
  "initial_train_loss_history": 0.72195184058441,
  "final_train_loss_history": 0.3074226762665594,
  "best_train_loss_history": 0.3074226762665594,
  "train_loss_reduction": 0.4145291643178506,
  "weight_norm": 46.117472690221575,
  "trace_s": 46.117472690221575,
  "top_eigenvalue": 37.69531031072591,
  "min_eigenvalue": 1.1240186917558001e-13,
  "R1": 0.8173758905638933,
  "effective_rank": 1.9585663322432643,
  "config_suffix": "cov_toeplitz_mask_random_rho_0p9_lambda_1e-05_beta_1_d_200_T_50_lr_0p001_iter_5000_ntrain_90_seed_42"
}