{
  "alpha": null,
  "seed": 42,
  "n_train": 1750,
  "n_population": 5000,
  "train_loss": 1.2094035306949154,
  "population_risk": 1.1914118776534761,
  "bayes_population_risk": 1.0,
  "empirical_bayes_risk": 0.9956761426120798,
  "generalization_gap": -0.017991653041439237,
  "excess_population_risk": 0.19141187765347611,
  "runtime_seconds": 87.14601773582399,
  "runtime_per_step_seconds": 0.017429203547164797,
  "initial_objective": 1.2127554872954378,
  "final_objective": 1.2095469514222215,
  "best_objective": 1.2095469514222215,
  "objective_reduction": 0.003208535873216345,
  "initial_train_loss_history": 1.2123910119553833,
  "final_train_loss_history": 1.2094035306949154,
  "best_train_loss_history": 1.2094035306949154,
  "train_loss_reduction": 0.0029874812604679946,
  "weight_norm": 0.5736829091360761,
  "trace_s": 0.5736829091360761,
  "top_eigenvalue": 0.36786039540098947,
  "min_eigenvalue": -1.7909131068646274e-17,
  "R1": 0.6412259970494152,
  "effective_rank": 1.9207393471290033,
  "config_suffix": "cov_identity_mask_random_rho_NA_lambda_1e-05_beta_1_d_25_T_5_lr_0p001_iter_5000_ntrain_1750_seed_42"
}