{
  "alpha": 0.5,
  "seed": 0,
  "n_train": 1250,
  "n_population": 5000,
  "train_loss": 1.0950848042243884,
  "population_risk": 1.0945087496796622,
  "bayes_population_risk": 0.9310364973015884,
  "empirical_bayes_risk": 0.9323712598624787,
  "weight_norm": 0.37083000450608183,
  "trace_s": 0.3708300045060819,
  "top_eigenvalue": 0.08094473422995974,
  "R1": 0.21827989441623566
}