{
  "alpha": null,
  "seed": 42,
  "n_train": 20,
  "n_population": 5000,
  "train_loss": 0.38783304126171614,
  "population_risk": 1.3486295368821721,
  "bayes_population_risk": 0.2921672002085666,
  "empirical_bayes_risk": 0.2932117323510283,
  "generalization_gap": 0.960796495620456,
  "excess_population_risk": 1.0564623366736055,
  "runtime_seconds": 27.285308552905917,
  "runtime_per_step_seconds": 0.005457061710581183,
  "initial_objective": 0.7467343628888699,
  "final_objective": 0.404445647273031,
  "best_objective": 0.404445647273031,
  "objective_reduction": 0.34228871561583885,
  "initial_train_loss_history": 0.745795093079668,
  "final_train_loss_history": 0.38783304126171614,
  "best_train_loss_history": 0.38783304126171614,
  "train_loss_reduction": 0.3579620518179518,
  "weight_norm": 33.224391303209025,
  "trace_s": 33.224391303209025,
  "top_eigenvalue": 21.666513659447055,
  "min_eigenvalue": 2.971939187266893e-08,
  "R1": 0.6521267300796073,
  "effective_rank": 2.9134883722215306,
  "config_suffix": "cov_matern_mask_random_rho_NA_lambda_1e-05_beta_1_d_50_T_5_lr_0p001_iter_5000_ntrain_20_seed_42"
}