{
  "alpha": null,
  "seed": 42,
  "n_train": 750,
  "n_population": 5000,
  "train_loss": 1.1329413889878603,
  "population_risk": 1.1313357846275267,
  "bayes_population_risk": 0.9710902924899966,
  "empirical_bayes_risk": 0.9694636798367057,
  "generalization_gap": -0.0016056043603336345,
  "excess_population_risk": 0.16024549213753014,
  "runtime_seconds": 100.43130936007947,
  "runtime_per_step_seconds": 0.020086261872015895,
  "initial_objective": 1.1370432567512192,
  "final_objective": 1.13480614687767,
  "best_objective": 1.13480614687767,
  "objective_reduction": 0.0022371098735491923,
  "initial_train_loss_history": 1.135962787121038,
  "final_train_loss_history": 1.1329413889878603,
  "best_train_loss_history": 1.1329332028600372,
  "train_loss_reduction": 0.0030213981331776996,
  "weight_norm": 1.8647578897436585,
  "trace_s": 1.864757889743659,
  "top_eigenvalue": 0.5909858582869051,
  "min_eigenvalue": -5.192265472899912e-17,
  "R1": 0.31692364008077506,
  "effective_rank": 4.202015011962875,
  "config_suffix": "cov_exponential_mask_random_rho_NA_lambda_1e-05_beta_1_d_100_T_5_lr_0p001_iter_5000_ntrain_750_seed_42"
}