{
  "alpha": null,
  "seed": 42,
  "n_train": 60,
  "n_population": 5000,
  "train_loss": 0.9972801855157493,
  "population_risk": 1.0330645238801914,
  "bayes_population_risk": 0.7822082681172894,
  "empirical_bayes_risk": 0.7799638444841281,
  "generalization_gap": 0.03578433836444217,
  "excess_population_risk": 0.25085625576290205,
  "runtime_seconds": 32.58367667160928,
  "runtime_per_step_seconds": 0.006516735334321857,
  "initial_objective": 1.0404590695641591,
  "final_objective": 0.9996912479878242,
  "best_objective": 0.9996912479878242,
  "objective_reduction": 0.04076782157633496,
  "initial_train_loss_history": 1.040053289248869,
  "final_train_loss_history": 0.9972801855157493,
  "best_train_loss_history": 0.9972801855157493,
  "train_loss_reduction": 0.04277310373311971,
  "weight_norm": 9.644165953148143,
  "trace_s": 9.644165953148145,
  "top_eigenvalue": 4.531526110642241,
  "min_eigenvalue": 8.109852011788614e-10,
  "R1": 0.4698722660577002,
  "effective_rank": 3.6918781082481247,
  "config_suffix": "cov_exponential_mask_random_rho_NA_lambda_1e-05_beta_1_d_25_T_10_lr_0p001_iter_5000_ntrain_60_seed_42"
}