{
  "alpha": null,
  "seed": 42,
  "n_train": 750,
  "n_population": 5000,
  "train_loss": 0.9709017459400393,
  "population_risk": 0.9815062393515928,
  "bayes_population_risk": 0.7459898192227884,
  "empirical_bayes_risk": 0.7437058712573827,
  "generalization_gap": 0.01060449341155345,
  "excess_population_risk": 0.23551642012880436,
  "runtime_seconds": 142.85571781545877,
  "runtime_per_step_seconds": 0.028571143563091754,
  "initial_objective": 0.9869781681230789,
  "final_objective": 0.9772555434115072,
  "best_objective": 0.9772555432286633,
  "objective_reduction": 0.009722624711571703,
  "initial_train_loss_history": 0.9857089586586733,
  "final_train_loss_history": 0.9709017459400393,
  "best_train_loss_history": 0.9708942650376376,
  "train_loss_reduction": 0.014807212718633944,
  "weight_norm": 6.35379997685788,
  "trace_s": 6.353799976857881,
  "top_eigenvalue": 1.8434400903387511,
  "min_eigenvalue": 7.628179759981977e-17,
  "R1": 0.29013190485268936,
  "effective_rank": 6.488420943758337,
  "config_suffix": "cov_matern_mask_random_rho_NA_lambda_1e-05_beta_1_d_100_T_5_lr_0p001_iter_5000_ntrain_750_seed_42"
}