{
  "alpha": null,
  "seed": 42,
  "n_train": 10000,
  "n_population": 5000,
  "train_loss": 1.1555964951296522,
  "population_risk": 1.1561546906504214,
  "bayes_population_risk": 0.9378461538461538,
  "empirical_bayes_risk": 0.9602795697158788,
  "generalization_gap": 0.0005581955207691891,
  "excess_population_risk": 0.21830853680426765,
  "runtime_seconds": 1039.135732140392,
  "runtime_per_step_seconds": 0.10391357321403921,
  "initial_objective": 1.1567986326739186,
  "final_objective": 1.155616085237926,
  "best_objective": 1.1556160715177213,
  "objective_reduction": 0.0011825474359925536,
  "initial_train_loss_history": 1.1562006186736808,
  "final_train_loss_history": 1.1555964951296522,
  "best_train_loss_history": 1.1555964133307883,
  "train_loss_reduction": 0.0006041235440286119,
  "weight_norm": 0.039177076411693115,
  "trace_s": 0.03917707641169312,
  "top_eigenvalue": 0.039176151613465784,
  "min_eigenvalue": 8.755878106048773e-19,
  "R1": 0.9999763944042777
}