{
  "alpha": null,
  "seed": 42,
  "n_train": 50,
  "n_population": 5000,
  "train_loss": 0.348467099802302,
  "population_risk": 0.9688286636619163,
  "bayes_population_risk": 0.1214410313285021,
  "empirical_bayes_risk": 0.12016299181426493,
  "generalization_gap": 0.6203615638596143,
  "excess_population_risk": 0.8473876323334142,
  "runtime_seconds": 15.461444368585944,
  "runtime_per_step_seconds": 0.0030922888737171888,
  "initial_objective": 0.5841395716873395,
  "final_objective": 0.3646908494663741,
  "best_objective": 0.3646908494663741,
  "objective_reduction": 0.21944872222096545,
  "initial_train_loss_history": 0.5834712704266163,
  "final_train_loss_history": 0.348467099802302,
  "best_train_loss_history": 0.348467099802302,
  "train_loss_reduction": 0.23500417062431428,
  "weight_norm": 64.89286202856707,
  "trace_s": 64.89286202856705,
  "top_eigenvalue": 34.107051133473334,
  "min_eigenvalue": 5.157494939819276e-07,
  "R1": 0.5255901815281127,
  "effective_rank": 4.823129280485235,
  "config_suffix": "cov_toeplitz_bump_mask_random_rho_0p7_lambda_1e-05_beta_1_d_25_T_5_lr_0p001_iter_5000_ntrain_50_seed_42",
  "ridge_lambda": 0.01,
  "ridge_train_loss": 0.1110764605083812,
  "ridge_population_risk": 0.13101863906865602,
  "ridge_generalization_gap": 0.019942178560274818,
  "ridge_excess_population_risk": 0.009577607740153912,
  "pca_n_components": 62,
  "pca_train_loss": 6.021230073301931e-16,
  "pca_population_risk": 0.8717125987549039,
  "pca_generalization_gap": 0.8717125987549034,
  "pca_excess_population_risk": 0.7502715674264018
}