{
  "alpha": null,
  "seed": 42,
  "n_train": 5000,
  "n_population": 5000,
  "train_loss": 0.2318530173843221,
  "population_risk": 0.2293305647621605,
  "bayes_population_risk": 0.13898342541436456,
  "empirical_bayes_risk": 0.13713262345206292,
  "generalization_gap": -0.0025224526221616084,
  "excess_population_risk": 0.09034713934779592,
  "runtime_seconds": 72.5207519903779,
  "runtime_per_step_seconds": 0.01450415039807558,
  "initial_objective": 0.28457473659412214,
  "final_objective": 0.2350303467123086,
  "best_objective": 0.2350303467123086,
  "objective_reduction": 0.04954438988181353,
  "initial_train_loss_history": 0.2837798831879801,
  "final_train_loss_history": 0.2318530173843221,
  "best_train_loss_history": 0.2318530173843221,
  "train_loss_reduction": 0.05192686580365799,
  "weight_norm": 12.708957021804865,
  "trace_s": 12.70895702180486,
  "top_eigenvalue": 1.5268867443534733,
  "min_eigenvalue": 6.144050011887495e-12,
  "R1": 0.1201425688775075,
  "effective_rank": 15.791751698679644,
  "config_suffix": "cov_toeplitz_mask_random_rho_0p9_lambda_1e-05_beta_1_d_25_T_5_lr_0p001_iter_5000_ntrain_5000_seed_42",
  "ridge_lambda": 0.01,
  "ridge_train_loss": 0.13984223151710198,
  "ridge_population_risk": 0.13722071514578849,
  "ridge_generalization_gap": -0.002621516371313498,
  "ridge_excess_population_risk": -0.0017627102685760787,
  "pca_n_components": 62,
  "pca_train_loss": 0.19750953906186863,
  "pca_population_risk": 0.20136609418260099,
  "pca_generalization_gap": 0.0038565551207323523,
  "pca_excess_population_risk": 0.06238266876823642
}