{
  "alpha": null,
  "seed": 42,
  "n_train": 250,
  "n_population": 5000,
  "train_loss": 0.29855147720561215,
  "population_risk": 0.3668043936883713,
  "bayes_population_risk": 0.12197790055248611,
  "empirical_bayes_risk": 0.12317490274158217,
  "generalization_gap": 0.06825291648275916,
  "excess_population_risk": 0.2448264931358852,
  "runtime_seconds": 60.525645738467574,
  "runtime_per_step_seconds": 0.012105129147693515,
  "initial_objective": 0.34082548718150857,
  "final_objective": 0.3075428440253724,
  "best_objective": 0.3075428440253724,
  "objective_reduction": 0.03328264315613616,
  "initial_train_loss_history": 0.3400464297203649,
  "final_train_loss_history": 0.29855147720561215,
  "best_train_loss_history": 0.29855147720561215,
  "train_loss_reduction": 0.04149495251475277,
  "weight_norm": 17.982724404164685,
  "trace_s": 17.982724404164692,
  "top_eigenvalue": 8.890559056275933,
  "min_eigenvalue": 7.233545887643183e-13,
  "R1": 0.49439444527198184,
  "effective_rank": 5.456709777048324,
  "config_suffix": "cov_toeplitz_mask_random_rho_0p9_lambda_1e-05_beta_1_d_50_T_10_lr_0p001_iter_5000_ntrain_250_seed_42"
}