{
  "alpha": null,
  "seed": 42,
  "n_train": 5000,
  "n_population": 5000,
  "train_loss": 0.9714063856123754,
  "population_risk": 0.9641890828577525,
  "bayes_population_risk": 0.45666666666666667,
  "empirical_bayes_risk": 0.45468020146678084,
  "generalization_gap": -0.007217302754622845,
  "excess_population_risk": 0.5075224161910858,
  "runtime_seconds": 78.56487851589918,
  "runtime_per_step_seconds": 0.07856487851589918,
  "initial_objective": 0.9787059049419975,
  "final_objective": 0.9732494930253063,
  "best_objective": 0.9732494930253063,
  "objective_reduction": 0.005456411916691217,
  "initial_train_loss_history": 0.977952768604606,
  "final_train_loss_history": 0.9714063856123754,
  "best_train_loss_history": 0.9714063856123754,
  "train_loss_reduction": 0.006546382992230648,
  "weight_norm": 3.6855666143787,
  "trace_s": 3.6855666143787005,
  "top_eigenvalue": 0.7297730754473547,
  "min_eigenvalue": 1.4430211910224252e-10,
  "R1": 0.19800838020407824,
  "config_suffix": "cov_tridiagonal_mask_random_rho_0p5_lambda_1e-05_beta_1_d_50_T_5_lr_0p001_iter_1000_ntrain_5000_seed_42"
}