{
  "alpha": null,
  "seed": 42,
  "n_train": 1000,
  "n_population": 5000,
  "train_loss": 0.9616469578581291,
  "population_risk": 0.9855633150652505,
  "bayes_population_risk": 0.45666666666666667,
  "empirical_bayes_risk": 0.4600871723792077,
  "generalization_gap": 0.023916357207121375,
  "excess_population_risk": 0.5288966483985839,
  "runtime_seconds": 22.022128274664283,
  "runtime_per_step_seconds": 0.022022128274664283,
  "initial_objective": 0.976636048730942,
  "final_objective": 0.9643970517687099,
  "best_objective": 0.9643970517687099,
  "objective_reduction": 0.012238996962232074,
  "initial_train_loss_history": 0.9758647968337929,
  "final_train_loss_history": 0.9616469578581291,
  "best_train_loss_history": 0.9616469578581291,
  "train_loss_reduction": 0.014217838975663755,
  "weight_norm": 5.498772321851204,
  "trace_s": 5.498772321851204,
  "top_eigenvalue": 1.5687251993548896,
  "min_eigenvalue": 6.110641598073531e-10,
  "R1": 0.2852864435068601,
  "config_suffix": "cov_tridiagonal_mask_random_rho_0p5_lambda_1e-05_beta_1_d_50_T_5_lr_0p001_iter_1000_ntrain_1000_seed_42"
}