{
  "alpha": null,
  "seed": 42,
  "n_train": 1000,
  "n_population": 5000,
  "train_loss": 0.5369062905129167,
  "population_risk": 0.5392443699635634,
  "bayes_population_risk": 0.05101341981519296,
  "empirical_bayes_risk": 0.051156171852671,
  "generalization_gap": 0.0023380794506466795,
  "excess_population_risk": 0.4882309501483704,
  "runtime_seconds": 179.05782587267458,
  "runtime_per_step_seconds": 0.03581156517453492,
  "initial_objective": 0.5538451912797595,
  "final_objective": 0.5410176331532164,
  "best_objective": 0.5410176331532164,
  "objective_reduction": 0.012827558126543126,
  "initial_train_loss_history": 0.553174521043875,
  "final_train_loss_history": 0.5369062905129167,
  "best_train_loss_history": 0.5369062786289588,
  "train_loss_reduction": 0.016268230530958272,
  "weight_norm": 8.222684775568881,
  "trace_s": 8.222684775568883,
  "top_eigenvalue": 2.408824284305264,
  "min_eigenvalue": 6.483791425755341e-16,
  "R1": 0.29294863539732513,
  "effective_rank": 6.986943264304451,
  "config_suffix": "cov_matern_mask_random_rho_NA_lambda_1e-05_beta_1_d_50_T_10_lr_0p001_iter_5000_ntrain_1000_seed_42"
}