{
  "alpha": null,
  "seed": 42,
  "n_train": 300,
  "n_population": 5000,
  "train_loss": 0.49193976159584374,
  "population_risk": 0.5687642740243251,
  "bayes_population_risk": 0.05101341981519296,
  "empirical_bayes_risk": 0.0505648156437538,
  "generalization_gap": 0.07682451242848132,
  "excess_population_risk": 0.5177508542091321,
  "runtime_seconds": 70.77948375046253,
  "runtime_per_step_seconds": 0.014155896750092507,
  "initial_objective": 0.5466787277177673,
  "final_objective": 0.49942059551178075,
  "best_objective": 0.49942059551178075,
  "objective_reduction": 0.047258132205986514,
  "initial_train_loss_history": 0.5459440138672843,
  "final_train_loss_history": 0.49193976159584374,
  "best_train_loss_history": 0.49193976159584374,
  "train_loss_reduction": 0.05400425227144057,
  "weight_norm": 14.961646840441304,
  "trace_s": 14.961646840441304,
  "top_eigenvalue": 4.980426990137534,
  "min_eigenvalue": 7.550126754090556e-11,
  "R1": 0.33287959829899544,
  "effective_rank": 6.596961147432922,
  "config_suffix": "cov_matern_mask_random_rho_NA_lambda_1e-05_beta_1_d_50_T_10_lr_0p001_iter_5000_ntrain_300_seed_42"
}