{
  "alpha": null,
  "seed": 42,
  "n_train": 500,
  "n_population": 5000,
  "train_loss": 1.0291756825155365,
  "population_risk": 1.0299541757634636,
  "bayes_population_risk": 0.8649174311926606,
  "empirical_bayes_risk": 0.8626928701542649,
  "generalization_gap": 0.0007784932479271145,
  "excess_population_risk": 0.16503674457080297,
  "runtime_seconds": 69.2963538672775,
  "runtime_per_step_seconds": 0.0069296353867277505,
  "initial_objective": 1.041691091727709,
  "final_objective": 1.031789166192858,
  "best_objective": 1.0317891661185898,
  "objective_reduction": 0.00990192553485092,
  "initial_train_loss_history": 1.0409366902804573,
  "final_train_loss_history": 1.0291756825155365,
  "best_train_loss_history": 1.029174164472433,
  "train_loss_reduction": 0.011761007764920839,
  "weight_norm": 5.226967380812002,
  "trace_s": 5.226967380812001,
  "top_eigenvalue": 1.7467401553708184,
  "min_eigenvalue": -2.606158709667607e-17,
  "R1": 0.3341785069834252
}