{
  "alpha": null,
  "seed": 42,
  "n_train": 1000,
  "n_population": 5000,
  "train_loss": 0.7499342119319046,
  "population_risk": 0.7687920159183521,
  "bayes_population_risk": 0.09796305337869733,
  "empirical_bayes_risk": 0.10018206588880287,
  "generalization_gap": 0.01885780398644754,
  "excess_population_risk": 0.6708289625396547,
  "runtime_seconds": 35.33879664540291,
  "runtime_per_step_seconds": 0.007067759329080582,
  "initial_objective": 0.7841008204656325,
  "final_objective": 0.755146921566783,
  "best_objective": 0.755146921566783,
  "objective_reduction": 0.028953898898849473,
  "initial_train_loss_history": 0.783086540348924,
  "final_train_loss_history": 0.7499342119319046,
  "best_train_loss_history": 0.7499342119319046,
  "train_loss_reduction": 0.03315232841701943,
  "weight_norm": 10.425415376647415,
  "trace_s": 10.425415376647418,
  "top_eigenvalue": 2.8813760107684434,
  "min_eigenvalue": 1.1560671357995586e-14,
  "R1": 0.27637997208462595,
  "effective_rank": 8.005130193706352,
  "config_suffix": "cov_toeplitz_bump_mask_random_rho_0p5_lambda_1e-05_beta_1_d_50_T_5_lr_0p001_iter_5000_ntrain_1000_seed_42",
  "ridge_lambda": 0.01,
  "ridge_train_loss": 0.10103433141178206,
  "ridge_population_risk": 0.10057561304530219,
  "ridge_generalization_gap": -0.0004587183664798711,
  "ridge_excess_population_risk": 0.002612559666604855,
  "pca_n_components": 75,
  "pca_train_loss": 0.5360993040390636,
  "pca_population_risk": 0.6952837698620193,
  "pca_generalization_gap": 0.15918446582295576,
  "pca_excess_population_risk": 0.597320716483322
}