{
  "alpha": null,
  "seed": 42,
  "n_train": 250,
  "n_population": 5000,
  "train_loss": 0.4359811655478994,
  "population_risk": 0.5707104111541308,
  "bayes_population_risk": 0.1134751381215469,
  "empirical_bayes_risk": 0.11414127468299445,
  "generalization_gap": 0.1347292456062314,
  "excess_population_risk": 0.4572352730325839,
  "runtime_seconds": 45.73115932941437,
  "runtime_per_step_seconds": 0.009146231865882874,
  "initial_objective": 0.5024827494966692,
  "final_objective": 0.4536054791332383,
  "best_objective": 0.4536054791332383,
  "objective_reduction": 0.04887727036343087,
  "initial_train_loss_history": 0.5013730429629811,
  "final_train_loss_history": 0.4359811655478994,
  "best_train_loss_history": 0.4359811655478994,
  "train_loss_reduction": 0.06539187741508173,
  "weight_norm": 17.62431271709503,
  "trace_s": 17.624312717095023,
  "top_eigenvalue": 11.51386081422796,
  "min_eigenvalue": 2.549216477761412e-15,
  "R1": 0.6532941737387513,
  "effective_rank": 3.326541856488438,
  "config_suffix": "cov_toeplitz_mask_random_rho_0p9_lambda_1e-05_beta_1_d_100_T_20_lr_0p001_iter_5000_ntrain_250_seed_42"
}