{
  "alpha": null,
  "seed": 42,
  "n_train": 2000,
  "n_population": 5000,
  "train_loss": 0.9880337324193798,
  "population_risk": 0.9969656061580987,
  "bayes_population_risk": 0.66,
  "empirical_bayes_risk": 0.750801804401287,
  "generalization_gap": 0.008931873738718954,
  "excess_population_risk": 0.3369656061580987,
  "runtime_seconds": 21.586666783317924,
  "runtime_per_step_seconds": 0.021586666783317922,
  "initial_objective": 0.9912015724717934,
  "final_objective": 0.9889534469050812,
  "best_objective": 0.9889534469050812,
  "objective_reduction": 0.002248125566712167,
  "initial_train_loss_history": 0.9906295040608801,
  "final_train_loss_history": 0.9880337324193798,
  "best_train_loss_history": 0.9880337324193798,
  "train_loss_reduction": 0.0025957716415003773,
  "weight_norm": 1.8393917888596787,
  "trace_s": 1.8393917888596787,
  "top_eigenvalue": 0.5123530631812547,
  "min_eigenvalue": 4.229781247934279e-11,
  "R1": 0.2785448245905705
}