{
  "alpha": null,
  "seed": 42,
  "n_train": 2000,
  "n_population": 5000,
  "train_loss": 0.33267252010086457,
  "population_risk": 0.33935587365674935,
  "bayes_population_risk": 0.12197790055248611,
  "empirical_bayes_risk": 0.12193558322653147,
  "generalization_gap": 0.006683353555884786,
  "excess_population_risk": 0.21737797310426324,
  "runtime_seconds": 108.00861880928278,
  "runtime_per_step_seconds": 0.021601723761856557,
  "initial_objective": 0.34796255400381737,
  "final_objective": 0.33715457322233755,
  "best_objective": 0.33715457322233755,
  "objective_reduction": 0.01080798078147982,
  "initial_train_loss_history": 0.34720684987708683,
  "final_train_loss_history": 0.33267252010086457,
  "best_train_loss_history": 0.33267252010086457,
  "train_loss_reduction": 0.014534329776222266,
  "weight_norm": 8.964104964796059,
  "trace_s": 8.964104964796059,
  "top_eigenvalue": 2.7565113956866263,
  "min_eigenvalue": 1.0755357893387792e-13,
  "R1": 0.3075054795221643,
  "effective_rank": 9.458453154458496,
  "config_suffix": "cov_toeplitz_mask_random_rho_0p9_lambda_1e-05_beta_1_d_50_T_10_lr_0p001_iter_5000_ntrain_2000_seed_42",
  "ridge_lambda": 0.01,
  "ridge_train_loss": 0.12177823047049342,
  "ridge_population_risk": 0.12246539515511186,
  "ridge_generalization_gap": 0.0006871646846184354,
  "ridge_excess_population_risk": 0.00048749460262574595,
  "pca_n_components": 75,
  "pca_train_loss": 0.24179239284175028,
  "pca_population_risk": 0.27328723696394025,
  "pca_generalization_gap": 0.031494844122189974,
  "pca_excess_population_risk": 0.15130933641145414
}