{
  "alpha": null,
  "seed": 42,
  "n_train": 250,
  "n_population": 5000,
  "train_loss": 0.6351664476588634,
  "population_risk": 0.7225162221525823,
  "bayes_population_risk": 0.2921672002085666,
  "empirical_bayes_risk": 0.2927433670486551,
  "generalization_gap": 0.08734977449371883,
  "excess_population_risk": 0.43034902194401564,
  "runtime_seconds": 41.220450438559055,
  "runtime_per_step_seconds": 0.00824409008771181,
  "initial_objective": 0.7079130376659399,
  "final_objective": 0.6455455343362438,
  "best_objective": 0.6455455343362438,
  "objective_reduction": 0.062367503329696095,
  "initial_train_loss_history": 0.7070024361916407,
  "final_train_loss_history": 0.6351664476588634,
  "best_train_loss_history": 0.6351664476588634,
  "train_loss_reduction": 0.07183598853277728,
  "weight_norm": 20.758148604512684,
  "trace_s": 20.75814860451268,
  "top_eigenvalue": 4.834446389014756,
  "min_eigenvalue": 4.15218621370441e-12,
  "R1": 0.23289390981447067,
  "effective_rank": 7.504281650271728,
  "config_suffix": "cov_matern_mask_random_rho_NA_lambda_1e-05_beta_1_d_50_T_5_lr_0p001_iter_5000_ntrain_250_seed_42"
}