{
  "alpha": null,
  "seed": 42,
  "n_train": 9000,
  "n_population": 5000,
  "train_loss": 0.23117267196364316,
  "population_risk": 0.23285552340503368,
  "bayes_population_risk": 0.13898342541436456,
  "empirical_bayes_risk": 0.13833345774566086,
  "generalization_gap": 0.0016828514413905205,
  "excess_population_risk": 0.09387209799066912,
  "runtime_seconds": 1136.0966899432242,
  "runtime_per_step_seconds": 0.11360966899432241,
  "initial_objective": 0.2863067257786955,
  "final_objective": 0.2380591538082886,
  "best_objective": 0.2380591538082886,
  "objective_reduction": 0.04824757197040688,
  "initial_train_loss_history": 0.2849125143439958,
  "final_train_loss_history": 0.23117267196364316,
  "best_train_loss_history": 0.23117267196364316,
  "train_loss_reduction": 0.05373984238035262,
  "weight_norm": 13.772963596207148,
  "trace_s": 13.772963596207148,
  "top_eigenvalue": 1.0874162796793863,
  "min_eigenvalue": 2.8510802861158096e-15,
  "R1": 0.07895296259832146,
  "config_suffix": "cov_toeplitz_mask_random_rho_0p9_lambda_1e-05_beta_1_d_50_T_5_lr_0p001_iter_10000_ntrain_9000_seed_42"
}