{
  "alpha": null,
  "seed": 42,
  "n_train": 20,
  "n_population": 5000,
  "train_loss": 0.02802490490480883,
  "population_risk": 1.7371020757546096,
  "bayes_population_risk": 0.011034997727387535,
  "empirical_bayes_risk": 0.010984428418573954,
  "generalization_gap": 1.7090771708498007,
  "excess_population_risk": 1.726067078027222,
  "runtime_seconds": 57.81540385261178,
  "runtime_per_step_seconds": 0.011563080770522356,
  "initial_objective": 0.08075602230023257,
  "final_objective": 0.04971918606824251,
  "best_objective": 0.04971914557824684,
  "objective_reduction": 0.031036836231990064,
  "initial_train_loss_history": 0.0785827991876256,
  "final_train_loss_history": 0.02802490490480883,
  "best_train_loss_history": 0.028012838252401008,
  "train_loss_reduction": 0.050557894282816776,
  "weight_norm": 10.847128184364657,
  "trace_s": 10.84712818436466,
  "top_eigenvalue": 9.429898001261563,
  "min_eigenvalue": 2.6247587322930655e-17,
  "R1": 0.869345124440778,
  "effective_rank": 1.5784058111746748,
  "config_suffix": "cov_toeplitz_mask_random_rho_0p99_lambda_1e-05_beta_1_d_200_T_20_lr_0p001_iter_5000_ntrain_20_seed_42"
}