{
  "alpha": null,
  "seed": 42,
  "n_train": 200,
  "n_population": 5000,
  "train_loss": 1.1634195613260891,
  "population_risk": 1.1560240381207418,
  "bayes_population_risk": 0.96,
  "empirical_bayes_risk": 0.9580941046258992,
  "generalization_gap": -0.00739552320534731,
  "excess_population_risk": 0.19602403812074187,
  "runtime_seconds": 46.50374465622008,
  "runtime_per_step_seconds": 0.004650374465622008,
  "initial_objective": 1.174539245824247,
  "final_objective": 1.1662809494269268,
  "best_objective": 1.1662809489113113,
  "objective_reduction": 0.00825829639732012,
  "initial_train_loss_history": 1.1693743266319538,
  "final_train_loss_history": 1.1634195613260891,
  "best_train_loss_history": 1.16341819124982,
  "train_loss_reduction": 0.0059547653058646954,
  "weight_norm": 0.5722775923050712,
  "trace_s": 0.572277592305071,
  "top_eigenvalue": 0.5722775921075154,
  "min_eigenvalue": -1.0390708281665634e-18,
  "R1": 0.9999999996547899,
  "config_suffix": "cov_toeplitz_mask_last_rho_0p2_lambda_0p0001_beta_1_d_50_T_5_lr_0p001_iter_10000_ntrain_200_seed_42"
}