{
  "alpha": null,
  "seed": 42,
  "n_train": 125,
  "n_population": 5000,
  "train_loss": 0.6168021906849639,
  "population_risk": 1.121345320315488,
  "bayes_population_risk": 0.09796305337869733,
  "empirical_bayes_risk": 0.09853683296867954,
  "generalization_gap": 0.5045431296305241,
  "excess_population_risk": 1.0233822669367907,
  "runtime_seconds": 16.959394985809922,
  "runtime_per_step_seconds": 0.0033918789971619846,
  "initial_objective": 0.7598872335426183,
  "final_objective": 0.6412206576378349,
  "best_objective": 0.6412206576378349,
  "objective_reduction": 0.11866657590478347,
  "initial_train_loss_history": 0.7590058939221593,
  "final_train_loss_history": 0.6168021906849639,
  "best_train_loss_history": 0.6168021906849639,
  "train_loss_reduction": 0.14220370323719544,
  "weight_norm": 48.83597591910157,
  "trace_s": 48.835975919101585,
  "top_eigenvalue": 11.259638660566765,
  "min_eigenvalue": 9.07808995695024e-10,
  "R1": 0.23056032870559864,
  "effective_rank": 7.512702427675954,
  "config_suffix": "cov_toeplitz_bump_mask_random_rho_0p5_lambda_1e-05_beta_1_d_50_T_5_lr_0p001_iter_5000_ntrain_125_seed_42",
  "ridge_lambda": 0.01,
  "ridge_train_loss": 0.09450149546014801,
  "ridge_population_risk": 0.10194210033093977,
  "ridge_generalization_gap": 0.007440604870791762,
  "ridge_excess_population_risk": 0.003979046952242438,
  "pca_n_components": 75,
  "pca_train_loss": 0.15399073244062797,
  "pca_population_risk": 0.961238741770872,
  "pca_generalization_gap": 0.807248009330244,
  "pca_excess_population_risk": 0.8632756883921746
}