{
  "alpha": null,
  "seed": 42,
  "n_train": 80,
  "n_population": 5000,
  "train_loss": 1.0143892461301003,
  "population_risk": 1.0394496440715608,
  "bayes_population_risk": 0.9267692307692309,
  "empirical_bayes_risk": 0.9289397707576907,
  "generalization_gap": 0.025060397941460533,
  "excess_population_risk": 0.11268041330232992,
  "runtime_seconds": 37.991747099906206,
  "runtime_per_step_seconds": 0.0075983494199812415,
  "initial_objective": 1.0302872598141368,
  "final_objective": 1.0169302381047765,
  "best_objective": 1.0169302381047765,
  "objective_reduction": 0.013357021709360373,
  "initial_train_loss_history": 1.0297541485205204,
  "final_train_loss_history": 1.0143892461301003,
  "best_train_loss_history": 1.0143892461301003,
  "train_loss_reduction": 0.015364902390420099,
  "weight_norm": 5.081983137885206,
  "trace_s": 5.081983137885206,
  "top_eigenvalue": 2.8586550506201878,
  "min_eigenvalue": 8.457297213765587e-15,
  "R1": 0.5625077795535103,
  "effective_rank": 2.458456185086921,
  "config_suffix": "cov_toeplitz_mask_random_rho_0p2_lambda_1e-05_beta_1_d_50_T_20_lr_0p001_iter_5000_ntrain_80_seed_42"
}