{
  "alpha": null,
  "seed": 42,
  "n_train": 1250,
  "n_population": 5000,
  "train_loss": 0.9667383980144637,
  "population_risk": 0.9786833867217479,
  "bayes_population_risk": 0.45666666666666667,
  "empirical_bayes_risk": 0.4583710796076264,
  "generalization_gap": 0.011944988707284221,
  "excess_population_risk": 0.5220167200550813,
  "runtime_seconds": 151.76025583222508,
  "runtime_per_step_seconds": 0.030352051166445015,
  "initial_objective": 0.9839905466232844,
  "final_objective": 0.9732018148252815,
  "best_objective": 0.9732018148252815,
  "objective_reduction": 0.010788731798002993,
  "initial_train_loss_history": 0.9826594216312456,
  "final_train_loss_history": 0.9667383980144637,
  "best_train_loss_history": 0.966737442534828,
  "train_loss_reduction": 0.015921023616781937,
  "weight_norm": 6.463416795085457,
  "trace_s": 6.4634167950854575,
  "top_eigenvalue": 2.283036673669505,
  "min_eigenvalue": -2.3095333536198444e-17,
  "R1": 0.35322442386903513,
  "effective_rank": 6.110712916586609,
  "config_suffix": "cov_tridiagonal_mask_random_rho_0p5_lambda_1e-05_beta_1_d_100_T_5_lr_0p001_iter_5000_ntrain_1250_seed_42"
}