{
  "alpha": null,
  "seed": 42,
  "n_train": 500,
  "n_population": 5000,
  "train_loss": 1.0152586454024304,
  "population_risk": 1.0181967979144355,
  "bayes_population_risk": 1.0,
  "empirical_bayes_risk": 0.9971486361427931,
  "generalization_gap": 0.002938152512005132,
  "excess_population_risk": 0.018196797914435514,
  "runtime_seconds": 304.96085907146335,
  "runtime_per_step_seconds": 0.06099217181429267,
  "initial_objective": 1.0180386451632648,
  "final_objective": 1.0159311209566284,
  "best_objective": 1.0159311209566282,
  "objective_reduction": 0.002107524206636402,
  "initial_train_loss_history": 1.0170307666194993,
  "final_train_loss_history": 1.0152586454024304,
  "best_train_loss_history": 1.0152586454024304,
  "train_loss_reduction": 0.0017721212170689338,
  "weight_norm": 0.6724755541979609,
  "trace_s": 0.6724755541979606,
  "top_eigenvalue": 0.6724755541979606,
  "min_eigenvalue": -1.8934409607214156e-16,
  "R1": 1.0000000000000002,
  "effective_rank": 1.0,
  "config_suffix": "cov_identity_mask_random_rho_NA_lambda_1e-05_beta_1_d_100_T_50_lr_0p001_iter_5000_ntrain_500_seed_42",
  "ridge_lambda": 0.01,
  "ridge_train_loss": 0.8960157450840834,
  "ridge_population_risk": 1.1057800613341868,
  "ridge_generalization_gap": 0.2097643162501034,
  "ridge_excess_population_risk": 0.10578006133418683,
  "pca_n_components": 75,
  "pca_train_loss": 0.7900784024065269,
  "pca_population_risk": 1.0146273535509298,
  "pca_generalization_gap": 0.22454895114440288,
  "pca_excess_population_risk": 0.014627353550929811
}