{
  "alpha": null,
  "seed": 42,
  "n_train": 20,
  "n_population": 5000,
  "train_loss": 1.020886631593094,
  "population_risk": 1.276132941964394,
  "bayes_population_risk": 0.9710902924899966,
  "empirical_bayes_risk": 0.9783582494813647,
  "generalization_gap": 0.2552463103713001,
  "excess_population_risk": 0.3050426494743975,
  "runtime_seconds": 17.86261874437332,
  "runtime_per_step_seconds": 0.0035725237488746643,
  "initial_objective": 1.110195542998917,
  "final_objective": 1.0244928795504196,
  "best_objective": 1.0244928795504196,
  "objective_reduction": 0.08570266344849742,
  "initial_train_loss_history": 1.1096639761123483,
  "final_train_loss_history": 1.020886631593094,
  "best_train_loss_history": 1.020886631593094,
  "train_loss_reduction": 0.08877734451925434,
  "weight_norm": 14.42471592544671,
  "trace_s": 14.424715925446709,
  "top_eigenvalue": 6.855203614512944,
  "min_eigenvalue": 5.902757390718085e-11,
  "R1": 0.47524011217577244,
  "effective_rank": 3.174467226534535,
  "config_suffix": "cov_exponential_mask_random_rho_NA_lambda_1e-05_beta_1_d_25_T_5_lr_0p001_iter_5000_ntrain_20_seed_42"
}