{
  "alpha": null,
  "seed": 42,
  "n_train": 1250,
  "n_population": 5000,
  "train_loss": 0.9778201199940193,
  "population_risk": 0.9828046382517132,
  "bayes_population_risk": 0.7459898192227884,
  "empirical_bayes_risk": 0.7469731216510112,
  "generalization_gap": 0.00498451825769386,
  "excess_population_risk": 0.23681481902892476,
  "runtime_seconds": 50.116023967042565,
  "runtime_per_step_seconds": 0.010023204793408513,
  "initial_objective": 0.9900938588620362,
  "final_objective": 0.9829710084029427,
  "best_objective": 0.9829708643139529,
  "objective_reduction": 0.007122850459093444,
  "initial_train_loss_history": 0.98877612611727,
  "final_train_loss_history": 0.9778201199940193,
  "best_train_loss_history": 0.9778174783940351,
  "train_loss_reduction": 0.01095600612325065,
  "weight_norm": 5.150997395580088,
  "trace_s": 5.150997395580088,
  "top_eigenvalue": 1.6106152743782158,
  "min_eigenvalue": 2.2964983451325803e-15,
  "R1": 0.3126802734864969,
  "effective_rank": 6.028357292586089,
  "config_suffix": "cov_matern_mask_random_rho_NA_lambda_1e-05_beta_1_d_100_T_5_lr_0p001_iter_5000_ntrain_1250_seed_42",
  "ridge_lambda": 0.01,
  "ridge_train_loss": 0.7490332642286391,
  "ridge_population_risk": 0.7495794445649023,
  "ridge_generalization_gap": 0.0005461803362631912,
  "ridge_excess_population_risk": 0.0035896253421139335,
  "pca_n_components": 75,
  "pca_train_loss": 0.8590107129189033,
  "pca_population_risk": 1.0574301221198252,
  "pca_generalization_gap": 0.19841940920092194,
  "pca_excess_population_risk": 0.31144030289703684
}