{
  "alpha": null,
  "seed": 42,
  "n_train": 10,
  "n_population": 5000,
  "train_loss": 0.11097096943838514,
  "population_risk": 1.5012184365895085,
  "bayes_population_risk": 0.1134751381215469,
  "empirical_bayes_risk": 0.11362793761132049,
  "generalization_gap": 1.3902474671511234,
  "excess_population_risk": 1.3877432984679616,
  "runtime_seconds": 25.67225468158722,
  "runtime_per_step_seconds": 0.005134450936317444,
  "initial_objective": 0.46045799323567865,
  "final_objective": 0.13431548047422956,
  "best_objective": 0.13431548047422956,
  "objective_reduction": 0.3261425127614491,
  "initial_train_loss_history": 0.4588117133120428,
  "final_train_loss_history": 0.11097096943838514,
  "best_train_loss_history": 0.11097096943838514,
  "train_loss_reduction": 0.34784074387365765,
  "weight_norm": 23.344470969972434,
  "trace_s": 23.344470969972434,
  "top_eigenvalue": 17.217529148573707,
  "min_eigenvalue": 1.7035502219918859e-12,
  "R1": 0.7375420574199472,
  "effective_rank": 2.087832556943498,
  "config_suffix": "cov_toeplitz_mask_random_rho_0p9_lambda_1e-05_beta_1_d_100_T_20_lr_0p001_iter_5000_ntrain_10_seed_42",
  "ridge_lambda": 0.01,
  "ridge_train_loss": 1.618553469856398e-05,
  "ridge_population_risk": 0.3828072933779029,
  "ridge_generalization_gap": 0.38279110784320436,
  "ridge_excess_population_risk": 0.269332155256356,
  "pca_n_components": 75,
  "pca_train_loss": 1.0209978864064934e-16,
  "pca_population_risk": 1.0700588172680783,
  "pca_generalization_gap": 1.0700588172680783,
  "pca_excess_population_risk": 0.9565836791465314
}