{
  "alpha": null,
  "seed": 42,
  "n_train": 40,
  "n_population": 5000,
  "train_loss": 1.0464300297078244,
  "population_risk": 1.2486378024974467,
  "bayes_population_risk": 0.9710902924899966,
  "empirical_bayes_risk": 0.9615445221945894,
  "generalization_gap": 0.20220777278962232,
  "excess_population_risk": 0.27754751000745015,
  "runtime_seconds": 23.355763191357255,
  "runtime_per_step_seconds": 0.004671152638271451,
  "initial_objective": 1.1127720835588126,
  "final_objective": 1.0494458386463401,
  "best_objective": 1.0494458386463401,
  "objective_reduction": 0.06332624491247252,
  "initial_train_loss_history": 1.112348123833204,
  "final_train_loss_history": 1.0464300297078244,
  "best_train_loss_history": 1.0464300297078244,
  "train_loss_reduction": 0.06591809412537963,
  "weight_norm": 12.063148334020743,
  "trace_s": 12.063148334020742,
  "top_eigenvalue": 5.755840041521504,
  "min_eigenvalue": 9.183020155230277e-11,
  "R1": 0.4771424409404605,
  "effective_rank": 3.4041890442511638,
  "config_suffix": "cov_exponential_mask_random_rho_NA_lambda_1e-05_beta_1_d_25_T_5_lr_0p001_iter_5000_ntrain_40_seed_42"
}