{
  "alpha": null,
  "seed": 42,
  "n_train": 90,
  "n_population": 5000,
  "train_loss": 0.9315621522094122,
  "population_risk": 1.067653754146573,
  "bayes_population_risk": 0.7822082681172894,
  "empirical_bayes_risk": 0.7815703651219945,
  "generalization_gap": 0.13609160193716074,
  "excess_population_risk": 0.28544548602928355,
  "runtime_seconds": 18.71910322457552,
  "runtime_per_step_seconds": 0.003743820644915104,
  "initial_objective": 0.998778669797818,
  "final_objective": 0.9448841878159778,
  "best_objective": 0.9448841878159778,
  "objective_reduction": 0.053894481981840214,
  "initial_train_loss_history": 0.9976207821233426,
  "final_train_loss_history": 0.9315621522094122,
  "best_train_loss_history": 0.9315620968900188,
  "train_loss_reduction": 0.06605862991393041,
  "weight_norm": 13.322032689932794,
  "trace_s": 13.322032689932797,
  "top_eigenvalue": 6.487918745767835,
  "min_eigenvalue": 7.8531214666557e-16,
  "R1": 0.4870066675838915,
  "effective_rank": 3.9250336882393495,
  "config_suffix": "cov_exponential_mask_random_rho_NA_lambda_1e-05_beta_1_d_100_T_10_lr_0p001_iter_5000_ntrain_90_seed_42",
  "ridge_lambda": 0.01,
  "ridge_train_loss": 0.7044228937639473,
  "ridge_population_risk": 0.8727256004502455,
  "ridge_generalization_gap": 0.1683027066862982,
  "ridge_excess_population_risk": 0.09051733233295611,
  "pca_n_components": 75,
  "pca_train_loss": 0.10040249640147696,
  "pca_population_risk": 1.070783465410785,
  "pca_generalization_gap": 0.9703809690093081,
  "pca_excess_population_risk": 0.2885751972934957
}