{
  "alpha": null,
  "seed": 42,
  "n_train": 5000,
  "n_population": 5000,
  "train_loss": 1.117265868182602,
  "population_risk": 1.1205031355191346,
  "bayes_population_risk": 0.8649174311926606,
  "empirical_bayes_risk": 0.9100911914372791,
  "generalization_gap": 0.0032372673365326232,
  "excess_population_risk": 0.255585704326474,
  "runtime_seconds": 588.2769378274679,
  "runtime_per_step_seconds": 0.05882769378274679,
  "initial_objective": 1.1229959745331706,
  "final_objective": 1.1172658861476648,
  "best_objective": 1.1172658438503527,
  "objective_reduction": 0.005730088385505816,
  "initial_train_loss_history": 1.117789277786907,
  "final_train_loss_history": 1.117265868182602,
  "best_train_loss_history": 1.1172512973794317,
  "train_loss_reduction": 0.0005234096043049696,
  "weight_norm": 3.932619900662471e-06,
  "trace_s": 3.932619900662471e-06,
  "top_eigenvalue": 3.830000927683038e-06,
  "min_eigenvalue": -1.1325247758522513e-22,
  "R1": 0.97390569758289
}