{
  "alpha": null,
  "seed": 42,
  "n_train": 1500,
  "n_population": 5000,
  "train_loss": 0.9728841741085004,
  "population_risk": 0.9852218271538664,
  "bayes_population_risk": 0.7459898192227884,
  "empirical_bayes_risk": 0.7465172597425093,
  "generalization_gap": 0.012337653045366048,
  "excess_population_risk": 0.23923200793107802,
  "runtime_seconds": 252.5562777016312,
  "runtime_per_step_seconds": 0.05051125554032624,
  "initial_objective": 0.9860432250369399,
  "final_objective": 0.9781712156372192,
  "best_objective": 0.9781712156372192,
  "objective_reduction": 0.007872009399720659,
  "initial_train_loss_history": 0.9847232542617164,
  "final_train_loss_history": 0.9728841741085004,
  "best_train_loss_history": 0.9728820161670004,
  "train_loss_reduction": 0.011839080153215997,
  "weight_norm": 5.287041504767887,
  "trace_s": 5.287041504767887,
  "top_eigenvalue": 1.9313085240793368,
  "min_eigenvalue": 2.1743471705788174e-17,
  "R1": 0.3652909708270061,
  "effective_rank": 6.376406949100558,
  "config_suffix": "cov_matern_mask_random_rho_NA_lambda_1e-05_beta_1_d_100_T_5_lr_0p001_iter_5000_ntrain_1500_seed_42"
}