{
  "alpha": null,
  "seed": 42,
  "n_train": 2500,
  "n_population": 5000,
  "train_loss": 0.5442123516531672,
  "population_risk": 0.5485130980729389,
  "bayes_population_risk": 0.1214410313285021,
  "empirical_bayes_risk": 0.12173073699040088,
  "generalization_gap": 0.004300746419771739,
  "excess_population_risk": 0.4270720667444368,
  "runtime_seconds": 85.06693292409182,
  "runtime_per_step_seconds": 0.017013386584818362,
  "initial_objective": 0.5823432830396467,
  "final_objective": 0.5561173460757998,
  "best_objective": 0.5561173460757998,
  "objective_reduction": 0.026225936963846896,
  "initial_train_loss_history": 0.5803669767392821,
  "final_train_loss_history": 0.5442123516531672,
  "best_train_loss_history": 0.5442123485645907,
  "train_loss_reduction": 0.03615462508611489,
  "weight_norm": 11.904993237490721,
  "trace_s": 11.904993237490721,
  "top_eigenvalue": 2.8490085906089693,
  "min_eigenvalue": 6.638835241254019e-16,
  "R1": 0.23931207131113585,
  "effective_rank": 12.608076832054273,
  "config_suffix": "cov_toeplitz_bump_mask_random_rho_0p7_lambda_1e-05_beta_1_d_100_T_5_lr_0p001_iter_5000_ntrain_2500_seed_42",
  "ridge_lambda": 0.01,
  "ridge_train_loss": 0.12336386274443087,
  "ridge_population_risk": 0.12194767356072332,
  "ridge_generalization_gap": -0.0014161891837075474,
  "ridge_excess_population_risk": 0.0005066422322212161,
  "pca_n_components": 75,
  "pca_train_loss": 0.5890863862087777,
  "pca_population_risk": 0.6594958323312827,
  "pca_generalization_gap": 0.07040944612250499,
  "pca_excess_population_risk": 0.5380548010027806
}