{
  "alpha": null,
  "seed": 42,
  "n_train": 20,
  "n_population": 5000,
  "train_loss": 1.0631637675083112,
  "population_risk": 1.0969295607597411,
  "bayes_population_risk": 1.0,
  "empirical_bayes_risk": 0.9982064068574728,
  "generalization_gap": 0.03376579325142992,
  "excess_population_risk": 0.09692956075974113,
  "runtime_seconds": 50.95918917097151,
  "runtime_per_step_seconds": 0.010191837834194303,
  "initial_objective": 1.10968067665288,
  "final_objective": 1.0783271679144362,
  "best_objective": 1.0783271679144362,
  "objective_reduction": 0.03135350873844378,
  "initial_train_loss_history": 1.107595066692098,
  "final_train_loss_history": 1.0631637675083112,
  "best_train_loss_history": 1.0631625560141496,
  "train_loss_reduction": 0.04443129918378674,
  "weight_norm": 7.581700203061267,
  "trace_s": 7.581700203061266,
  "top_eigenvalue": 7.581700198779227,
  "min_eigenvalue": -1.79472101789534e-15,
  "R1": 0.9999999994352148,
  "effective_rank": 1.0000000125899053,
  "config_suffix": "cov_identity_mask_random_rho_NA_lambda_1e-05_beta_1_d_200_T_20_lr_0p001_iter_5000_ntrain_20_seed_42"
}