{
  "alpha": null,
  "seed": 42,
  "n_train": 750,
  "n_population": 5000,
  "train_loss": 1.1988552550439981,
  "population_risk": 1.1955568979650424,
  "bayes_population_risk": 1.0,
  "empirical_bayes_risk": 0.9975129541757014,
  "generalization_gap": -0.0032983570789557604,
  "excess_population_risk": 0.1955568979650424,
  "runtime_seconds": 50.11230036430061,
  "runtime_per_step_seconds": 0.010022460072860121,
  "initial_objective": 1.201682781142923,
  "final_objective": 1.1991167305157018,
  "best_objective": 1.1991167305157018,
  "objective_reduction": 0.0025660506272211503,
  "initial_train_loss_history": 1.2013688615526095,
  "final_train_loss_history": 1.1988552550439981,
  "best_train_loss_history": 1.1988551746435712,
  "train_loss_reduction": 0.0025136065086113213,
  "weight_norm": 1.0459018446982213,
  "trace_s": 1.0459018446982211,
  "top_eigenvalue": 0.676533289611807,
  "min_eigenvalue": 1.0715894633113069e-17,
  "R1": 0.6468420464513188,
  "effective_rank": 2.403461257945095,
  "config_suffix": "cov_identity_mask_random_rho_NA_lambda_1e-05_beta_1_d_25_T_5_lr_0p001_iter_5000_ntrain_750_seed_42"
}