{
  "alpha": null,
  "seed": 42,
  "n_train": 2500,
  "n_population": 5000,
  "train_loss": 0.15427415704359998,
  "population_risk": 0.15762813852442986,
  "bayes_population_risk": 0.010443997575880022,
  "empirical_bayes_risk": 0.010387944801687261,
  "generalization_gap": 0.003353981480829882,
  "excess_population_risk": 0.14718414094854984,
  "runtime_seconds": 1964.8847745340317,
  "runtime_per_step_seconds": 0.39297695490680634,
  "initial_objective": 0.1560010857895248,
  "final_objective": 0.15484269873908663,
  "best_objective": 0.15484269873908657,
  "objective_reduction": 0.0011583870504381644,
  "initial_train_loss_history": 0.15498714792007368,
  "final_train_loss_history": 0.15427415704359998,
  "best_train_loss_history": 0.15427415704359998,
  "train_loss_reduction": 0.0007129908764736959,
  "weight_norm": 0.5685416954866153,
  "trace_s": 0.5685416954866153,
  "top_eigenvalue": 0.5685416954866153,
  "min_eigenvalue": -1.7067174764896593e-16,
  "R1": 1.0000000000000002,
  "effective_rank": 1.0,
  "config_suffix": "cov_toeplitz_mask_random_rho_0p99_lambda_1e-05_beta_1_d_100_T_50_lr_0p001_iter_5000_ntrain_2500_seed_42",
  "ridge_lambda": 0.01,
  "ridge_train_loss": 0.010256730497698215,
  "ridge_population_risk": 0.010597064712921746,
  "ridge_generalization_gap": 0.00034033421522353113,
  "ridge_excess_population_risk": 0.00015306713704172324,
  "pca_n_components": 75,
  "pca_train_loss": 0.30582549425834504,
  "pca_population_risk": 0.3730275146537383,
  "pca_generalization_gap": 0.06720202039539325,
  "pca_excess_population_risk": 0.36258351707785824
}