{
  "alpha": null,
  "seed": 42,
  "n_train": 100,
  "n_population": 5000,
  "train_loss": 1.1862940105573605,
  "population_risk": 1.2205610763586878,
  "bayes_population_risk": 1.0,
  "empirical_bayes_risk": 1.002068070296302,
  "generalization_gap": 0.03426706580132732,
  "excess_population_risk": 0.22056107635868782,
  "runtime_seconds": 34.14351253584027,
  "runtime_per_step_seconds": 0.006828702507168055,
  "initial_objective": 1.206151078885524,
  "final_objective": 1.1919435923818504,
  "best_objective": 1.1919435923818504,
  "objective_reduction": 0.01420748650367365,
  "initial_train_loss_history": 1.2050654937527308,
  "final_train_loss_history": 1.1862940105573605,
  "best_train_loss_history": 1.18629325522824,
  "train_loss_reduction": 0.018771483195370253,
  "weight_norm": 5.649581817501497,
  "trace_s": 5.649581817501497,
  "top_eigenvalue": 1.851063454250241,
  "min_eigenvalue": -4.893118588654464e-19,
  "R1": 0.3276461009053704,
  "effective_rank": 4.591805063886245,
  "config_suffix": "cov_identity_mask_random_rho_NA_lambda_1e-05_beta_1_d_100_T_5_lr_0p001_iter_5000_ntrain_100_seed_42"
}