{
  "alpha": null,
  "seed": 42,
  "n_train": 500,
  "n_population": 5000,
  "train_loss": 1.108046770511021,
  "population_risk": 1.1292153629546702,
  "bayes_population_risk": 0.8649174311926606,
  "empirical_bayes_risk": 0.9100653162013267,
  "generalization_gap": 0.021168592443649104,
  "excess_population_risk": 0.26429793176200955,
  "runtime_seconds": 13.56254755705595,
  "runtime_per_step_seconds": 0.01356254755705595,
  "initial_objective": 1.1199103545439313,
  "final_objective": 1.1120855262243765,
  "best_objective": 1.1120855262243765,
  "objective_reduction": 0.007824828319554777,
  "initial_train_loss_history": 1.1188487807900098,
  "final_train_loss_history": 1.108046770511021,
  "best_train_loss_history": 1.108046770511021,
  "train_loss_reduction": 0.01080201027898875,
  "weight_norm": 4.038673340225394,
  "trace_s": 4.038673340225393,
  "top_eigenvalue": 1.3221679790091794,
  "min_eigenvalue": 6.130157100972524e-14,
  "R1": 0.327376806101231
}