{
  "alpha": null,
  "seed": 42,
  "n_train": 500,
  "n_population": 5000,
  "train_loss": 0.9590625357236074,
  "population_risk": 0.9813305113973362,
  "bayes_population_risk": 0.8028223802788139,
  "empirical_bayes_risk": 0.8038409852111984,
  "generalization_gap": 0.022267975673728735,
  "excess_population_risk": 0.17850813111852226,
  "runtime_seconds": 58.40483353845775,
  "runtime_per_step_seconds": 0.01168096670769155,
  "initial_objective": 0.9782132992578998,
  "final_objective": 0.9625061357329368,
  "best_objective": 0.9625061357329368,
  "objective_reduction": 0.01570716352496304,
  "initial_train_loss_history": 0.9773084663956628,
  "final_train_loss_history": 0.9590625357236074,
  "best_train_loss_history": 0.959061065770808,
  "train_loss_reduction": 0.018245930672055377,
  "weight_norm": 6.8871996900002435,
  "trace_s": 6.887199690000246,
  "top_eigenvalue": 2.122078844776258,
  "min_eigenvalue": 4.165876597056752e-14,
  "R1": 0.30811925605371576,
  "effective_rank": 6.479575815549754,
  "config_suffix": "cov_exponential_mask_random_rho_NA_lambda_1e-05_beta_1_d_50_T_5_lr_0p001_iter_5000_ntrain_500_seed_42"
}