{
  "alpha": null,
  "seed": 42,
  "n_train": 150,
  "n_population": 5000,
  "train_loss": 0.21255332065816265,
  "population_risk": 0.7248769247807092,
  "bayes_population_risk": 0.07006953088198194,
  "empirical_bayes_risk": 0.06968300316566395,
  "generalization_gap": 0.5123236041225465,
  "excess_population_risk": 0.6548073938987272,
  "runtime_seconds": 18.969637112692,
  "runtime_per_step_seconds": 0.0037939274225383996,
  "initial_objective": 0.3938537333957352,
  "final_objective": 0.26044009953771285,
  "best_objective": 0.26044009953771285,
  "objective_reduction": 0.13341363385802235,
  "initial_train_loss_history": 0.3917850039184507,
  "final_train_loss_history": 0.21255332065816265,
  "best_train_loss_history": 0.21255332065816265,
  "train_loss_reduction": 0.17923168326028807,
  "weight_norm": 47.8867318555875,
  "trace_s": 47.886731855587506,
  "top_eigenvalue": 25.708824478547136,
  "min_eigenvalue": 2.2641380954247795e-11,
  "R1": 0.5368673843952744,
  "effective_rank": 4.709594969394819,
  "config_suffix": "cov_matern_mask_random_rho_NA_lambda_1e-05_beta_1_d_100_T_5_lr_0p001_iter_5000_ntrain_150_seed_42",
  "ridge_lambda": 0.01,
  "ridge_train_loss": 0.07268189269193627,
  "ridge_population_risk": 0.07170102227288669,
  "ridge_generalization_gap": -0.0009808704190495815,
  "ridge_excess_population_risk": 0.0016314913909047518,
  "pca_n_components": 75,
  "pca_train_loss": 0.16148765050584668,
  "pca_population_risk": 0.6320443324215365,
  "pca_generalization_gap": 0.4705566819156898,
  "pca_excess_population_risk": 0.5619748015395545
}