{
  "alpha": null,
  "seed": 42,
  "n_train": 1000,
  "n_population": 5000,
  "train_loss": 0.2278111247817161,
  "population_risk": 0.24403659614485418,
  "bayes_population_risk": 0.13898342541436456,
  "empirical_bayes_risk": 0.14035344463872812,
  "generalization_gap": 0.016225471363138066,
  "excess_population_risk": 0.10505317073048961,
  "runtime_seconds": 176.9486368559301,
  "runtime_per_step_seconds": 0.035389727371186015,
  "initial_objective": 0.2860341863556676,
  "final_objective": 0.2412449674852805,
  "best_objective": 0.2412449674852805,
  "objective_reduction": 0.04478921887038709,
  "initial_train_loss_history": 0.2838254249613519,
  "final_train_loss_history": 0.2278111247817161,
  "best_train_loss_history": 0.2278111247817161,
  "train_loss_reduction": 0.05601430017963577,
  "weight_norm": 13.433836201108388,
  "trace_s": 13.43383620110839,
  "top_eigenvalue": 2.3359574970771098,
  "min_eigenvalue": 1.1443325764410905e-14,
  "R1": 0.17388610833920817,
  "effective_rank": 14.315107108005446,
  "config_suffix": "cov_toeplitz_mask_random_rho_0p9_lambda_1e-05_beta_1_d_100_T_5_lr_0p001_iter_5000_ntrain_1000_seed_42"
}