{
  "alpha": null,
  "seed": 42,
  "n_train": 250,
  "n_population": 5000,
  "train_loss": 0.7804450195411758,
  "population_risk": 0.8521585947463711,
  "bayes_population_risk": 0.4961178375737193,
  "empirical_bayes_risk": 0.4991001330505351,
  "generalization_gap": 0.07171357520519528,
  "excess_population_risk": 0.3560407571726518,
  "runtime_seconds": 72.15688095986843,
  "runtime_per_step_seconds": 0.014431376191973686,
  "initial_objective": 0.8126909177911678,
  "final_objective": 0.7851907467308437,
  "best_objective": 0.7851907467308437,
  "objective_reduction": 0.027500171060324097,
  "initial_train_loss_history": 0.8120253515061948,
  "final_train_loss_history": 0.7804450195411758,
  "best_train_loss_history": 0.7804450195411758,
  "train_loss_reduction": 0.03158033196501897,
  "weight_norm": 9.491448712326033,
  "trace_s": 9.491448712326033,
  "top_eigenvalue": 3.895479038984554,
  "min_eigenvalue": 1.5149703496900281e-15,
  "R1": 0.41041985865926944,
  "effective_rank": 4.637247834037378,
  "config_suffix": "cov_exponential_mask_random_rho_NA_lambda_1e-05_beta_1_d_50_T_10_lr_0p001_iter_5000_ntrain_250_seed_42"
}