{
  "alpha": null,
  "seed": 42,
  "n_train": 400,
  "n_population": 5000,
  "train_loss": 0.22834244020451144,
  "population_risk": 0.23403552242085374,
  "bayes_population_risk": 0.13898342541436456,
  "empirical_bayes_risk": 0.13842083904886135,
  "generalization_gap": 0.005693082216342293,
  "excess_population_risk": 0.09505209700648917,
  "runtime_seconds": 32.78506311587989,
  "runtime_per_step_seconds": 0.006557012623175979,
  "initial_objective": 0.2972411973206223,
  "final_objective": 0.23208285103405601,
  "best_objective": 0.23208285103405601,
  "objective_reduction": 0.0651583462865663,
  "initial_train_loss_history": 0.2962006264691652,
  "final_train_loss_history": 0.22834244020451144,
  "best_train_loss_history": 0.22834244020451144,
  "train_loss_reduction": 0.06785818626465373,
  "weight_norm": 14.96116816259495,
  "trace_s": 14.961168162594953,
  "top_eigenvalue": 3.2209352882705495,
  "min_eigenvalue": 6.771788519350936e-10,
  "R1": 0.2152863501877712,
  "effective_rank": 8.819160904430587,
  "config_suffix": "cov_toeplitz_mask_random_rho_0p9_lambda_1e-05_beta_1_d_25_T_5_lr_0p001_iter_5000_ntrain_400_seed_42"
}