{
  "alpha": null,
  "seed": 42,
  "n_train": 200,
  "n_population": 5000,
  "train_loss": 0.9845097532082434,
  "population_risk": 1.0098713744576373,
  "bayes_population_risk": 0.7166519216006867,
  "empirical_bayes_risk": 0.7187815945695294,
  "generalization_gap": 0.025361621249393895,
  "excess_population_risk": 0.2932194528569506,
  "runtime_seconds": 59.49643206782639,
  "runtime_per_step_seconds": 0.011899286413565278,
  "initial_objective": 1.0070296882367944,
  "final_objective": 0.9875159433036129,
  "best_objective": 0.9875159433036129,
  "objective_reduction": 0.019513744933181476,
  "initial_train_loss_history": 1.0063676893547764,
  "final_train_loss_history": 0.9845097532082434,
  "best_train_loss_history": 0.9845097532082434,
  "train_loss_reduction": 0.021857936146532975,
  "weight_norm": 6.012378366569226,
  "trace_s": 6.0123783665692265,
  "top_eigenvalue": 2.6626670235535093,
  "min_eigenvalue": 1.061842075190819e-14,
  "R1": 0.44286418139596817,
  "effective_rank": 3.170321210567969,
  "config_suffix": "cov_matern_mask_random_rho_NA_lambda_1e-05_beta_1_d_50_T_10_lr_0p001_iter_5000_ntrain_200_seed_42"
}