run_name,experiment_number,alpha,seed,n_train,n_population,train_loss,population_risk,bayes_population_risk,empirical_bayes_risk,weight_norm,trace_s,top_eigenvalue,R1
experiment_1_20260308-023935,1,0.5,0,1250,5000,1.083475966236792,1.0790652828526937,0.9353846153846154,0.9367410645929897,0.004416031478278036,0.004416031478278037,0.0004282791994987548,0.09698282306306284
experiment_2_20260308-023945,2,1.0,0,2500,5000,1.0812353431334254,1.0767991458956812,0.9353846153846154,0.9347917715924361,0.004415878216482278,0.00441587821648228,0.0004282347288195494,0.09697611841313063
experiment_3_20260308-024001,3,2.0,0,5000,5000,1.0764463558446746,1.074438684800475,0.9353846153846154,0.9307009346544859,0.004415963423250028,0.004415963423250028,0.00042823738772498237,0.09697484935457445
experiment_4_20260308-024032,4,3.0,0,7500,5000,1.0782363983789618,1.0763103761702437,0.9353846153846154,0.9341322628619361,0.004415976373757829,0.004415976373757828,0.00042822486519154856,0.09697172922760576
experiment_5_20260308-024122,5,5.0,0,12500,5000,1.0782906707520363,1.076362478304078,0.9353846153846154,0.9335338891160405,0.004415996178307927,0.004415996178307928,0.00042830876736427224,0.09699029393824947
