{
  "alpha": null,
  "seed": 42,
  "n_train": 80,
  "n_population": 5000,
  "train_loss": 1.0892735973339882,
  "population_risk": 1.1227308623762045,
  "bayes_population_risk": 1.0,
  "empirical_bayes_risk": 1.003565326401258,
  "generalization_gap": 0.033457265042216244,
  "excess_population_risk": 0.12273086237620445,
  "runtime_seconds": 22.794718148186803,
  "runtime_per_step_seconds": 0.004558943629637361,
  "initial_objective": 1.1086477710467826,
  "final_objective": 1.092213405937458,
  "best_objective": 1.092213405937458,
  "objective_reduction": 0.01643436510932461,
  "initial_train_loss_history": 1.1079530442693462,
  "final_train_loss_history": 1.0892735973339882,
  "best_train_loss_history": 1.089273431134184,
  "train_loss_reduction": 0.018679446935357946,
  "weight_norm": 5.879617138975887,
  "trace_s": 5.87961713897589,
  "top_eigenvalue": 3.1485787169494177,
  "min_eigenvalue": 4.775477336384768e-16,
  "R1": 0.5355074390945525,
  "effective_rank": 2.342288685392427,
  "config_suffix": "cov_identity_mask_random_rho_NA_lambda_1e-05_beta_1_d_50_T_10_lr_0p001_iter_5000_ntrain_80_seed_42",
  "ridge_lambda": 0.01,
  "ridge_train_loss": 0.8891274864046113,
  "ridge_population_risk": 1.1353361615112452,
  "ridge_generalization_gap": 0.2462086751066339,
  "ridge_excess_population_risk": 0.13533616151124517,
  "pca_n_components": 75,
  "pca_train_loss": 0.02797019526632859,
  "pca_population_risk": 1.2206648093449621,
  "pca_generalization_gap": 1.1926946140786336,
  "pca_excess_population_risk": 0.22066480934496213
}