{
  "alpha": null,
  "seed": 42,
  "n_train": 1500,
  "n_population": 5000,
  "train_loss": 0.792892702282323,
  "population_risk": 0.8010973720652935,
  "bayes_population_risk": 0.48757509716865854,
  "empirical_bayes_risk": 0.4847318963043883,
  "generalization_gap": 0.00820466978297052,
  "excess_population_risk": 0.313522274896635,
  "runtime_seconds": 28.481318878009915,
  "runtime_per_step_seconds": 0.005696263775601983,
  "initial_objective": 0.8119384758945977,
  "final_objective": 0.7942689657941666,
  "best_objective": 0.7942689657941666,
  "objective_reduction": 0.017669510100431052,
  "initial_train_loss_history": 0.8113784712883025,
  "final_train_loss_history": 0.792892702282323,
  "best_train_loss_history": 0.792892702282323,
  "train_loss_reduction": 0.018485769005979535,
  "weight_norm": 5.505050737961446,
  "trace_s": 5.505050737961444,
  "top_eigenvalue": 1.6381454113621927,
  "min_eigenvalue": 4.1791332374792604e-14,
  "R1": 0.2975713557126647,
  "effective_rank": 6.528725048718515,
  "config_suffix": "cov_toeplitz_bump_mask_random_rho_0p5_lambda_1e-05_beta_1_d_25_T_5_lr_0p001_iter_5000_ntrain_1500_seed_42",
  "ridge_lambda": 0.01,
  "ridge_train_loss": 0.48544876843689116,
  "ridge_population_risk": 0.48557804593616466,
  "ridge_generalization_gap": 0.00012927749927349463,
  "ridge_excess_population_risk": -0.001997051232493885,
  "pca_n_components": 62,
  "pca_train_loss": 0.6828565931263502,
  "pca_population_risk": 0.7864168724801585,
  "pca_generalization_gap": 0.1035602793538083,
  "pca_excess_population_risk": 0.2988417753114999
}