{
  "alpha": 2.0,
  "seed": 0,
  "n_train": 5000,
  "n_population": 5000,
  "train_loss": 1.076446261211984,
  "population_risk": 1.0744382686178944,
  "bayes_population_risk": 0.9353846153846154,
  "empirical_bayes_risk": 0.9307009346544859,
  "weight_norm": 0.004446197375580987,
  "trace_s": 0.004446197375580987,
  "top_eigenvalue": 0.000441719677791127,
  "R1": 0.0993477438084735
}