{
  "alpha": null,
  "seed": 42,
  "n_train": 2500,
  "n_population": 5000,
  "train_loss": 1.1027080623615764,
  "population_risk": 1.0981811454405643,
  "bayes_population_risk": 1.0,
  "empirical_bayes_risk": 0.9993231745221633,
  "generalization_gap": -0.004526916921012036,
  "excess_population_risk": 0.09818114544056433,
  "runtime_seconds": 81.06725117191672,
  "runtime_per_step_seconds": 0.016213450234383343,
  "initial_objective": 1.103978746541684,
  "final_objective": 1.1028544450025564,
  "best_objective": 1.1028544450025561,
  "objective_reduction": 0.0011243015391275701,
  "initial_train_loss_history": 1.1034294925434496,
  "final_train_loss_history": 1.1027080623615764,
  "best_train_loss_history": 1.1027080623588588,
  "train_loss_reduction": 0.0007214301818732061,
  "weight_norm": 0.29276528195998636,
  "trace_s": 0.2927652819599863,
  "top_eigenvalue": 0.29276528195998636,
  "min_eigenvalue": -5.77074896540795e-17,
  "R1": 1.0,
  "effective_rank": 1.0,
  "config_suffix": "cov_identity_mask_random_rho_NA_lambda_1e-05_beta_1_d_50_T_10_lr_0p001_iter_5000_ntrain_2500_seed_42",
  "ridge_lambda": 0.01,
  "ridge_train_loss": 0.9980942481360493,
  "ridge_population_risk": 1.0027610343602864,
  "ridge_generalization_gap": 0.004666786224237107,
  "ridge_excess_population_risk": 0.0027610343602864074,
  "pca_n_components": 75,
  "pca_train_loss": 1.0413626383187655,
  "pca_population_risk": 1.1979976340168443,
  "pca_generalization_gap": 0.15663499569807882,
  "pca_excess_population_risk": 0.19799763401684434
}