{
  "alpha": null,
  "seed": 42,
  "n_train": 100,
  "n_population": 5000,
  "train_loss": 0.8244266909353374,
  "population_risk": 1.0067837695000421,
  "bayes_population_risk": 0.6299999999999999,
  "empirical_bayes_risk": 0.6298390423812351,
  "generalization_gap": 0.18235707856470473,
  "excess_population_risk": 0.3767837695000422,
  "runtime_seconds": 13.509142836555839,
  "runtime_per_step_seconds": 0.013509142836555839,
  "initial_objective": 0.9097906185755548,
  "final_objective": 0.8388902861873374,
  "best_objective": 0.8388902861873374,
  "objective_reduction": 0.07090033238821736,
  "initial_train_loss_history": 0.908629963459627,
  "final_train_loss_history": 0.8244266909353374,
  "best_train_loss_history": 0.8244266909353374,
  "train_loss_reduction": 0.08420327252428961,
  "weight_norm": 14.46023742593221,
  "trace_s": 14.46023742593221,
  "top_eigenvalue": 8.699202322826288,
  "min_eigenvalue": 4.0504641331967194e-10,
  "R1": 0.6015947087580741
}