{
  "alpha": null,
  "seed": 42,
  "n_train": 400,
  "n_population": 5000,
  "train_loss": 0.9723761049314148,
  "population_risk": 0.99324707085084,
  "bayes_population_risk": 0.7822082681172894,
  "empirical_bayes_risk": 0.7833635662631814,
  "generalization_gap": 0.020870965919425166,
  "excess_population_risk": 0.21103880273355058,
  "runtime_seconds": 166.24242811650038,
  "runtime_per_step_seconds": 0.03324848562330007,
  "initial_objective": 0.9862448091427847,
  "final_objective": 0.9761700000452481,
  "best_objective": 0.9761700000452481,
  "objective_reduction": 0.010074809097536552,
  "initial_train_loss_history": 0.9851861290034429,
  "final_train_loss_history": 0.9723761049314148,
  "best_train_loss_history": 0.9723670847900675,
  "train_loss_reduction": 0.012810024072028137,
  "weight_norm": 3.79389507913307,
  "trace_s": 3.7938950791330686,
  "top_eigenvalue": 2.938598879768655,
  "min_eigenvalue": 1.4380074006330627e-17,
  "R1": 0.7745598701269687,
  "effective_rank": 1.713340581041701,
  "config_suffix": "cov_exponential_mask_random_rho_NA_lambda_1e-05_beta_1_d_100_T_10_lr_0p001_iter_5000_ntrain_400_seed_42"
}