{
  "alpha": 3.0,
  "seed": 0,
  "n_train": 7500,
  "n_population": 5000,
  "train_loss": 0.8471404955472523,
  "population_risk": 0.8409734722049267,
  "bayes_population_risk": 0.66,
  "empirical_bayes_risk": 0.6562527752992612,
  "generalization_gap": -0.0061670233423256615,
  "excess_population_risk": 0.18097347220492666,
  "runtime_seconds": 103.3311342910165,
  "runtime_per_step_seconds": 0.1033311342910165,
  "initial_objective": 0.870141524079588,
  "final_objective": 0.850389445983943,
  "best_objective": 0.8503782497777178,
  "objective_reduction": 0.019752078095645054,
  "initial_train_loss_history": 0.8518767685981764,
  "final_train_loss_history": 0.8471404955472523,
  "best_train_loss_history": 0.8471366047653572,
  "train_loss_reduction": 0.004736273050924056,
  "weight_norm": 0.6485994100786044,
  "trace_s": 0.6485994100786044,
  "top_eigenvalue": 0.11646727498349027,
  "min_eigenvalue": 1.615083991403183e-13,
  "R1": 0.17956734646023734
}