{
  "alpha": null,
  "seed": 42,
  "n_train": 125,
  "n_population": 5000,
  "train_loss": 0.8399731292858856,
  "population_risk": 0.9541255980038114,
  "bayes_population_risk": 0.4371730888154475,
  "empirical_bayes_risk": 0.43888469172860467,
  "generalization_gap": 0.11415246871792573,
  "excess_population_risk": 0.5169525091883639,
  "runtime_seconds": 19.09476025402546,
  "runtime_per_step_seconds": 0.003818952050805092,
  "initial_objective": 0.8901930064386067,
  "final_objective": 0.8457102562627599,
  "best_objective": 0.8457102562627599,
  "objective_reduction": 0.0444827501758468,
  "initial_train_loss_history": 0.8895559192226875,
  "final_train_loss_history": 0.8399731292858856,
  "best_train_loss_history": 0.8399731292858856,
  "train_loss_reduction": 0.049582789936801874,
  "weight_norm": 11.47424196029007,
  "trace_s": 11.474241960290069,
  "top_eigenvalue": 4.6982849464373,
  "min_eigenvalue": 1.6395164068297854e-12,
  "R1": 0.409463645851035,
  "effective_rank": 3.985564457383876,
  "config_suffix": "cov_toeplitz_bump_mask_random_rho_0p5_lambda_1e-05_beta_1_d_50_T_10_lr_0p001_iter_5000_ntrain_125_seed_42",
  "ridge_lambda": 0.01,
  "ridge_train_loss": 0.40792828650552515,
  "ridge_population_risk": 0.47270681241101276,
  "ridge_generalization_gap": 0.0647785259054876,
  "ridge_excess_population_risk": 0.03553372359556528,
  "pca_n_components": 75,
  "pca_train_loss": 0.2169862432942012,
  "pca_population_risk": 1.0216181110278626,
  "pca_generalization_gap": 0.8046318677336615,
  "pca_excess_population_risk": 0.5844450222124151
}