{
  "alpha": null,
  "seed": 42,
  "n_train": 250,
  "n_population": 5000,
  "train_loss": 1.0189061228477647,
  "population_risk": 1.0305637853058212,
  "bayes_population_risk": 0.9267692307692309,
  "empirical_bayes_risk": 0.9285352902022168,
  "generalization_gap": 0.01165766245805644,
  "excess_population_risk": 0.10379455453659026,
  "runtime_seconds": 110.66591759212315,
  "runtime_per_step_seconds": 0.02213318351842463,
  "initial_objective": 1.0279623559278819,
  "final_objective": 1.0223554420689491,
  "best_objective": 1.0223554420687957,
  "objective_reduction": 0.005606913858932749,
  "initial_train_loss_history": 1.0259399886999658,
  "final_train_loss_history": 1.0189061228477647,
  "best_train_loss_history": 1.0189057610421288,
  "train_loss_reduction": 0.0070338658522011155,
  "weight_norm": 1.7246596106677403,
  "trace_s": 1.7246596106677408,
  "top_eigenvalue": 1.7246596106677188,
  "min_eigenvalue": -3.5399955945718413e-16,
  "R1": 0.9999999999999879,
  "effective_rank": 1.0,
  "config_suffix": "cov_toeplitz_mask_random_rho_0p2_lambda_1e-05_beta_1_d_200_T_20_lr_0p001_iter_5000_ntrain_250_seed_42",
  "ridge_lambda": 0.01,
  "ridge_train_loss": 0.859850139505377,
  "ridge_population_risk": 1.0048875264929908,
  "ridge_generalization_gap": 0.14503738698761381,
  "ridge_excess_population_risk": 0.07811829572375995,
  "pca_n_components": 75,
  "pca_train_loss": 0.6222599303958539,
  "pca_population_risk": 1.0238242278472436,
  "pca_generalization_gap": 0.40156429745138966,
  "pca_excess_population_risk": 0.09705499707801268
}