{
  "alpha": null,
  "seed": 42,
  "n_train": 250,
  "n_population": 5000,
  "train_loss": 0.685378417846275,
  "population_risk": 0.7385799094501703,
  "bayes_population_risk": 0.5301185178874289,
  "empirical_bayes_risk": 0.5277426252032509,
  "generalization_gap": 0.05320149160389531,
  "excess_population_risk": 0.20846139156274135,
  "runtime_seconds": 29.19277684018016,
  "runtime_per_step_seconds": 0.005838555368036032,
  "initial_objective": 0.7288705386094163,
  "final_objective": 0.6880499939104529,
  "best_objective": 0.6880499939104529,
  "objective_reduction": 0.04082054469896346,
  "initial_train_loss_history": 0.7280615116697499,
  "final_train_loss_history": 0.685378417846275,
  "best_train_loss_history": 0.685378417846275,
  "train_loss_reduction": 0.042683093823474905,
  "weight_norm": 10.68626783065652,
  "trace_s": 10.68626783065652,
  "top_eigenvalue": 3.951777249299391,
  "min_eigenvalue": 1.2986491051376495e-11,
  "R1": 0.36979957005781033,
  "effective_rank": 4.79887891190003,
  "config_suffix": "cov_exponential_mask_random_rho_NA_lambda_1e-05_beta_1_d_25_T_5_lr_0p001_iter_5000_ntrain_250_seed_42"
}