{
  "alpha": null,
  "seed": 42,
  "n_train": 30,
  "n_population": 5000,
  "train_loss": 1.0303122755081664,
  "population_risk": 1.0798334556001052,
  "bayes_population_risk": 1.0,
  "empirical_bayes_risk": 1.0009727104573058,
  "generalization_gap": 0.04952118009193884,
  "excess_population_risk": 0.07983345560010524,
  "runtime_seconds": 36.96992142871022,
  "runtime_per_step_seconds": 0.007393984285742045,
  "initial_objective": 1.0630941490732337,
  "final_objective": 1.0420807634592182,
  "best_objective": 1.042080763459109,
  "objective_reduction": 0.021013385614015556,
  "initial_train_loss_history": 1.061007454490754,
  "final_train_loss_history": 1.0303122755081664,
  "best_train_loss_history": 1.0303118492096592,
  "train_loss_reduction": 0.030695178982587557,
  "weight_norm": 5.88424397552082,
  "trace_s": 5.884243975520821,
  "top_eigenvalue": 5.8842439755187605,
  "min_eigenvalue": -1.4074454073935764e-15,
  "R1": 0.9999999999996502,
  "effective_rank": 1.000000000010304,
  "config_suffix": "cov_identity_mask_random_rho_NA_lambda_1e-05_beta_1_d_200_T_20_lr_0p001_iter_5000_ntrain_30_seed_42",
  "ridge_lambda": 0.01,
  "ridge_train_loss": 0.36883982327117476,
  "ridge_population_risk": 2.841362157525218,
  "ridge_generalization_gap": 2.472522334254043,
  "ridge_excess_population_risk": 1.841362157525218,
  "pca_n_components": 75,
  "pca_train_loss": 1.0774990456752367e-16,
  "pca_population_risk": 1.0426605027316382,
  "pca_generalization_gap": 1.0426605027316382,
  "pca_excess_population_risk": 0.04266050273163824
}