{
  "alpha": null,
  "seed": 42,
  "n_train": 1750,
  "n_population": 5000,
  "train_loss": 0.23419031028575027,
  "population_risk": 0.2377466799250108,
  "bayes_population_risk": 0.13898342541436456,
  "empirical_bayes_risk": 0.13790090306551925,
  "generalization_gap": 0.003556369639260537,
  "excess_population_risk": 0.09876325451064624,
  "runtime_seconds": 281.81503493897617,
  "runtime_per_step_seconds": 0.056363006987795235,
  "initial_objective": 0.289533702470994,
  "final_objective": 0.24714322829718582,
  "best_objective": 0.24714322829718582,
  "objective_reduction": 0.0423904741738082,
  "initial_train_loss_history": 0.287371792090088,
  "final_train_loss_history": 0.23419031028575027,
  "best_train_loss_history": 0.23419031028575027,
  "train_loss_reduction": 0.05318148180433774,
  "weight_norm": 12.952912107239003,
  "trace_s": 12.952912107239005,
  "top_eigenvalue": 1.4047220174133288,
  "min_eigenvalue": 1.1004798614681435e-13,
  "R1": 0.10844835553452652,
  "effective_rank": 18.70668290587841,
  "config_suffix": "cov_toeplitz_mask_random_rho_0p9_lambda_1e-05_beta_1_d_100_T_5_lr_0p001_iter_5000_ntrain_1750_seed_42"
}