{
  "alpha": 0.5,
  "seed": 0,
  "n_train": 1250,
  "n_population": 5000,
  "train_loss": 0.8266020697612048,
  "population_risk": 0.8347054191328785,
  "bayes_population_risk": 0.675,
  "empirical_bayes_risk": 0.6773668761523542,
  "weight_norm": 7.4661501460555,
  "trace_s": 7.466150146055501,
  "top_eigenvalue": 0.7982519428806999,
  "R1": 0.10691613847364567
}