{
  "alpha": null,
  "seed": 42,
  "n_train": 750,
  "n_population": 5000,
  "train_loss": 0.560714305279401,
  "population_risk": 0.5850152788692131,
  "bayes_population_risk": 0.3599999999999999,
  "empirical_bayes_risk": 0.36055536835356317,
  "generalization_gap": 0.02430097358981209,
  "excess_population_risk": 0.22501527886921324,
  "runtime_seconds": 109.15044468455017,
  "runtime_per_step_seconds": 0.010915044468455017,
  "initial_objective": 0.5888994017899685,
  "final_objective": 0.5667661319238232,
  "best_objective": 0.5667661319238232,
  "objective_reduction": 0.022133269866145278,
  "initial_train_loss_history": 0.5879493977809336,
  "final_train_loss_history": 0.560714305279401,
  "best_train_loss_history": 0.5607130617421254,
  "train_loss_reduction": 0.027235092501532554,
  "weight_norm": 12.103653288844264,
  "trace_s": 12.103653288844264,
  "top_eigenvalue": 3.2125140329736883,
  "min_eigenvalue": -4.4078957468878243e-16,
  "R1": 0.26541689160367876,
  "config_suffix": "cov_toeplitz_mask_last_rho_0p8_lambda_1e-05_beta_1_d_50_T_5_lr_0p001_iter_10000_ntrain_750_seed_42"
}