{
  "alpha": null,
  "seed": 42,
  "n_train": 1750,
  "n_population": 5000,
  "train_loss": 1.0161807505403166,
  "population_risk": 1.0161173408743744,
  "bayes_population_risk": 1.0,
  "empirical_bayes_risk": 0.9962947115718578,
  "generalization_gap": -6.340966594220454e-05,
  "excess_population_risk": 0.016117340874374442,
  "runtime_seconds": 1020.4511640202254,
  "runtime_per_step_seconds": 0.2040902328040451,
  "initial_objective": 1.0173932843688438,
  "final_objective": 1.0163062143907138,
  "best_objective": 1.0163062143907136,
  "objective_reduction": 0.0010870699781300175,
  "initial_train_loss_history": 1.0164008987157012,
  "final_train_loss_history": 1.0161807505403166,
  "best_train_loss_history": 1.0161807482708776,
  "train_loss_reduction": 0.0002201481753845158,
  "weight_norm": 0.1254638503971048,
  "trace_s": 0.12546385039710486,
  "top_eigenvalue": 0.1254638503971048,
  "min_eigenvalue": -6.262981054243324e-17,
  "R1": 1.0000000000000004,
  "effective_rank": 1.0,
  "config_suffix": "cov_identity_mask_random_rho_NA_lambda_1e-05_beta_1_d_100_T_50_lr_0p001_iter_5000_ntrain_1750_seed_42",
  "ridge_lambda": 0.01,
  "ridge_train_loss": 0.9683055904737674,
  "ridge_population_risk": 1.025482822032442,
  "ridge_generalization_gap": 0.05717723155867449,
  "ridge_excess_population_risk": 0.0254828220324419,
  "pca_n_components": 75,
  "pca_train_loss": 0.9251185298749408,
  "pca_population_risk": 1.0118180275598256,
  "pca_generalization_gap": 0.08669949768488483,
  "pca_excess_population_risk": 0.011818027559825639
}