{
  "alpha": null,
  "seed": 42,
  "n_train": 1000,
  "n_population": 5000,
  "train_loss": 1.0045717982016158,
  "population_risk": 1.0079727693475384,
  "bayes_population_risk": 0.9245538461538463,
  "empirical_bayes_risk": 0.921845879343223,
  "generalization_gap": 0.0034009711459226377,
  "excess_population_risk": 0.08341892319369215,
  "runtime_seconds": 606.8986407592893,
  "runtime_per_step_seconds": 0.12137972815185785,
  "initial_objective": 1.0060637505644192,
  "final_objective": 1.004841361301158,
  "best_objective": 1.0048413613011578,
  "objective_reduction": 0.0012223892632612365,
  "initial_train_loss_history": 1.0050597629386435,
  "final_train_loss_history": 1.0045717982016158,
  "best_train_loss_history": 1.0045717982016156,
  "train_loss_reduction": 0.000487964737027724,
  "weight_norm": 0.2695630995422437,
  "trace_s": 0.2695630995422437,
  "top_eigenvalue": 0.26956309954224383,
  "min_eigenvalue": -6.69812574768816e-17,
  "R1": 0.9999999999999996,
  "effective_rank": 1.0,
  "config_suffix": "cov_toeplitz_mask_random_rho_0p2_lambda_1e-05_beta_1_d_100_T_50_lr_0p001_iter_5000_ntrain_1000_seed_42",
  "ridge_lambda": 0.01,
  "ridge_train_loss": 0.878168026373035,
  "ridge_population_risk": 0.9708268765611694,
  "ridge_generalization_gap": 0.09265885018813436,
  "ridge_excess_population_risk": 0.04627303040732311,
  "pca_n_components": 75,
  "pca_train_loss": 0.8784113697263971,
  "pca_population_risk": 1.012618276681316,
  "pca_generalization_gap": 0.134206906954919,
  "pca_excess_population_risk": 0.08806443052746982
}