{
  "alpha": null,
  "seed": 42,
  "n_train": 1000,
  "n_population": 5000,
  "train_loss": 1.0520717660467913,
  "population_risk": 1.0482902358556696,
  "bayes_population_risk": 1.0,
  "empirical_bayes_risk": 0.9985718998797194,
  "generalization_gap": -0.003781530191121707,
  "excess_population_risk": 0.048290235855669605,
  "runtime_seconds": 382.2606959845871,
  "runtime_per_step_seconds": 0.07645213919691742,
  "initial_objective": 1.0544380101558766,
  "final_objective": 1.052292622334365,
  "best_objective": 1.0522926223343647,
  "objective_reduction": 0.002145387821511635,
  "initial_train_loss_history": 1.0524423387721995,
  "final_train_loss_history": 1.0520717660467913,
  "best_train_loss_history": 1.05207176595002,
  "train_loss_reduction": 0.0003705727254081914,
  "weight_norm": 0.11042814378680896,
  "trace_s": 0.11042814378680896,
  "top_eigenvalue": 0.110428143786809,
  "min_eigenvalue": -3.501021741997705e-17,
  "R1": 1.0000000000000002,
  "effective_rank": 1.0,
  "config_suffix": "cov_identity_mask_random_rho_NA_lambda_1e-05_beta_1_d_200_T_20_lr_0p001_iter_5000_ntrain_1000_seed_42"
}