{
  "alpha": null,
  "seed": 42,
  "n_train": 70,
  "n_population": 5000,
  "train_loss": 0.8860570785983173,
  "population_risk": 1.2076094467910037,
  "bayes_population_risk": 0.7459898192227884,
  "empirical_bayes_risk": 0.7455866174238598,
  "generalization_gap": 0.3215523681926864,
  "excess_population_risk": 0.4616196275682153,
  "runtime_seconds": 27.581811914220452,
  "runtime_per_step_seconds": 0.00551636238284409,
  "initial_objective": 1.0112157724697526,
  "final_objective": 0.9098066595440081,
  "best_objective": 0.9098066595440081,
  "objective_reduction": 0.1014091129257445,
  "initial_train_loss_history": 1.0097636520834983,
  "final_train_loss_history": 0.8860570785983173,
  "best_train_loss_history": 0.8860570785983173,
  "train_loss_reduction": 0.12370657348518099,
  "weight_norm": 23.7495714787889,
  "trace_s": 23.7495714787889,
  "top_eigenvalue": 12.105789077232332,
  "min_eigenvalue": 1.8163384154304265e-14,
  "R1": 0.509726631827618,
  "effective_rank": 3.744916751164077,
  "config_suffix": "cov_matern_mask_random_rho_NA_lambda_1e-05_beta_1_d_100_T_5_lr_0p001_iter_5000_ntrain_70_seed_42",
  "ridge_lambda": 0.01,
  "ridge_train_loss": 0.7316470345865764,
  "ridge_population_risk": 0.792310866002416,
  "ridge_generalization_gap": 0.06066383141583953,
  "ridge_excess_population_risk": 0.04632104677962756,
  "pca_n_components": 75,
  "pca_train_loss": 2.361846607153799e-16,
  "pca_population_risk": 1.1614912404188154,
  "pca_generalization_gap": 1.1614912404188151,
  "pca_excess_population_risk": 0.41550142119602695
}