{
  "alpha": null,
  "seed": 42,
  "n_train": 300,
  "n_population": 5000,
  "train_loss": 0.13219600733984718,
  "population_risk": 0.16238527541628753,
  "bayes_population_risk": 0.010443997575880022,
  "empirical_bayes_risk": 0.010418644717189188,
  "generalization_gap": 0.030189268076440345,
  "excess_population_risk": 0.1519412778404075,
  "runtime_seconds": 188.66066980734468,
  "runtime_per_step_seconds": 0.03773213396146893,
  "initial_objective": 0.14798538168947656,
  "final_objective": 0.1400416039499784,
  "best_objective": 0.1400416039499784,
  "objective_reduction": 0.00794377773949817,
  "initial_train_loss_history": 0.14693914475232026,
  "final_train_loss_history": 0.13219600733984718,
  "best_train_loss_history": 0.13219236670178228,
  "train_loss_reduction": 0.014743137412473073,
  "weight_norm": 7.845596608978971,
  "trace_s": 7.845596608978971,
  "top_eigenvalue": 6.784028247803416,
  "min_eigenvalue": -5.87526926210868e-17,
  "R1": 0.8646924620161287,
  "effective_rank": 1.7687458607061795,
  "config_suffix": "cov_toeplitz_mask_random_rho_0p99_lambda_1e-05_beta_1_d_100_T_50_lr_0p001_iter_5000_ntrain_300_seed_42",
  "ridge_lambda": 0.01,
  "ridge_train_loss": 0.008484199981595998,
  "ridge_population_risk": 0.012471232278399995,
  "ridge_generalization_gap": 0.003987032296803996,
  "ridge_excess_population_risk": 0.002027234702519972,
  "pca_n_components": 75,
  "pca_train_loss": 0.18128634783539094,
  "pca_population_risk": 0.40363148189337783,
  "pca_generalization_gap": 0.2223451340579869,
  "pca_excess_population_risk": 0.3931874843174978
}