{
  "alpha": null,
  "seed": 42,
  "n_train": 30,
  "n_population": 5000,
  "train_loss": 0.1510290931293196,
  "population_risk": 1.2386645653293051,
  "bayes_population_risk": 0.10837348066298334,
  "empirical_bayes_risk": 0.108373610066979,
  "generalization_gap": 1.0876354721999855,
  "excess_population_risk": 1.1302910846663219,
  "runtime_seconds": 76.06241687387228,
  "runtime_per_step_seconds": 0.015212483374774457,
  "initial_objective": 0.7515064943737109,
  "final_objective": 0.2057940470270449,
  "best_objective": 0.2057940470270449,
  "objective_reduction": 0.5457124473466659,
  "initial_train_loss_history": 0.7488157095500152,
  "final_train_loss_history": 0.1510290931293196,
  "best_train_loss_history": 0.1510290931293196,
  "train_loss_reduction": 0.5977866164206955,
  "weight_norm": 27.38246819997188,
  "trace_s": 27.38246819997188,
  "top_eigenvalue": 24.98922476960058,
  "min_eigenvalue": 1.8714060785758775e-16,
  "R1": 0.9125994262864239,
  "effective_rank": 1.352842751495735,
  "config_suffix": "cov_toeplitz_mask_random_rho_0p9_lambda_1e-05_beta_1_d_200_T_50_lr_0p001_iter_5000_ntrain_30_seed_42",
  "ridge_lambda": 0.01,
  "ridge_train_loss": 6.072409066438047e-06,
  "ridge_population_risk": 0.3756690063842468,
  "ridge_generalization_gap": 0.37566293397518036,
  "ridge_excess_population_risk": 0.2672955257212634,
  "pca_n_components": 75,
  "pca_train_loss": 1.0562879951174486e-16,
  "pca_population_risk": 1.0167748866197712,
  "pca_generalization_gap": 1.0167748866197712,
  "pca_excess_population_risk": 0.9084014059567879
}