{
  "alpha": null,
  "seed": 42,
  "n_train": 250,
  "n_population": 5000,
  "train_loss": 0.7279850934591793,
  "population_risk": 0.8186678427874311,
  "bayes_population_risk": 0.09796305337869733,
  "empirical_bayes_risk": 0.09842629534154897,
  "generalization_gap": 0.09068274932825182,
  "excess_population_risk": 0.7207047894087337,
  "runtime_seconds": 24.783206593245268,
  "runtime_per_step_seconds": 0.004956641318649054,
  "initial_objective": 0.7959532336723916,
  "final_objective": 0.737129619502686,
  "best_objective": 0.737129619502686,
  "objective_reduction": 0.05882361416970561,
  "initial_train_loss_history": 0.795109655376564,
  "final_train_loss_history": 0.7279850934591793,
  "best_train_loss_history": 0.7279850934591793,
  "train_loss_reduction": 0.0671245619173847,
  "weight_norm": 18.28903703621471,
  "trace_s": 18.28903703621471,
  "top_eigenvalue": 4.479954238396712,
  "min_eigenvalue": 3.1038034775288827e-12,
  "R1": 0.24495298629041046,
  "effective_rank": 7.043588029677711,
  "config_suffix": "cov_toeplitz_bump_mask_random_rho_0p5_lambda_1e-05_beta_1_d_50_T_5_lr_0p001_iter_5000_ntrain_250_seed_42",
  "ridge_lambda": 0.01,
  "ridge_train_loss": 0.1030341650083952,
  "ridge_population_risk": 0.10001088592389065,
  "ridge_generalization_gap": -0.003023279084504546,
  "ridge_excess_population_risk": 0.0020478325451933205,
  "pca_n_components": 75,
  "pca_train_loss": 0.35938754347769397,
  "pca_population_risk": 0.8390511192364231,
  "pca_generalization_gap": 0.4796635757587291,
  "pca_excess_population_risk": 0.7410880658577257
}