{
  "alpha": null,
  "seed": 42,
  "n_train": 5000,
  "n_population": 5000,
  "train_loss": 0.8033507568322682,
  "population_risk": 0.808571853257667,
  "bayes_population_risk": 0.24553354982376377,
  "empirical_bayes_risk": 0.24926675761636535,
  "generalization_gap": 0.005221096425398808,
  "excess_population_risk": 0.5630383034339033,
  "runtime_seconds": 498.7449863050133,
  "runtime_per_step_seconds": 0.09974899726100266,
  "initial_objective": 0.8071267896751206,
  "final_objective": 0.8040153512063524,
  "best_objective": 0.8040153512063524,
  "objective_reduction": 0.0031114384687682684,
  "initial_train_loss_history": 0.8067905150623497,
  "final_train_loss_history": 0.8033507568322682,
  "best_train_loss_history": 0.8033507568322682,
  "train_loss_reduction": 0.003439758230081469,
  "weight_norm": 2.6583770177573167,
  "trace_s": 2.658377017757317,
  "top_eigenvalue": 0.9058291851912035,
  "min_eigenvalue": 3.1967162237929454e-17,
  "R1": 0.3407451911976681,
  "effective_rank": 5.750930478981217,
  "config_suffix": "cov_matern_mask_random_rho_NA_lambda_1e-05_beta_1_d_25_T_10_lr_0p001_iter_5000_ntrain_5000_seed_42"
}