{
  "alpha": null,
  "seed": 42,
  "n_train": 20,
  "n_population": 5000,
  "train_loss": 0.8863535202552196,
  "population_risk": 1.4229450936301746,
  "bayes_population_risk": 0.9245538461538463,
  "empirical_bayes_risk": 0.9222641797530979,
  "generalization_gap": 0.536591573374955,
  "excess_population_risk": 0.49839124747632835,
  "runtime_seconds": 57.17913221754134,
  "runtime_per_step_seconds": 0.011435826443508268,
  "initial_objective": 1.005362379600991,
  "final_objective": 0.9094956089492141,
  "best_objective": 0.9094956089492141,
  "objective_reduction": 0.09586677065177684,
  "initial_train_loss_history": 1.0042640039227446,
  "final_train_loss_history": 0.8863535202552196,
  "best_train_loss_history": 0.8863535202552196,
  "train_loss_reduction": 0.11791048366752499,
  "weight_norm": 23.142088678579956,
  "trace_s": 23.142088678579956,
  "top_eigenvalue": 23.142082790325848,
  "min_eigenvalue": -5.747438952420942e-16,
  "R1": 0.9999997455608179,
  "effective_rank": 1.0000043664188711,
  "config_suffix": "cov_toeplitz_mask_random_rho_0p2_lambda_1e-05_beta_1_d_100_T_50_lr_0p001_iter_5000_ntrain_20_seed_42",
  "ridge_lambda": 0.01,
  "ridge_train_loss": 2.1754087978533116e-07,
  "ridge_population_risk": 1.6561584250616885,
  "ridge_generalization_gap": 1.6561582075208088,
  "ridge_excess_population_risk": 0.7316045789078423,
  "pca_n_components": 75,
  "pca_train_loss": 9.805293218887994e-17,
  "pca_population_risk": 1.0520505514626857,
  "pca_generalization_gap": 1.0520505514626857,
  "pca_excess_population_risk": 0.1274967053088394
}