{
  "alpha": null,
  "seed": 42,
  "n_train": 1000,
  "n_population": 5000,
  "train_loss": 0.7981919206805529,
  "population_risk": 0.814974114092199,
  "bayes_population_risk": 0.24553354982376377,
  "empirical_bayes_risk": 0.24432091978901443,
  "generalization_gap": 0.016782193411646107,
  "excess_population_risk": 0.5694405642684353,
  "runtime_seconds": 86.87510643713176,
  "runtime_per_step_seconds": 0.01737502128742635,
  "initial_objective": 0.8132649414692819,
  "final_objective": 0.803101391356705,
  "best_objective": 0.803101391356705,
  "objective_reduction": 0.010163550112576858,
  "initial_train_loss_history": 0.8120592599740459,
  "final_train_loss_history": 0.7981919206805529,
  "best_train_loss_history": 0.7981897138611281,
  "train_loss_reduction": 0.013867339293493042,
  "weight_norm": 4.909470642787998,
  "trace_s": 4.909470642787998,
  "top_eigenvalue": 3.4273163963970443,
  "min_eigenvalue": 9.480707462482277e-18,
  "R1": 0.6981030432337482,
  "effective_rank": 2.7225167554547722,
  "config_suffix": "cov_matern_mask_random_rho_NA_lambda_1e-05_beta_1_d_100_T_10_lr_0p001_iter_5000_ntrain_1000_seed_42",
  "ridge_lambda": 0.01,
  "ridge_train_loss": 0.24459093627805237,
  "ridge_population_risk": 0.24651865359089112,
  "ridge_generalization_gap": 0.0019277173128387504,
  "ridge_excess_population_risk": 0.0009851037671273488,
  "pca_n_components": 75,
  "pca_train_loss": 0.7005993015905253,
  "pca_population_risk": 0.8879887799836425,
  "pca_generalization_gap": 0.18738947839311715,
  "pca_excess_population_risk": 0.6424552301598787
}