{
  "alpha": null,
  "seed": 42,
  "n_train": 20,
  "n_population": 5000,
  "train_loss": 0.8863535202552196,
  "population_risk": 1.4229450936301746,
  "bayes_population_risk": 0.9245538461538463,
  "empirical_bayes_risk": 0.9222641797530979,
  "generalization_gap": 0.536591573374955,
  "excess_population_risk": 0.49839124747632835,
  "runtime_seconds": 78.95896350033581,
  "runtime_per_step_seconds": 0.015791792700067163,
  "initial_objective": 1.005362379600991,
  "final_objective": 0.9094956089492141,
  "best_objective": 0.9094956089492141,
  "objective_reduction": 0.09586677065177684,
  "initial_train_loss_history": 1.0042640039227446,
  "final_train_loss_history": 0.8863535202552196,
  "best_train_loss_history": 0.8863535202552196,
  "train_loss_reduction": 0.11791048366752499,
  "weight_norm": 23.142088678579956,
  "trace_s": 23.142088678579956,
  "top_eigenvalue": 23.142082790325848,
  "min_eigenvalue": -5.747438952420942e-16,
  "R1": 0.9999997455608179,
  "effective_rank": 1.0000043664188711,
  "config_suffix": "cov_toeplitz_mask_random_rho_0p2_lambda_1e-05_beta_1_d_100_T_50_lr_0p001_iter_5000_ntrain_20_seed_42"
}