{
  "alpha": null,
  "seed": 42,
  "n_train": 300,
  "n_population": 5000,
  "train_loss": 0.18016934686558733,
  "population_risk": 0.18529237222464784,
  "bayes_population_risk": 0.09356768304525143,
  "empirical_bayes_risk": 0.0932131903593638,
  "generalization_gap": 0.005123025359060507,
  "excess_population_risk": 0.09172468917939641,
  "runtime_seconds": 24.810498003847897,
  "runtime_per_step_seconds": 0.004962099600769579,
  "initial_objective": 0.2523961488945624,
  "final_objective": 0.18459954235749496,
  "best_objective": 0.18459954235749496,
  "objective_reduction": 0.06779660653706746,
  "initial_train_loss_history": 0.2513517955107701,
  "final_train_loss_history": 0.18016934686558733,
  "best_train_loss_history": 0.18016934686558733,
  "train_loss_reduction": 0.07118244864518275,
  "weight_norm": 17.719911967045636,
  "trace_s": 17.719911967045636,
  "top_eigenvalue": 4.262478400097739,
  "min_eigenvalue": 1.1322845306727303e-07,
  "R1": 0.24054738014640398,
  "effective_rank": 9.396291257540222,
  "config_suffix": "cov_circulant_ar1_mask_random_rho_0p9_lambda_1e-05_beta_1_d_25_T_5_lr_0p001_iter_5000_ntrain_300_seed_42"
}