{
  "alpha": null,
  "seed": 42,
  "n_train": 50,
  "n_population": 5000,
  "train_loss": 0.9937648115275418,
  "population_risk": 1.0545189642845614,
  "bayes_population_risk": 0.8649174311926606,
  "empirical_bayes_risk": 0.8620395558662007,
  "generalization_gap": 0.060754152757019564,
  "excess_population_risk": 0.18960153309190075,
  "runtime_seconds": 9.308181656524539,
  "runtime_per_step_seconds": 0.009308181656524538,
  "initial_objective": 1.057664488026129,
  "final_objective": 1.0195689848007967,
  "best_objective": 1.0195689848007967,
  "objective_reduction": 0.03809550322533228,
  "initial_train_loss_history": 1.050306503385793,
  "final_train_loss_history": 0.9937648115275418,
  "best_train_loss_history": 0.993745756144797,
  "train_loss_reduction": 0.0565416918582512,
  "weight_norm": 5.1608346457551075,
  "trace_s": 5.1608346457551075,
  "top_eigenvalue": 3.106584509115199,
  "min_eigenvalue": -6.314283665253028e-17,
  "R1": 0.6019538935761928
}