{
  "alpha": null,
  "seed": 42,
  "n_train": 1500,
  "n_population": 5000,
  "train_loss": 0.53520772729282,
  "population_risk": 0.547269419553938,
  "bayes_population_risk": 0.1214410313285021,
  "empirical_bayes_risk": 0.12038962150534203,
  "generalization_gap": 0.012061692261118084,
  "excess_population_risk": 0.42582838822543595,
  "runtime_seconds": 68.373464519158,
  "runtime_per_step_seconds": 0.0136746929038316,
  "initial_objective": 0.5726546935135427,
  "final_objective": 0.5375940303348348,
  "best_objective": 0.5375940303348348,
  "objective_reduction": 0.03506066317870793,
  "initial_train_loss_history": 0.5719482185372431,
  "final_train_loss_history": 0.53520772729282,
  "best_train_loss_history": 0.53520772729282,
  "train_loss_reduction": 0.036740491244423135,
  "weight_norm": 9.545153066913135,
  "trace_s": 9.545153066913135,
  "top_eigenvalue": 2.1262936866024162,
  "min_eigenvalue": 1.8887975101742041e-10,
  "R1": 0.22276161227554328,
  "effective_rank": 7.964591239136092,
  "config_suffix": "cov_toeplitz_bump_mask_random_rho_0p7_lambda_1e-05_beta_1_d_25_T_5_lr_0p001_iter_5000_ntrain_1500_seed_42"
}