{
  "alpha": null,
  "seed": 42,
  "n_train": 400,
  "n_population": 5000,
  "train_loss": 0.9419620752846424,
  "population_risk": 0.9971916556302287,
  "bayes_population_risk": 0.45666666666666667,
  "empirical_bayes_risk": 0.4538078112341409,
  "generalization_gap": 0.05522958034558634,
  "excess_population_risk": 0.540524988963562,
  "runtime_seconds": 40.32236454449594,
  "runtime_per_step_seconds": 0.008064472908899188,
  "initial_objective": 0.984230138344886,
  "final_objective": 0.9537307800106738,
  "best_objective": 0.9537307800106738,
  "objective_reduction": 0.030499358334212245,
  "initial_train_loss_history": 0.9827917157372916,
  "final_train_loss_history": 0.9419620752846424,
  "best_train_loss_history": 0.9419619061018274,
  "train_loss_reduction": 0.04082964045264925,
  "weight_norm": 11.768704253465483,
  "trace_s": 11.768704253465481,
  "top_eigenvalue": 4.166073077432008,
  "min_eigenvalue": 4.700089773491471e-15,
  "R1": 0.35399590198770103,
  "effective_rank": 6.3327274269152145,
  "config_suffix": "cov_tridiagonal_mask_random_rho_0p5_lambda_1e-05_beta_1_d_100_T_5_lr_0p001_iter_5000_ntrain_400_seed_42",
  "ridge_lambda": 0.01,
  "ridge_train_loss": 0.4463125447669022,
  "ridge_population_risk": 0.4585355651374628,
  "ridge_generalization_gap": 0.012223020370560611,
  "ridge_excess_population_risk": 0.001868898470796132,
  "pca_n_components": 75,
  "pca_train_loss": 0.6390603905880318,
  "pca_population_risk": 1.0575925882833885,
  "pca_generalization_gap": 0.41853219769535677,
  "pca_excess_population_risk": 0.6009259216167219
}