{
  "alpha": null,
  "seed": 42,
  "n_train": 500,
  "n_population": 5000,
  "train_loss": 0.971503147710022,
  "population_risk": 0.9890982868133841,
  "bayes_population_risk": 0.7459898192227884,
  "empirical_bayes_risk": 0.7453057673453425,
  "generalization_gap": 0.01759513910336208,
  "excess_population_risk": 0.24310846759059568,
  "runtime_seconds": 28.11385978758335,
  "runtime_per_step_seconds": 0.0056227719575166705,
  "initial_objective": 0.9946163797101324,
  "final_objective": 0.9793576130037012,
  "best_objective": 0.9793576130037012,
  "objective_reduction": 0.015258766706431226,
  "initial_train_loss_history": 0.9932939587973162,
  "final_train_loss_history": 0.971503147710022,
  "best_train_loss_history": 0.9715027968554232,
  "train_loss_reduction": 0.021790811087294193,
  "weight_norm": 7.8544652368649714,
  "trace_s": 7.85446523686497,
  "top_eigenvalue": 2.090805809774121,
  "min_eigenvalue": 2.8487526531471854e-16,
  "R1": 0.2661932730901799,
  "effective_rank": 7.0004202314076585,
  "config_suffix": "cov_matern_mask_random_rho_NA_lambda_1e-05_beta_1_d_100_T_5_lr_0p001_iter_5000_ntrain_500_seed_42",
  "ridge_lambda": 0.01,
  "ridge_train_loss": 0.7517699553837228,
  "ridge_population_risk": 0.7512243075795687,
  "ridge_generalization_gap": -0.0005456478041541146,
  "ridge_excess_population_risk": 0.005234488356780309,
  "pca_n_components": 75,
  "pca_train_loss": 0.7278781351778041,
  "pca_population_risk": 1.0933054619560167,
  "pca_generalization_gap": 0.36542732677821266,
  "pca_excess_population_risk": 0.34731564273322835
}