{
  "alpha": null,
  "seed": 42,
  "n_train": 750,
  "n_population": 5000,
  "train_loss": 0.7832844736769078,
  "population_risk": 0.8066768266877843,
  "bayes_population_risk": 0.48757509716865854,
  "empirical_bayes_risk": 0.48471013273217123,
  "generalization_gap": 0.0233923530108765,
  "excess_population_risk": 0.31910172951912574,
  "runtime_seconds": 57.39249754138291,
  "runtime_per_step_seconds": 0.011478499508276582,
  "initial_objective": 0.8147028719461609,
  "final_objective": 0.7940318780872426,
  "best_objective": 0.7940318780872426,
  "objective_reduction": 0.02067099385891824,
  "initial_train_loss_history": 0.8132192622156643,
  "final_train_loss_history": 0.7832844736769078,
  "best_train_loss_history": 0.7832817667632999,
  "train_loss_reduction": 0.02993478853875653,
  "weight_norm": 10.747404195256749,
  "trace_s": 10.747404195256749,
  "top_eigenvalue": 2.865575133958265,
  "min_eigenvalue": 8.633292907598816e-16,
  "R1": 0.2666295118241627,
  "effective_rank": 8.987702058792856,
  "config_suffix": "cov_toeplitz_bump_mask_random_rho_0p5_lambda_1e-05_beta_1_d_100_T_5_lr_0p001_iter_5000_ntrain_750_seed_42",
  "ridge_lambda": 0.01,
  "ridge_train_loss": 0.4826646056706764,
  "ridge_population_risk": 0.4869504283708628,
  "ridge_generalization_gap": 0.004285822700186348,
  "ridge_excess_population_risk": -0.0006246687977957688,
  "pca_n_components": 75,
  "pca_train_loss": 0.6782530712573199,
  "pca_population_risk": 0.9190424126947441,
  "pca_generalization_gap": 0.24078934143742414,
  "pca_excess_population_risk": 0.4314673155260855
}