{
  "alpha": 2.0,
  "seed": 0,
  "n_train": 5000,
  "n_population": 5000,
  "train_loss": 0.40224573282139015,
  "population_risk": 0.4000035933675546,
  "bayes_population_risk": 0.28975609756097553,
  "empirical_bayes_risk": 0.2893972499642421,
  "weight_norm": 10.055961509503097,
  "trace_s": 10.0559615095031,
  "top_eigenvalue": 0.867683343937873,
  "R1": 0.08628546789065314
}