{
  "alpha": null,
  "seed": 42,
  "n_train": 1000,
  "n_population": 5000,
  "train_loss": 1.0752117432862747,
  "population_risk": 1.0823939732330305,
  "bayes_population_risk": 0.8498899082568808,
  "empirical_bayes_risk": 0.9099693619648801,
  "generalization_gap": 0.00718222994675588,
  "excess_population_risk": 0.23250406497614973,
  "runtime_seconds": 23.535890689119697,
  "runtime_per_step_seconds": 0.023535890689119696,
  "initial_objective": 1.077782806541701,
  "final_objective": 1.0754023228721548,
  "best_objective": 1.0754023228721548,
  "objective_reduction": 0.0023804836695462406,
  "initial_train_loss_history": 1.0772399432083557,
  "final_train_loss_history": 1.0752117432862747,
  "best_train_loss_history": 1.0752117432862747,
  "train_loss_reduction": 0.002028199922081031,
  "weight_norm": 0.38114391994324875,
  "trace_s": 0.3811439199432486,
  "top_eigenvalue": 0.3775369389331091,
  "min_eigenvalue": 1.2678877637004554e-12,
  "R1": 0.9905364330338097
}