{
  "alpha": null,
  "seed": 42,
  "n_train": 150,
  "n_population": 5000,
  "train_loss": 0.9346139609330059,
  "population_risk": 1.0811363479950313,
  "bayes_population_risk": 0.7459898192227884,
  "empirical_bayes_risk": 0.7470236678899059,
  "generalization_gap": 0.14652238706202547,
  "excess_population_risk": 0.33514652877224294,
  "runtime_seconds": 32.31707268022001,
  "runtime_per_step_seconds": 0.0064634145360440015,
  "initial_objective": 1.0159827665733823,
  "final_objective": 0.9512493092426201,
  "best_objective": 0.9512493092426201,
  "objective_reduction": 0.06473345733076219,
  "initial_train_loss_history": 1.0146667770786648,
  "final_train_loss_history": 0.9346139609330059,
  "best_train_loss_history": 0.9346139609330059,
  "train_loss_reduction": 0.08005281614565896,
  "weight_norm": 16.635343170539453,
  "trace_s": 16.635343170539446,
  "top_eigenvalue": 7.082162414049011,
  "min_eigenvalue": 3.296841333080448e-14,
  "R1": 0.4257298657109311,
  "effective_rank": 4.801718682792422,
  "config_suffix": "cov_matern_mask_random_rho_NA_lambda_1e-05_beta_1_d_100_T_5_lr_0p001_iter_5000_ntrain_150_seed_42",
  "ridge_lambda": 0.01,
  "ridge_train_loss": 0.7482428248878567,
  "ridge_population_risk": 0.7684380483582233,
  "ridge_generalization_gap": 0.02019522347036662,
  "ridge_excess_population_risk": 0.022448229135434872,
  "pca_n_components": 75,
  "pca_train_loss": 0.34951790177385517,
  "pca_population_risk": 1.146104112504585,
  "pca_generalization_gap": 0.7965862107307298,
  "pca_excess_population_risk": 0.4001142932817966
}