{
  "alpha": null,
  "seed": 42,
  "n_train": 100,
  "n_population": 5000,
  "train_loss": 0.9666771648009186,
  "population_risk": 1.1903664773820353,
  "bayes_population_risk": 0.6299999999999999,
  "empirical_bayes_risk": 0.7510676020474648,
  "generalization_gap": 0.22368931258111668,
  "excess_population_risk": 0.5603664773820354,
  "runtime_seconds": 11.251779988408089,
  "runtime_per_step_seconds": 0.011251779988408088,
  "initial_objective": 1.0699692339371698,
  "final_objective": 0.9838894044992545,
  "best_objective": 0.9838894044992545,
  "objective_reduction": 0.08607982943791526,
  "initial_train_loss_history": 1.0687869030002677,
  "final_train_loss_history": 0.9666771648009186,
  "best_train_loss_history": 0.9666771648009186,
  "train_loss_reduction": 0.1021097381993491,
  "weight_norm": 17.207373526355838,
  "trace_s": 17.207373526355838,
  "top_eigenvalue": 10.218951329687563,
  "min_eigenvalue": 2.2653046029978408e-10,
  "R1": 0.5938704889526345
}