{
  "alpha": null,
  "seed": 42,
  "n_train": 10000,
  "n_population": 5000,
  "train_loss": 0.9487995736735203,
  "population_risk": 0.9516393575576654,
  "bayes_population_risk": 0.615,
  "empirical_bayes_risk": 0.616456774404934,
  "generalization_gap": 0.002839783884145075,
  "excess_population_risk": 0.3366393575576654,
  "runtime_seconds": 488.62697425857186,
  "runtime_per_step_seconds": 0.4886269742585719,
  "initial_objective": 0.949746136979,
  "final_objective": 0.9489240474552265,
  "best_objective": 0.9489240474552265,
  "objective_reduction": 0.0008220895237734949,
  "initial_train_loss_history": 0.9492035596124155,
  "final_train_loss_history": 0.9487995736735203,
  "best_train_loss_history": 0.9487995736735203,
  "train_loss_reduction": 0.00040398593889523493,
  "weight_norm": 0.2489421021025628,
  "trace_s": 0.2489421021025628,
  "top_eigenvalue": 0.24785171734262218,
  "min_eigenvalue": 8.091153016754541e-13,
  "R1": 0.995619926277109
}