{
  "alpha": null,
  "seed": 42,
  "n_train": 40,
  "n_population": 5000,
  "train_loss": 1.0160174463176077,
  "population_risk": 1.0648450425562892,
  "bayes_population_risk": 1.0,
  "empirical_bayes_risk": 0.9990959956771489,
  "generalization_gap": 0.04882759623868149,
  "excess_population_risk": 0.0648450425562892,
  "runtime_seconds": 50.98518423549831,
  "runtime_per_step_seconds": 0.010197036847099663,
  "initial_objective": 1.0383040769132206,
  "final_objective": 1.0232677235080818,
  "best_objective": 1.0232649322840268,
  "objective_reduction": 0.015036353405138758,
  "initial_train_loss_history": 1.0362233631745912,
  "final_train_loss_history": 1.0160174463176077,
  "best_train_loss_history": 1.0160106324798988,
  "train_loss_reduction": 0.020205916856983475,
  "weight_norm": 3.6258170977618436,
  "trace_s": 3.625817097761843,
  "top_eigenvalue": 3.625817013428225,
  "min_eigenvalue": 2.208991947726433e-16,
  "R1": 0.999999976740796,
  "effective_rank": 1.0000005010364181,
  "config_suffix": "cov_identity_mask_random_rho_NA_lambda_1e-05_beta_1_d_200_T_20_lr_0p001_iter_5000_ntrain_40_seed_42",
  "ridge_lambda": 0.01,
  "ridge_train_loss": 0.5243818475198951,
  "ridge_population_risk": 1.9263344643355544,
  "ridge_generalization_gap": 1.4019526168156593,
  "ridge_excess_population_risk": 0.9263344643355544,
  "pca_n_components": 75,
  "pca_train_loss": 1.0835877730346812e-16,
  "pca_population_risk": 1.034894031740567,
  "pca_generalization_gap": 1.034894031740567,
  "pca_excess_population_risk": 0.034894031740567044
}