{
  "alpha": 3.0,
  "seed": 0,
  "n_train": 7500,
  "n_population": 5000,
  "train_loss": 0.8465457351672154,
  "population_risk": 0.8408613913657235,
  "bayes_population_risk": 0.66,
  "empirical_bayes_risk": 0.6562527752992612,
  "generalization_gap": -0.0056843438014919645,
  "excess_population_risk": 0.18086139136572343,
  "runtime_seconds": 143.46042491600383,
  "runtime_per_step_seconds": 0.14346042491600383,
  "initial_objective": 0.8655999016206419,
  "final_objective": 0.8469855766691866,
  "best_objective": 0.8469855766691866,
  "objective_reduction": 0.01861432495145532,
  "initial_train_loss_history": 0.8518071968553502,
  "final_train_loss_history": 0.8465457351672154,
  "best_train_loss_history": 0.8465457351672154,
  "train_loss_reduction": 0.005261461688134794,
  "weight_norm": 0.8796765153616017,
  "trace_s": 0.8796765153616021,
  "top_eigenvalue": 0.1399602140879773,
  "min_eigenvalue": 6.648455207113507e-14,
  "R1": 0.15910418391747666
}