{
  "alpha": null,
  "seed": 42,
  "n_train": 1000,
  "n_population": 5000,
  "train_loss": 0.14974759602533008,
  "population_risk": 0.15767544782390283,
  "bayes_population_risk": 0.010443997575880022,
  "empirical_bayes_risk": 0.010369141629456138,
  "generalization_gap": 0.00792785179857275,
  "excess_population_risk": 0.1472314502480228,
  "runtime_seconds": 580.3109478633851,
  "runtime_per_step_seconds": 0.11606218957267701,
  "initial_objective": 0.15440573784557396,
  "final_objective": 0.15201106588796354,
  "best_objective": 0.15201105793108416,
  "objective_reduction": 0.0023946719576104225,
  "initial_train_loss_history": 0.1533911098235126,
  "final_train_loss_history": 0.14974759602533008,
  "best_train_loss_history": 0.14974730106526196,
  "train_loss_reduction": 0.003643513798182507,
  "weight_norm": 2.2634663332130116,
  "trace_s": 2.263466333213011,
  "top_eigenvalue": 2.2634663306881153,
  "min_eigenvalue": 3.077243439743729e-15,
  "R1": 0.9999999988845005,
  "effective_rank": 1.000000027997211,
  "config_suffix": "cov_toeplitz_mask_random_rho_0p99_lambda_1e-05_beta_1_d_100_T_50_lr_0p001_iter_5000_ntrain_1000_seed_42"
}