{
  "alpha": null,
  "seed": 42,
  "n_train": 30,
  "n_population": 5000,
  "train_loss": 0.319392200325752,
  "population_risk": 1.1247535395120865,
  "bayes_population_risk": 0.2921672002085666,
  "empirical_bayes_risk": 0.2942722956466353,
  "generalization_gap": 0.8053613391863345,
  "excess_population_risk": 0.8325863393035198,
  "runtime_seconds": 24.368804574012756,
  "runtime_per_step_seconds": 0.004873760914802551,
  "initial_objective": 0.6558236400794415,
  "final_objective": 0.3444205181979742,
  "best_objective": 0.3444205181979742,
  "objective_reduction": 0.3114031218814673,
  "initial_train_loss_history": 0.6544413174403894,
  "final_train_loss_history": 0.319392200325752,
  "best_train_loss_history": 0.319392200325752,
  "train_loss_reduction": 0.33504911711463736,
  "weight_norm": 50.05591591766041,
  "trace_s": 50.05591591766039,
  "top_eigenvalue": 33.372123755620265,
  "min_eigenvalue": 1.8673885953837884e-09,
  "R1": 0.6666968957378746,
  "effective_rank": 3.3889048815696197,
  "config_suffix": "cov_matern_mask_random_rho_NA_lambda_1e-05_beta_1_d_50_T_5_lr_0p001_iter_5000_ntrain_30_seed_42"
}