{
  "alpha": null,
  "seed": 42,
  "n_train": 125,
  "n_population": 5000,
  "train_loss": 0.18347860364891933,
  "population_risk": 0.18966393022555572,
  "bayes_population_risk": 0.09356768304525143,
  "empirical_bayes_risk": 0.09280974473165429,
  "generalization_gap": 0.006185326576636396,
  "excess_population_risk": 0.0960962471803043,
  "runtime_seconds": 24.311998393386602,
  "runtime_per_step_seconds": 0.004862399678677321,
  "initial_objective": 0.2513511005252464,
  "final_objective": 0.18831688188586151,
  "best_objective": 0.18831688188586151,
  "objective_reduction": 0.06303421863938488,
  "initial_train_loss_history": 0.2505817978115545,
  "final_train_loss_history": 0.18347860364891933,
  "best_train_loss_history": 0.18347860364891933,
  "train_loss_reduction": 0.06710319416263516,
  "weight_norm": 19.352685596430145,
  "trace_s": 19.352685596430145,
  "top_eigenvalue": 5.886985292351332,
  "min_eigenvalue": 1.803742499086825e-07,
  "R1": 0.3041947466679902,
  "effective_rank": 7.255160046792915,
  "config_suffix": "cov_circulant_ar1_mask_random_rho_0p9_lambda_1e-05_beta_1_d_25_T_5_lr_0p001_iter_5000_ntrain_125_seed_42"
}