{
  "alpha": 0.5,
  "seed": 0,
  "n_train": 1250,
  "n_population": 5000,
  "train_loss": 1.083475966236792,
  "population_risk": 1.0790652828526937,
  "bayes_population_risk": 0.9353846153846154,
  "empirical_bayes_risk": 0.9367410645929897,
  "weight_norm": 0.004416031478278036,
  "trace_s": 0.004416031478278037,
  "top_eigenvalue": 0.0004282791994987548,
  "R1": 0.09698282306306284
}