{
  "alpha": null,
  "seed": 42,
  "n_train": 10,
  "n_population": 5000,
  "train_loss": 1.0209053480423378,
  "population_risk": 1.7704027144456227,
  "bayes_population_risk": 1.0,
  "empirical_bayes_risk": 0.9995724944925812,
  "generalization_gap": 0.7494973664032849,
  "excess_population_risk": 0.7704027144456227,
  "runtime_seconds": 25.16713905148208,
  "runtime_per_step_seconds": 0.005033427810296416,
  "initial_objective": 1.2092483992598522,
  "final_objective": 1.0422898819663124,
  "best_objective": 1.0422898819663124,
  "objective_reduction": 0.16695851729353972,
  "initial_train_loss_history": 1.2085814163557935,
  "final_train_loss_history": 1.0209053480423378,
  "best_train_loss_history": 1.0209053480423378,
  "train_loss_reduction": 0.18767606831345574,
  "weight_norm": 42.768360270392975,
  "trace_s": 42.76836027039298,
  "top_eigenvalue": 27.735541997268918,
  "min_eigenvalue": 3.482768069936813e-09,
  "R1": 0.6485060877227331,
  "effective_rank": 2.8836514110361264,
  "config_suffix": "cov_identity_mask_random_rho_NA_lambda_1e-05_beta_1_d_50_T_20_lr_0p001_iter_5000_ntrain_10_seed_42",
  "ridge_lambda": 0.01,
  "ridge_train_loss": 3.998709129712229e-06,
  "ridge_population_risk": 2.2401671331423403,
  "ridge_generalization_gap": 2.2401631344332107,
  "ridge_excess_population_risk": 1.2401671331423403,
  "pca_n_components": 75,
  "pca_train_loss": 1.2239603267291747e-16,
  "pca_population_risk": 1.1075476100671564,
  "pca_generalization_gap": 1.1075476100671562,
  "pca_excess_population_risk": 0.10754761006715641
}