{
  "alpha": 2.0,
  "seed": 0,
  "n_train": 5000,
  "n_population": 5000,
  "train_loss": 0.8533373678557138,
  "population_risk": 0.8492953587119731,
  "bayes_population_risk": 0.675,
  "empirical_bayes_risk": 0.6741579487664282,
  "weight_norm": 0.004418279229706602,
  "trace_s": 0.0044182792297066025,
  "top_eigenvalue": 0.000430970063666704,
  "R1": 0.09754251401066898
}