{
  "alpha": null,
  "seed": 42,
  "n_train": 200,
  "n_population": 5000,
  "train_loss": 0.21694302593447945,
  "population_risk": 0.2553569267310442,
  "bayes_population_risk": 0.13898342541436456,
  "empirical_bayes_risk": 0.13965615450024543,
  "generalization_gap": 0.03841390079656476,
  "excess_population_risk": 0.11637350131667965,
  "runtime_seconds": 47.27923638001084,
  "runtime_per_step_seconds": 0.0047279236380010844,
  "initial_objective": 0.28575597305109535,
  "final_objective": 0.2264137211545305,
  "best_objective": 0.2264137211545305,
  "objective_reduction": 0.059342251896564835,
  "initial_train_loss_history": 0.2843661469194085,
  "final_train_loss_history": 0.21694302593447945,
  "best_train_loss_history": 0.21693698359533542,
  "train_loss_reduction": 0.06742312098492903,
  "weight_norm": 18.941390302625663,
  "trace_s": 18.941390302625663,
  "top_eigenvalue": 7.1685968095533985,
  "min_eigenvalue": 2.954419304233049e-15,
  "R1": 0.3784620186280457,
  "config_suffix": "cov_toeplitz_mask_random_rho_0p9_lambda_1e-05_beta_1_d_50_T_5_lr_0p001_iter_10000_ntrain_200_seed_42"
}