{
  "alpha": null,
  "seed": 42,
  "n_train": 200,
  "n_population": 5000,
  "train_loss": 0.4090432856459644,
  "population_risk": 0.718808279930478,
  "bayes_population_risk": 0.1214410313285021,
  "empirical_bayes_risk": 0.12211378810959586,
  "generalization_gap": 0.3097649942845136,
  "excess_population_risk": 0.5973672486019759,
  "runtime_seconds": 55.377883991226554,
  "runtime_per_step_seconds": 0.01107557679824531,
  "initial_objective": 0.5665062494949257,
  "final_objective": 0.4449133021520838,
  "best_objective": 0.4449133021520838,
  "objective_reduction": 0.12159294734284187,
  "initial_train_loss_history": 0.5645858787713968,
  "final_train_loss_history": 0.4090432856459644,
  "best_train_loss_history": 0.4090432856459644,
  "train_loss_reduction": 0.15554259312543234,
  "weight_norm": 35.86998798555123,
  "trace_s": 35.86998798555123,
  "top_eigenvalue": 18.135035269641072,
  "min_eigenvalue": 2.4877750517959704e-13,
  "R1": 0.5055768425945956,
  "effective_rank": 5.148406662979941,
  "config_suffix": "cov_toeplitz_bump_mask_random_rho_0p7_lambda_1e-05_beta_1_d_100_T_5_lr_0p001_iter_5000_ntrain_200_seed_42"
}