{
  "alpha": null,
  "seed": 42,
  "n_train": 20,
  "n_population": 5000,
  "train_loss": 0.1053221198197446,
  "population_risk": 1.1986416300792255,
  "bayes_population_risk": 0.05101341981519296,
  "empirical_bayes_risk": 0.050481507792290846,
  "generalization_gap": 1.093319510259481,
  "excess_population_risk": 1.1476282102640325,
  "runtime_seconds": 28.305967684835196,
  "runtime_per_step_seconds": 0.0056611935369670395,
  "initial_objective": 0.5146939267277092,
  "final_objective": 0.1333151169001712,
  "best_objective": 0.1333151169001712,
  "objective_reduction": 0.381378809827538,
  "initial_train_loss_history": 0.5138249129431136,
  "final_train_loss_history": 0.1053221198197446,
  "best_train_loss_history": 0.1053221198197446,
  "train_loss_reduction": 0.408502793123369,
  "weight_norm": 55.98292894349172,
  "trace_s": 55.98292894349173,
  "top_eigenvalue": 37.99313872275485,
  "min_eigenvalue": 1.9936242709362477e-08,
  "R1": 0.67865578739377,
  "effective_rank": 2.9011657491419904,
  "config_suffix": "cov_matern_mask_random_rho_NA_lambda_1e-05_beta_1_d_50_T_10_lr_0p001_iter_5000_ntrain_20_seed_42"
}