{
  "alpha": null,
  "seed": 42,
  "n_train": 2500,
  "n_population": 5000,
  "train_loss": 0.18010918999171036,
  "population_risk": 0.18248333857487223,
  "bayes_population_risk": 0.09356768304525143,
  "empirical_bayes_risk": 0.09369171625310334,
  "generalization_gap": 0.0023741485831618725,
  "excess_population_risk": 0.0889156555296208,
  "runtime_seconds": 111.00965170003474,
  "runtime_per_step_seconds": 0.022201930340006948,
  "initial_objective": 0.24280188651209708,
  "final_objective": 0.1835861839107927,
  "best_objective": 0.1835861839107927,
  "objective_reduction": 0.059215702601304376,
  "initial_train_loss_history": 0.2419020630749036,
  "final_train_loss_history": 0.18010918999171036,
  "best_train_loss_history": 0.18010918999171036,
  "train_loss_reduction": 0.061792873083193256,
  "weight_norm": 13.907528234773062,
  "trace_s": 13.90752823477306,
  "top_eigenvalue": 1.8792433906654318,
  "min_eigenvalue": 3.568148890054469e-08,
  "R1": 0.13512418302820703,
  "effective_rank": 14.98941818555532,
  "config_suffix": "cov_circulant_ar1_mask_random_rho_0p9_lambda_1e-05_beta_1_d_25_T_5_lr_0p001_iter_5000_ntrain_2500_seed_42"
}