{
  "alpha": null,
  "seed": 42,
  "n_train": 5000,
  "n_population": 5000,
  "train_loss": 0.424778540889929,
  "population_risk": 0.42260499925419953,
  "bayes_population_risk": 0.27570731707317064,
  "empirical_bayes_risk": 0.27448745619269277,
  "generalization_gap": -0.00217354163572947,
  "excess_population_risk": 0.1468976821810289,
  "runtime_seconds": 820.5319011993706,
  "runtime_per_step_seconds": 0.08205319011993706,
  "initial_objective": 0.4652240420307942,
  "final_objective": 0.43050552794782804,
  "best_objective": 0.43050552794782804,
  "objective_reduction": 0.03471851408296617,
  "initial_train_loss_history": 0.46399304738362296,
  "final_train_loss_history": 0.424778540889929,
  "best_train_loss_history": 0.424778540889929,
  "train_loss_reduction": 0.03921450649369396,
  "weight_norm": 11.45397410113412,
  "trace_s": 11.453974101134119,
  "top_eigenvalue": 1.3375160444814183,
  "min_eigenvalue": 8.588975111521755e-16,
  "R1": 0.11677309837368882,
  "config_suffix": "cov_toeplitz_mask_random_rho_0p8_lambda_1e-05_beta_1_d_50_T_5_lr_0p001_iter_10000_ntrain_5000_seed_42"
}