{
  "alpha": null,
  "seed": 42,
  "n_train": 90,
  "n_population": 5000,
  "train_loss": 0.34751112070913026,
  "population_risk": 0.9294316626152463,
  "bayes_population_risk": 0.05101341981519296,
  "empirical_bayes_risk": 0.05120064783738678,
  "generalization_gap": 0.5819205419061161,
  "excess_population_risk": 0.8784182428000534,
  "runtime_seconds": 40.85017519071698,
  "runtime_per_step_seconds": 0.008170035038143396,
  "initial_objective": 0.5388074456902345,
  "final_objective": 0.3767638064481973,
  "best_objective": 0.3767638064481973,
  "objective_reduction": 0.16204363924203724,
  "initial_train_loss_history": 0.5380787110718446,
  "final_train_loss_history": 0.34751112070913026,
  "best_train_loss_history": 0.34751112070913026,
  "train_loss_reduction": 0.1905675903627143,
  "weight_norm": 58.505014406446854,
  "trace_s": 58.50501440644686,
  "top_eigenvalue": 34.91573393372954,
  "min_eigenvalue": 1.0708908762266924e-10,
  "R1": 0.5967989972818817,
  "effective_rank": 3.9189501799919912,
  "config_suffix": "cov_matern_mask_random_rho_NA_lambda_1e-05_beta_1_d_50_T_10_lr_0p001_iter_5000_ntrain_90_seed_42"
}