run_name,experiment_number,alpha,seed,n_train,n_population,train_loss,population_risk,bayes_population_risk,empirical_bayes_risk,weight_norm,trace_s,top_eigenvalue,R1
experiment_1_20260308-050459,1,0.5,0,1250,5000,0.9454359164562538,0.9683407578137089,0.5208333333333334,0.522889729157922,0.9497000640196437,0.9497000640196436,0.14492337272496686,0.1525990975630483
experiment_2_20260308-050505,2,1.0,0,2500,5000,0.9539579828537997,0.9600423551529842,0.5208333333333334,0.5198185546926212,0.7725007997141033,0.7725007997141031,0.10015250146735082,0.12964711687601688
experiment_3_20260308-050516,3,2.0,0,5000,5000,0.9587178186705061,0.9569928392200382,0.5208333333333334,0.5203553308622908,0.5975776374323536,0.5975776374323537,0.06932706520782775,0.11601348655834809
experiment_4_20260308-050538,4,3.0,0,7500,5000,0.9535165069520173,0.9538476272143022,0.5208333333333334,0.5187484564010704,0.5747148593401558,0.5747148593401558,0.06511295823369015,0.11329611054157876
experiment_5_20260308-050609,5,5.0,0,12500,5000,0.955055996598942,0.9603655079819159,0.5208333333333334,0.5204079413372245,0.5403698493294428,0.5403698493294428,0.049584090599738895,0.09175954332253902
