{
  "alpha": null,
  "seed": 42,
  "n_train": 100,
  "n_population": 5000,
  "train_loss": 0.6827487449684679,
  "population_risk": 0.7812367196900026,
  "bayes_population_risk": 0.5301185178874289,
  "empirical_bayes_risk": 0.5361200929894263,
  "generalization_gap": 0.0984879747215347,
  "excess_population_risk": 0.2511182018025737,
  "runtime_seconds": 19.784992204979062,
  "runtime_per_step_seconds": 0.0039569984409958125,
  "initial_objective": 0.7647654210006299,
  "final_objective": 0.6870164540099793,
  "best_objective": 0.6870164540099793,
  "objective_reduction": 0.07774896699065059,
  "initial_train_loss_history": 0.7641675399159119,
  "final_train_loss_history": 0.6827487449684679,
  "best_train_loss_history": 0.6827487449684679,
  "train_loss_reduction": 0.08141879494744397,
  "weight_norm": 17.070706980343743,
  "trace_s": 17.070706980343747,
  "top_eigenvalue": 6.692781656254114,
  "min_eigenvalue": 4.35683483537637e-11,
  "R1": 0.3920623594535711,
  "effective_rank": 4.25389307069235,
  "config_suffix": "cov_exponential_mask_random_rho_NA_lambda_1e-05_beta_1_d_25_T_5_lr_0p001_iter_5000_ntrain_100_seed_42",
  "ridge_lambda": 0.01,
  "ridge_train_loss": 0.5043271828652138,
  "ridge_population_risk": 0.5590913607875023,
  "ridge_generalization_gap": 0.05476417792228849,
  "ridge_excess_population_risk": 0.028972842900073403,
  "pca_n_components": 62,
  "pca_train_loss": 0.18853598103929722,
  "pca_population_risk": 1.4609866255947808,
  "pca_generalization_gap": 1.2724506445554835,
  "pca_excess_population_risk": 0.9308681077073518
}