{
  "alpha": null,
  "seed": 42,
  "n_train": 750,
  "n_population": 5000,
  "train_loss": 0.32176777467730155,
  "population_risk": 0.3423175922640834,
  "bayes_population_risk": 0.12197790055248611,
  "empirical_bayes_risk": 0.12095104513892356,
  "generalization_gap": 0.02054981758678187,
  "excess_population_risk": 0.2203396917115973,
  "runtime_seconds": 52.06836883351207,
  "runtime_per_step_seconds": 0.010413673766702413,
  "initial_objective": 0.34359412901911995,
  "final_objective": 0.32782628221162863,
  "best_objective": 0.32782628221162863,
  "objective_reduction": 0.015767846807491326,
  "initial_train_loss_history": 0.34278677632482063,
  "final_train_loss_history": 0.32176777467730155,
  "best_train_loss_history": 0.32176777467730155,
  "train_loss_reduction": 0.021019001647519076,
  "weight_norm": 12.117012101291808,
  "trace_s": 12.11701210129181,
  "top_eigenvalue": 4.002712249804117,
  "min_eigenvalue": 4.5700466215068e-13,
  "R1": 0.33033822334611557,
  "effective_rank": 7.981460074677791,
  "config_suffix": "cov_toeplitz_mask_random_rho_0p9_lambda_1e-05_beta_1_d_50_T_10_lr_0p001_iter_5000_ntrain_750_seed_42",
  "ridge_lambda": 0.01,
  "ridge_train_loss": 0.11864773451316075,
  "ridge_population_risk": 0.12235019917859585,
  "ridge_generalization_gap": 0.0037024646654350984,
  "ridge_excess_population_risk": 0.0003722986261097405,
  "pca_n_components": 75,
  "pca_train_loss": 0.21563574087679205,
  "pca_population_risk": 0.2880006160503385,
  "pca_generalization_gap": 0.07236487517354645,
  "pca_excess_population_risk": 0.16602271549785239
}