{
  "alpha": null,
  "seed": 42,
  "n_train": 500,
  "n_population": 5000,
  "train_loss": 1.1994945193187383,
  "population_risk": 1.206058822460478,
  "bayes_population_risk": 1.0,
  "empirical_bayes_risk": 1.0043586174724248,
  "generalization_gap": 0.006564303141739725,
  "excess_population_risk": 0.20605882246047802,
  "runtime_seconds": 41.051698103547096,
  "runtime_per_step_seconds": 0.008210339620709418,
  "initial_objective": 1.2047073481407142,
  "final_objective": 1.1997640796664337,
  "best_objective": 1.1997640796664337,
  "objective_reduction": 0.004943268474280504,
  "initial_train_loss_history": 1.2042824181864626,
  "final_train_loss_history": 1.1994945193187383,
  "best_train_loss_history": 1.1994933967835564,
  "train_loss_reduction": 0.0047878988677243495,
  "weight_norm": 1.0782412188126977,
  "trace_s": 1.078241218812698,
  "top_eigenvalue": 0.7323744667029854,
  "min_eigenvalue": 8.284963136572578e-15,
  "R1": 0.679230634040718,
  "effective_rank": 1.9478059080613095,
  "config_suffix": "cov_identity_mask_random_rho_NA_lambda_1e-05_beta_1_d_25_T_5_lr_0p001_iter_5000_ntrain_500_seed_42"
}