{
  "alpha": null,
  "seed": 42,
  "n_train": 60,
  "n_population": 5000,
  "train_loss": 0.5775198901336488,
  "population_risk": 0.9272580467382173,
  "bayes_population_risk": 0.5301185178874289,
  "empirical_bayes_risk": 0.5321298281723004,
  "generalization_gap": 0.34973815660456853,
  "excess_population_risk": 0.3971395288507884,
  "runtime_seconds": 38.62231763266027,
  "runtime_per_step_seconds": 0.007724463526532054,
  "initial_objective": 0.7229324434464812,
  "final_objective": 0.6045897575200568,
  "best_objective": 0.6045897575200568,
  "objective_reduction": 0.11834268592642438,
  "initial_train_loss_history": 0.7211528524127265,
  "final_train_loss_history": 0.5775198901336488,
  "best_train_loss_history": 0.5775198901336488,
  "train_loss_reduction": 0.14363296227907774,
  "weight_norm": 27.069855508276902,
  "trace_s": 27.069855508276905,
  "top_eigenvalue": 17.23547899155706,
  "min_eigenvalue": 1.2573501863401564e-13,
  "R1": 0.6367037676387717,
  "effective_rank": 3.1035260430092264,
  "config_suffix": "cov_exponential_mask_random_rho_NA_lambda_1e-05_beta_1_d_100_T_5_lr_0p001_iter_5000_ntrain_60_seed_42"
}