{
  "alpha": null,
  "seed": 42,
  "n_train": 50,
  "n_population": 5000,
  "train_loss": 0.1790928139596292,
  "population_risk": 0.4742085916665772,
  "bayes_population_risk": 0.13898342541436456,
  "empirical_bayes_risk": 0.13834060370218748,
  "generalization_gap": 0.29511577770694797,
  "excess_population_risk": 0.33522516625221266,
  "runtime_seconds": 16.104644671082497,
  "runtime_per_step_seconds": 0.0032209289342164994,
  "initial_objective": 0.2919762644962286,
  "final_objective": 0.18799038089534587,
  "best_objective": 0.18799038089534587,
  "objective_reduction": 0.10398588360088273,
  "initial_train_loss_history": 0.2911387954726176,
  "final_train_loss_history": 0.1790928139596292,
  "best_train_loss_history": 0.1790928139596292,
  "train_loss_reduction": 0.11204598151298842,
  "weight_norm": 35.588618012525,
  "trace_s": 35.588618012525,
  "top_eigenvalue": 16.46215184561091,
  "min_eigenvalue": 9.383792048055486e-08,
  "R1": 0.46256788728961745,
  "effective_rank": 4.880523836742192,
  "config_suffix": "cov_toeplitz_mask_random_rho_0p9_lambda_1e-05_beta_1_d_25_T_5_lr_0p001_iter_5000_ntrain_50_seed_42"
}