{
  "alpha": null,
  "seed": 42,
  "n_train": 10000,
  "n_population": 5000,
  "train_loss": 0.560543496390064,
  "population_risk": 0.5614019571838488,
  "bayes_population_risk": 0.24760975609756097,
  "empirical_bayes_risk": 0.2476593105743359,
  "generalization_gap": 0.000858460793784821,
  "excess_population_risk": 0.3137922010862878,
  "runtime_seconds": 214.03785037249327,
  "runtime_per_step_seconds": 0.21403785037249326,
  "initial_objective": 0.5673478118412085,
  "final_objective": 0.5630195504788745,
  "best_objective": 0.5630195504788745,
  "objective_reduction": 0.004328261362333996,
  "initial_train_loss_history": 0.5666539358392393,
  "final_train_loss_history": 0.560543496390064,
  "best_train_loss_history": 0.560543496390064,
  "train_loss_reduction": 0.006110439449175331,
  "weight_norm": 4.951592012035018,
  "trace_s": 4.951592012035017,
  "top_eigenvalue": 1.053204497769379,
  "min_eigenvalue": 3.859337675703101e-10,
  "R1": 0.2127001770762875
}