{
  "alpha": null,
  "seed": 42,
  "n_train": 60,
  "n_population": 5000,
  "train_loss": 0.9296390834390281,
  "population_risk": 1.1117538851178677,
  "bayes_population_risk": 0.45666666666666667,
  "empirical_bayes_risk": 0.45289249735798714,
  "generalization_gap": 0.18211480167883953,
  "excess_population_risk": 0.655087218451201,
  "runtime_seconds": 18.289457816630602,
  "runtime_per_step_seconds": 0.0036578915633261205,
  "initial_objective": 1.0268469298819454,
  "final_objective": 0.933603685370255,
  "best_objective": 0.933603685370255,
  "objective_reduction": 0.09324324451169042,
  "initial_train_loss_history": 1.026129552982895,
  "final_train_loss_history": 0.9296390834390281,
  "best_train_loss_history": 0.9296390834390281,
  "train_loss_reduction": 0.09649046954386697,
  "weight_norm": 15.85814377841698,
  "trace_s": 15.858143778416986,
  "top_eigenvalue": 8.62863691004002,
  "min_eigenvalue": 2.233960184089239e-11,
  "R1": 0.5441139285030093,
  "effective_rank": 3.0037779283332564,
  "config_suffix": "cov_tridiagonal_mask_random_rho_0p5_lambda_1e-05_beta_1_d_25_T_5_lr_0p001_iter_5000_ntrain_60_seed_42",
  "ridge_lambda": 0.01,
  "ridge_train_loss": 0.4355412110004282,
  "ridge_population_risk": 0.48884426411702336,
  "ridge_generalization_gap": 0.05330305311659517,
  "ridge_excess_population_risk": 0.0321775974503567,
  "pca_n_components": 62,
  "pca_train_loss": 1.2646964441637844e-15,
  "pca_population_risk": 1.699479173904684,
  "pca_generalization_gap": 1.6994791739046826,
  "pca_excess_population_risk": 1.2428125072380172
}