{
  "alpha": null,
  "seed": 42,
  "n_train": 1000,
  "n_population": 5000,
  "train_loss": 0.8522248548343573,
  "population_risk": 0.860002186116295,
  "bayes_population_risk": 0.66,
  "empirical_bayes_risk": 0.664045268478848,
  "generalization_gap": 0.007777331281937694,
  "excess_population_risk": 0.20000218611629494,
  "runtime_seconds": 16.990995917469263,
  "runtime_per_step_seconds": 0.016990995917469262,
  "initial_objective": 0.8616701108078324,
  "final_objective": 0.8559364884594113,
  "best_objective": 0.8559364884594113,
  "objective_reduction": 0.005733622348421119,
  "initial_train_loss_history": 0.8562125560350915,
  "final_train_loss_history": 0.8522248548343573,
  "best_train_loss_history": 0.8522248548343573,
  "train_loss_reduction": 0.003987701200734217,
  "weight_norm": 0.7423072097163402,
  "trace_s": 0.7423072097163403,
  "top_eigenvalue": 0.3098917141126111,
  "min_eigenvalue": 5.713685499159787e-13,
  "R1": 0.417470974357141
}