{
  "alpha": null,
  "seed": 42,
  "n_train": 150,
  "n_population": 5000,
  "train_loss": 0.8047443873462652,
  "population_risk": 0.8355697486162755,
  "bayes_population_risk": 0.24553354982376377,
  "empirical_bayes_risk": 0.2452019651429387,
  "generalization_gap": 0.030825361270010343,
  "excess_population_risk": 0.5900361987925118,
  "runtime_seconds": 19.094133000820875,
  "runtime_per_step_seconds": 0.003818826600164175,
  "initial_objective": 0.8369474923794479,
  "final_objective": 0.8066507410647324,
  "best_objective": 0.8066507410647324,
  "objective_reduction": 0.03029675131471543,
  "initial_train_loss_history": 0.8365644447606269,
  "final_train_loss_history": 0.8047443873462652,
  "best_train_loss_history": 0.8047443873462652,
  "train_loss_reduction": 0.03182005741436167,
  "weight_norm": 7.625397044315459,
  "trace_s": 7.625397044315461,
  "top_eigenvalue": 3.266907283870128,
  "min_eigenvalue": 2.6304780597651684e-12,
  "R1": 0.4284245482411338,
  "effective_rank": 3.7599782674389504,
  "config_suffix": "cov_matern_mask_random_rho_NA_lambda_1e-05_beta_1_d_25_T_10_lr_0p001_iter_5000_ntrain_150_seed_42",
  "ridge_lambda": 0.01,
  "ridge_train_loss": 0.22828824868726907,
  "ridge_population_risk": 0.26198823517342373,
  "ridge_generalization_gap": 0.03369998648615466,
  "ridge_excess_population_risk": 0.016454685349659964,
  "pca_n_components": 75,
  "pca_train_loss": 0.16911598933316205,
  "pca_population_risk": 0.7546911798504742,
  "pca_generalization_gap": 0.5855751905173121,
  "pca_excess_population_risk": 0.5091576300267104
}