{
  "alpha": null,
  "seed": 42,
  "n_train": 5000,
  "n_population": 5000,
  "train_loss": 1.0685670761615473,
  "population_risk": 1.0596476771653356,
  "bayes_population_risk": 0.8444937602472408,
  "empirical_bayes_risk": 0.8444756521133798,
  "generalization_gap": -0.008919398996211747,
  "excess_population_risk": 0.21515391691809482,
  "runtime_seconds": 555.7036694474518,
  "runtime_per_step_seconds": 0.05557036694474518,
  "initial_objective": 1.0740461443640685,
  "final_objective": 1.0685670796278328,
  "best_objective": 1.0685670757365744,
  "objective_reduction": 0.005479064736235717,
  "initial_train_loss_history": 1.068790588696777,
  "final_train_loss_history": 1.0685670761615473,
  "best_train_loss_history": 1.067566011651393,
  "train_loss_reduction": 0.00022351253522967518,
  "weight_norm": 3.978582089924361e-09,
  "trace_s": 3.9785820899243615e-09,
  "top_eigenvalue": 3.97858055759007e-09,
  "min_eigenvalue": -5.643727511096694e-25,
  "R1": NaN
}