{
  "alpha": null,
  "seed": 42,
  "n_train": 2000,
  "n_population": 5000,
  "train_loss": 0.9487262142462374,
  "population_risk": 0.9547633818981552,
  "bayes_population_risk": 0.615,
  "empirical_bayes_risk": 0.6161810062716758,
  "generalization_gap": 0.006037167651917863,
  "excess_population_risk": 0.33976338189815525,
  "runtime_seconds": 102.36928691901267,
  "runtime_per_step_seconds": 0.10236928691901266,
  "initial_objective": 0.9508626109729671,
  "final_objective": 0.9491020795636579,
  "best_objective": 0.9491020795636579,
  "objective_reduction": 0.0017605314093092073,
  "initial_train_loss_history": 0.9503241601869244,
  "final_train_loss_history": 0.9487262142462374,
  "best_train_loss_history": 0.9487262142462374,
  "train_loss_reduction": 0.0015979459406870733,
  "weight_norm": 0.7517159919885276,
  "trace_s": 0.7517159919885271,
  "top_eigenvalue": 0.7488970823622929,
  "min_eigenvalue": 9.756072814929944e-13,
  "R1": 0.996250033714492
}