{
  "alpha": null,
  "seed": 42,
  "n_train": 4000,
  "n_population": 5000,
  "train_loss": 1.1687972104318047,
  "population_risk": 1.167941983771418,
  "bayes_population_risk": 0.9582577132486388,
  "empirical_bayes_risk": 0.9573895186255815,
  "generalization_gap": -0.000855226660386732,
  "excess_population_risk": 0.20968427052277916,
  "runtime_seconds": 482.15363451465964,
  "runtime_per_step_seconds": 0.048215363451465966,
  "initial_objective": 1.1701884265938274,
  "final_objective": 1.1688511896018334,
  "best_objective": 1.168851189601803,
  "objective_reduction": 0.0013372369919939509,
  "initial_train_loss_history": 1.16966185809138,
  "final_train_loss_history": 1.1687972104318047,
  "best_train_loss_history": 1.168796153388529,
  "train_loss_reduction": 0.0008646476595752794,
  "weight_norm": 0.10795834010799756,
  "trace_s": 0.10795834010799757,
  "top_eigenvalue": 0.10795834010784736,
  "min_eigenvalue": -4.331238909033002e-18,
  "R1": 0.9999999999986084,
  "config_suffix": "cov_tridiagonal_mask_last_rho_0p2_lambda_1e-05_beta_1_d_50_T_5_lr_0p001_iter_10000_ntrain_4000_seed_42"
}