{
  "alpha": null,
  "seed": 42,
  "n_train": 60,
  "n_population": 5000,
  "train_loss": 0.0683516205503631,
  "population_risk": 0.5768954281865996,
  "bayes_population_risk": 0.010443997575880022,
  "empirical_bayes_risk": 0.010422860505443828,
  "generalization_gap": 0.5085438076362364,
  "excess_population_risk": 0.5664514306107196,
  "runtime_seconds": 102.42230073548853,
  "runtime_per_step_seconds": 0.02048446014709771,
  "initial_objective": 0.16142800411791497,
  "final_objective": 0.09713257550554988,
  "best_objective": 0.09713257550554988,
  "objective_reduction": 0.06429542861236509,
  "initial_train_loss_history": 0.16036750085789245,
  "final_train_loss_history": 0.0683516205503631,
  "best_train_loss_history": 0.0683516205503631,
  "train_loss_reduction": 0.09201588030752934,
  "weight_norm": 28.780949060434697,
  "trace_s": 28.780949060434697,
  "top_eigenvalue": 18.954592441602,
  "min_eigenvalue": 3.943586014743803e-15,
  "R1": 0.6585812164081472,
  "effective_rank": 3.041086818006116,
  "config_suffix": "cov_toeplitz_mask_random_rho_0p99_lambda_1e-05_beta_1_d_100_T_50_lr_0p001_iter_5000_ntrain_60_seed_42"
}