{
  "alpha": null,
  "seed": 42,
  "n_train": 20,
  "n_population": 5000,
  "train_loss": 0.7577722144538868,
  "population_risk": 1.3668873137998878,
  "bayes_population_risk": 0.7459898192227884,
  "empirical_bayes_risk": 0.7454181622596684,
  "generalization_gap": 0.609115099346001,
  "excess_population_risk": 0.6208974945770994,
  "runtime_seconds": 30.973432259634137,
  "runtime_per_step_seconds": 0.006194686451926827,
  "initial_objective": 0.9574997001096287,
  "final_objective": 0.7752992118024018,
  "best_objective": 0.7752992118024018,
  "objective_reduction": 0.1822004883072269,
  "initial_train_loss_history": 0.9560179453155403,
  "final_train_loss_history": 0.7577722144538868,
  "best_train_loss_history": 0.7577722144538868,
  "train_loss_reduction": 0.19824573086165354,
  "weight_norm": 17.5269519505104,
  "trace_s": 17.5269519505104,
  "top_eigenvalue": 12.707418134578795,
  "min_eigenvalue": 1.2594773118448664e-13,
  "R1": 0.7250215650992727,
  "effective_rank": 2.208638848654275,
  "config_suffix": "cov_matern_mask_random_rho_NA_lambda_1e-05_beta_1_d_100_T_5_lr_0p001_iter_5000_ntrain_20_seed_42"
}