{
  "alpha": null,
  "seed": 42,
  "n_train": 500,
  "n_population": 5000,
  "train_loss": 0.5410238937005826,
  "population_risk": 0.5611336631329109,
  "bayes_population_risk": 0.1214410313285021,
  "empirical_bayes_risk": 0.12138058067241828,
  "generalization_gap": 0.02010976943232834,
  "excess_population_risk": 0.4396926318044088,
  "runtime_seconds": 21.93289816007018,
  "runtime_per_step_seconds": 0.004386579632014036,
  "initial_objective": 0.5935054952929931,
  "final_objective": 0.5438222258267411,
  "best_objective": 0.5438222258267411,
  "objective_reduction": 0.04968326946625201,
  "initial_train_loss_history": 0.5925102316726047,
  "final_train_loss_history": 0.5410238937005826,
  "best_train_loss_history": 0.5410238937005826,
  "train_loss_reduction": 0.05148633797202218,
  "weight_norm": 11.193214153233585,
  "trace_s": 11.193214153233585,
  "top_eigenvalue": 3.5595334980676134,
  "min_eigenvalue": 2.4624168941790627e-09,
  "R1": 0.3180081654239866,
  "effective_rank": 6.390046119335809,
  "config_suffix": "cov_toeplitz_bump_mask_random_rho_0p7_lambda_1e-05_beta_1_d_25_T_5_lr_0p001_iter_5000_ntrain_500_seed_42",
  "ridge_lambda": 0.01,
  "ridge_train_loss": 0.12489082600116384,
  "ridge_population_risk": 0.12236665557013403,
  "ridge_generalization_gap": -0.002524170431029815,
  "ridge_excess_population_risk": 0.0009256242416319227,
  "pca_n_components": 62,
  "pca_train_loss": 0.2755720364978823,
  "pca_population_risk": 0.3836802854836796,
  "pca_generalization_gap": 0.1081082489857973,
  "pca_excess_population_risk": 0.2622392541551775
}