{
  "alpha": null,
  "seed": 42,
  "n_train": 100,
  "n_population": 5000,
  "train_loss": 0.9639812269498678,
  "population_risk": 1.0139410983363353,
  "bayes_population_risk": 0.66,
  "empirical_bayes_risk": 0.7493945602115542,
  "generalization_gap": 0.049959871386467514,
  "excess_population_risk": 0.35394109833633525,
  "runtime_seconds": 40.43247070722282,
  "runtime_per_step_seconds": 0.004043247070722282,
  "initial_objective": 1.0071875207950993,
  "final_objective": 0.9835699000695922,
  "best_objective": 0.9835699000695919,
  "objective_reduction": 0.023617620725507105,
  "initial_train_loss_history": 1.0019463701100704,
  "final_train_loss_history": 0.9639812269498678,
  "best_train_loss_history": 0.9639714535230142,
  "train_loss_reduction": 0.03796514316020261,
  "weight_norm": 3.917734623944852,
  "trace_s": 3.917734623944852,
  "top_eigenvalue": 2.761594035761071,
  "min_eigenvalue": -4.3052336430580716e-16,
  "R1": 0.7048956350648276
}