{
  "alpha": null,
  "seed": 42,
  "n_train": 2000,
  "n_population": 5000,
  "train_loss": 0.07534291614531052,
  "population_risk": 0.07499987620020358,
  "bayes_population_risk": 0.011034997727387535,
  "empirical_bayes_risk": 0.011099449184311501,
  "generalization_gap": -0.00034303994510694047,
  "excess_population_risk": 0.06396487847281605,
  "runtime_seconds": 670.0350134279579,
  "runtime_per_step_seconds": 0.13400700268559157,
  "initial_objective": 0.07749471760985817,
  "final_objective": 0.07534291685891006,
  "best_objective": 0.07534291540386823,
  "objective_reduction": 0.0021518007509481046,
  "initial_train_loss_history": 0.07531772362725046,
  "final_train_loss_history": 0.07534291614531052,
  "best_train_loss_history": 0.07487633816096735,
  "train_loss_reduction": -2.5192518060060398e-05,
  "weight_norm": 6.432489867834667e-09,
  "trace_s": 6.432489867834667e-09,
  "top_eigenvalue": 6.347423906346702e-09,
  "min_eigenvalue": -9.598489282466367e-25,
  "R1": NaN,
  "effective_rank": 1.0832533506872168,
  "config_suffix": "cov_toeplitz_mask_random_rho_0p99_lambda_1e-05_beta_1_d_200_T_20_lr_0p001_iter_5000_ntrain_2000_seed_42"
}