{
  "alpha": null,
  "seed": 42,
  "n_train": 500,
  "n_population": 5000,
  "train_loss": 0.9646289247553613,
  "population_risk": 0.9892791688635074,
  "bayes_population_risk": 0.45666666666666667,
  "empirical_bayes_risk": 0.4564415024337617,
  "generalization_gap": 0.02465024410814609,
  "excess_population_risk": 0.5326125021968408,
  "runtime_seconds": 23.317919733002782,
  "runtime_per_step_seconds": 0.023317919733002783,
  "initial_objective": 0.9886700494162634,
  "final_objective": 0.9683517030566795,
  "best_objective": 0.9683517030566795,
  "objective_reduction": 0.02031834635958385,
  "initial_train_loss_history": 0.9878587445028506,
  "final_train_loss_history": 0.9646289247553613,
  "best_train_loss_history": 0.9646289247553613,
  "train_loss_reduction": 0.023229819747489278,
  "weight_norm": 7.442176696926639,
  "trace_s": 7.442176696926638,
  "top_eigenvalue": 2.035598530586774,
  "min_eigenvalue": 1.7201603657241507e-08,
  "R1": 0.27352192960258614
}