{
  "alpha": null,
  "seed": 42,
  "n_train": 100,
  "n_population": 5000,
  "train_loss": 0.3455945987732173,
  "population_risk": 0.9161407922018147,
  "bayes_population_risk": 0.05101341981519296,
  "empirical_bayes_risk": 0.05177409011304293,
  "generalization_gap": 0.5705461934285974,
  "excess_population_risk": 0.8651273723866217,
  "runtime_seconds": 18.977736683562398,
  "runtime_per_step_seconds": 0.0037955473367124798,
  "initial_objective": 0.521281738255109,
  "final_objective": 0.3763641824231644,
  "best_objective": 0.3763641824231644,
  "objective_reduction": 0.14491755583194466,
  "initial_train_loss_history": 0.5205034971449521,
  "final_train_loss_history": 0.3455945987732173,
  "best_train_loss_history": 0.3455945987732173,
  "train_loss_reduction": 0.17490889837173484,
  "weight_norm": 61.538023149513386,
  "trace_s": 61.53802314951338,
  "top_eigenvalue": 41.904494974259435,
  "min_eigenvalue": 1.92284106219329e-09,
  "R1": 0.680952894317841,
  "effective_rank": 3.1857820185782826,
  "config_suffix": "cov_matern_mask_random_rho_NA_lambda_1e-05_beta_1_d_50_T_10_lr_0p001_iter_5000_ntrain_100_seed_42",
  "ridge_lambda": 0.01,
  "ridge_train_loss": 0.046963238975517047,
  "ridge_population_risk": 0.05671619746613079,
  "ridge_generalization_gap": 0.009752958490613743,
  "ridge_excess_population_risk": 0.005702777650937831,
  "pca_n_components": 75,
  "pca_train_loss": 0.05401444357962405,
  "pca_population_risk": 0.612835425349912,
  "pca_generalization_gap": 0.5588209817702879,
  "pca_excess_population_risk": 0.5618220055347191
}