{
  "alpha": null,
  "seed": 42,
  "n_train": 5000,
  "n_population": 5000,
  "train_loss": 1.1139073899841545,
  "population_risk": 1.1055848339570722,
  "bayes_population_risk": 0.9339407664588757,
  "empirical_bayes_risk": 0.9342292292564187,
  "generalization_gap": -0.008322556027082317,
  "excess_population_risk": 0.1716440674981965,
  "runtime_seconds": 613.9334563519806,
  "runtime_per_step_seconds": 0.061393345635198056,
  "initial_objective": 1.1194692819679386,
  "final_objective": 1.1139072006791157,
  "best_objective": 1.11390692488829,
  "objective_reduction": 0.005562081288822851,
  "initial_train_loss_history": 1.1136082460474335,
  "final_train_loss_history": 1.1139073899841545,
  "best_train_loss_history": 1.1133478384023288,
  "train_loss_reduction": -0.0002991439367210358,
  "weight_norm": 5.790115515846682e-06,
  "trace_s": 5.7901155158466834e-06,
  "top_eigenvalue": 5.7901153598906155e-06,
  "min_eigenvalue": -5.853834697870321e-22,
  "R1": 0.9999999730651193
}