{
  "alpha": null,
  "seed": 42,
  "n_train": 1750,
  "n_population": 5000,
  "train_loss": 0.2341903102857502,
  "population_risk": 0.2377466799250108,
  "bayes_population_risk": 0.13898342541436456,
  "empirical_bayes_risk": 0.13790090306551925,
  "generalization_gap": 0.0035563696392606203,
  "excess_population_risk": 0.09876325451064624,
  "runtime_seconds": 76.86123228259385,
  "runtime_per_step_seconds": 0.01537224645651877,
  "initial_objective": 0.289533702470994,
  "final_objective": 0.24714322829718582,
  "best_objective": 0.24714322829718582,
  "objective_reduction": 0.0423904741738082,
  "initial_train_loss_history": 0.287371792090088,
  "final_train_loss_history": 0.2341903102857502,
  "best_train_loss_history": 0.2341903102857502,
  "train_loss_reduction": 0.05318148180433782,
  "weight_norm": 12.952912107239003,
  "trace_s": 12.952912107239005,
  "top_eigenvalue": 1.4047220174133284,
  "min_eigenvalue": 1.1001959192213096e-13,
  "R1": 0.1084483555345265,
  "effective_rank": 18.706682905878402,
  "config_suffix": "cov_toeplitz_mask_random_rho_0p9_lambda_1e-05_beta_1_d_100_T_5_lr_0p001_iter_5000_ntrain_1750_seed_42",
  "ridge_lambda": 0.01,
  "ridge_train_loss": 0.13894883059694263,
  "ridge_population_risk": 0.1381804723407409,
  "ridge_generalization_gap": -0.0007683582562017233,
  "ridge_excess_population_risk": -0.0008029530736236579,
  "pca_n_components": 75,
  "pca_train_loss": 0.34965138619037406,
  "pca_population_risk": 0.4289116438970192,
  "pca_generalization_gap": 0.07926025770664513,
  "pca_excess_population_risk": 0.2899282184826546
}