{
  "alpha": null,
  "seed": 42,
  "n_train": 5000,
  "n_population": 5000,
  "train_loss": 0.7988323248519058,
  "population_risk": 0.8060932827608742,
  "bayes_population_risk": 0.48757509716865854,
  "empirical_bayes_risk": 0.4898929285713272,
  "generalization_gap": 0.007260957908968413,
  "excess_population_risk": 0.3185181855922157,
  "runtime_seconds": 330.31529813446105,
  "runtime_per_step_seconds": 0.06606305962689221,
  "initial_objective": 0.8148057555526581,
  "final_objective": 0.8050661993733373,
  "best_objective": 0.8050661993733373,
  "objective_reduction": 0.009739556179320763,
  "initial_train_loss_history": 0.8132227913842418,
  "final_train_loss_history": 0.7988323248519058,
  "best_train_loss_history": 0.7988310983736072,
  "train_loss_reduction": 0.014390466532336,
  "weight_norm": 6.233874328138791,
  "trace_s": 6.233874328138789,
  "top_eigenvalue": 1.340043431630177,
  "min_eigenvalue": 8.190503061081398e-17,
  "R1": 0.21496157302713317,
  "effective_rank": 11.10110303137846,
  "config_suffix": "cov_toeplitz_bump_mask_random_rho_0p5_lambda_1e-05_beta_1_d_100_T_5_lr_0p001_iter_5000_ntrain_5000_seed_42",
  "ridge_lambda": 0.01,
  "ridge_train_loss": 0.4890018431633322,
  "ridge_population_risk": 0.4902942122293547,
  "ridge_generalization_gap": 0.0012923690660225362,
  "ridge_excess_population_risk": 0.0027191150606961645,
  "pca_n_components": 75,
  "pca_train_loss": 0.7967377202251404,
  "pca_population_risk": 0.8543142142270698,
  "pca_generalization_gap": 0.057576494001929324,
  "pca_excess_population_risk": 0.3667391170584112
}