{
  "alpha": null,
  "seed": 42,
  "n_train": 2000,
  "n_population": 5000,
  "train_loss": 1.116783165129755,
  "population_risk": 1.1230313057243784,
  "bayes_population_risk": 0.8649174311926606,
  "empirical_bayes_risk": 0.9119981226677512,
  "generalization_gap": 0.006248140594623308,
  "excess_population_risk": 0.25811387453171775,
  "runtime_seconds": 36.46314140968025,
  "runtime_per_step_seconds": 0.036463141409680246,
  "initial_objective": 1.1195021025491574,
  "final_objective": 1.1173433333480296,
  "best_objective": 1.1173433333480296,
  "objective_reduction": 0.002158769201127786,
  "initial_train_loss_history": 1.1184716972837532,
  "final_train_loss_history": 1.116783165129755,
  "best_train_loss_history": 1.1167787782879357,
  "train_loss_reduction": 0.0016885321539981124,
  "weight_norm": 0.5601671541990145,
  "trace_s": 0.5601671541990146,
  "top_eigenvalue": 0.559678549917873,
  "min_eigenvalue": 1.0901030461241182e-16,
  "R1": 0.9991277527118837
}