{
  "alpha": null,
  "seed": 42,
  "n_train": 500,
  "n_population": 5000,
  "train_loss": 0.9637888062246532,
  "population_risk": 0.9901451131920818,
  "bayes_population_risk": 0.45666666666666667,
  "empirical_bayes_risk": 0.4564415024337617,
  "generalization_gap": 0.026356306967428522,
  "excess_population_risk": 0.5334784465254151,
  "runtime_seconds": 83.75876888260245,
  "runtime_per_step_seconds": 0.008375876888260246,
  "initial_objective": 0.9886700494162634,
  "final_objective": 0.9677863617732914,
  "best_objective": 0.9677863156724339,
  "objective_reduction": 0.020883687642971993,
  "initial_train_loss_history": 0.9878587445028506,
  "final_train_loss_history": 0.9637888062246532,
  "best_train_loss_history": 0.9637866274087346,
  "train_loss_reduction": 0.024069938278197367,
  "weight_norm": 7.995150963904353,
  "trace_s": 7.9951509639043525,
  "top_eigenvalue": 1.9786665397585694,
  "min_eigenvalue": 7.408924349913398e-16,
  "R1": 0.24748332441646698
}