{
  "alpha": null,
  "seed": 42,
  "n_train": 30,
  "n_population": 5000,
  "train_loss": 1.037224945759734,
  "population_risk": 1.2939481460207405,
  "bayes_population_risk": 0.9710902924899966,
  "empirical_bayes_risk": 0.9707628364051026,
  "generalization_gap": 0.2567232002610065,
  "excess_population_risk": 0.3228578535307439,
  "runtime_seconds": 23.0085545219481,
  "runtime_per_step_seconds": 0.00460171090438962,
  "initial_objective": 1.1109193215003856,
  "final_objective": 1.0407264857238,
  "best_objective": 1.0407264857238,
  "objective_reduction": 0.07019283577658553,
  "initial_train_loss_history": 1.1104573521736762,
  "final_train_loss_history": 1.037224945759734,
  "best_train_loss_history": 1.037224945759734,
  "train_loss_reduction": 0.07323240641394224,
  "weight_norm": 14.006001581767174,
  "trace_s": 14.006001581767178,
  "top_eigenvalue": 6.766598440649489,
  "min_eigenvalue": 2.593613655667898e-10,
  "R1": 0.48312135345309065,
  "effective_rank": 3.1725263806723127,
  "config_suffix": "cov_exponential_mask_random_rho_NA_lambda_1e-05_beta_1_d_25_T_5_lr_0p001_iter_5000_ntrain_30_seed_42"
}