{
  "alpha": null,
  "seed": 42,
  "n_train": 250,
  "n_population": 5000,
  "train_loss": 0.21210099612448047,
  "population_risk": 0.2647255396362414,
  "bayes_population_risk": 0.13898342541436456,
  "empirical_bayes_risk": 0.14048926850839175,
  "generalization_gap": 0.052624543511760935,
  "excess_population_risk": 0.12574211422187684,
  "runtime_seconds": 50.21606687549502,
  "runtime_per_step_seconds": 0.010043213375099003,
  "initial_objective": 0.28427120915269494,
  "final_objective": 0.22949708922403098,
  "best_objective": 0.22949708922403098,
  "objective_reduction": 0.05477411992866396,
  "initial_train_loss_history": 0.28204978319408963,
  "final_train_loss_history": 0.21210099612448047,
  "best_train_loss_history": 0.21210099612448047,
  "train_loss_reduction": 0.06994878706960916,
  "weight_norm": 17.396085701464973,
  "trace_s": 17.396085701464965,
  "top_eigenvalue": 6.702135140929473,
  "min_eigenvalue": 1.1675158050530464e-13,
  "R1": 0.385266850022765,
  "effective_rank": 7.179107836133524,
  "config_suffix": "cov_toeplitz_mask_random_rho_0p9_lambda_1e-05_beta_1_d_100_T_5_lr_0p001_iter_5000_ntrain_250_seed_42"
}