{
  "alpha": null,
  "seed": 42,
  "n_train": 2000,
  "n_population": 5000,
  "train_loss": 0.7157218308856222,
  "population_risk": 0.7237870378999484,
  "bayes_population_risk": 0.5301185178874289,
  "empirical_bayes_risk": 0.5286730060014124,
  "generalization_gap": 0.008065207014326115,
  "excess_population_risk": 0.19366852001251944,
  "runtime_seconds": 340.27863353677094,
  "runtime_per_step_seconds": 0.06805572670735419,
  "initial_objective": 0.7405727167366305,
  "final_objective": 0.7244568376516822,
  "best_objective": 0.7244568376516822,
  "objective_reduction": 0.01611587908494827,
  "initial_train_loss_history": 0.7388980648697016,
  "final_train_loss_history": 0.7157218308856222,
  "best_train_loss_history": 0.7157213840518291,
  "train_loss_reduction": 0.02317623398407931,
  "weight_norm": 8.73500650104317,
  "trace_s": 8.73500650104317,
  "top_eigenvalue": 2.106056847607509,
  "min_eigenvalue": 7.265631904718813e-17,
  "R1": 0.24110535548611164,
  "effective_rank": 11.16079868806592,
  "config_suffix": "cov_exponential_mask_random_rho_NA_lambda_1e-05_beta_1_d_100_T_5_lr_0p001_iter_5000_ntrain_2000_seed_42"
}