{
  "alpha": 2.0,
  "seed": 0,
  "n_train": 5000,
  "n_population": 5000,
  "train_loss": 0.8470909379665839,
  "population_risk": 0.8460066688642828,
  "bayes_population_risk": 0.66,
  "empirical_bayes_risk": 0.6601247920553202,
  "generalization_gap": -0.001084269102301083,
  "excess_population_risk": 0.18600666886428274,
  "runtime_seconds": 61.94051595800556,
  "runtime_per_step_seconds": 0.061940515958005565,
  "initial_objective": 0.8697311070214819,
  "final_objective": 0.8503934670226562,
  "best_objective": 0.8503934670226562,
  "objective_reduction": 0.019337639998825762,
  "initial_train_loss_history": 0.8620786201624804,
  "final_train_loss_history": 0.8470909379665839,
  "best_train_loss_history": 0.8470909379665839,
  "train_loss_reduction": 0.014987682195896523,
  "weight_norm": 0.6604263065797543,
  "trace_s": 0.6604263065797544,
  "top_eigenvalue": 0.12161669348151782,
  "min_eigenvalue": 5.1936393669782097e-11,
  "R1": 0.1841487721943601
}