{
  "alpha": 1.0,
  "seed": 0,
  "n_train": 2500,
  "n_population": 5000,
  "train_loss": 1.1375523011367936,
  "population_risk": 1.1343436447562414,
  "bayes_population_risk": 0.9382971014492754,
  "empirical_bayes_risk": 0.935381205186696,
  "weight_norm": 0.004415437891428973,
  "trace_s": 0.004415437891428972,
  "top_eigenvalue": 0.0004276534470405361,
  "R1": 0.09685414166297653
}