{
  "alpha": null,
  "seed": 42,
  "n_train": 500,
  "n_population": 5000,
  "train_loss": 0.9895347013506286,
  "population_risk": 0.9970745338375855,
  "bayes_population_risk": 0.75,
  "empirical_bayes_risk": 0.7499500525541332,
  "generalization_gap": 0.007539832486956888,
  "excess_population_risk": 0.24707453383758549,
  "runtime_seconds": 19.331503309309483,
  "runtime_per_step_seconds": 0.019331503309309484,
  "initial_objective": 1.001701956390274,
  "final_objective": 0.9938152722156159,
  "best_objective": 0.9938152722156159,
  "objective_reduction": 0.007886684174658098,
  "initial_train_loss_history": 0.9965071065292592,
  "final_train_loss_history": 0.9895347013506286,
  "best_train_loss_history": 0.9895347013506286,
  "train_loss_reduction": 0.006972405178630625,
  "weight_norm": 0.8561119151237604,
  "trace_s": 0.8561119151237601,
  "top_eigenvalue": 0.8556019929790786,
  "min_eigenvalue": 3.071347602034529e-14,
  "R1": 0.9994043744332095,
  "config_suffix": "cov_toeplitz_mask_last_rho_0p5_lambda_0p0001_beta_1_d_50_T_5_lr_0p001_iter_1000_ntrain_500_seed_42"
}