{
  "alpha": null,
  "seed": 42,
  "n_train": 50,
  "n_population": 5000,
  "train_loss": 0.896862502037659,
  "population_risk": 1.1527872823447658,
  "bayes_population_risk": 0.66,
  "empirical_bayes_risk": 0.7493984358577586,
  "generalization_gap": 0.25592478030710675,
  "excess_population_risk": 0.49278728234476576,
  "runtime_seconds": 6.858373237773776,
  "runtime_per_step_seconds": 0.0068583732377737764,
  "initial_objective": 1.0197697329762432,
  "final_objective": 0.9062169915606971,
  "best_objective": 0.9062169915606971,
  "objective_reduction": 0.11355274141554605,
  "initial_train_loss_history": 1.019019129246211,
  "final_train_loss_history": 0.896862502037659,
  "best_train_loss_history": 0.896862502037659,
  "train_loss_reduction": 0.12215662720855192,
  "weight_norm": 18.664283250371724,
  "trace_s": 18.664283250371728,
  "top_eigenvalue": 8.487487073724349,
  "min_eigenvalue": 8.030854007768669e-11,
  "R1": 0.45474487071746034
}