{
  "alpha": null,
  "seed": 42,
  "n_train": 60,
  "n_population": 5000,
  "train_loss": 0.7027875431269979,
  "population_risk": 1.4418074318422252,
  "bayes_population_risk": 0.45666666666666667,
  "empirical_bayes_risk": 0.45983387760421013,
  "generalization_gap": 0.7390198887152273,
  "excess_population_risk": 0.9851407651755585,
  "runtime_seconds": 28.392686653882265,
  "runtime_per_step_seconds": 0.005678537330776453,
  "initial_objective": 0.9596027847267945,
  "final_objective": 0.7489487774476653,
  "best_objective": 0.7489487774476653,
  "objective_reduction": 0.2106540072791292,
  "initial_train_loss_history": 0.9580466868822906,
  "final_train_loss_history": 0.7027875431269979,
  "best_train_loss_history": 0.7027875431269979,
  "train_loss_reduction": 0.2552591437552927,
  "weight_norm": 46.1611719618726,
  "trace_s": 46.161171961872576,
  "top_eigenvalue": 27.58065199505789,
  "min_eigenvalue": 8.74349291113646e-14,
  "R1": 0.5974859567655365,
  "effective_rank": 3.2611464516566686,
  "config_suffix": "cov_tridiagonal_mask_random_rho_0p5_lambda_1e-05_beta_1_d_100_T_5_lr_0p001_iter_5000_ntrain_60_seed_42"
}