{
  "alpha": null,
  "seed": 42,
  "n_train": 125,
  "n_population": 5000,
  "train_loss": 0.3048670518219466,
  "population_risk": 0.3773461679757901,
  "bayes_population_risk": 0.07006953088198194,
  "empirical_bayes_risk": 0.07020112201856592,
  "generalization_gap": 0.0724791161538435,
  "excess_population_risk": 0.3072766370938082,
  "runtime_seconds": 16.958447508513927,
  "runtime_per_step_seconds": 0.0033916895017027855,
  "initial_objective": 0.3962511085661948,
  "final_objective": 0.31112226890987776,
  "best_objective": 0.31112226890987776,
  "objective_reduction": 0.08512883965631701,
  "initial_train_loss_history": 0.395503406610221,
  "final_train_loss_history": 0.3048670518219466,
  "best_train_loss_history": 0.3048670518219466,
  "train_loss_reduction": 0.09063635478827436,
  "weight_norm": 25.019947752718444,
  "trace_s": 25.019947752718444,
  "top_eigenvalue": 11.412890941692126,
  "min_eigenvalue": 3.2464180795056984e-08,
  "R1": 0.45615166963936227,
  "effective_rank": 5.494794903016527,
  "config_suffix": "cov_matern_mask_random_rho_NA_lambda_1e-05_beta_1_d_25_T_5_lr_0p001_iter_5000_ntrain_125_seed_42",
  "ridge_lambda": 0.01,
  "ridge_train_loss": 0.06994685081312016,
  "ridge_population_risk": 0.0725737588362535,
  "ridge_generalization_gap": 0.0026269080231333397,
  "ridge_excess_population_risk": 0.0025042279542715623,
  "pca_n_components": 62,
  "pca_train_loss": 0.04966922850322307,
  "pca_population_risk": 0.2294959646801738,
  "pca_generalization_gap": 0.17982673617695072,
  "pca_excess_population_risk": 0.15942643379819188
}