{
  "alpha": null,
  "seed": 42,
  "n_train": 1750,
  "n_population": 5000,
  "train_loss": 0.3205415875409851,
  "population_risk": 0.33484586803985555,
  "bayes_population_risk": 0.07006953088198194,
  "empirical_bayes_risk": 0.0691743973597582,
  "generalization_gap": 0.014304280498870448,
  "excess_population_risk": 0.26477633715787363,
  "runtime_seconds": 306.04750978946686,
  "runtime_per_step_seconds": 0.06120950195789337,
  "initial_objective": 0.37741201327885504,
  "final_objective": 0.33713776635270576,
  "best_objective": 0.33713776635270576,
  "objective_reduction": 0.04027424692614928,
  "initial_train_loss_history": 0.37536305854838886,
  "final_train_loss_history": 0.3205415875409851,
  "best_train_loss_history": 0.3205415875409851,
  "train_loss_reduction": 0.054821471007403755,
  "weight_norm": 16.596175090042923,
  "trace_s": 16.596175090042927,
  "top_eigenvalue": 4.531697045613683,
  "min_eigenvalue": 9.918125337075289e-16,
  "R1": 0.273056714636165,
  "effective_rank": 12.484153021075077,
  "config_suffix": "cov_matern_mask_random_rho_NA_lambda_1e-05_beta_1_d_100_T_5_lr_0p001_iter_5000_ntrain_1750_seed_42"
}