{
  "alpha": null,
  "seed": 42,
  "n_train": 100,
  "n_population": 5000,
  "train_loss": 0.9457113692440664,
  "population_risk": 1.0673335882084423,
  "bayes_population_risk": 0.66,
  "empirical_bayes_risk": 0.7493945602115542,
  "generalization_gap": 0.12162221896437586,
  "excess_population_risk": 0.40733358820844223,
  "runtime_seconds": 7.209326392039657,
  "runtime_per_step_seconds": 0.007209326392039656,
  "initial_objective": 1.0025967789642214,
  "final_objective": 0.9520916914267554,
  "best_objective": 0.9520916914267554,
  "objective_reduction": 0.050505087537465965,
  "initial_train_loss_history": 1.0019360832554745,
  "final_train_loss_history": 0.9457113692440664,
  "best_train_loss_history": 0.9457113692440664,
  "train_loss_reduction": 0.05622471401140805,
  "weight_norm": 12.752843746580394,
  "trace_s": 12.75284374658039,
  "top_eigenvalue": 4.886309550980478,
  "min_eigenvalue": 7.737722781540829e-08,
  "R1": 0.3831545064049511
}