{
  "alpha": null,
  "seed": 42,
  "n_train": 175,
  "n_population": 5000,
  "train_loss": 0.9657656864463352,
  "population_risk": 1.0189883865068847,
  "bayes_population_risk": 0.7166519216006867,
  "empirical_bayes_risk": 0.7188047381434163,
  "generalization_gap": 0.05322270006054952,
  "excess_population_risk": 0.30233646490619803,
  "runtime_seconds": 53.9441895596683,
  "runtime_per_step_seconds": 0.010788837911933661,
  "initial_objective": 0.9902092802710595,
  "final_objective": 0.9689435146940388,
  "best_objective": 0.9689435146940388,
  "objective_reduction": 0.021265765577020646,
  "initial_train_loss_history": 0.9895791443877459,
  "final_train_loss_history": 0.9657656864463352,
  "best_train_loss_history": 0.9657656864463352,
  "train_loss_reduction": 0.023813457941410654,
  "weight_norm": 6.3556548580445344,
  "trace_s": 6.355654858044537,
  "top_eigenvalue": 2.9263951908583143,
  "min_eigenvalue": 5.555604705955938e-15,
  "R1": 0.4604396016178083,
  "effective_rank": 3.433343565268157,
  "config_suffix": "cov_matern_mask_random_rho_NA_lambda_1e-05_beta_1_d_50_T_10_lr_0p001_iter_5000_ntrain_175_seed_42"
}