{
  "alpha": null,
  "seed": 42,
  "n_train": 125,
  "n_population": 5000,
  "train_loss": 1.013733951784463,
  "population_risk": 1.0281613491473298,
  "bayes_population_risk": 1.0,
  "empirical_bayes_risk": 1.0023389623911114,
  "generalization_gap": 0.0144273973628668,
  "excess_population_risk": 0.028161349147329817,
  "runtime_seconds": 82.3111344538629,
  "runtime_per_step_seconds": 0.01646222689077258,
  "initial_objective": 1.0219450319806762,
  "final_objective": 1.0159738666247575,
  "best_objective": 1.0159738666230091,
  "objective_reduction": 0.005971165355918684,
  "initial_train_loss_history": 1.0209292500890728,
  "final_train_loss_history": 1.013733951784463,
  "best_train_loss_history": 1.0137338961762514,
  "train_loss_reduction": 0.007195298304609743,
  "weight_norm": 2.2399148530129067,
  "trace_s": 2.2399148530129063,
  "top_eigenvalue": 2.2399148530004798,
  "min_eigenvalue": -8.296958064741017e-17,
  "R1": 0.9999999999944517,
  "effective_rank": 1.000000000046474,
  "config_suffix": "cov_identity_mask_random_rho_NA_lambda_1e-05_beta_1_d_100_T_50_lr_0p001_iter_5000_ntrain_125_seed_42",
  "ridge_lambda": 0.01,
  "ridge_train_loss": 0.6148199682331797,
  "ridge_population_risk": 1.6546002326079796,
  "ridge_generalization_gap": 1.0397802643747998,
  "ridge_excess_population_risk": 0.6546002326079796,
  "pca_n_components": 75,
  "pca_train_loss": 0.3447177682678812,
  "pca_population_risk": 1.0260475762894918,
  "pca_generalization_gap": 0.6813298080216106,
  "pca_excess_population_risk": 0.026047576289491836
}