{
  "alpha": null,
  "seed": 42,
  "n_train": 500,
  "n_population": 5000,
  "train_loss": 0.844047887471,
  "population_risk": 0.8563836377057079,
  "bayes_population_risk": 0.66,
  "empirical_bayes_risk": 0.6587575318513075,
  "generalization_gap": 0.012335750234707898,
  "excess_population_risk": 0.19638363770570788,
  "runtime_seconds": 37.73738865181804,
  "runtime_per_step_seconds": 0.037737388651818034,
  "initial_objective": 0.8690481904312244,
  "final_objective": 0.8484183710840822,
  "best_objective": 0.8484183710840822,
  "objective_reduction": 0.020629819347142142,
  "initial_train_loss_history": 0.865811661173969,
  "final_train_loss_history": 0.844047887471,
  "best_train_loss_history": 0.844047887471,
  "train_loss_reduction": 0.021763773702969003,
  "weight_norm": 8.740962972765022,
  "trace_s": 8.74096297276502,
  "top_eigenvalue": 2.1871901906985047,
  "min_eigenvalue": 2.8262933821248584e-17,
  "R1": 0.2502230243410622
}