{
  "alpha": 5.0,
  "seed": 0,
  "n_train": 12500,
  "n_population": 5000,
  "train_loss": 1.1188568821308658,
  "population_risk": 1.122733023277185,
  "bayes_population_risk": 0.9415384615384615,
  "empirical_bayes_risk": 0.9408084020563688,
  "weight_norm": 0.004461881376780519,
  "trace_s": 0.00446188137678052,
  "top_eigenvalue": 0.00044653746254937976,
  "R1": 0.10007829093645244
}