{
  "alpha": null,
  "seed": 42,
  "n_train": 50,
  "n_population": 5000,
  "train_loss": 0.16862037570053914,
  "population_risk": 0.8434305591033808,
  "bayes_population_risk": 0.13898342541436456,
  "empirical_bayes_risk": 0.14033066833904853,
  "generalization_gap": 0.6748101834028417,
  "excess_population_risk": 0.7044471336890162,
  "runtime_seconds": 17.114122612401843,
  "runtime_per_step_seconds": 0.0034228245224803685,
  "initial_objective": 0.2932276009042314,
  "final_objective": 0.19576256390608482,
  "best_objective": 0.19576256390608482,
  "objective_reduction": 0.09746503699814657,
  "initial_train_loss_history": 0.29101864430597385,
  "final_train_loss_history": 0.16862037570053914,
  "best_train_loss_history": 0.16862037570053914,
  "train_loss_reduction": 0.1223982686054347,
  "weight_norm": 27.142177958784416,
  "trace_s": 27.142177958784416,
  "top_eigenvalue": 15.471078383455144,
  "min_eigenvalue": 7.45403244765758e-13,
  "R1": 0.5700013612374102,
  "effective_rank": 3.7192402860034175,
  "config_suffix": "cov_toeplitz_mask_random_rho_0p9_lambda_1e-05_beta_1_d_100_T_5_lr_0p001_iter_5000_ntrain_50_seed_42",
  "ridge_lambda": 0.01,
  "ridge_train_loss": 0.1325732837601173,
  "ridge_population_risk": 0.15200512191415375,
  "ridge_generalization_gap": 0.019431838154036457,
  "ridge_excess_population_risk": 0.013021696499789182,
  "pca_n_components": 75,
  "pca_train_loss": 1.7199388773464106e-16,
  "pca_population_risk": 0.7646203025106973,
  "pca_generalization_gap": 0.7646203025106971,
  "pca_excess_population_risk": 0.6256368770963328
}