{
  "alpha": null,
  "seed": 42,
  "n_train": 10000,
  "n_population": 5000,
  "train_loss": 0.5759092902226386,
  "population_risk": 0.5768848146700002,
  "bayes_population_risk": 0.27570731707317064,
  "empirical_bayes_risk": 0.35961820179109205,
  "generalization_gap": 0.0009755244473615976,
  "excess_population_risk": 0.30117749759682955,
  "runtime_seconds": 190.03082747384906,
  "runtime_per_step_seconds": 0.19003082747384906,
  "initial_objective": 0.592289402209957,
  "final_objective": 0.5818810230431671,
  "best_objective": 0.5818810230431671,
  "objective_reduction": 0.010408379166789827,
  "initial_train_loss_history": 0.5906138319538159,
  "final_train_loss_history": 0.5759092902226386,
  "best_train_loss_history": 0.5759092902226386,
  "train_loss_reduction": 0.0147045417311773,
  "weight_norm": 5.971127994665839,
  "trace_s": 5.971127994665839,
  "top_eigenvalue": 0.4102895264116493,
  "min_eigenvalue": 4.318097225826714e-12,
  "R1": 0.06871223105218502
}