{
  "alpha": null,
  "seed": 42,
  "n_train": 200,
  "n_population": 5000,
  "train_loss": 0.30002679746694416,
  "population_risk": 0.38209342054125345,
  "bayes_population_risk": 0.13898342541436456,
  "empirical_bayes_risk": 0.19009157361315734,
  "generalization_gap": 0.08206662307430929,
  "excess_population_risk": 0.24310999512688888,
  "runtime_seconds": 54.24047665297985,
  "runtime_per_step_seconds": 0.005424047665297985,
  "initial_objective": 0.3693624542432433,
  "final_objective": 0.3133030733264747,
  "best_objective": 0.3133030733264747,
  "objective_reduction": 0.0560593809167686,
  "initial_train_loss_history": 0.36810361935801217,
  "final_train_loss_history": 0.30002679746694416,
  "best_train_loss_history": 0.30002657411042066,
  "train_loss_reduction": 0.068076821891068,
  "weight_norm": 26.55255168469858,
  "trace_s": 26.552551684698585,
  "top_eigenvalue": 12.810144428306703,
  "min_eigenvalue": -2.1288523066759568e-17,
  "R1": 0.4824449484336677
}