{
  "alpha": 0.5,
  "seed": 0,
  "n_train": 1250,
  "n_population": 5000,
  "train_loss": 0.4433245313222407,
  "population_risk": 0.444763867718178,
  "bayes_population_risk": 0.28975609756097553,
  "empirical_bayes_risk": 0.29058737485216396,
  "generalization_gap": 0.0014393363959372962,
  "excess_population_risk": 0.15500777015720246,
  "runtime_seconds": 2.3257486250367947,
  "runtime_per_step_seconds": 0.023257486250367946,
  "initial_objective": 0.46906120591846384,
  "final_objective": 0.45145917892953824,
  "best_objective": 0.45145917892953824,
  "objective_reduction": 0.0176020269889256,
  "initial_train_loss_history": 0.46297623719155045,
  "final_train_loss_history": 0.4433245313222407,
  "best_train_loss_history": 0.4433245313222407,
  "train_loss_reduction": 0.019651705869309755,
  "weight_norm": 1.614301471137179,
  "trace_s": 1.614301471137179,
  "top_eigenvalue": 0.14188771618356644,
  "min_eigenvalue": 9.387240639575233e-07,
  "R1": 0.08789418749870492
}