{
  "alpha": null,
  "seed": 42,
  "n_train": 10,
  "n_population": 5000,
  "train_loss": 0.11743876765223918,
  "population_risk": 1.821667042163216,
  "bayes_population_risk": 0.07006953088198194,
  "empirical_bayes_risk": 0.06957486704383775,
  "generalization_gap": 1.7042282745109767,
  "excess_population_risk": 1.751597511281234,
  "runtime_seconds": 16.43660818785429,
  "runtime_per_step_seconds": 0.003287321637570858,
  "initial_objective": 0.3805171928990046,
  "final_objective": 0.13136549519153568,
  "best_objective": 0.13136549519153568,
  "objective_reduction": 0.24915169770746892,
  "initial_train_loss_history": 0.37853735463536564,
  "final_train_loss_history": 0.11743876765223918,
  "best_train_loss_history": 0.11743876765223918,
  "train_loss_reduction": 0.2610985869831265,
  "weight_norm": 13.926705910293038,
  "trace_s": 13.926705910293034,
  "top_eigenvalue": 13.21670296556671,
  "min_eigenvalue": 2.6933024606921327e-14,
  "R1": 0.9490186014338419,
  "effective_rank": 1.25488894923137,
  "config_suffix": "cov_matern_mask_random_rho_NA_lambda_1e-05_beta_1_d_100_T_5_lr_0p001_iter_5000_ntrain_10_seed_42",
  "ridge_lambda": 0.01,
  "ridge_train_loss": 0.05364574820713466,
  "ridge_population_risk": 0.11224200394687027,
  "ridge_generalization_gap": 0.05859625573973561,
  "ridge_excess_population_risk": 0.04217247306488833,
  "pca_n_components": 75,
  "pca_train_loss": 1.4767995468729891e-16,
  "pca_population_risk": 1.0551426347990767,
  "pca_generalization_gap": 1.0551426347990764,
  "pca_excess_population_risk": 0.9850731039170947
}