{
  "alpha": null,
  "seed": 42,
  "n_train": 60,
  "n_population": 5000,
  "train_loss": 0.7717321891624505,
  "population_risk": 0.8983063761965948,
  "bayes_population_risk": 0.48757509716865854,
  "empirical_bayes_risk": 0.48416397004255396,
  "generalization_gap": 0.12657418703414436,
  "excess_population_risk": 0.41073127902793627,
  "runtime_seconds": 29.286632139235735,
  "runtime_per_step_seconds": 0.005857326427847147,
  "initial_objective": 0.872915889124909,
  "final_objective": 0.7758732717245413,
  "best_objective": 0.7758732717245413,
  "objective_reduction": 0.09704261740036768,
  "initial_train_loss_history": 0.8721229865705236,
  "final_train_loss_history": 0.7717321891624505,
  "best_train_loss_history": 0.7717321891624505,
  "train_loss_reduction": 0.1003907974080731,
  "weight_norm": 16.563855857942613,
  "trace_s": 16.563855857942617,
  "top_eigenvalue": 8.226499267937102,
  "min_eigenvalue": 1.9948952876188474e-09,
  "R1": 0.4966536378057393,
  "effective_rank": 3.29242317258012,
  "config_suffix": "cov_toeplitz_bump_mask_random_rho_0p5_lambda_1e-05_beta_1_d_25_T_5_lr_0p001_iter_5000_ntrain_60_seed_42"
}