{
  "alpha": null,
  "seed": 42,
  "n_train": 150,
  "n_population": 5000,
  "train_loss": 0.30480785066002825,
  "population_risk": 0.36179512985498025,
  "bayes_population_risk": 0.07006953088198194,
  "empirical_bayes_risk": 0.06994111914800658,
  "generalization_gap": 0.056987279194952,
  "excess_population_risk": 0.2917255989729983,
  "runtime_seconds": 16.973791917786002,
  "runtime_per_step_seconds": 0.0033947583835572006,
  "initial_objective": 0.3919201320977452,
  "final_objective": 0.31046371083867896,
  "best_objective": 0.31046371083867896,
  "objective_reduction": 0.08145642125906621,
  "initial_train_loss_history": 0.3909909827216457,
  "final_train_loss_history": 0.30480785066002825,
  "best_train_loss_history": 0.30480785066002825,
  "train_loss_reduction": 0.08618313206161743,
  "weight_norm": 22.62251996933346,
  "trace_s": 22.622519969333457,
  "top_eigenvalue": 8.37963888401901,
  "min_eigenvalue": 2.3240556374547355e-08,
  "R1": 0.3704113819052097,
  "effective_rank": 6.675745113910565,
  "config_suffix": "cov_matern_mask_random_rho_NA_lambda_1e-05_beta_1_d_25_T_5_lr_0p001_iter_5000_ntrain_150_seed_42",
  "ridge_lambda": 0.01,
  "ridge_train_loss": 0.07003880813371538,
  "ridge_population_risk": 0.07190150640300706,
  "ridge_generalization_gap": 0.0018626982692916821,
  "ridge_excess_population_risk": 0.0018319755210251254,
  "pca_n_components": 62,
  "pca_train_loss": 0.059884449268409475,
  "pca_population_risk": 0.19478756203332115,
  "pca_generalization_gap": 0.13490311276491168,
  "pca_excess_population_risk": 0.12471803115133921
}