{
  "alpha": null,
  "seed": 42,
  "n_train": 2500,
  "n_population": 5000,
  "train_loss": 1.0229767035860202,
  "population_risk": 1.0250242375159495,
  "bayes_population_risk": 0.9267692307692309,
  "empirical_bayes_risk": 0.9271117401540527,
  "generalization_gap": 0.0020475339299292905,
  "excess_population_risk": 0.09825500674671861,
  "runtime_seconds": 792.8191877957433,
  "runtime_per_step_seconds": 0.15856383755914866,
  "initial_objective": 1.0251153858650472,
  "final_objective": 1.0230668586782037,
  "best_objective": 1.0230668586782032,
  "objective_reduction": 0.002048527186843563,
  "initial_train_loss_history": 1.023121768544293,
  "final_train_loss_history": 1.0229767035860202,
  "best_train_loss_history": 1.022976703515528,
  "train_loss_reduction": 0.0001450649582728225,
  "weight_norm": 0.045077546091696494,
  "trace_s": 0.04507754609169647,
  "top_eigenvalue": 0.04507754609169647,
  "min_eigenvalue": -1.5305080028405156e-17,
  "R1": 1.0000000000000004,
  "effective_rank": 1.0,
  "config_suffix": "cov_toeplitz_mask_random_rho_0p2_lambda_1e-05_beta_1_d_200_T_20_lr_0p001_iter_5000_ntrain_2500_seed_42"
}