{
  "alpha": null,
  "seed": 42,
  "n_train": 5000,
  "n_population": 5000,
  "train_loss": 0.9699123985685033,
  "population_risk": 0.9647794700358441,
  "bayes_population_risk": 0.45666666666666667,
  "empirical_bayes_risk": 0.45179768221987776,
  "generalization_gap": -0.005132928532659231,
  "excess_population_risk": 0.5081128033691774,
  "runtime_seconds": 70.84533938765526,
  "runtime_per_step_seconds": 0.014169067877531052,
  "initial_objective": 0.9761308687424789,
  "final_objective": 0.9705576133649613,
  "best_objective": 0.9705576133649613,
  "objective_reduction": 0.0055732553775176275,
  "initial_train_loss_history": 0.9757209294293551,
  "final_train_loss_history": 0.9699123985685033,
  "best_train_loss_history": 0.9699123985685033,
  "train_loss_reduction": 0.005808530860851757,
  "weight_norm": 2.580858291507484,
  "trace_s": 2.580858291507484,
  "top_eigenvalue": 0.8130856902462532,
  "min_eigenvalue": 3.665877149084897e-15,
  "R1": 0.3150446860727593,
  "effective_rank": 5.689595839077352,
  "config_suffix": "cov_tridiagonal_mask_random_rho_0p5_lambda_1e-05_beta_1_d_25_T_5_lr_0p001_iter_5000_ntrain_5000_seed_42",
  "ridge_lambda": 0.01,
  "ridge_train_loss": 0.46003170902278473,
  "ridge_population_risk": 0.45206758153969595,
  "ridge_generalization_gap": -0.007964127483088779,
  "ridge_excess_population_risk": -0.0045990851269707145,
  "pca_n_components": 62,
  "pca_train_loss": 0.811756301908452,
  "pca_population_risk": 0.8470638608598631,
  "pca_generalization_gap": 0.03530755895141102,
  "pca_excess_population_risk": 0.3903971941931964
}