{
  "alpha": null,
  "seed": 42,
  "n_train": 80,
  "n_population": 5000,
  "train_loss": 0.9274064256143779,
  "population_risk": 1.067334195115151,
  "bayes_population_risk": 0.7166519216006867,
  "empirical_bayes_risk": 0.7197806502815268,
  "generalization_gap": 0.139927769500773,
  "excess_population_risk": 0.35068227351446424,
  "runtime_seconds": 38.08660223707557,
  "runtime_per_step_seconds": 0.007617320447415113,
  "initial_objective": 0.9895317060737425,
  "final_objective": 0.9328029234298182,
  "best_objective": 0.9328029234298182,
  "objective_reduction": 0.056728782643924336,
  "initial_train_loss_history": 0.988792386059712,
  "final_train_loss_history": 0.9274064256143779,
  "best_train_loss_history": 0.9274064256143779,
  "train_loss_reduction": 0.061385960445334065,
  "weight_norm": 10.792980224806398,
  "trace_s": 10.792980224806398,
  "top_eigenvalue": 5.513635946183605,
  "min_eigenvalue": 2.117517276972513e-12,
  "R1": 0.5108538912645422,
  "effective_rank": 2.9447351527841077,
  "config_suffix": "cov_matern_mask_random_rho_NA_lambda_1e-05_beta_1_d_50_T_10_lr_0p001_iter_5000_ntrain_80_seed_42"
}