{
  "alpha": null,
  "seed": 42,
  "n_train": 70,
  "n_population": 5000,
  "train_loss": 1.2176640439514064,
  "population_risk": 1.2354820139998284,
  "bayes_population_risk": 1.0,
  "empirical_bayes_risk": 1.000615678498453,
  "generalization_gap": 0.017817970048422005,
  "excess_population_risk": 0.23548201399982838,
  "runtime_seconds": 32.18100584112108,
  "runtime_per_step_seconds": 0.006436201168224216,
  "initial_objective": 1.2476218924571494,
  "final_objective": 1.2251105616720017,
  "best_objective": 1.225110555802474,
  "objective_reduction": 0.022511330785147665,
  "initial_train_loss_history": 1.2464836541781623,
  "final_train_loss_history": 1.2176640439514064,
  "best_train_loss_history": 1.2176637335371632,
  "train_loss_reduction": 0.028819610226755943,
  "weight_norm": 7.446512268438276,
  "trace_s": 7.446512268438276,
  "top_eigenvalue": 2.812675817112223,
  "min_eigenvalue": 6.847469262005437e-16,
  "R1": 0.3777172071593341,
  "effective_rank": 4.280966039220463,
  "config_suffix": "cov_identity_mask_random_rho_NA_lambda_1e-05_beta_1_d_100_T_5_lr_0p001_iter_5000_ntrain_70_seed_42"
}