{
  "alpha": null,
  "seed": 42,
  "n_train": 125,
  "n_population": 5000,
  "train_loss": 0.2057009885463544,
  "population_risk": 0.7978418378818342,
  "bayes_population_risk": 0.07006953088198194,
  "empirical_bayes_risk": 0.07045778791898222,
  "generalization_gap": 0.5921408493354797,
  "excess_population_risk": 0.7277723069998522,
  "runtime_seconds": 55.18135011009872,
  "runtime_per_step_seconds": 0.011036270022019744,
  "initial_objective": 0.3866476346705566,
  "final_objective": 0.2562017532156704,
  "best_objective": 0.2562017532156704,
  "objective_reduction": 0.13044588145488617,
  "initial_train_loss_history": 0.3844785459215837,
  "final_train_loss_history": 0.2057009885463544,
  "best_train_loss_history": 0.2057009885463544,
  "train_loss_reduction": 0.1787775573752293,
  "weight_norm": 50.50070882587449,
  "trace_s": 50.50070882587447,
  "top_eigenvalue": 27.173414429681365,
  "min_eigenvalue": 6.52512218381282e-14,
  "R1": 0.5380798618762916,
  "effective_rank": 4.550951601366844,
  "config_suffix": "cov_matern_mask_random_rho_NA_lambda_1e-05_beta_1_d_100_T_5_lr_0p001_iter_5000_ntrain_125_seed_42"
}