{
  "alpha": null,
  "seed": 42,
  "n_train": 100,
  "n_population": 5000,
  "train_loss": 0.9537099166254882,
  "population_risk": 1.0454125876603697,
  "bayes_population_risk": 0.7459898192227884,
  "empirical_bayes_risk": 0.7518451576770001,
  "generalization_gap": 0.0917026710348815,
  "excess_population_risk": 0.2994227684375813,
  "runtime_seconds": 16.800425171852112,
  "runtime_per_step_seconds": 0.0033600850343704224,
  "initial_objective": 1.0167026579463931,
  "final_objective": 0.9569323830585676,
  "best_objective": 0.9569323830585676,
  "objective_reduction": 0.05977027488782549,
  "initial_train_loss_history": 1.0162238449206336,
  "final_train_loss_history": 0.9537099166254882,
  "best_train_loss_history": 0.9537099166254882,
  "train_loss_reduction": 0.06251392829514535,
  "weight_norm": 12.88983235786386,
  "trace_s": 12.889832357863865,
  "top_eigenvalue": 5.190184944523829,
  "min_eigenvalue": 2.5776232468803456e-14,
  "R1": 0.4026572883515733,
  "effective_rank": 3.75215459365426,
  "config_suffix": "cov_matern_mask_random_rho_NA_lambda_1e-05_beta_1_d_25_T_5_lr_0p001_iter_5000_ntrain_100_seed_42",
  "ridge_lambda": 0.01,
  "ridge_train_loss": 0.7175060820719503,
  "ridge_population_risk": 0.7845618847812904,
  "ridge_generalization_gap": 0.06705580270934008,
  "ridge_excess_population_risk": 0.03857206555850201,
  "pca_n_components": 62,
  "pca_train_loss": 0.26628340688815205,
  "pca_population_risk": 2.0318175878994027,
  "pca_generalization_gap": 1.7655341810112506,
  "pca_excess_population_risk": 1.2858277686766142
}