{
  "alpha": null,
  "seed": 42,
  "n_train": 250,
  "n_population": 5000,
  "train_loss": 1.0136895493944575,
  "population_risk": 1.0108047176147639,
  "bayes_population_risk": 0.9245538461538463,
  "empirical_bayes_risk": 0.9227023227058633,
  "generalization_gap": -0.002884831779693675,
  "excess_population_risk": 0.08625087146091759,
  "runtime_seconds": 140.2195377405733,
  "runtime_per_step_seconds": 0.028043907548114658,
  "initial_objective": 1.0187679444727962,
  "final_objective": 1.0150740874466628,
  "best_objective": 1.0150740873635449,
  "objective_reduction": 0.0036938570261333403,
  "initial_train_loss_history": 1.0177555832461516,
  "final_train_loss_history": 1.0136895493944575,
  "best_train_loss_history": 1.013689528038824,
  "train_loss_reduction": 0.0040660338516940175,
  "weight_norm": 1.3845381354184843,
  "trace_s": 1.384538135418484,
  "top_eigenvalue": 1.3845381347488273,
  "min_eigenvalue": 6.723080576766359e-18,
  "R1": 0.9999999995163317,
  "effective_rank": 1.0000000122006962,
  "config_suffix": "cov_toeplitz_mask_random_rho_0p2_lambda_1e-05_beta_1_d_100_T_50_lr_0p001_iter_5000_ntrain_250_seed_42",
  "ridge_lambda": 0.01,
  "ridge_train_loss": 0.748414463931094,
  "ridge_population_risk": 1.148963159644968,
  "ridge_generalization_gap": 0.4005486957138741,
  "ridge_excess_population_risk": 0.2244093134911218,
  "pca_n_components": 75,
  "pca_train_loss": 0.6321200506948821,
  "pca_population_risk": 1.0137799315238014,
  "pca_generalization_gap": 0.38165988082891933,
  "pca_excess_population_risk": 0.08922608536995513
}