{
  "alpha": null,
  "seed": 42,
  "n_train": 2500,
  "n_population": 5000,
  "train_loss": 0.7253711385958429,
  "population_risk": 0.7242413050638169,
  "bayes_population_risk": 0.5301185178874289,
  "empirical_bayes_risk": 0.5306616717540468,
  "generalization_gap": -0.0011298335320260033,
  "excess_population_risk": 0.19412278717638798,
  "runtime_seconds": 128.48459537886083,
  "runtime_per_step_seconds": 0.025696919075772165,
  "initial_objective": 0.7459201268973211,
  "final_objective": 0.7268016969041438,
  "best_objective": 0.7268016969041438,
  "objective_reduction": 0.019118429993177366,
  "initial_train_loss_history": 0.7453359229046687,
  "final_train_loss_history": 0.7253711385958429,
  "best_train_loss_history": 0.7253711385958429,
  "train_loss_reduction": 0.019964784308825756,
  "weight_norm": 5.72222707567171,
  "trace_s": 5.72222707567171,
  "top_eigenvalue": 1.455323308011458,
  "min_eigenvalue": 3.490519535918814e-12,
  "R1": 0.25432812937445753,
  "effective_rank": 7.419253522461816,
  "config_suffix": "cov_exponential_mask_random_rho_NA_lambda_1e-05_beta_1_d_25_T_5_lr_0p001_iter_5000_ntrain_2500_seed_42"
}