{
  "alpha": null,
  "seed": 42,
  "n_train": 40,
  "n_population": 5000,
  "train_loss": 0.7821689996931499,
  "population_risk": 1.282375007902718,
  "bayes_population_risk": 0.7459898192227884,
  "empirical_bayes_risk": 0.7451506171284327,
  "generalization_gap": 0.5002060082095682,
  "excess_population_risk": 0.5363851886799297,
  "runtime_seconds": 17.4239445310086,
  "runtime_per_step_seconds": 0.0034847889062017204,
  "initial_objective": 0.9685259925992301,
  "final_objective": 0.8078962844469332,
  "best_objective": 0.8078962844469332,
  "objective_reduction": 0.16062970815229693,
  "initial_train_loss_history": 0.9668196005673035,
  "final_train_loss_history": 0.7821689996931499,
  "best_train_loss_history": 0.7821689996931499,
  "train_loss_reduction": 0.18465060087415364,
  "weight_norm": 25.7272630172901,
  "trace_s": 25.727263017290102,
  "top_eigenvalue": 15.799485495592158,
  "min_eigenvalue": 1.4807927866373526e-12,
  "R1": 0.6141145089928162,
  "effective_rank": 3.4368905418238684,
  "config_suffix": "cov_matern_mask_random_rho_NA_lambda_1e-05_beta_1_d_100_T_5_lr_0p001_iter_5000_ntrain_40_seed_42",
  "ridge_lambda": 0.01,
  "ridge_train_loss": 0.6580437759990444,
  "ridge_population_risk": 0.8233150389210576,
  "ridge_generalization_gap": 0.16527126292201322,
  "ridge_excess_population_risk": 0.07732521969826922,
  "pca_n_components": 75,
  "pca_train_loss": 1.8539136069758003e-16,
  "pca_population_risk": 1.100412363747952,
  "pca_generalization_gap": 1.1004123637479517,
  "pca_excess_population_risk": 0.35442254452516353
}