{
  "alpha": null,
  "seed": 42,
  "n_train": 1000,
  "n_population": 5000,
  "train_loss": 0.9721526338837668,
  "population_risk": 0.9824961788109755,
  "bayes_population_risk": 0.45666666666666667,
  "empirical_bayes_risk": 0.4600871723792077,
  "generalization_gap": 0.010343544927208681,
  "excess_population_risk": 0.5258295121443088,
  "runtime_seconds": 29.09693150408566,
  "runtime_per_step_seconds": 0.02909693150408566,
  "initial_objective": 0.9812267905618198,
  "final_objective": 0.9751178456169166,
  "best_objective": 0.9751178456161685,
  "objective_reduction": 0.006108944944903216,
  "initial_train_loss_history": 0.9744106865250467,
  "final_train_loss_history": 0.9721526338837668,
  "best_train_loss_history": 0.9720285832852588,
  "train_loss_reduction": 0.002258052641279873,
  "weight_norm": 0.5930423468009572,
  "trace_s": 0.593042346800957,
  "top_eigenvalue": 0.5930423461833614,
  "min_eigenvalue": -4.5582626109087676e-17,
  "R1": 0.9999999989585971
}