{
  "alpha": null,
  "seed": 42,
  "n_train": 400,
  "n_population": 5000,
  "train_loss": 1.0550824993805412,
  "population_risk": 1.053388539848368,
  "bayes_population_risk": 1.0,
  "empirical_bayes_risk": 1.0033120029367255,
  "generalization_gap": -0.001693959532173217,
  "excess_population_risk": 0.053388539848368,
  "runtime_seconds": 120.60754592902958,
  "runtime_per_step_seconds": 0.024121509185805915,
  "initial_objective": 1.0584092242518954,
  "final_objective": 1.0558014268934626,
  "best_objective": 1.055801426893375,
  "objective_reduction": 0.0026077973584328618,
  "initial_train_loss_history": 1.0564187585141809,
  "final_train_loss_history": 1.0550824993805412,
  "best_train_loss_history": 1.0550821086959816,
  "train_loss_reduction": 0.0013362591336396612,
  "weight_norm": 0.3594637564626382,
  "trace_s": 0.3594637564626383,
  "top_eigenvalue": 0.3594637564625476,
  "min_eigenvalue": -8.32824348908868e-18,
  "R1": 0.9999999999997479,
  "effective_rank": 1.0,
  "config_suffix": "cov_identity_mask_random_rho_NA_lambda_1e-05_beta_1_d_200_T_20_lr_0p001_iter_5000_ntrain_400_seed_42",
  "ridge_lambda": 0.01,
  "ridge_train_loss": 0.9598419072234806,
  "ridge_population_risk": 1.0529245901791928,
  "ridge_generalization_gap": 0.0930826829557122,
  "ridge_excess_population_risk": 0.05292459017919282,
  "pca_n_components": 75,
  "pca_train_loss": 0.7504707635585831,
  "pca_population_risk": 1.0255705809421773,
  "pca_generalization_gap": 0.27509981738359424,
  "pca_excess_population_risk": 0.025570580942177346
}