{
  "alpha": null,
  "seed": 42,
  "n_train": 100,
  "n_population": 5000,
  "train_loss": 1.0911190008996852,
  "population_risk": 1.1299023248233833,
  "bayes_population_risk": 0.9378461538461538,
  "empirical_bayes_risk": 0.941564983776498,
  "generalization_gap": 0.0387833239236981,
  "excess_population_risk": 0.1920561709772295,
  "runtime_seconds": 18.95916974544525,
  "runtime_per_step_seconds": 0.018959169745445252,
  "initial_objective": 1.1261297604386575,
  "final_objective": 1.0957064085842734,
  "best_objective": 1.0957064085842734,
  "objective_reduction": 0.030423351854384162,
  "initial_train_loss_history": 1.1239490314506833,
  "final_train_loss_history": 1.0911190008996852,
  "best_train_loss_history": 1.0911183172769912,
  "train_loss_reduction": 0.03283003055099809,
  "weight_norm": 9.174807238064425,
  "trace_s": 9.174807238064421,
  "top_eigenvalue": 4.017532621581933,
  "min_eigenvalue": 4.963137077420004e-14,
  "R1": 0.43788741467112263
}