{
  "alpha": 2.0,
  "seed": 0,
  "n_train": 5000,
  "n_population": 5000,
  "train_loss": 0.8532625997164704,
  "population_risk": 0.849224222101606,
  "bayes_population_risk": 0.675,
  "empirical_bayes_risk": 0.6741579487664282,
  "weight_norm": 0.004420464771181666,
  "trace_s": 0.004420464771181665,
  "top_eigenvalue": 0.0004313803168550214,
  "R1": 0.09758709529082078
}