{
  "alpha": null,
  "seed": 42,
  "n_train": 70,
  "n_population": 5000,
  "train_loss": 1.0591270136453557,
  "population_risk": 1.1084065378823558,
  "bayes_population_risk": 1.0,
  "empirical_bayes_risk": 1.0000195426668785,
  "generalization_gap": 0.049279524237000105,
  "excess_population_risk": 0.10840653788235577,
  "runtime_seconds": 37.132709324359894,
  "runtime_per_step_seconds": 0.007426541864871979,
  "initial_objective": 1.0693445880349368,
  "final_objective": 1.0615682335008603,
  "best_objective": 1.0615682335008603,
  "objective_reduction": 0.007776354534076546,
  "initial_train_loss_history": 1.0687702459564568,
  "final_train_loss_history": 1.0591270136453557,
  "best_train_loss_history": 1.0591270136453557,
  "train_loss_reduction": 0.009643232311101091,
  "weight_norm": 4.882439621941604,
  "trace_s": 4.882439621941605,
  "top_eigenvalue": 2.8850103068523847,
  "min_eigenvalue": 1.1557184426325236e-14,
  "R1": 0.5908952348099086,
  "effective_rank": 3.278915402604154,
  "config_suffix": "cov_identity_mask_random_rho_NA_lambda_1e-05_beta_1_d_50_T_10_lr_0p001_iter_5000_ntrain_70_seed_42"
}