{
  "alpha": null,
  "seed": 42,
  "n_train": 50,
  "n_population": 5000,
  "train_loss": 1.0816315484595393,
  "population_risk": 1.1528606788313889,
  "bayes_population_risk": 0.8649174311926606,
  "empirical_bayes_risk": 0.908618396197601,
  "generalization_gap": 0.07122913037184953,
  "excess_population_risk": 0.28794324763872825,
  "runtime_seconds": 38.679862674325705,
  "runtime_per_step_seconds": 0.0038679862674325704,
  "initial_objective": 1.1450022056579754,
  "final_objective": 1.1054052455060923,
  "best_objective": 1.1054052443147186,
  "objective_reduction": 0.039596960151883076,
  "initial_train_loss_history": 1.1383524267510505,
  "final_train_loss_history": 1.0816315484595393,
  "best_train_loss_history": 1.0815764440040103,
  "train_loss_reduction": 0.05672087829151118,
  "weight_norm": 4.754740276448035,
  "trace_s": 4.754740276448034,
  "top_eigenvalue": 2.9481693185444806,
  "min_eigenvalue": -3.5659935970135233e-16,
  "R1": 0.620048445789529
}