{
  "alpha": null,
  "seed": 42,
  "n_train": 200,
  "n_population": 5000,
  "train_loss": 1.1281339163467754,
  "population_risk": 1.1475272515430417,
  "bayes_population_risk": 0.9710902924899966,
  "empirical_bayes_risk": 0.9721966233107517,
  "generalization_gap": 0.019393335196266293,
  "excess_population_risk": 0.17643695905304513,
  "runtime_seconds": 25.908473640680313,
  "runtime_per_step_seconds": 0.0051816947281360624,
  "initial_objective": 1.1482047363602252,
  "final_objective": 1.1345222348954542,
  "best_objective": 1.1345222348954542,
  "objective_reduction": 0.013682501464771013,
  "initial_train_loss_history": 1.1470298273505903,
  "final_train_loss_history": 1.1281339163467754,
  "best_train_loss_history": 1.128133802877896,
  "train_loss_reduction": 0.018895911003814936,
  "weight_norm": 6.388318506729837,
  "trace_s": 6.3883185067298385,
  "top_eigenvalue": 1.8566859001414164,
  "min_eigenvalue": 2.9548386316594074e-17,
  "R1": 0.29063765342718473,
  "effective_rank": 5.258550541406383,
  "config_suffix": "cov_exponential_mask_random_rho_NA_lambda_1e-05_beta_1_d_100_T_5_lr_0p001_iter_5000_ntrain_200_seed_42",
  "ridge_lambda": 0.01,
  "ridge_train_loss": 0.960871432723531,
  "ridge_population_risk": 0.9918892183705815,
  "ridge_generalization_gap": 0.03101778564705049,
  "ridge_excess_population_risk": 0.020798925880584962,
  "pca_n_components": 75,
  "pca_train_loss": 0.522789809180043,
  "pca_population_risk": 1.223621183922586,
  "pca_generalization_gap": 0.7008313747425429,
  "pca_excess_population_risk": 0.25253089143258933
}