{
  "alpha": null,
  "seed": 42,
  "n_train": 1250,
  "n_population": 5000,
  "train_loss": 0.23448128549108213,
  "population_risk": 0.24040211894106536,
  "bayes_population_risk": 0.13898342541436456,
  "empirical_bayes_risk": 0.13950680053865375,
  "generalization_gap": 0.005920833449983232,
  "excess_population_risk": 0.1014186935267008,
  "runtime_seconds": 211.88815196231008,
  "runtime_per_step_seconds": 0.042377630392462014,
  "initial_objective": 0.29053900407507666,
  "final_objective": 0.2471324450930845,
  "best_objective": 0.2471324450930845,
  "objective_reduction": 0.043406558981992166,
  "initial_train_loss_history": 0.2884114323425737,
  "final_train_loss_history": 0.23448128549108213,
  "best_train_loss_history": 0.23448128549108213,
  "train_loss_reduction": 0.053930146851491584,
  "weight_norm": 12.651153041201237,
  "trace_s": 12.651153041201235,
  "top_eigenvalue": 1.4999249681681506,
  "min_eigenvalue": 1.355404777628982e-14,
  "R1": 0.11856033701302307,
  "effective_rank": 16.250853911938435,
  "config_suffix": "cov_toeplitz_mask_random_rho_0p9_lambda_1e-05_beta_1_d_100_T_5_lr_0p001_iter_5000_ntrain_1250_seed_42"
}