{
  "alpha": null,
  "seed": 42,
  "n_train": 100,
  "n_population": 5000,
  "train_loss": 0.30738895976828506,
  "population_risk": 0.36295912612025366,
  "bayes_population_risk": 0.13898342541436456,
  "empirical_bayes_risk": 0.19014044666992622,
  "generalization_gap": 0.0555701663519686,
  "excess_population_risk": 0.2239757007058891,
  "runtime_seconds": 14.804415509104729,
  "runtime_per_step_seconds": 0.014804415509104728,
  "initial_objective": 0.3684271915784988,
  "final_objective": 0.31479450464988434,
  "best_objective": 0.31479450464988434,
  "objective_reduction": 0.05363268692861445,
  "initial_train_loss_history": 0.36720120870380385,
  "final_train_loss_history": 0.30738895976828506,
  "best_train_loss_history": 0.30738895976828506,
  "train_loss_reduction": 0.059812248935518786,
  "weight_norm": 14.75984453316828,
  "trace_s": 14.75984453316828,
  "top_eigenvalue": 4.498450600892127,
  "min_eigenvalue": 9.589449702204326e-07,
  "R1": 0.3047762861446962
}