{
  "alpha": 1.0,
  "seed": 0,
  "n_train": 2500,
  "n_population": 5000,
  "train_loss": 0.9799349240552551,
  "population_risk": 0.9782871348591939,
  "bayes_population_risk": 0.4083333333333334,
  "empirical_bayes_risk": 0.4086135571557748,
  "weight_norm": 4.1249380594481595,
  "trace_s": 4.124938059448159,
  "top_eigenvalue": 1.0098236408640955,
  "R1": 0.24480940715002916
}