{
  "alpha": null,
  "seed": 42,
  "n_train": 1000,
  "n_population": 5000,
  "train_loss": 1.0007412599707535,
  "population_risk": 0.9913629267066754,
  "bayes_population_risk": 0.7166519216006867,
  "empirical_bayes_risk": 0.7166468869754723,
  "generalization_gap": -0.00937833326407811,
  "excess_population_risk": 0.27471100510598867,
  "runtime_seconds": 190.72934611700475,
  "runtime_per_step_seconds": 0.03814586922340095,
  "initial_objective": 1.003535503674263,
  "final_objective": 1.0015314125081896,
  "best_objective": 1.0015314125081896,
  "objective_reduction": 0.002004091166073474,
  "initial_train_loss_history": 1.002983927318648,
  "final_train_loss_history": 1.0007412599707535,
  "best_train_loss_history": 1.000741176716579,
  "train_loss_reduction": 0.002242667347894578,
  "weight_norm": 1.5803050748373453,
  "trace_s": 1.5803050748373448,
  "top_eigenvalue": 0.8864098515780826,
  "min_eigenvalue": -8.11776629182317e-17,
  "R1": 0.5609105897918587,
  "effective_rank": 1.9851786073181599,
  "config_suffix": "cov_matern_mask_random_rho_NA_lambda_1e-05_beta_1_d_50_T_10_lr_0p001_iter_5000_ntrain_1000_seed_42"
}