{
  "alpha": null,
  "seed": 42,
  "n_train": 50,
  "n_population": 5000,
  "train_loss": 0.957387975630383,
  "population_risk": 1.058145791834776,
  "bayes_population_risk": 0.9245538461538463,
  "empirical_bayes_risk": 0.925444618808707,
  "generalization_gap": 0.10075781620439306,
  "excess_population_risk": 0.1335919456809298,
  "runtime_seconds": 71.32464739866555,
  "runtime_per_step_seconds": 0.01426492947973311,
  "initial_objective": 0.9868602773397318,
  "final_objective": 0.964307455014481,
  "best_objective": 0.9643074550125281,
  "objective_reduction": 0.0225528223252508,
  "initial_train_loss_history": 0.9858200439653058,
  "final_train_loss_history": 0.957387975630383,
  "best_train_loss_history": 0.9573875180225729,
  "train_loss_reduction": 0.028432068334922733,
  "weight_norm": 6.919479385055192,
  "trace_s": 6.919479385055193,
  "top_eigenvalue": 6.919479385053828,
  "min_eigenvalue": -7.759797430592872e-16,
  "R1": 0.9999999999998033,
  "effective_rank": 1.0,
  "config_suffix": "cov_toeplitz_mask_random_rho_0p2_lambda_1e-05_beta_1_d_100_T_50_lr_0p001_iter_5000_ntrain_50_seed_42",
  "ridge_lambda": 0.01,
  "ridge_train_loss": 0.026685391357091925,
  "ridge_population_risk": 27.987697341595194,
  "ridge_generalization_gap": 27.961011950238102,
  "ridge_excess_population_risk": 27.06314349544135,
  "pca_n_components": 75,
  "pca_train_loss": 1.0219229606941196e-16,
  "pca_population_risk": 1.0303879967734422,
  "pca_generalization_gap": 1.0303879967734422,
  "pca_excess_population_risk": 0.10583415061959589
}