{
  "alpha": null,
  "seed": 42,
  "n_train": 50,
  "n_population": 5000,
  "train_loss": 1.0875168707693166,
  "population_risk": 1.1391622141631177,
  "bayes_population_risk": 1.0,
  "empirical_bayes_risk": 1.001917984101938,
  "generalization_gap": 0.05164534339380111,
  "excess_population_risk": 0.1391622141631177,
  "runtime_seconds": 36.329450219869614,
  "runtime_per_step_seconds": 0.007265890043973923,
  "initial_objective": 1.116309877771059,
  "final_objective": 1.0913793435908694,
  "best_objective": 1.0913793435908694,
  "objective_reduction": 0.024930534180189534,
  "initial_train_loss_history": 1.1157081855216144,
  "final_train_loss_history": 1.0875168707693166,
  "best_train_loss_history": 1.0875168707693166,
  "train_loss_reduction": 0.028191314752297858,
  "weight_norm": 7.724944488454242,
  "trace_s": 7.724944488454241,
  "top_eigenvalue": 3.327019965563959,
  "min_eigenvalue": 1.7045962383514948e-14,
  "R1": 0.4306852910770488,
  "effective_rank": 3.6495546001221246,
  "config_suffix": "cov_identity_mask_random_rho_NA_lambda_1e-05_beta_1_d_50_T_10_lr_0p001_iter_5000_ntrain_50_seed_42"
}