{
  "alpha": null,
  "seed": 42,
  "n_train": 400,
  "n_population": 5000,
  "train_loss": 0.9738808038670672,
  "population_risk": 1.0142073496035238,
  "bayes_population_risk": 0.75,
  "empirical_bayes_risk": 0.749951659924832,
  "generalization_gap": 0.040326545736456554,
  "excess_population_risk": 0.26420734960352377,
  "runtime_seconds": 62.495094280689955,
  "runtime_per_step_seconds": 0.0062495094280689955,
  "initial_objective": 0.995162278037365,
  "final_objective": 0.9776725359417298,
  "best_objective": 0.9776725359417298,
  "objective_reduction": 0.017489742095635252,
  "initial_train_loss_history": 0.9945455561399392,
  "final_train_loss_history": 0.9738808038670672,
  "best_train_loss_history": 0.9738785913618346,
  "train_loss_reduction": 0.02066475227287201,
  "weight_norm": 7.583464148965985,
  "trace_s": 7.583464148965986,
  "top_eigenvalue": 1.9597671335213267,
  "min_eigenvalue": -2.4476457337637573e-16,
  "R1": 0.2584263728323345,
  "config_suffix": "cov_toeplitz_mask_last_rho_0p5_lambda_1e-05_beta_1_d_50_T_5_lr_0p001_iter_10000_ntrain_400_seed_42"
}