{
  "alpha": null,
  "seed": 42,
  "n_train": 50,
  "n_population": 5000,
  "train_loss": 0.979023155077249,
  "population_risk": 1.0728856702021832,
  "bayes_population_risk": 0.8111236094129751,
  "empirical_bayes_risk": 0.8075132476178513,
  "generalization_gap": 0.09386251512493415,
  "excess_population_risk": 0.26176206078920805,
  "runtime_seconds": 12.477191928774118,
  "runtime_per_step_seconds": 0.012477191928774119,
  "initial_objective": 1.0197199905876093,
  "final_objective": 0.9827383412581944,
  "best_objective": 0.9827383412581944,
  "objective_reduction": 0.036981649329414945,
  "initial_train_loss_history": 1.0191128383076165,
  "final_train_loss_history": 0.979023155077249,
  "best_train_loss_history": 0.979023155077249,
  "train_loss_reduction": 0.040089683230367434,
  "weight_norm": 7.4275895693427625,
  "trace_s": 7.427589569342762,
  "top_eigenvalue": 5.428773592917619,
  "min_eigenvalue": 3.522728258901787e-09,
  "R1": 0.7308930497889629
}