{
  "alpha": 3.0,
  "seed": 0,
  "n_train": 7500,
  "n_population": 5000,
  "train_loss": 0.8676587659614309,
  "population_risk": 0.8669633258482234,
  "bayes_population_risk": 0.65,
  "empirical_bayes_risk": 0.6485816468171962,
  "weight_norm": 0.004415456518525356,
  "trace_s": 0.004415456518525355,
  "top_eigenvalue": 0.00042768079291838465,
  "R1": 0.09685992628939274
}