{
  "alpha": null,
  "seed": 42,
  "n_train": 80,
  "n_population": 5000,
  "train_loss": 0.28070747928536566,
  "population_risk": 1.1119152821998544,
  "bayes_population_risk": 0.10837348066298334,
  "empirical_bayes_risk": 0.10843036520589608,
  "generalization_gap": 0.8312078029144887,
  "excess_population_risk": 1.0035418015368711,
  "runtime_seconds": 112.98194548301399,
  "runtime_per_step_seconds": 0.022596389096602797,
  "initial_objective": 0.718029908550423,
  "final_objective": 0.36641400124856516,
  "best_objective": 0.36641400124856516,
  "objective_reduction": 0.3516159073018579,
  "initial_train_loss_history": 0.7156490866433488,
  "final_train_loss_history": 0.28070747928536566,
  "best_train_loss_history": 0.28070747928536566,
  "train_loss_reduction": 0.43494160735798315,
  "weight_norm": 42.85324762878279,
  "trace_s": 42.85324762878278,
  "top_eigenvalue": 36.11037901896984,
  "min_eigenvalue": 2.396631726864593e-15,
  "R1": 0.8426520979641223,
  "effective_rank": 1.7484380861506332,
  "config_suffix": "cov_toeplitz_mask_random_rho_0p9_lambda_1e-05_beta_1_d_200_T_50_lr_0p001_iter_5000_ntrain_80_seed_42",
  "ridge_lambda": 0.01,
  "ridge_train_loss": 0.04247386672790841,
  "ridge_population_risk": 0.28229148081084643,
  "ridge_generalization_gap": 0.239817614082938,
  "ridge_excess_population_risk": 0.17391800014786307,
  "pca_n_components": 75,
  "pca_train_loss": 0.03055876502878573,
  "pca_population_risk": 0.9588512150260409,
  "pca_generalization_gap": 0.9282924499972551,
  "pca_excess_population_risk": 0.8504777343630575
}