{
  "alpha": null,
  "seed": 42,
  "n_train": 1000,
  "n_population": 5000,
  "train_loss": 0.6942966179324572,
  "population_risk": 0.739210727246476,
  "bayes_population_risk": 0.10837348066298334,
  "empirical_bayes_risk": 0.108327601720089,
  "generalization_gap": 0.044914109314018735,
  "excess_population_risk": 0.6308372465834926,
  "runtime_seconds": 793.6881942246109,
  "runtime_per_step_seconds": 0.15873763884492217,
  "initial_objective": 0.7205220213371196,
  "final_objective": 0.7013476577045363,
  "best_objective": 0.7013476313145734,
  "objective_reduction": 0.01917436363258329,
  "initial_train_loss_history": 0.7183984341505327,
  "final_train_loss_history": 0.6942966179324572,
  "best_train_loss_history": 0.6942954884993087,
  "train_loss_reduction": 0.0241018162180755,
  "weight_norm": 3.525690765614229,
  "trace_s": 3.525690765614229,
  "top_eigenvalue": 3.525690755396198,
  "min_eigenvalue": 4.629334007898998e-16,
  "R1": 0.9999999971018358,
  "effective_rank": 1.0000000703940048,
  "config_suffix": "cov_toeplitz_mask_random_rho_0p9_lambda_1e-05_beta_1_d_200_T_50_lr_0p001_iter_5000_ntrain_1000_seed_42"
}