{
  "alpha": null,
  "seed": 42,
  "n_train": 1500,
  "n_population": 5000,
  "train_loss": 0.9831642691351599,
  "population_risk": 0.9839627212027583,
  "bayes_population_risk": 0.7822082681172894,
  "empirical_bayes_risk": 0.7822134384915799,
  "generalization_gap": 0.0007984520675984319,
  "excess_population_risk": 0.2017544530854689,
  "runtime_seconds": 58.50783530622721,
  "runtime_per_step_seconds": 0.011701567061245442,
  "initial_objective": 0.9875908082971877,
  "final_objective": 0.9836231085346308,
  "best_objective": 0.9836231085346308,
  "objective_reduction": 0.003967699762556953,
  "initial_train_loss_history": 0.9872254123667615,
  "final_train_loss_history": 0.9831642691351599,
  "best_train_loss_history": 0.9831642691351599,
  "train_loss_reduction": 0.0040611432316016716,
  "weight_norm": 1.835357134094779,
  "trace_s": 1.835357134094779,
  "top_eigenvalue": 0.8008339485248724,
  "min_eigenvalue": 3.60406742877416e-16,
  "R1": 0.43633684891515906,
  "effective_rank": 2.9499057236713058,
  "config_suffix": "cov_exponential_mask_random_rho_NA_lambda_1e-05_beta_1_d_25_T_10_lr_0p001_iter_5000_ntrain_1500_seed_42",
  "ridge_lambda": 0.01,
  "ridge_train_loss": 0.7759244717209233,
  "ridge_population_risk": 0.7860781389928592,
  "ridge_generalization_gap": 0.010153667271935896,
  "ridge_excess_population_risk": 0.003869870875569781,
  "pca_n_components": 75,
  "pca_train_loss": 0.8905205657250796,
  "pca_population_risk": 1.0787776970756588,
  "pca_generalization_gap": 0.1882571313505792,
  "pca_excess_population_risk": 0.29656942895836946
}