{
  "alpha": null,
  "seed": 42,
  "n_train": 60,
  "n_population": 5000,
  "train_loss": 0.9823771808181357,
  "population_risk": 1.039969719345466,
  "bayes_population_risk": 0.7459898192227884,
  "empirical_bayes_risk": 0.7417736107114646,
  "generalization_gap": 0.05759253852733026,
  "excess_population_risk": 0.2939799001226776,
  "runtime_seconds": 24.507855657488108,
  "runtime_per_step_seconds": 0.004901571131497621,
  "initial_objective": 1.0511070092433286,
  "final_objective": 0.9851503309082994,
  "best_objective": 0.9851503309082994,
  "objective_reduction": 0.06595667833502916,
  "initial_train_loss_history": 1.050414018890135,
  "final_train_loss_history": 0.9823771808181357,
  "best_train_loss_history": 0.9823771808181357,
  "train_loss_reduction": 0.06803683807199923,
  "weight_norm": 11.092479776185892,
  "trace_s": 11.092479776185892,
  "top_eigenvalue": 5.391096976083545,
  "min_eigenvalue": 1.2767327781319783e-10,
  "R1": 0.48601368538507717,
  "effective_rank": 3.2314744069405563,
  "config_suffix": "cov_matern_mask_random_rho_NA_lambda_1e-05_beta_1_d_25_T_5_lr_0p001_iter_5000_ntrain_60_seed_42",
  "ridge_lambda": 0.01,
  "ridge_train_loss": 0.7064109688702295,
  "ridge_population_risk": 0.803860082508597,
  "ridge_generalization_gap": 0.0974491136383675,
  "ridge_excess_population_risk": 0.057870263285808576,
  "pca_n_components": 62,
  "pca_train_loss": 1.4710646986484829e-15,
  "pca_population_risk": 2.088086874932302,
  "pca_generalization_gap": 2.0880868749323005,
  "pca_excess_population_risk": 1.3420970557095133
}