{
  "alpha": null,
  "seed": 42,
  "n_train": 500,
  "n_population": 5000,
  "train_loss": 1.0068952038304777,
  "population_risk": 1.0257601775181953,
  "bayes_population_risk": 0.9267692307692309,
  "empirical_bayes_risk": 0.927175200328306,
  "generalization_gap": 0.018864973687717557,
  "excess_population_risk": 0.09899094674896436,
  "runtime_seconds": 45.146810829639435,
  "runtime_per_step_seconds": 0.009029362165927887,
  "initial_objective": 1.0104008126784956,
  "final_objective": 1.0076150314571237,
  "best_objective": 1.0076150314571233,
  "objective_reduction": 0.0027857812213718525,
  "initial_train_loss_history": 1.0098582461756445,
  "final_train_loss_history": 1.0068952038304777,
  "best_train_loss_history": 1.0068952038304777,
  "train_loss_reduction": 0.0029630423451667554,
  "weight_norm": 1.439655253291865,
  "trace_s": 1.4396552532918652,
  "top_eigenvalue": 1.4396552532918647,
  "min_eigenvalue": -4.565856273531113e-16,
  "R1": 0.9999999999999999,
  "effective_rank": 1.0,
  "config_suffix": "cov_toeplitz_mask_random_rho_0p2_lambda_1e-05_beta_1_d_50_T_20_lr_0p001_iter_5000_ntrain_500_seed_42"
}