{
  "alpha": null,
  "seed": 42,
  "n_train": 300,
  "n_population": 5000,
  "train_loss": 0.604676775255265,
  "population_risk": 0.6966509981612309,
  "bayes_population_risk": 0.2921672002085666,
  "empirical_bayes_risk": 0.29049550686810105,
  "generalization_gap": 0.09197422290596591,
  "excess_population_risk": 0.40448379795266426,
  "runtime_seconds": 18.922335827723145,
  "runtime_per_step_seconds": 0.003784467165544629,
  "initial_objective": 0.6765308761467949,
  "final_objective": 0.614284052625997,
  "best_objective": 0.614284052625997,
  "objective_reduction": 0.06224682352079791,
  "initial_train_loss_history": 0.6753661946271475,
  "final_train_loss_history": 0.604676775255265,
  "best_train_loss_history": 0.604676775255265,
  "train_loss_reduction": 0.07068941937188256,
  "weight_norm": 19.214500165647827,
  "trace_s": 19.214500165647824,
  "top_eigenvalue": 3.951435466203107,
  "min_eigenvalue": 1.1806918577240378e-11,
  "R1": 0.20564862120470784,
  "effective_rank": 7.98638612495028,
  "config_suffix": "cov_matern_mask_random_rho_NA_lambda_1e-05_beta_1_d_50_T_5_lr_0p001_iter_5000_ntrain_300_seed_42",
  "ridge_lambda": 0.01,
  "ridge_train_loss": 0.28617722413735114,
  "ridge_population_risk": 0.29418040941103984,
  "ridge_generalization_gap": 0.008003185273688707,
  "ridge_excess_population_risk": 0.0020132092024732207,
  "pca_n_components": 75,
  "pca_train_loss": 0.3330452486582917,
  "pca_population_risk": 0.6943562175612915,
  "pca_generalization_gap": 0.3613109689029998,
  "pca_excess_population_risk": 0.4021890173527249
}