{
  "alpha": null,
  "seed": 42,
  "n_train": 500,
  "n_population": 5000,
  "train_loss": 0.32508378296145346,
  "population_risk": 0.3422208373754891,
  "bayes_population_risk": 0.07006953088198194,
  "empirical_bayes_risk": 0.07002417709404983,
  "generalization_gap": 0.017137054414035624,
  "excess_population_risk": 0.27215130649350716,
  "runtime_seconds": 17.31349591910839,
  "runtime_per_step_seconds": 0.003462699183821678,
  "initial_objective": 0.39480197981006415,
  "final_objective": 0.3290459102708426,
  "best_objective": 0.3290459102708426,
  "objective_reduction": 0.06575606953922153,
  "initial_train_loss_history": 0.3936131672133007,
  "final_train_loss_history": 0.32508378296145346,
  "best_train_loss_history": 0.32508378296145346,
  "train_loss_reduction": 0.06852938425184724,
  "weight_norm": 15.848000474161065,
  "trace_s": 15.848000474161063,
  "top_eigenvalue": 4.511629147010483,
  "min_eigenvalue": 5.4823607424353176e-08,
  "R1": 0.2846812854635099,
  "effective_rank": 7.663277237691282,
  "config_suffix": "cov_matern_mask_random_rho_NA_lambda_1e-05_beta_1_d_25_T_5_lr_0p001_iter_5000_ntrain_500_seed_42",
  "ridge_lambda": 0.01,
  "ridge_train_loss": 0.07242082511405076,
  "ridge_population_risk": 0.07059912431935329,
  "ridge_generalization_gap": -0.00182170079469747,
  "ridge_excess_population_risk": 0.0005295934373713562,
  "pca_n_components": 62,
  "pca_train_loss": 0.10414635570082058,
  "pca_population_risk": 0.13995897070641367,
  "pca_generalization_gap": 0.03581261500559309,
  "pca_excess_population_risk": 0.06988943982443173
}