{
  "alpha": null,
  "seed": 42,
  "n_train": 1250,
  "n_population": 5000,
  "train_loss": 0.8005709294293679,
  "population_risk": 0.8076030937306133,
  "bayes_population_risk": 0.48757509716865854,
  "empirical_bayes_risk": 0.48970081491756884,
  "generalization_gap": 0.007032164301245425,
  "excess_population_risk": 0.3200279965619548,
  "runtime_seconds": 45.56088373530656,
  "runtime_per_step_seconds": 0.009112176747061312,
  "initial_objective": 0.8195866764981601,
  "final_objective": 0.8019044681496695,
  "best_objective": 0.8019044681496695,
  "objective_reduction": 0.017682208348490547,
  "initial_train_loss_history": 0.8190336500178776,
  "final_train_loss_history": 0.8005709294293679,
  "best_train_loss_history": 0.8005709294293679,
  "train_loss_reduction": 0.01846272058850973,
  "weight_norm": 5.334153313278084,
  "trace_s": 5.334153313278086,
  "top_eigenvalue": 1.4190025475568844,
  "min_eigenvalue": 1.2969566252475344e-15,
  "R1": 0.26602207777279674,
  "effective_rank": 6.475077839059148,
  "config_suffix": "cov_toeplitz_bump_mask_random_rho_0p5_lambda_1e-05_beta_1_d_25_T_5_lr_0p001_iter_5000_ntrain_1250_seed_42"
}