{
  "alpha": null,
  "seed": 42,
  "n_train": 100,
  "n_population": 5000,
  "train_loss": 0.988083340650671,
  "population_risk": 1.0281210217851822,
  "bayes_population_risk": 0.8423761467889908,
  "empirical_bayes_risk": 0.8416738680548673,
  "generalization_gap": 0.040037681134511116,
  "excess_population_risk": 0.1857448749961914,
  "runtime_seconds": 22.05320865660906,
  "runtime_per_step_seconds": 0.02205320865660906,
  "initial_objective": 1.0096112243305928,
  "final_objective": 0.9926557087902784,
  "best_objective": 0.9926557087902784,
  "objective_reduction": 0.01695551554031438,
  "initial_train_loss_history": 1.0085404648031402,
  "final_train_loss_history": 0.988083340650671,
  "best_train_loss_history": 0.988083340650671,
  "train_loss_reduction": 0.02045712415246914,
  "weight_norm": 4.572264343783909,
  "trace_s": 4.572264343783909,
  "top_eigenvalue": 4.502630866766751,
  "min_eigenvalue": 9.228407388001615e-13,
  "R1": 0.9847704612460071
}