{
  "alpha": null,
  "seed": 42,
  "n_train": 100,
  "n_population": 5000,
  "train_loss": 1.061513374989981,
  "population_risk": 1.1020991495809382,
  "bayes_population_risk": 0.8498899082568808,
  "empirical_bayes_risk": 0.9102868122707843,
  "generalization_gap": 0.040585774590957246,
  "excess_population_risk": 0.2522092413240574,
  "runtime_seconds": 8.48614501208067,
  "runtime_per_step_seconds": 0.008486145012080669,
  "initial_objective": 1.0804566070845436,
  "final_objective": 1.0641257203808527,
  "best_objective": 1.0641257203808527,
  "objective_reduction": 0.016330886703690872,
  "initial_train_loss_history": 1.0798594356587738,
  "final_train_loss_history": 1.061513374989981,
  "best_train_loss_history": 1.061513374989981,
  "train_loss_reduction": 0.018346060668792852,
  "weight_norm": 5.222116408048732,
  "trace_s": 5.222116408048732,
  "top_eigenvalue": 1.5804643982040614,
  "min_eigenvalue": 2.206615938577213e-12,
  "R1": 0.30264825115122435
}