{
  "alpha": null,
  "seed": 42,
  "n_train": 1750,
  "n_population": 5000,
  "train_loss": 0.9772683711308686,
  "population_risk": 0.9838560184528491,
  "bayes_population_risk": 0.7822082681172894,
  "empirical_bayes_risk": 0.7820840766915966,
  "generalization_gap": 0.006587647321980472,
  "excess_population_risk": 0.2016477503355597,
  "runtime_seconds": 584.0457265619189,
  "runtime_per_step_seconds": 0.11680914531238377,
  "initial_objective": 0.9801147221308023,
  "final_objective": 0.9781670893686873,
  "best_objective": 0.9781670891919987,
  "objective_reduction": 0.0019476327621149592,
  "initial_train_loss_history": 0.9790348048197391,
  "final_train_loss_history": 0.9772683711308686,
  "best_train_loss_history": 0.9772683244591567,
  "train_loss_reduction": 0.0017664336888705279,
  "weight_norm": 0.8987256013724321,
  "trace_s": 0.8987256013724322,
  "top_eigenvalue": 0.8987255986678074,
  "min_eigenvalue": 6.336112245969146e-19,
  "R1": 0.9999999969906,
  "effective_rank": 1.0000000692813487,
  "config_suffix": "cov_exponential_mask_random_rho_NA_lambda_1e-05_beta_1_d_100_T_10_lr_0p001_iter_5000_ntrain_1750_seed_42"
}