{
  "alpha": null,
  "seed": 42,
  "n_train": 500,
  "n_population": 5000,
  "train_loss": 0.8648860024281733,
  "population_risk": 0.8906449659627655,
  "bayes_population_risk": 0.4371730888154475,
  "empirical_bayes_risk": 0.435824110490209,
  "generalization_gap": 0.025758963534592283,
  "excess_population_risk": 0.45347187714731807,
  "runtime_seconds": 33.37504117935896,
  "runtime_per_step_seconds": 0.006675008235871792,
  "initial_objective": 0.8784452493416655,
  "final_objective": 0.8674043432760474,
  "best_objective": 0.8674043432760474,
  "objective_reduction": 0.011040906065618028,
  "initial_train_loss_history": 0.8777823819208629,
  "final_train_loss_history": 0.8648860024281733,
  "best_train_loss_history": 0.8648860024281733,
  "train_loss_reduction": 0.012896379492689625,
  "weight_norm": 5.036681503900282,
  "trace_s": 5.036681503900283,
  "top_eigenvalue": 2.497064810053319,
  "min_eigenvalue": 1.526151124667147e-15,
  "R1": 0.4957758016105747,
  "effective_rank": 3.9430946710154378,
  "config_suffix": "cov_toeplitz_bump_mask_random_rho_0p5_lambda_1e-05_beta_1_d_50_T_10_lr_0p001_iter_5000_ntrain_500_seed_42",
  "ridge_lambda": 0.01,
  "ridge_train_loss": 0.4286077958469231,
  "ridge_population_risk": 0.44419943303242215,
  "ridge_generalization_gap": 0.015591637185499052,
  "ridge_excess_population_risk": 0.007026344216974678,
  "pca_n_components": 75,
  "pca_train_loss": 0.5913721291376418,
  "pca_population_risk": 0.9306151965092461,
  "pca_generalization_gap": 0.33924306737160426,
  "pca_excess_population_risk": 0.4934421076937986
}