{
  "alpha": null,
  "seed": 42,
  "n_train": 70,
  "n_population": 5000,
  "train_loss": 0.5516715798122838,
  "population_risk": 1.2009816313513126,
  "bayes_population_risk": 0.10837348066298334,
  "empirical_bayes_risk": 0.10888871072112616,
  "generalization_gap": 0.6493100515390289,
  "excess_population_risk": 1.0926081506883294,
  "runtime_seconds": 49.7563192229718,
  "runtime_per_step_seconds": 0.00995126384459436,
  "initial_objective": 0.7735678449390669,
  "final_objective": 0.5732307681682846,
  "best_objective": 0.5732307681682846,
  "objective_reduction": 0.20033707677078239,
  "initial_train_loss_history": 0.7728272367896618,
  "final_train_loss_history": 0.5516715798122838,
  "best_train_loss_history": 0.5516715798122838,
  "train_loss_reduction": 0.22115565697737805,
  "weight_norm": 43.117486130498754,
  "trace_s": 43.11748613049875,
  "top_eigenvalue": 28.18363954719286,
  "min_eigenvalue": 2.2990293599659563e-09,
  "R1": 0.6536475587164953,
  "effective_rank": 3.1083390255431884,
  "config_suffix": "cov_toeplitz_mask_random_rho_0p9_lambda_1e-05_beta_1_d_50_T_50_lr_0p001_iter_5000_ntrain_70_seed_42",
  "ridge_lambda": 0.01,
  "ridge_train_loss": 0.031439047467458354,
  "ridge_population_risk": 0.3761002387608768,
  "ridge_generalization_gap": 0.34466119129341843,
  "ridge_excess_population_risk": 0.2677267580978934,
  "pca_n_components": 75,
  "pca_train_loss": 1.1086554954493569e-16,
  "pca_population_risk": 0.8431558573898119,
  "pca_generalization_gap": 0.8431558573898118,
  "pca_excess_population_risk": 0.7347823767268286
}