{
  "alpha": null,
  "seed": 42,
  "n_train": 2000,
  "n_population": 5000,
  "train_loss": 0.5692974169228748,
  "population_risk": 0.5766273168444128,
  "bayes_population_risk": 0.3599999999999999,
  "empirical_bayes_risk": 0.3603424848187042,
  "generalization_gap": 0.007329899921537986,
  "excess_population_risk": 0.21662731684441294,
  "runtime_seconds": 31.511245600879192,
  "runtime_per_step_seconds": 0.031511245600879194,
  "initial_objective": 0.5873335968106478,
  "final_objective": 0.5726320525262206,
  "best_objective": 0.5726320525262206,
  "objective_reduction": 0.01470154428442716,
  "initial_train_loss_history": 0.5863695459417217,
  "final_train_loss_history": 0.5692974169228748,
  "best_train_loss_history": 0.5692974169228748,
  "train_loss_reduction": 0.017072129018846915,
  "weight_norm": 6.666370819471379,
  "trace_s": 6.666370819471379,
  "top_eigenvalue": 1.0369751960674147,
  "min_eigenvalue": 7.341045008116874e-10,
  "R1": 0.15555318240602214,
  "config_suffix": "cov_toeplitz_mask_last_rho_0p8_lambda_1e-05_beta_1_d_50_T_5_lr_0p001_iter_1000_ntrain_2000_seed_42"
}