{
  "alpha": null,
  "seed": 42,
  "n_train": 40,
  "n_population": 5000,
  "train_loss": 0.3827700533026805,
  "population_risk": 1.3356560428118105,
  "bayes_population_risk": 0.24553354982376377,
  "empirical_bayes_risk": 0.2449283518860664,
  "generalization_gap": 0.95288598950913,
  "excess_population_risk": 1.0901224929880466,
  "runtime_seconds": 21.330679340288043,
  "runtime_per_step_seconds": 0.004266135868057608,
  "initial_objective": 0.7740255524325724,
  "final_objective": 0.43417202670387706,
  "best_objective": 0.43417202670387706,
  "objective_reduction": 0.33985352572869537,
  "initial_train_loss_history": 0.7725920510299085,
  "final_train_loss_history": 0.3827700533026805,
  "best_train_loss_history": 0.3827700533026805,
  "train_loss_reduction": 0.389821997727228,
  "weight_norm": 51.401720288200394,
  "trace_s": 51.40172028820039,
  "top_eigenvalue": 37.60756549460253,
  "min_eigenvalue": 1.0577628274008824e-12,
  "R1": 0.7316402113342423,
  "effective_rank": 2.6036510617400803,
  "config_suffix": "cov_matern_mask_random_rho_NA_lambda_1e-05_beta_1_d_100_T_10_lr_0p001_iter_5000_ntrain_40_seed_42",
  "ridge_lambda": 0.01,
  "ridge_train_loss": 0.18052030128106825,
  "ridge_population_risk": 0.3186338916088836,
  "ridge_generalization_gap": 0.13811359032781537,
  "ridge_excess_population_risk": 0.07310034178511984,
  "pca_n_components": 75,
  "pca_train_loss": 1.2959564803600248e-16,
  "pca_population_risk": 1.0076549671874455,
  "pca_generalization_gap": 1.0076549671874453,
  "pca_excess_population_risk": 0.7621214173636818
}