{
  "alpha": null,
  "seed": 42,
  "n_train": 20,
  "n_population": 5000,
  "train_loss": 0.973546507260773,
  "population_risk": 1.1388083389141241,
  "bayes_population_risk": 0.9267692307692309,
  "empirical_bayes_risk": 0.924767392802631,
  "generalization_gap": 0.16526183165335118,
  "excess_population_risk": 0.21203910814489324,
  "runtime_seconds": 42.56161570735276,
  "runtime_per_step_seconds": 0.008512323141470551,
  "initial_objective": 1.0814845850174328,
  "final_objective": 0.9984068592838229,
  "best_objective": 0.9984068592838229,
  "objective_reduction": 0.08307772573360994,
  "initial_train_loss_history": 1.0793409901850892,
  "final_train_loss_history": 0.973546507260773,
  "best_train_loss_history": 0.973546507260773,
  "train_loss_reduction": 0.10579448292431626,
  "weight_norm": 12.429869378272281,
  "trace_s": 12.429869378272276,
  "top_eigenvalue": 11.72521266092748,
  "min_eigenvalue": 6.228459813408406e-16,
  "R1": 0.9433094028665697,
  "effective_rank": 1.2500843914368491,
  "config_suffix": "cov_toeplitz_mask_random_rho_0p2_lambda_1e-05_beta_1_d_200_T_20_lr_0p001_iter_5000_ntrain_20_seed_42",
  "ridge_lambda": 0.01,
  "ridge_train_loss": 0.049256889380944434,
  "ridge_population_risk": 17.115044844971766,
  "ridge_generalization_gap": 17.06578795559082,
  "ridge_excess_population_risk": 16.188275614202535,
  "pca_n_components": 75,
  "pca_train_loss": 1.1197911789741534e-16,
  "pca_population_risk": 1.0528093816490323,
  "pca_generalization_gap": 1.052809381649032,
  "pca_excess_population_risk": 0.12604015087980136
}