{
  "alpha": null,
  "seed": 42,
  "n_train": 40,
  "n_population": 5000,
  "train_loss": 0.11541754186359918,
  "population_risk": 1.213909361563219,
  "bayes_population_risk": 0.07006953088198194,
  "empirical_bayes_risk": 0.06993135783472808,
  "generalization_gap": 1.0984918196996198,
  "excess_population_risk": 1.1438398306812372,
  "runtime_seconds": 39.06604489311576,
  "runtime_per_step_seconds": 0.007813208978623152,
  "initial_objective": 0.37126382979763023,
  "final_objective": 0.15349007617291116,
  "best_objective": 0.15349007617291116,
  "objective_reduction": 0.21777375362471907,
  "initial_train_loss_history": 0.3687467721346316,
  "final_train_loss_history": 0.11541754186359918,
  "best_train_loss_history": 0.11541754186359918,
  "train_loss_reduction": 0.2533292302710324,
  "weight_norm": 38.072466284665495,
  "trace_s": 38.072466284665495,
  "top_eigenvalue": 22.90234423087201,
  "min_eigenvalue": 2.4010911434722776e-11,
  "R1": 0.6015461162834211,
  "effective_rank": 3.4504117916547647,
  "config_suffix": "cov_matern_mask_random_rho_NA_lambda_1e-05_beta_1_d_100_T_5_lr_0p001_iter_5000_ntrain_40_seed_42"
}