{
  "alpha": null,
  "seed": 42,
  "n_train": 5000,
  "n_population": 5000,
  "train_loss": 0.7223079734428717,
  "population_risk": 0.7285257089508278,
  "bayes_population_risk": 0.5301185178874289,
  "empirical_bayes_risk": 0.5318791889425615,
  "generalization_gap": 0.006217735507956124,
  "excess_population_risk": 0.19840719106339888,
  "runtime_seconds": 789.8588528316468,
  "runtime_per_step_seconds": 0.15797177056632936,
  "initial_objective": 0.7420637372373501,
  "final_objective": 0.7294169934300203,
  "best_objective": 0.7294169934300203,
  "objective_reduction": 0.012646743807329774,
  "initial_train_loss_history": 0.7403796656844954,
  "final_train_loss_history": 0.7223079734428717,
  "best_train_loss_history": 0.7223073635681815,
  "train_loss_reduction": 0.01807169224162375,
  "weight_norm": 7.10901961972845,
  "trace_s": 7.109019619728451,
  "top_eigenvalue": 1.1668120899334886,
  "min_eigenvalue": 1.234985125378146e-15,
  "R1": 0.16413122376191427,
  "effective_rank": 13.706522725080065,
  "config_suffix": "cov_exponential_mask_random_rho_NA_lambda_1e-05_beta_1_d_100_T_5_lr_0p001_iter_5000_ntrain_5000_seed_42"
}