{
  "alpha": null,
  "seed": 42,
  "n_train": 150,
  "n_population": 5000,
  "train_loss": 0.2897229292757931,
  "population_risk": 0.4414570932169894,
  "bayes_population_risk": 0.13898342541436456,
  "empirical_bayes_risk": 0.19008309136707519,
  "generalization_gap": 0.15173416394119632,
  "excess_population_risk": 0.30247366780262486,
  "runtime_seconds": 48.31145984865725,
  "runtime_per_step_seconds": 0.004831145984865725,
  "initial_objective": 0.3704965343211377,
  "final_objective": 0.30789196820527354,
  "best_objective": 0.30789196820527354,
  "objective_reduction": 0.06260456611586418,
  "initial_train_loss_history": 0.369275804087034,
  "final_train_loss_history": 0.2897229292757931,
  "best_train_loss_history": 0.28972244605463665,
  "train_loss_reduction": 0.0795528748112409,
  "weight_norm": 36.33807777074323,
  "trace_s": 36.338077770743226,
  "top_eigenvalue": 20.130872530973562,
  "min_eigenvalue": 1.1282261066047113e-16,
  "R1": 0.5539883715913413
}