{
  "alpha": null,
  "seed": 42,
  "n_train": 5000,
  "n_population": 5000,
  "train_loss": 0.33496649341152324,
  "population_risk": 0.34089992638960737,
  "bayes_population_risk": 0.13898342541436456,
  "empirical_bayes_risk": 0.1900750305747361,
  "generalization_gap": 0.00593343297808413,
  "excess_population_risk": 0.2019165009752428,
  "runtime_seconds": 2213.383916882798,
  "runtime_per_step_seconds": 0.22133839168827982,
  "initial_objective": 0.36694346801216793,
  "final_objective": 0.3503027079079513,
  "best_objective": 0.35030260792463985,
  "objective_reduction": 0.016640760104216612,
  "initial_train_loss_history": 0.3634939597754206,
  "final_train_loss_history": 0.33496649341152324,
  "best_train_loss_history": 0.33494794055794047,
  "train_loss_reduction": 0.028527466363897358,
  "weight_norm": 7.668092734172983,
  "trace_s": 7.668092734172983,
  "top_eigenvalue": 0.6712204080117113,
  "min_eigenvalue": -1.9192894878675134e-17,
  "R1": 0.08753420586848233
}