{
  "alpha": 2.0,
  "seed": 0,
  "n_train": 5000,
  "n_population": 5000,
  "train_loss": 0.8581991015502365,
  "population_risk": 0.8545254631304244,
  "bayes_population_risk": 0.66,
  "empirical_bayes_risk": 0.6601247920553202,
  "generalization_gap": -0.003673638419812053,
  "excess_population_risk": 0.1945254631304244,
  "runtime_seconds": 60.73428462498123,
  "runtime_per_step_seconds": 0.060734284624981226,
  "initial_objective": 0.9151473316109424,
  "final_objective": 0.8583390362614011,
  "best_objective": 0.8583390362614011,
  "objective_reduction": 0.05680829534954135,
  "initial_train_loss_history": 0.8621238314924808,
  "final_train_loss_history": 0.8581991015502365,
  "best_train_loss_history": 0.8494179891113683,
  "train_loss_reduction": 0.003924729942244354,
  "weight_norm": 0.0027936293917415977,
  "trace_s": 0.0027936293917415977,
  "top_eigenvalue": 0.0010957556379136654,
  "min_eigenvalue": 1.3046567135423154e-12,
  "R1": 0.3922337161661061
}