{
  "alpha": 3.0,
  "seed": 0,
  "n_train": 7500,
  "n_population": 5000,
  "train_loss": 1.078236516888604,
  "population_risk": 1.0763105040102008,
  "bayes_population_risk": 0.9353846153846154,
  "empirical_bayes_risk": 0.9341322628619361,
  "weight_norm": 0.004415413317114007,
  "trace_s": 0.004415413317114007,
  "top_eigenvalue": 0.0004275931031920881,
  "R1": 0.09684101407556801
}