{
  "alpha": null,
  "seed": 42,
  "n_train": 50,
  "n_population": 5000,
  "train_loss": 1.043569423961967,
  "population_risk": 1.30223281306451,
  "bayes_population_risk": 0.8649174311926606,
  "empirical_bayes_risk": 0.9110436010726533,
  "generalization_gap": 0.25866338910254294,
  "excess_population_risk": 0.4373153818718494,
  "runtime_seconds": 8.463311344385147,
  "runtime_per_step_seconds": 0.008463311344385147,
  "initial_objective": 1.1434096754051328,
  "final_objective": 1.0594918236796576,
  "best_objective": 1.0594918236796576,
  "objective_reduction": 0.08391785172547528,
  "initial_train_loss_history": 1.1422203375964493,
  "final_train_loss_history": 1.043569423961967,
  "best_train_loss_history": 1.043569423961967,
  "train_loss_reduction": 0.0986509136344822,
  "weight_norm": 15.91867804014807,
  "trace_s": 15.918678040148073,
  "top_eigenvalue": 8.923881658219614,
  "min_eigenvalue": 1.0074505507085628e-08,
  "R1": 0.5605918805388822
}