{
  "alpha": null,
  "seed": 42,
  "n_train": 1000,
  "n_population": 5000,
  "train_loss": 0.9890633678211743,
  "population_risk": 0.98811035250902,
  "bayes_population_risk": 0.7822082681172894,
  "empirical_bayes_risk": 0.784066893161259,
  "generalization_gap": -0.0009530153121543039,
  "excess_population_risk": 0.20590208439173063,
  "runtime_seconds": 38.36435445025563,
  "runtime_per_step_seconds": 0.007672870890051127,
  "initial_objective": 0.9960971004107367,
  "final_objective": 0.9896398313676188,
  "best_objective": 0.9896398313676188,
  "objective_reduction": 0.006457269043117941,
  "initial_train_loss_history": 0.9956526466440239,
  "final_train_loss_history": 0.9890633678211743,
  "best_train_loss_history": 0.9890633411078343,
  "train_loss_reduction": 0.0065892788228495425,
  "weight_norm": 2.305853160265462,
  "trace_s": 2.3058531602654626,
  "top_eigenvalue": 1.3666259369803115,
  "min_eigenvalue": 4.126277242965951e-15,
  "R1": 0.5926769147880078,
  "effective_rank": 2.8338749897094266,
  "config_suffix": "cov_exponential_mask_random_rho_NA_lambda_1e-05_beta_1_d_25_T_10_lr_0p001_iter_5000_ntrain_1000_seed_42",
  "ridge_lambda": 0.01,
  "ridge_train_loss": 0.7808334317866739,
  "ridge_population_risk": 0.7908748333433645,
  "ridge_generalization_gap": 0.010041401556690643,
  "ridge_excess_population_risk": 0.008666565226075118,
  "pca_n_components": 75,
  "pca_train_loss": 0.8499820497065294,
  "pca_population_risk": 1.1185581752220255,
  "pca_generalization_gap": 0.26857612551549614,
  "pca_excess_population_risk": 0.3363499071047361
}