{
  "alpha": null,
  "seed": 42,
  "n_train": 100,
  "n_population": 5000,
  "train_loss": 1.056348350724194,
  "population_risk": 1.0926152247508198,
  "bayes_population_risk": 0.8444937602472408,
  "empirical_bayes_risk": 0.8487843797785357,
  "generalization_gap": 0.03626687402662587,
  "excess_population_risk": 0.24812146450357908,
  "runtime_seconds": 33.00212316587567,
  "runtime_per_step_seconds": 0.033002123165875676,
  "initial_objective": 1.1021138236699626,
  "final_objective": 1.0750308356347427,
  "best_objective": 1.0750308356347427,
  "objective_reduction": 0.027082988035219913,
  "initial_train_loss_history": 1.096748231246972,
  "final_train_loss_history": 1.056348350724194,
  "best_train_loss_history": 1.056348350724194,
  "train_loss_reduction": 0.0403998805227781,
  "weight_norm": 3.736395639345669,
  "trace_s": 3.7363956393456688,
  "top_eigenvalue": 2.3501893971657024,
  "min_eigenvalue": 3.6222142768930077e-10,
  "R1": 0.6289990739784921
}