{
  "alpha": null,
  "seed": 42,
  "n_train": 2500,
  "n_population": 5000,
  "train_loss": 0.9677213745512985,
  "population_risk": 0.9714549454255567,
  "bayes_population_risk": 0.8028223802788139,
  "empirical_bayes_risk": 0.8025750988128554,
  "generalization_gap": 0.0037335708742581852,
  "excess_population_risk": 0.16863256514674274,
  "runtime_seconds": 48.66878892853856,
  "runtime_per_step_seconds": 0.009733757785707712,
  "initial_objective": 0.9769499536725779,
  "final_objective": 0.9695750016626034,
  "best_objective": 0.9695750016626034,
  "objective_reduction": 0.007374952009974511,
  "initial_train_loss_history": 0.9760971258114359,
  "final_train_loss_history": 0.9677213745512985,
  "best_train_loss_history": 0.9677213612669778,
  "train_loss_reduction": 0.008375751260137454,
  "weight_norm": 3.70725395766215,
  "trace_s": 3.7072539576621497,
  "top_eigenvalue": 1.0209964100849573,
  "min_eigenvalue": 1.033081841671241e-14,
  "R1": 0.275405036111638,
  "effective_rank": 7.344241779808465,
  "config_suffix": "cov_exponential_mask_random_rho_NA_lambda_1e-05_beta_1_d_50_T_5_lr_0p001_iter_5000_ntrain_2500_seed_42",
  "ridge_lambda": 0.01,
  "ridge_train_loss": 0.80064567688231,
  "ridge_population_risk": 0.8040331492059773,
  "ridge_generalization_gap": 0.0033874723236673177,
  "ridge_excess_population_risk": 0.0012107689271634303,
  "pca_n_components": 75,
  "pca_train_loss": 0.9559784749810002,
  "pca_population_risk": 1.0899315293232383,
  "pca_generalization_gap": 0.13395305434223814,
  "pca_excess_population_risk": 0.2871091490444244
}