{
  "alpha": 0.5,
  "seed": 0,
  "n_train": 1250,
  "n_population": 5000,
  "train_loss": 0.8607048204650931,
  "population_risk": 0.854601326026335,
  "bayes_population_risk": 0.66,
  "empirical_bayes_risk": 0.6596827905453209,
  "generalization_gap": -0.006103494438758128,
  "excess_population_risk": 0.19460132602633495,
  "runtime_seconds": 18.399594750022516,
  "runtime_per_step_seconds": 0.018399594750022515,
  "initial_objective": 0.9182703006573274,
  "final_objective": 0.8610384920873521,
  "best_objective": 0.8610384920873521,
  "objective_reduction": 0.05723180856997534,
  "initial_train_loss_history": 0.8651488926467293,
  "final_train_loss_history": 0.8607048204650931,
  "best_train_loss_history": 0.8507264254965059,
  "train_loss_reduction": 0.004444072181636227,
  "weight_norm": 0.00666746300911406,
  "trace_s": 0.006667463009114063,
  "top_eigenvalue": 0.0021716426252712945,
  "min_eigenvalue": 3.662218001872865e-12,
  "R1": 0.3257074875860242
}