{
  "alpha": null,
  "seed": 42,
  "n_train": 100,
  "n_population": 5000,
  "train_loss": 0.1883489048951125,
  "population_risk": 0.47346579819250983,
  "bayes_population_risk": 0.13898342541436456,
  "empirical_bayes_risk": 0.13974980281967878,
  "generalization_gap": 0.2851168932973973,
  "excess_population_risk": 0.3344823727781453,
  "runtime_seconds": 24.839217567816377,
  "runtime_per_step_seconds": 0.004967843513563276,
  "initial_objective": 0.28584733319593947,
  "final_objective": 0.21277129650547877,
  "best_objective": 0.21277129650547877,
  "objective_reduction": 0.0730760366904607,
  "initial_train_loss_history": 0.2836778307775974,
  "final_train_loss_history": 0.1883489048951125,
  "best_train_loss_history": 0.1883489048951125,
  "train_loss_reduction": 0.0953289258824849,
  "weight_norm": 24.422379395391545,
  "trace_s": 24.42237939539154,
  "top_eigenvalue": 12.123958988461386,
  "min_eigenvalue": 2.43257438647661e-12,
  "R1": 0.4964282469032953,
  "effective_rank": 4.7191943711446305,
  "config_suffix": "cov_toeplitz_mask_random_rho_0p9_lambda_1e-05_beta_1_d_100_T_5_lr_0p001_iter_5000_ntrain_100_seed_42",
  "ridge_lambda": 0.01,
  "ridge_train_loss": 0.13438913297786137,
  "ridge_population_risk": 0.1458411084271273,
  "ridge_generalization_gap": 0.011451975449265933,
  "ridge_excess_population_risk": 0.006857683012762739,
  "pca_n_components": 75,
  "pca_train_loss": 0.05523893030062276,
  "pca_population_risk": 0.6073292220478256,
  "pca_generalization_gap": 0.5520902917472028,
  "pca_excess_population_risk": 0.468345796633461
}