{
  "alpha": null,
  "seed": 42,
  "n_train": 5000,
  "n_population": 5000,
  "train_loss": 0.9699123985685033,
  "population_risk": 0.9647794700358441,
  "bayes_population_risk": 0.45666666666666667,
  "empirical_bayes_risk": 0.45179768221987776,
  "generalization_gap": -0.005132928532659231,
  "excess_population_risk": 0.5081128033691774,
  "runtime_seconds": 214.42213634587824,
  "runtime_per_step_seconds": 0.04288442726917565,
  "initial_objective": 0.9761308687424789,
  "final_objective": 0.9705576133649613,
  "best_objective": 0.9705576133649613,
  "objective_reduction": 0.0055732553775176275,
  "initial_train_loss_history": 0.9757209294293551,
  "final_train_loss_history": 0.9699123985685033,
  "best_train_loss_history": 0.9699123985685033,
  "train_loss_reduction": 0.005808530860851757,
  "weight_norm": 2.580858291507484,
  "trace_s": 2.5808582915074836,
  "top_eigenvalue": 0.8130856902462533,
  "min_eigenvalue": 3.617727766696341e-15,
  "R1": 0.3150446860727594,
  "effective_rank": 5.689595839077354,
  "config_suffix": "cov_tridiagonal_mask_random_rho_0p5_lambda_1e-05_beta_1_d_25_T_5_lr_0p001_iter_5000_ntrain_5000_seed_42"
}