{
  "alpha": null,
  "seed": 42,
  "n_train": 10,
  "n_population": 5000,
  "train_loss": 0.9030948350445268,
  "population_risk": 1.283948834384061,
  "bayes_population_risk": 0.8444937602472408,
  "empirical_bayes_risk": 0.8468799067666092,
  "generalization_gap": 0.38085399933953423,
  "excess_population_risk": 0.4394550741368203,
  "runtime_seconds": 26.703471267595887,
  "runtime_per_step_seconds": 0.002670347126759589,
  "initial_objective": 1.114935063849935,
  "final_objective": 0.9472555714607042,
  "best_objective": 0.9472555714599842,
  "objective_reduction": 0.16767949238923074,
  "initial_train_loss_history": 1.109337616899592,
  "final_train_loss_history": 0.9030948350445268,
  "best_train_loss_history": 0.9030866043050005,
  "train_loss_reduction": 0.20624278185506528,
  "weight_norm": 8.83214728322864,
  "trace_s": 8.832147283228636,
  "top_eigenvalue": 6.423007551750284,
  "min_eigenvalue": -8.993261117364863e-16,
  "R1": 0.727230575507604
}