{
  "alpha": null,
  "seed": 42,
  "n_train": 200,
  "n_population": 5000,
  "train_loss": 0.4835353808630857,
  "population_risk": 0.7917902361449131,
  "bayes_population_risk": 0.27570731707317064,
  "empirical_bayes_risk": 0.3602053403283322,
  "generalization_gap": 0.3082548552818274,
  "excess_population_risk": 0.5160829190717424,
  "runtime_seconds": 180.46666944772005,
  "runtime_per_step_seconds": 0.018046666944772007,
  "initial_objective": 0.5919247210419272,
  "final_objective": 0.5343317706232592,
  "best_objective": 0.5343317703550341,
  "objective_reduction": 0.057592950418667965,
  "initial_train_loss_history": 0.5889401767164619,
  "final_train_loss_history": 0.4835353808630857,
  "best_train_loss_history": 0.4835353808630857,
  "train_loss_reduction": 0.10540479585337625,
  "weight_norm": 25.39819503828167,
  "trace_s": 25.398195038281667,
  "top_eigenvalue": 13.680458953219897,
  "min_eigenvalue": -1.094221493408461e-15,
  "R1": 0.538639022678576
}