{
  "alpha": null,
  "seed": 42,
  "n_train": 1500,
  "n_population": 5000,
  "train_loss": 1.2007683418150144,
  "population_risk": 1.1960360210466046,
  "bayes_population_risk": 1.0,
  "empirical_bayes_risk": 0.9944963047379881,
  "generalization_gap": -0.004732320768409792,
  "excess_population_risk": 0.19603602104660456,
  "runtime_seconds": 24.991881910711527,
  "runtime_per_step_seconds": 0.004998376382142305,
  "initial_objective": 1.203587308078226,
  "final_objective": 1.2009118993155083,
  "best_objective": 1.2009118993155083,
  "objective_reduction": 0.002675408762717657,
  "initial_train_loss_history": 1.203263755231689,
  "final_train_loss_history": 1.2007683418150144,
  "best_train_loss_history": 1.2007683417712256,
  "train_loss_reduction": 0.0024954134166745856,
  "weight_norm": 0.5742300019749363,
  "trace_s": 0.5742300019749363,
  "top_eigenvalue": 0.33383384970904517,
  "min_eigenvalue": -3.270185576525218e-17,
  "R1": 0.5813591218865228,
  "effective_rank": 2.637463892050425,
  "config_suffix": "cov_identity_mask_random_rho_NA_lambda_1e-05_beta_1_d_25_T_5_lr_0p001_iter_5000_ntrain_1500_seed_42",
  "ridge_lambda": 0.01,
  "ridge_train_loss": 0.9993461838953914,
  "ridge_population_risk": 0.9967988569996243,
  "ridge_generalization_gap": -0.002547326895767088,
  "ridge_excess_population_risk": -0.0032011430003756614,
  "pca_n_components": 62,
  "pca_train_loss": 2.0211835775960116,
  "pca_population_risk": 2.6423432103979176,
  "pca_generalization_gap": 0.621159632801906,
  "pca_excess_population_risk": 1.6423432103979176
}