{
  "alpha": null,
  "seed": 42,
  "n_train": 2000,
  "n_population": 5000,
  "train_loss": 0.9923248345498331,
  "population_risk": 0.9788810516474911,
  "bayes_population_risk": 0.7822082681172894,
  "empirical_bayes_risk": 0.7782035353198138,
  "generalization_gap": -0.01344378290234205,
  "excess_population_risk": 0.19667278353020168,
  "runtime_seconds": 206.4663637727499,
  "runtime_per_step_seconds": 0.04129327275454998,
  "initial_objective": 0.9948208952973292,
  "final_objective": 0.9927458045873144,
  "best_objective": 0.9927458045873144,
  "objective_reduction": 0.002075090710014771,
  "initial_train_loss_history": 0.9944769197631294,
  "final_train_loss_history": 0.9923248345498331,
  "best_train_loss_history": 0.9923247728249157,
  "train_loss_reduction": 0.00215208521329624,
  "weight_norm": 1.6838799969554001,
  "trace_s": 1.6838799969553997,
  "top_eigenvalue": 0.663709407935379,
  "min_eigenvalue": 1.5846308269758e-16,
  "R1": 0.394154814556514,
  "effective_rank": 3.0499840967559924,
  "config_suffix": "cov_exponential_mask_random_rho_NA_lambda_1e-05_beta_1_d_25_T_10_lr_0p001_iter_5000_ntrain_2000_seed_42"
}