{
  "alpha": null,
  "seed": 42,
  "n_train": 5000,
  "n_population": 5000,
  "train_loss": 1.0657959499700156,
  "population_risk": 1.058346489910416,
  "bayes_population_risk": 0.8444937602472408,
  "empirical_bayes_risk": 0.8444756521133798,
  "generalization_gap": -0.007449460059599566,
  "excess_population_risk": 0.21385272966317526,
  "runtime_seconds": 48.145015116780996,
  "runtime_per_step_seconds": 0.048145015116780994,
  "initial_objective": 1.0694554025331906,
  "final_objective": 1.0668481980091606,
  "best_objective": 1.0668481980091606,
  "objective_reduction": 0.00260720452402996,
  "initial_train_loss_history": 1.0687830058089318,
  "final_train_loss_history": 1.0657959499700156,
  "best_train_loss_history": 1.0657959499700156,
  "train_loss_reduction": 0.0029870558389162305,
  "weight_norm": 2.104339631514819,
  "trace_s": 2.1043396315148186,
  "top_eigenvalue": 0.4859383917662594,
  "min_eigenvalue": 1.3180569274462264e-10,
  "R1": 0.23092203582007073
}