{
  "alpha": null,
  "seed": 42,
  "n_train": 1000,
  "n_population": 5000,
  "train_loss": 0.5627684861496698,
  "population_risk": 0.5833570875443417,
  "bayes_population_risk": 0.3599999999999999,
  "empirical_bayes_risk": 0.3602981478894696,
  "generalization_gap": 0.02058860139467189,
  "excess_population_risk": 0.2233570875443418,
  "runtime_seconds": 89.30263177491724,
  "runtime_per_step_seconds": 0.008930263177491725,
  "initial_objective": 0.587795346285593,
  "final_objective": 0.5680841472810073,
  "best_objective": 0.5680841472806418,
  "objective_reduction": 0.019711199004585733,
  "initial_train_loss_history": 0.586839529460646,
  "final_train_loss_history": 0.5627684861496698,
  "best_train_loss_history": 0.5627672030312482,
  "train_loss_reduction": 0.024071043310976203,
  "weight_norm": 10.631322261793182,
  "trace_s": 10.631322261793182,
  "top_eigenvalue": 2.935657275884693,
  "min_eigenvalue": -3.1096908252443065e-16,
  "R1": 0.27613284628148754,
  "config_suffix": "cov_toeplitz_mask_last_rho_0p8_lambda_1e-05_beta_1_d_50_T_5_lr_0p001_iter_10000_ntrain_1000_seed_42"
}