{
  "alpha": null,
  "seed": 42,
  "n_train": 500,
  "n_population": 5000,
  "train_loss": 0.7509438960509687,
  "population_risk": 0.8072825876536229,
  "bayes_population_risk": 0.24760975609756097,
  "empirical_bayes_risk": 0.3594071641655206,
  "generalization_gap": 0.056338691602654256,
  "excess_population_risk": 0.559672831556062,
  "runtime_seconds": 12.750475471839309,
  "runtime_per_step_seconds": 0.012750475471839308,
  "initial_objective": 0.7750216895451786,
  "final_objective": 0.7549126553718137,
  "best_objective": 0.7549126553718137,
  "objective_reduction": 0.020109034173364848,
  "initial_train_loss_history": 0.7744345179680565,
  "final_train_loss_history": 0.7509438960509687,
  "best_train_loss_history": 0.7509438960509687,
  "train_loss_reduction": 0.02349062191708784,
  "weight_norm": 7.934440036853423,
  "trace_s": 7.934440036853424,
  "top_eigenvalue": 2.995691035808991,
  "min_eigenvalue": 1.2854443636893287e-08,
  "R1": 0.3775554446053886
}