{
  "alpha": null,
  "seed": 42,
  "n_train": 5000,
  "n_population": 5000,
  "train_loss": 1.1172658438503673,
  "population_risk": 1.1205031015744336,
  "bayes_population_risk": 0.91,
  "empirical_bayes_risk": 0.9100911914372791,
  "generalization_gap": 0.003237257724066245,
  "excess_population_risk": 0.21050310157443353,
  "runtime_seconds": 83.25141238979995,
  "runtime_per_step_seconds": 0.08325141238979995,
  "initial_objective": 1.1229959745331706,
  "final_objective": 1.1172658438597889,
  "best_objective": 1.1172658438503527,
  "objective_reduction": 0.005730130673381684,
  "initial_train_loss_history": 1.117789277786907,
  "final_train_loss_history": 1.1172658438503673,
  "best_train_loss_history": 1.1172512973794317,
  "train_loss_reduction": 0.0005234339365396412,
  "weight_norm": 8.915713626294082e-12,
  "trace_s": 8.915713626294082e-12,
  "top_eigenvalue": 8.915713626294085e-12,
  "min_eigenvalue": -3.089291652569262e-27,
  "R1": NaN,
  "config_suffix": "cov_toeplitz_mask_last_rho_0p3_lambda_0p0001_beta_1_d_50_T_5_lr_0p01_iter_1000_ntrain_5000_seed_42"
}