{
  "alpha": null,
  "seed": 42,
  "n_train": 3000,
  "n_population": 5000,
  "train_loss": 0.5763941096182396,
  "population_risk": 0.5814746303787679,
  "bayes_population_risk": 0.27570731707317064,
  "empirical_bayes_risk": 0.3602923620148233,
  "generalization_gap": 0.00508052076052834,
  "excess_population_risk": 0.30576731330559725,
  "runtime_seconds": 163.94075395539403,
  "runtime_per_step_seconds": 0.16394075395539404,
  "initial_objective": 0.5905181917497649,
  "final_objective": 0.5841648347056506,
  "best_objective": 0.5841648347056506,
  "objective_reduction": 0.006353357044114327,
  "initial_train_loss_history": 0.5875928750730828,
  "final_train_loss_history": 0.5763941096182396,
  "best_train_loss_history": 0.5763941096182396,
  "train_loss_reduction": 0.011198765454843218,
  "weight_norm": 3.885279438483719,
  "trace_s": 3.8852794384837193,
  "top_eigenvalue": 0.5024961465615692,
  "min_eigenvalue": 1.2373994446871364e-14,
  "R1": 0.129333334839276
}