{
  "alpha": null,
  "seed": 42,
  "n_train": 125,
  "n_population": 5000,
  "train_loss": 0.379363833264181,
  "population_risk": 1.0154711206163505,
  "bayes_population_risk": 0.1214410313285021,
  "empirical_bayes_risk": 0.1221908413939413,
  "generalization_gap": 0.6361072873521695,
  "excess_population_risk": 0.8940300892878483,
  "runtime_seconds": 19.356889160349965,
  "runtime_per_step_seconds": 0.003871377832069993,
  "initial_objective": 0.5884765425731988,
  "final_objective": 0.4374213457552143,
  "best_objective": 0.4374213457552143,
  "objective_reduction": 0.15105519681798452,
  "initial_train_loss_history": 0.5865651830549118,
  "final_train_loss_history": 0.379363833264181,
  "best_train_loss_history": 0.379363833264181,
  "train_loss_reduction": 0.2072013497907308,
  "weight_norm": 58.057436248737304,
  "trace_s": 58.0574362487373,
  "top_eigenvalue": 29.631583828945125,
  "min_eigenvalue": 4.583410375221271e-12,
  "R1": 0.5103839532629997,
  "effective_rank": 4.7124942601480075,
  "config_suffix": "cov_toeplitz_bump_mask_random_rho_0p7_lambda_1e-05_beta_1_d_100_T_5_lr_0p001_iter_5000_ntrain_125_seed_42",
  "ridge_lambda": 0.01,
  "ridge_train_loss": 0.12382112971086,
  "ridge_population_risk": 0.12627093252114502,
  "ridge_generalization_gap": 0.0024498028102850206,
  "ridge_excess_population_risk": 0.004829901192642913,
  "pca_n_components": 75,
  "pca_train_loss": 0.1711443369552846,
  "pca_population_risk": 0.847852907871953,
  "pca_generalization_gap": 0.6767085709166684,
  "pca_excess_population_risk": 0.7264118765434509
}