{
  "alpha": null,
  "seed": 42,
  "n_train": 1750,
  "n_population": 5000,
  "train_loss": 1.141516003998992,
  "population_risk": 1.1251259995716998,
  "bayes_population_risk": 0.9710902924899966,
  "empirical_bayes_risk": 0.9659416327599065,
  "generalization_gap": -0.016390004427292215,
  "excess_population_risk": 0.15403570708170322,
  "runtime_seconds": 27.032703191041946,
  "runtime_per_step_seconds": 0.005406540638208389,
  "initial_objective": 1.1454249244297605,
  "final_objective": 1.1418007235226757,
  "best_objective": 1.1418007235226757,
  "objective_reduction": 0.003624200907084818,
  "initial_train_loss_history": 1.1450247315444928,
  "final_train_loss_history": 1.141516003998992,
  "best_train_loss_history": 1.1415159460722615,
  "train_loss_reduction": 0.0035087275455008005,
  "weight_norm": 1.138877951938152,
  "trace_s": 1.1388779519381522,
  "top_eigenvalue": 0.6352515303697425,
  "min_eigenvalue": 6.128560036157773e-19,
  "R1": 0.5577871880728449,
  "effective_rank": 2.673046022302368,
  "config_suffix": "cov_exponential_mask_random_rho_NA_lambda_1e-05_beta_1_d_25_T_5_lr_0p001_iter_5000_ntrain_1750_seed_42",
  "ridge_lambda": 0.01,
  "ridge_train_loss": 0.9753423494822817,
  "ridge_population_risk": 0.968064784458528,
  "ridge_generalization_gap": -0.007277565023753763,
  "ridge_excess_population_risk": -0.0030255080314686156,
  "pca_n_components": 62,
  "pca_train_loss": 1.7657024772191867,
  "pca_population_risk": 2.1958524688524994,
  "pca_generalization_gap": 0.4301499916333127,
  "pca_excess_population_risk": 1.224762176362503
}