{
  "alpha": null,
  "seed": 42,
  "n_train": 100,
  "n_population": 5000,
  "train_loss": 0.5188509062902827,
  "population_risk": 0.649421809752877,
  "bayes_population_risk": 0.3599999999999999,
  "empirical_bayes_risk": 0.3601315060396694,
  "generalization_gap": 0.13057090346259426,
  "excess_population_risk": 0.2894218097528771,
  "runtime_seconds": 11.22644435055554,
  "runtime_per_step_seconds": 0.01122644435055554,
  "initial_objective": 0.5961882102096288,
  "final_objective": 0.529214997642758,
  "best_objective": 0.529214997642758,
  "objective_reduction": 0.06697321256687072,
  "initial_train_loss_history": 0.5952061593089926,
  "final_train_loss_history": 0.5188509062902827,
  "best_train_loss_history": 0.5188509062902827,
  "train_loss_reduction": 0.07635525301870982,
  "weight_norm": 20.68198266447176,
  "trace_s": 20.681982664471768,
  "top_eigenvalue": 8.905631535543428,
  "min_eigenvalue": 5.635614522871307e-08,
  "R1": 0.4305985398025613,
  "config_suffix": "cov_toeplitz_mask_last_rho_0p8_lambda_1e-05_beta_1_d_50_T_5_lr_0p001_iter_1000_ntrain_100_seed_42"
}