{
  "alpha": null,
  "seed": 42,
  "n_train": 10,
  "n_population": 5000,
  "train_loss": 0.29981422296626914,
  "population_risk": 1.0017928373790044,
  "bayes_population_risk": 0.27570731707317064,
  "empirical_bayes_risk": 0.2762266919891544,
  "generalization_gap": 0.7019786144127352,
  "excess_population_risk": 0.7260855203058337,
  "runtime_seconds": 21.386802753433585,
  "runtime_per_step_seconds": 0.0021386802753433584,
  "initial_objective": 0.5193480829517608,
  "final_objective": 0.3506994044465718,
  "best_objective": 0.3506994010927134,
  "objective_reduction": 0.168648678505189,
  "initial_train_loss_history": 0.5074475155078226,
  "final_train_loss_history": 0.29981422296626914,
  "best_train_loss_history": 0.2997784307392125,
  "train_loss_reduction": 0.2076332925415535,
  "weight_norm": 10.17703643934896,
  "trace_s": 10.17703643934896,
  "top_eigenvalue": 6.2625615184675585,
  "min_eigenvalue": -1.1436282150650738e-16,
  "R1": 0.6153620020710258
}