{
  "alpha": null,
  "seed": 42,
  "n_train": 100,
  "n_population": 5000,
  "train_loss": 1.0282053351886669,
  "population_risk": 1.058224941229497,
  "bayes_population_risk": 1.0,
  "empirical_bayes_risk": 1.0025956987613198,
  "generalization_gap": 0.030019606040830205,
  "excess_population_risk": 0.05822494122949706,
  "runtime_seconds": 69.13215184956789,
  "runtime_per_step_seconds": 0.013826430369913578,
  "initial_objective": 1.0394572845184702,
  "final_objective": 1.031969222612963,
  "best_objective": 1.0319692226129604,
  "objective_reduction": 0.007488061905507104,
  "initial_train_loss_history": 1.0374043999518308,
  "final_train_loss_history": 1.0282053351886669,
  "best_train_loss_history": 1.0282049625945888,
  "train_loss_reduction": 0.0091990647631639,
  "weight_norm": 1.8819437121481084,
  "trace_s": 1.8819437121481084,
  "top_eigenvalue": 1.8819437121481084,
  "min_eigenvalue": -5.67853594445308e-16,
  "R1": 1.0,
  "effective_rank": 1.0,
  "config_suffix": "cov_identity_mask_random_rho_NA_lambda_1e-05_beta_1_d_200_T_20_lr_0p001_iter_5000_ntrain_100_seed_42",
  "ridge_lambda": 0.01,
  "ridge_train_loss": 0.7948211957121342,
  "ridge_population_risk": 1.2427308579654188,
  "ridge_generalization_gap": 0.44790966225328466,
  "ridge_excess_population_risk": 0.24273085796541882,
  "pca_n_components": 75,
  "pca_train_loss": 0.19356339218313226,
  "pca_population_risk": 1.0332522417765548,
  "pca_generalization_gap": 0.8396888495934226,
  "pca_excess_population_risk": 0.033252241776554836
}