{
  "alpha": null,
  "seed": 42,
  "n_train": 70,
  "n_population": 5000,
  "train_loss": 0.18416415534945346,
  "population_risk": 0.2761385414274614,
  "bayes_population_risk": 0.13898342541436456,
  "empirical_bayes_risk": 0.1398252518873579,
  "generalization_gap": 0.09197438607800795,
  "excess_population_risk": 0.13715511601309685,
  "runtime_seconds": 16.332539819180965,
  "runtime_per_step_seconds": 0.0032665079638361932,
  "initial_objective": 0.28858930864940013,
  "final_objective": 0.19079014983316664,
  "best_objective": 0.19079014983316664,
  "objective_reduction": 0.0977991588162335,
  "initial_train_loss_history": 0.2872069739103329,
  "final_train_loss_history": 0.18416415534945346,
  "best_train_loss_history": 0.18416415534945346,
  "train_loss_reduction": 0.10304281856087943,
  "weight_norm": 26.502811358868424,
  "trace_s": 26.502811358868424,
  "top_eigenvalue": 10.810048271610707,
  "min_eigenvalue": 6.966716887537255e-07,
  "R1": 0.4078830779585737,
  "effective_rank": 6.141642719916307,
  "config_suffix": "cov_toeplitz_mask_random_rho_0p9_lambda_1e-05_beta_1_d_25_T_5_lr_0p001_iter_5000_ntrain_70_seed_42",
  "ridge_lambda": 0.01,
  "ridge_train_loss": 0.11720049118810937,
  "ridge_population_risk": 0.14962720611190225,
  "ridge_generalization_gap": 0.032426714923792885,
  "ridge_excess_population_risk": 0.010643780697537686,
  "pca_n_components": 62,
  "pca_train_loss": 0.008867570672052657,
  "pca_population_risk": 0.494770360419443,
  "pca_generalization_gap": 0.4859027897473903,
  "pca_excess_population_risk": 0.3557869350050784
}