{
  "alpha": null,
  "seed": 42,
  "n_train": 10,
  "n_population": 5000,
  "train_loss": 0.9943044375411191,
  "population_risk": 1.3327333069759442,
  "bayes_population_risk": 0.9339407664588757,
  "empirical_bayes_risk": 0.9366947097609464,
  "generalization_gap": 0.3384288694348251,
  "excess_population_risk": 0.3987925405170685,
  "runtime_seconds": 9.843948328867555,
  "runtime_per_step_seconds": 0.009843948328867555,
  "initial_objective": 1.1421950594918082,
  "final_objective": 1.00043683299525,
  "best_objective": 1.00043683299525,
  "objective_reduction": 0.14175822649655823,
  "initial_train_loss_history": 1.1412613076979627,
  "final_train_loss_history": 0.9943044375411191,
  "best_train_loss_history": 0.9943044375411191,
  "train_loss_reduction": 0.14695687015684367,
  "weight_norm": 12.255298595452125,
  "trace_s": 12.255298595452127,
  "top_eigenvalue": 7.307897612467357,
  "min_eigenvalue": 2.3925662790546687e-07,
  "R1": 0.5963051455294021
}