{
  "alpha": null,
  "seed": 42,
  "n_train": 175,
  "n_population": 5000,
  "train_loss": 1.0612959855950865,
  "population_risk": 1.0544040737879001,
  "bayes_population_risk": 1.0,
  "empirical_bayes_risk": 1.0002421450958998,
  "generalization_gap": -0.006891911807186402,
  "excess_population_risk": 0.05440407378790013,
  "runtime_seconds": 31.220128869637847,
  "runtime_per_step_seconds": 0.006244025773927569,
  "initial_objective": 1.067078653886443,
  "final_objective": 1.062098382688851,
  "best_objective": 1.062098382688851,
  "objective_reduction": 0.004980271197591923,
  "initial_train_loss_history": 1.0665453506109084,
  "final_train_loss_history": 1.0612959855950865,
  "best_train_loss_history": 1.0612808474653417,
  "train_loss_reduction": 0.00524936501582185,
  "weight_norm": 1.6047941619404589,
  "trace_s": 1.604794161940459,
  "top_eigenvalue": 1.5978510835039383,
  "min_eigenvalue": -1.191631768921408e-17,
  "R1": 0.9956735395721247,
  "effective_rank": 1.028264478735282,
  "config_suffix": "cov_identity_mask_random_rho_NA_lambda_1e-05_beta_1_d_50_T_20_lr_0p001_iter_5000_ntrain_175_seed_42",
  "ridge_lambda": 0.01,
  "ridge_train_loss": 0.9128015044394179,
  "ridge_population_risk": 1.1243715493460522,
  "ridge_generalization_gap": 0.21157004490663434,
  "ridge_excess_population_risk": 0.12437154934605221,
  "pca_n_components": 75,
  "pca_train_loss": 0.47044114167089657,
  "pca_population_risk": 1.0919152282476652,
  "pca_generalization_gap": 0.6214740865767686,
  "pca_excess_population_risk": 0.09191522824766518
}