{
  "alpha": null,
  "seed": 42,
  "n_train": 90,
  "n_population": 5000,
  "train_loss": 1.0519236301880457,
  "population_risk": 1.055076597988851,
  "bayes_population_risk": 1.0,
  "empirical_bayes_risk": 0.9996454672786789,
  "generalization_gap": 0.0031529678008053175,
  "excess_population_risk": 0.055076597988851006,
  "runtime_seconds": 58.11455914005637,
  "runtime_per_step_seconds": 0.011622911828011274,
  "initial_objective": 1.0615829593296824,
  "final_objective": 1.0553203352717289,
  "best_objective": 1.0553203251407763,
  "objective_reduction": 0.006262624057953525,
  "initial_train_loss_history": 1.0595460577506315,
  "final_train_loss_history": 1.0519236301880457,
  "best_train_loss_history": 1.0519231795912753,
  "train_loss_reduction": 0.0076224275625857985,
  "weight_norm": 1.6983540043165761,
  "trace_s": 1.6983540043165757,
  "top_eigenvalue": 1.6983540033609006,
  "min_eigenvalue": 3.844950865512437e-17,
  "R1": 0.999999999437293,
  "effective_rank": 1.0000000137574723,
  "config_suffix": "cov_identity_mask_random_rho_NA_lambda_1e-05_beta_1_d_200_T_20_lr_0p001_iter_5000_ntrain_90_seed_42",
  "ridge_lambda": 0.01,
  "ridge_train_loss": 0.7878185195210937,
  "ridge_population_risk": 1.27412986631986,
  "ridge_generalization_gap": 0.4863113467987662,
  "ridge_excess_population_risk": 0.2741298663198599,
  "pca_n_components": 75,
  "pca_train_loss": 0.12561564195718858,
  "pca_population_risk": 1.030800520765578,
  "pca_generalization_gap": 0.9051848788083894,
  "pca_excess_population_risk": 0.030800520765577932
}