{
  "alpha": null,
  "seed": 42,
  "n_train": 500,
  "n_population": 5000,
  "train_loss": 0.9763361141020652,
  "population_risk": 0.9916724910609671,
  "bayes_population_risk": 0.7166519216006867,
  "empirical_bayes_risk": 0.7140510492117527,
  "generalization_gap": 0.015336376958901887,
  "excess_population_risk": 0.2750205694602804,
  "runtime_seconds": 26.502736315131187,
  "runtime_per_step_seconds": 0.005300547263026237,
  "initial_objective": 0.9838754118982808,
  "final_objective": 0.9779578844668789,
  "best_objective": 0.9779578844668789,
  "objective_reduction": 0.005917527431401837,
  "initial_train_loss_history": 0.9832530237598277,
  "final_train_loss_history": 0.9763361141020652,
  "best_train_loss_history": 0.9763361141020652,
  "train_loss_reduction": 0.006916909657762482,
  "weight_norm": 3.243540614486642,
  "trace_s": 3.243540614486642,
  "top_eigenvalue": 1.7243705411471533,
  "min_eigenvalue": 8.840854517252791e-16,
  "R1": 0.5316321717833865,
  "effective_rank": 3.2981201678017116,
  "config_suffix": "cov_matern_mask_random_rho_NA_lambda_1e-05_beta_1_d_50_T_10_lr_0p001_iter_5000_ntrain_500_seed_42",
  "ridge_lambda": 0.01,
  "ridge_train_loss": 0.7027217574563945,
  "ridge_population_risk": 0.7279315888110165,
  "ridge_generalization_gap": 0.02520983135462196,
  "ridge_excess_population_risk": 0.011279667210329802,
  "pca_n_components": 75,
  "pca_train_loss": 0.6942149217018391,
  "pca_population_risk": 1.076521441749703,
  "pca_generalization_gap": 0.38230652004786403,
  "pca_excess_population_risk": 0.3598695201490164
}