{
  "alpha": null,
  "seed": 42,
  "n_train": 500,
  "n_population": 5000,
  "train_loss": 0.8964034553484543,
  "population_risk": 0.9733839196035781,
  "bayes_population_risk": 0.23356097560975608,
  "empirical_bayes_risk": 0.3593871947908253,
  "generalization_gap": 0.07698046425512373,
  "excess_population_risk": 0.739822943993822,
  "runtime_seconds": 39.4495972879231,
  "runtime_per_step_seconds": 0.0394495972879231,
  "initial_objective": 0.9422232744987,
  "final_objective": 0.9022228759899674,
  "best_objective": 0.9022228759899674,
  "objective_reduction": 0.040000398508732604,
  "initial_train_loss_history": 0.9410553234603901,
  "final_train_loss_history": 0.8964034553484543,
  "best_train_loss_history": 0.8964034553484543,
  "train_loss_reduction": 0.04465186811193578,
  "weight_norm": 5.819057761838366,
  "trace_s": 5.819057761838365,
  "top_eigenvalue": 5.382050692954263,
  "min_eigenvalue": 4.167499402599484e-10,
  "R1": 0.924900716444162
}