{
  "alpha": null,
  "seed": 42,
  "n_train": 20,
  "n_population": 5000,
  "train_loss": 0.6733128195664244,
  "population_risk": 1.5107468470276921,
  "bayes_population_risk": 0.45666666666666667,
  "empirical_bayes_risk": 0.46068364706360754,
  "generalization_gap": 0.8374340274612677,
  "excess_population_risk": 1.0540801803610256,
  "runtime_seconds": 19.857476947829127,
  "runtime_per_step_seconds": 0.003971495389565825,
  "initial_objective": 0.9469970118135936,
  "final_objective": 0.6899588144984877,
  "best_objective": 0.6899588144984877,
  "objective_reduction": 0.2570381973151059,
  "initial_train_loss_history": 0.9463551605136317,
  "final_train_loss_history": 0.6733128195664244,
  "best_train_loss_history": 0.6733128195664244,
  "train_loss_reduction": 0.27304234094720725,
  "weight_norm": 66.57601670118899,
  "trace_s": 66.57601670118898,
  "top_eigenvalue": 44.81386376070721,
  "min_eigenvalue": 5.798682288220723e-11,
  "R1": 0.6731232353813511,
  "effective_rank": 2.9858887214391747,
  "config_suffix": "cov_tridiagonal_mask_random_rho_0p5_lambda_1e-05_beta_1_d_25_T_5_lr_0p001_iter_5000_ntrain_20_seed_42"
}