{
  "alpha": null,
  "seed": 42,
  "n_train": 175,
  "n_population": 5000,
  "train_loss": 0.0672035835568077,
  "population_risk": 0.07695356553930119,
  "bayes_population_risk": 0.011034997727387535,
  "empirical_bayes_risk": 0.011113534630797626,
  "generalization_gap": 0.009749981982493494,
  "excess_population_risk": 0.06591856781191366,
  "runtime_seconds": 44.03647721931338,
  "runtime_per_step_seconds": 0.008807295443862677,
  "initial_objective": 0.07840992898942903,
  "final_objective": 0.07287989944126964,
  "best_objective": 0.07287989944126964,
  "objective_reduction": 0.005530029548159385,
  "initial_train_loss_history": 0.07780207402248462,
  "final_train_loss_history": 0.0672035835568077,
  "best_train_loss_history": 0.0672035835568077,
  "train_loss_reduction": 0.01059849046567693,
  "weight_norm": 11.35263167860663,
  "trace_s": 11.35263167860663,
  "top_eigenvalue": 6.36880343712331,
  "min_eigenvalue": 1.0567983852383435e-15,
  "R1": 0.5609979798010134,
  "effective_rank": 3.9972765639503227,
  "config_suffix": "cov_toeplitz_mask_random_rho_0p99_lambda_1e-05_beta_1_d_50_T_20_lr_0p001_iter_5000_ntrain_175_seed_42"
}