{
  "alpha": null,
  "seed": 42,
  "n_train": 5000,
  "n_population": 5000,
  "train_loss": 0.23226137742046365,
  "population_risk": 0.2296881751628006,
  "bayes_population_risk": 0.13898342541436456,
  "empirical_bayes_risk": 0.13821014200912232,
  "generalization_gap": -0.002573202257663054,
  "excess_population_risk": 0.09070474974843604,
  "runtime_seconds": 84.11310212872922,
  "runtime_per_step_seconds": 0.08411310212872923,
  "initial_objective": 0.2866397284719518,
  "final_objective": 0.23892723445417618,
  "best_objective": 0.23892723445417618,
  "objective_reduction": 0.04771249401777561,
  "initial_train_loss_history": 0.2852439794120649,
  "final_train_loss_history": 0.23226137742046365,
  "best_train_loss_history": 0.23226137742046365,
  "train_loss_reduction": 0.052982601991601264,
  "weight_norm": 13.330064913968904,
  "trace_s": 13.330064913968902,
  "top_eigenvalue": 1.0325560363146657,
  "min_eigenvalue": 9.40064321370418e-08,
  "R1": 0.07746069077522832,
  "config_suffix": "cov_toeplitz_mask_random_rho_0p9_lambda_1e-05_beta_1_d_50_T_5_lr_0p001_iter_1000_ntrain_5000_seed_42"
}