{
  "alpha": null,
  "seed": 42,
  "n_train": 1500,
  "n_population": 5000,
  "train_loss": 1.1355067251519346,
  "population_risk": 1.1350542694469987,
  "bayes_population_risk": 0.9710902924899966,
  "empirical_bayes_risk": 0.9718078108237176,
  "generalization_gap": -0.0004524557049359057,
  "excess_population_risk": 0.16396397695700216,
  "runtime_seconds": 77.21507804095745,
  "runtime_per_step_seconds": 0.01544301560819149,
  "initial_objective": 1.1384583033855225,
  "final_objective": 1.136669676299716,
  "best_objective": 1.136669676299716,
  "objective_reduction": 0.0017886270858065156,
  "initial_train_loss_history": 1.137334023011021,
  "final_train_loss_history": 1.1355067251519346,
  "best_train_loss_history": 1.1355047024757583,
  "train_loss_reduction": 0.0018272978590863076,
  "weight_norm": 1.1629511505777426,
  "trace_s": 1.1629511505777421,
  "top_eigenvalue": 0.5825659456543407,
  "min_eigenvalue": 6.546440750394288e-18,
  "R1": 0.5009375891368505,
  "effective_rank": 3.314360574817926,
  "config_suffix": "cov_exponential_mask_random_rho_NA_lambda_1e-05_beta_1_d_100_T_5_lr_0p001_iter_5000_ntrain_1500_seed_42",
  "ridge_lambda": 0.01,
  "ridge_train_loss": 0.9720440087179126,
  "ridge_population_risk": 0.9744836395347114,
  "ridge_generalization_gap": 0.0024396308167987657,
  "ridge_excess_population_risk": 0.003393347044714834,
  "pca_n_components": 75,
  "pca_train_loss": 0.992682256775511,
  "pca_population_risk": 1.202529521973397,
  "pca_generalization_gap": 0.20984726519788588,
  "pca_excess_population_risk": 0.23143922948340034
}