{
  "alpha": null,
  "seed": 42,
  "n_train": 1750,
  "n_population": 5000,
  "train_loss": 0.5468408382538205,
  "population_risk": 0.5466249728261784,
  "bayes_population_risk": 0.1214410313285021,
  "empirical_bayes_risk": 0.12017409585715699,
  "generalization_gap": -0.00021586542764207017,
  "excess_population_risk": 0.4251839414976763,
  "runtime_seconds": 45.615655736997724,
  "runtime_per_step_seconds": 0.009123131147399545,
  "initial_objective": 0.5806383277217518,
  "final_objective": 0.5490505687408865,
  "best_objective": 0.5490505687408865,
  "objective_reduction": 0.0315877589808653,
  "initial_train_loss_history": 0.5798571139751992,
  "final_train_loss_history": 0.5468408382538205,
  "best_train_loss_history": 0.5468408382538205,
  "train_loss_reduction": 0.033016275721378774,
  "weight_norm": 8.838889007530767,
  "trace_s": 8.838889007530765,
  "top_eigenvalue": 2.043443015070494,
  "min_eigenvalue": 7.823392804483793e-10,
  "R1": 0.2311877673007856,
  "effective_rank": 8.261992598525557,
  "config_suffix": "cov_toeplitz_bump_mask_random_rho_0p7_lambda_1e-05_beta_1_d_25_T_5_lr_0p001_iter_5000_ntrain_1750_seed_42",
  "ridge_lambda": 0.01,
  "ridge_train_loss": 0.12288017426600718,
  "ridge_population_risk": 0.12043735267570023,
  "ridge_generalization_gap": -0.002442821590306954,
  "ridge_excess_population_risk": -0.001003678652801876,
  "pca_n_components": 62,
  "pca_train_loss": 0.30385886373065557,
  "pca_population_risk": 0.34023597969734165,
  "pca_generalization_gap": 0.03637711596668608,
  "pca_excess_population_risk": 0.21879494836883956
}