{
  "alpha": null,
  "seed": 42,
  "n_train": 750,
  "n_population": 5000,
  "train_loss": 1.027142869060696,
  "population_risk": 1.0265344730749917,
  "bayes_population_risk": 0.9267692307692309,
  "empirical_bayes_risk": 0.9273395437450769,
  "generalization_gap": -0.0006083959857043908,
  "excess_population_risk": 0.09976524230576078,
  "runtime_seconds": 309.27325645275414,
  "runtime_per_step_seconds": 0.06185465129055083,
  "initial_objective": 1.0307385399274924,
  "final_objective": 1.0279764692773747,
  "best_objective": 1.0279764692773743,
  "objective_reduction": 0.0027620706501176873,
  "initial_train_loss_history": 1.0287079616459884,
  "final_train_loss_history": 1.027142869060696,
  "best_train_loss_history": 1.0271425083368817,
  "train_loss_reduction": 0.0015650925852923603,
  "weight_norm": 0.41680010833922837,
  "trace_s": 0.4168001083392283,
  "top_eigenvalue": 0.41680010833922854,
  "min_eigenvalue": -1.0904527555002433e-16,
  "R1": 1.0000000000000002,
  "effective_rank": 1.0,
  "config_suffix": "cov_toeplitz_mask_random_rho_0p2_lambda_1e-05_beta_1_d_200_T_20_lr_0p001_iter_5000_ntrain_750_seed_42"
}