{
  "alpha": null,
  "seed": 42,
  "n_train": 1750,
  "n_population": 5000,
  "train_loss": 0.805709842293853,
  "population_risk": 0.8046856691256554,
  "bayes_population_risk": 0.24553354982376377,
  "empirical_bayes_risk": 0.24505703892991595,
  "generalization_gap": -0.001024173168197584,
  "excess_population_risk": 0.5591521193018917,
  "runtime_seconds": 45.409512368030846,
  "runtime_per_step_seconds": 0.00908190247360617,
  "initial_objective": 0.8124458337145909,
  "final_objective": 0.8065714728108843,
  "best_objective": 0.8065714728108843,
  "objective_reduction": 0.0058743609037066324,
  "initial_train_loss_history": 0.8120424529099681,
  "final_train_loss_history": 0.805709842293853,
  "best_train_loss_history": 0.805709842293853,
  "train_loss_reduction": 0.00633261061611512,
  "weight_norm": 3.446521116191958,
  "trace_s": 3.4465211161919576,
  "top_eigenvalue": 1.2101745427408999,
  "min_eigenvalue": -1.674418948706169e-17,
  "R1": 0.35112929877476423,
  "effective_rank": 4.533323200239536,
  "config_suffix": "cov_matern_mask_random_rho_NA_lambda_1e-05_beta_1_d_25_T_10_lr_0p001_iter_5000_ntrain_1750_seed_42",
  "ridge_lambda": 0.01,
  "ridge_train_loss": 0.24423941875712016,
  "ridge_population_risk": 0.2462546223333547,
  "ridge_generalization_gap": 0.0020152035762345533,
  "ridge_excess_population_risk": 0.000721072509590942,
  "pca_n_components": 75,
  "pca_train_loss": 0.43769147313340845,
  "pca_population_risk": 0.492312392219408,
  "pca_generalization_gap": 0.05462091908599953,
  "pca_excess_population_risk": 0.2467788423956442
}