{
  "alpha": 2.0,
  "seed": 0,
  "n_train": 5000,
  "n_population": 5000,
  "train_loss": 0.8469427204958476,
  "population_risk": 0.846065022634337,
  "bayes_population_risk": 0.66,
  "empirical_bayes_risk": 0.6601247920553202,
  "generalization_gap": -0.0008776978615105957,
  "excess_population_risk": 0.186065022634337,
  "runtime_seconds": 308.9753479579813,
  "runtime_per_step_seconds": 0.03089753479579813,
  "initial_objective": 0.8697311070214819,
  "final_objective": 0.8502219565929189,
  "best_objective": 0.8502219283573393,
  "objective_reduction": 0.01950915042856305,
  "initial_train_loss_history": 0.8620786201624804,
  "final_train_loss_history": 0.8469427204958476,
  "best_train_loss_history": 0.8469423346982563,
  "train_loss_reduction": 0.015135899666632757,
  "weight_norm": 0.6558473497138686,
  "trace_s": 0.6558473497138687,
  "top_eigenvalue": 0.12539325440064658,
  "min_eigenvalue": 3.167339008319882e-16,
  "R1": 0.191192743944689
}