{
  "alpha": null,
  "seed": 42,
  "n_train": 50,
  "n_population": 5000,
  "train_loss": 0.9769160973227377,
  "population_risk": 1.1189810136021554,
  "bayes_population_risk": 0.8649174311926606,
  "empirical_bayes_risk": 0.8620395558662007,
  "generalization_gap": 0.14206491627941775,
  "excess_population_risk": 0.2540635824094948,
  "runtime_seconds": 33.19365013577044,
  "runtime_per_step_seconds": 0.03319365013577044,
  "initial_objective": 1.053073746195251,
  "final_objective": 0.983567979379378,
  "best_objective": 0.983567979379378,
  "objective_reduction": 0.06950576681587306,
  "initial_train_loss_history": 1.052249082952648,
  "final_train_loss_history": 0.9769160973227377,
  "best_train_loss_history": 0.9769160973227377,
  "train_loss_reduction": 0.07533298562991042,
  "weight_norm": 13.294394705133739,
  "trace_s": 13.294394705133737,
  "top_eigenvalue": 5.66154247725621,
  "min_eigenvalue": 1.944681520104566e-08,
  "R1": 0.4258593642529628
}