{
  "alpha": null,
  "seed": 42,
  "n_train": 250,
  "n_population": 5000,
  "train_loss": 0.21477728661000936,
  "population_risk": 0.23896036826808012,
  "bayes_population_risk": 0.13898342541436456,
  "empirical_bayes_risk": 0.13842179304932214,
  "generalization_gap": 0.02418308165807076,
  "excess_population_risk": 0.09997694285371556,
  "runtime_seconds": 31.85033687762916,
  "runtime_per_step_seconds": 0.006370067375525832,
  "initial_objective": 0.2922260984589526,
  "final_objective": 0.2194965202928801,
  "best_objective": 0.2194965202928801,
  "objective_reduction": 0.07272957816607248,
  "initial_train_loss_history": 0.2910257998336735,
  "final_train_loss_history": 0.21477728661000936,
  "best_train_loss_history": 0.21477728661000936,
  "train_loss_reduction": 0.07624851322366413,
  "weight_norm": 18.876417863084114,
  "trace_s": 18.876417863084114,
  "top_eigenvalue": 4.804676673651914,
  "min_eigenvalue": 2.6025829689042548e-08,
  "R1": 0.25453328637358874,
  "effective_rank": 8.987866229406032,
  "config_suffix": "cov_toeplitz_mask_random_rho_0p9_lambda_1e-05_beta_1_d_25_T_5_lr_0p001_iter_5000_ntrain_250_seed_42"
}