{
  "alpha": null,
  "seed": 42,
  "n_train": 5000,
  "n_population": 5000,
  "train_loss": 1.1124293088493962,
  "population_risk": 1.1050588573261693,
  "bayes_population_risk": 0.9339407664588757,
  "empirical_bayes_risk": 0.9342292292564187,
  "generalization_gap": -0.007370451523226906,
  "excess_population_risk": 0.17111809086729357,
  "runtime_seconds": 84.96486812829971,
  "runtime_per_step_seconds": 0.08496486812829972,
  "initial_objective": 1.1148785401370607,
  "final_objective": 1.1131186094768013,
  "best_objective": 1.1131186094768013,
  "objective_reduction": 0.0017599306602593678,
  "initial_train_loss_history": 1.1142457732604514,
  "final_train_loss_history": 1.1124293088493962,
  "best_train_loss_history": 1.1124293088493962,
  "train_loss_reduction": 0.0018164644110552075,
  "weight_norm": 1.3785316252076305,
  "trace_s": 1.3785316252076305,
  "top_eigenvalue": 0.38164371510315687,
  "min_eigenvalue": 6.183886910459908e-13,
  "R1": 0.2768479939991763
}