{
  "alpha": null,
  "seed": 42,
  "n_train": 50,
  "n_population": 5000,
  "train_loss": 0.1915821003997982,
  "population_risk": 0.6344785001201348,
  "bayes_population_risk": 0.12197790055248611,
  "empirical_bayes_risk": 0.12268250199824049,
  "generalization_gap": 0.4428963997203367,
  "excess_population_risk": 0.5125005995676487,
  "runtime_seconds": 30.614701787009835,
  "runtime_per_step_seconds": 0.006122940357401967,
  "initial_objective": 0.3221133494120758,
  "final_objective": 0.21067062255263136,
  "best_objective": 0.21067062255263136,
  "objective_reduction": 0.11144272685944445,
  "initial_train_loss_history": 0.3213905455038035,
  "final_train_loss_history": 0.1915821003997982,
  "best_train_loss_history": 0.1915821003997982,
  "train_loss_reduction": 0.12980844510400533,
  "weight_norm": 38.17688503346499,
  "trace_s": 38.17688503346499,
  "top_eigenvalue": 22.250892876258,
  "min_eigenvalue": 5.297982386890245e-11,
  "R1": 0.5828367834817678,
  "effective_rank": 3.41423105885278,
  "config_suffix": "cov_toeplitz_mask_random_rho_0p9_lambda_1e-05_beta_1_d_50_T_10_lr_0p001_iter_5000_ntrain_50_seed_42"
}