{
  "alpha": null,
  "seed": 42,
  "n_train": 10000,
  "n_population": 5000,
  "train_loss": 1.0268442643361622,
  "population_risk": 1.02466816946268,
  "bayes_population_risk": 0.8649174311926606,
  "empirical_bayes_risk": 0.8655062548282716,
  "generalization_gap": -0.0021760948734821373,
  "excess_population_risk": 0.1597507382700194,
  "runtime_seconds": 1168.9662028364837,
  "runtime_per_step_seconds": 0.11689662028364838,
  "initial_objective": 1.0308256535373304,
  "final_objective": 1.027941527657699,
  "best_objective": 1.0279415276480148,
  "objective_reduction": 0.002884125879631272,
  "initial_train_loss_history": 1.0301167889155673,
  "final_train_loss_history": 1.0268442643361622,
  "best_train_loss_history": 1.0268438639777187,
  "train_loss_reduction": 0.0032725245794051894,
  "weight_norm": 2.194526647025642,
  "trace_s": 2.1945266470256426,
  "top_eigenvalue": 0.4338690904200949,
  "min_eigenvalue": -3.0930027402574895e-17,
  "R1": 0.19770509098540254
}