{
  "alpha": null,
  "seed": 42,
  "n_train": 1750,
  "n_population": 5000,
  "train_loss": 1.1415160039989922,
  "population_risk": 1.1251259995716998,
  "bayes_population_risk": 0.9710902924899966,
  "empirical_bayes_risk": 0.9659416327599065,
  "generalization_gap": -0.016390004427292437,
  "excess_population_risk": 0.15403570708170322,
  "runtime_seconds": 63.60631114523858,
  "runtime_per_step_seconds": 0.012721262229047715,
  "initial_objective": 1.1454249244297605,
  "final_objective": 1.1418007235226757,
  "best_objective": 1.1418007235226757,
  "objective_reduction": 0.003624200907084818,
  "initial_train_loss_history": 1.1450247315444928,
  "final_train_loss_history": 1.1415160039989922,
  "best_train_loss_history": 1.1415159460722615,
  "train_loss_reduction": 0.0035087275455005784,
  "weight_norm": 1.138877951938152,
  "trace_s": 1.1388779519381522,
  "top_eigenvalue": 0.6352515303697427,
  "min_eigenvalue": -9.250829707008758e-18,
  "R1": 0.5577871880728452,
  "effective_rank": 2.6730460223023678,
  "config_suffix": "cov_exponential_mask_random_rho_NA_lambda_1e-05_beta_1_d_25_T_5_lr_0p001_iter_5000_ntrain_1750_seed_42"
}