{
  "alpha": null,
  "seed": 42,
  "n_train": 50,
  "n_population": 5000,
  "train_loss": 1.0925332961718666,
  "population_risk": 1.259402269901075,
  "bayes_population_risk": 0.8444937602472408,
  "empirical_bayes_risk": 0.8986658706660404,
  "generalization_gap": 0.1668689737292084,
  "excess_population_risk": 0.4149085096538342,
  "runtime_seconds": 14.948984947055578,
  "runtime_per_step_seconds": 0.014948984947055578,
  "initial_objective": 1.174491500369845,
  "final_objective": 1.0985181806468225,
  "best_objective": 1.0985181806468225,
  "objective_reduction": 0.07597331972302257,
  "initial_train_loss_history": 1.1737878398848585,
  "final_train_loss_history": 1.0925332961718666,
  "best_train_loss_history": 1.0925332961718666,
  "train_loss_reduction": 0.0812545437129919,
  "weight_norm": 11.9565615978285,
  "trace_s": 11.956561597828498,
  "top_eigenvalue": 4.834857467466632,
  "min_eigenvalue": 4.937201498572517e-09,
  "R1": 0.40436854926124605
}