{
  "alpha": 1.0,
  "seed": 0,
  "n_train": 2500,
  "n_population": 5000,
  "train_loss": 1.1687989620548964,
  "population_risk": 1.1650008826464484,
  "bayes_population_risk": 1.0,
  "empirical_bayes_risk": 0.9989577489163668,
  "weight_norm": 0.004415391596380866,
  "trace_s": 0.004415391596380867,
  "top_eigenvalue": 0.00042755894565034517,
  "R1": 0.0968337544513151
}