{
  "alpha": null,
  "seed": 42,
  "n_train": 750,
  "n_population": 5000,
  "train_loss": 0.7927326700472088,
  "population_risk": 0.8260828627114514,
  "bayes_population_risk": 0.24553354982376377,
  "empirical_bayes_risk": 0.2438880047890637,
  "generalization_gap": 0.03335019266424255,
  "excess_population_risk": 0.5805493128876876,
  "runtime_seconds": 54.44505805335939,
  "runtime_per_step_seconds": 0.010889011610671878,
  "initial_objective": 0.8168725593915686,
  "final_objective": 0.7996631462070918,
  "best_objective": 0.7996631462070918,
  "objective_reduction": 0.017209413184476774,
  "initial_train_loss_history": 0.8157029895062574,
  "final_train_loss_history": 0.7927326700472088,
  "best_train_loss_history": 0.7927325120533545,
  "train_loss_reduction": 0.022970319459048594,
  "weight_norm": 6.930476077419863,
  "trace_s": 6.930476077419863,
  "top_eigenvalue": 4.7819632565265575,
  "min_eigenvalue": 2.06435638199173e-17,
  "R1": 0.6899905869535627,
  "effective_rank": 2.832304038043725,
  "config_suffix": "cov_matern_mask_random_rho_NA_lambda_1e-05_beta_1_d_100_T_10_lr_0p001_iter_5000_ntrain_750_seed_42",
  "ridge_lambda": 0.01,
  "ridge_train_loss": 0.2411330277542116,
  "ridge_population_risk": 0.24671218811588674,
  "ridge_generalization_gap": 0.005579160361675134,
  "ridge_excess_population_risk": 0.0011786382921229743,
  "pca_n_components": 75,
  "pca_train_loss": 0.6702284027135661,
  "pca_population_risk": 0.8987319791765546,
  "pca_generalization_gap": 0.22850357646298847,
  "pca_excess_population_risk": 0.6531984293527908
}