{
  "alpha": null,
  "seed": 42,
  "n_train": 150,
  "n_population": 5000,
  "train_loss": 0.2855280435281716,
  "population_risk": 0.5376613517099519,
  "bayes_population_risk": 0.13898342541436456,
  "empirical_bayes_risk": 0.19013710714875814,
  "generalization_gap": 0.25213330818178026,
  "excess_population_risk": 0.3986779262955873,
  "runtime_seconds": 20.723894262686372,
  "runtime_per_step_seconds": 0.020723894262686372,
  "initial_objective": 0.37069993965333736,
  "final_objective": 0.32208127957877886,
  "best_objective": 0.32208127957877886,
  "objective_reduction": 0.048618660074558506,
  "initial_train_loss_history": 0.36714660277905753,
  "final_train_loss_history": 0.2855280435281716,
  "best_train_loss_history": 0.2855280435281716,
  "train_loss_reduction": 0.0816185592508859,
  "weight_norm": 18.274390647662337,
  "trace_s": 18.27439064766233,
  "top_eigenvalue": 8.98462734625027,
  "min_eigenvalue": 1.1813546790770651e-11,
  "R1": 0.49165126867853115
}