{
  "alpha": null,
  "seed": 42,
  "n_train": 500,
  "n_population": 5000,
  "train_loss": 1.1008729855497075,
  "population_risk": 1.1375775559032075,
  "bayes_population_risk": 0.6,
  "empirical_bayes_risk": 0.6003781136711089,
  "generalization_gap": 0.036704570353500054,
  "excess_population_risk": 0.5375775559032075,
  "runtime_seconds": 73.60117274336517,
  "runtime_per_step_seconds": 0.007360117274336517,
  "initial_objective": 1.120196829323297,
  "final_objective": 1.1033933571634988,
  "best_objective": 1.1033933564045557,
  "objective_reduction": 0.01680347215979805,
  "initial_train_loss_history": 1.119584195671401,
  "final_train_loss_history": 1.1008729855497075,
  "best_train_loss_history": 1.1008720220298582,
  "train_loss_reduction": 0.018711210121693522,
  "weight_norm": 5.040741773171057,
  "trace_s": 5.040741773171056,
  "top_eigenvalue": 1.5586150062330766,
  "min_eigenvalue": -5.664641925920958e-17,
  "R1": 0.30920350146255865,
  "config_suffix": "cov_tridiagonal_mask_last_rho_0p5_lambda_1e-05_beta_1_d_50_T_5_lr_0p001_iter_10000_ntrain_500_seed_42"
}