{
  "alpha": 1.0,
  "seed": 0,
  "n_train": 2500,
  "n_population": 5000,
  "train_loss": 0.84118651055705,
  "population_risk": 0.8445878475585309,
  "bayes_population_risk": 0.66,
  "empirical_bayes_risk": 0.6587840184498182,
  "generalization_gap": 0.0034013370014809308,
  "excess_population_risk": 0.18458784755853086,
  "runtime_seconds": 35.54287000000477,
  "runtime_per_step_seconds": 0.03554287000000477,
  "initial_objective": 0.864768720421233,
  "final_objective": 0.8447618554254381,
  "best_objective": 0.8447599271617648,
  "objective_reduction": 0.02000686499579485,
  "initial_train_loss_history": 0.8474261115130423,
  "final_train_loss_history": 0.84118651055705,
  "best_train_loss_history": 0.841186158457346,
  "train_loss_reduction": 0.006239600955992297,
  "weight_norm": 0.7147480931934942,
  "trace_s": 0.7147480931934944,
  "top_eigenvalue": 0.1347143290194287,
  "min_eigenvalue": 8.52494652667334e-13,
  "R1": 0.1884780530403727
}