{
  "alpha": null,
  "seed": 42,
  "n_train": 60,
  "n_population": 5000,
  "train_loss": 0.437442897293119,
  "population_risk": 0.8592085262898396,
  "bayes_population_risk": 0.1214410313285021,
  "empirical_bayes_risk": 0.1201889296015705,
  "generalization_gap": 0.42176562899672054,
  "excess_population_risk": 0.7377674949613374,
  "runtime_seconds": 19.35982185229659,
  "runtime_per_step_seconds": 0.003871964370459318,
  "initial_objective": 0.6157270234055353,
  "final_objective": 0.4544477478017518,
  "best_objective": 0.4544477478017518,
  "objective_reduction": 0.16127927560378352,
  "initial_train_loss_history": 0.614824220931392,
  "final_train_loss_history": 0.437442897293119,
  "best_train_loss_history": 0.437442897293119,
  "train_loss_reduction": 0.17738132363827297,
  "weight_norm": 68.01485947879547,
  "trace_s": 68.0148594787955,
  "top_eigenvalue": 42.99665633880525,
  "min_eigenvalue": 2.174298099628652e-08,
  "R1": 0.6321656277509479,
  "effective_rank": 3.580553746109687,
  "config_suffix": "cov_toeplitz_bump_mask_random_rho_0p7_lambda_1e-05_beta_1_d_25_T_5_lr_0p001_iter_5000_ntrain_60_seed_42",
  "ridge_lambda": 0.01,
  "ridge_train_loss": 0.11523859258778607,
  "ridge_population_risk": 0.1292851063762063,
  "ridge_generalization_gap": 0.014046513788420228,
  "ridge_excess_population_risk": 0.007844075047704194,
  "pca_n_components": 62,
  "pca_train_loss": 1.147363853254245e-15,
  "pca_population_risk": 0.8841861632007917,
  "pca_generalization_gap": 0.8841861632007906,
  "pca_excess_population_risk": 0.7627451318722895
}