{
  "alpha": null,
  "seed": 42,
  "n_train": 200,
  "n_population": 5000,
  "train_loss": 0.9845097532082434,
  "population_risk": 1.0098713744576375,
  "bayes_population_risk": 0.7166519216006867,
  "empirical_bayes_risk": 0.7187815945695294,
  "generalization_gap": 0.025361621249394117,
  "excess_population_risk": 0.29321945285695084,
  "runtime_seconds": 23.130362072959542,
  "runtime_per_step_seconds": 0.004626072414591909,
  "initial_objective": 1.0070296882367944,
  "final_objective": 0.9875159433036129,
  "best_objective": 0.9875159433036129,
  "objective_reduction": 0.019513744933181476,
  "initial_train_loss_history": 1.0063676893547764,
  "final_train_loss_history": 0.9845097532082434,
  "best_train_loss_history": 0.9845097532082434,
  "train_loss_reduction": 0.021857936146532975,
  "weight_norm": 6.012378366569226,
  "trace_s": 6.0123783665692265,
  "top_eigenvalue": 2.6626670235535084,
  "min_eigenvalue": 1.0556625843441241e-14,
  "R1": 0.44286418139596806,
  "effective_rank": 3.1703212105679723,
  "config_suffix": "cov_matern_mask_random_rho_NA_lambda_1e-05_beta_1_d_50_T_10_lr_0p001_iter_5000_ntrain_200_seed_42",
  "ridge_lambda": 0.01,
  "ridge_train_loss": 0.6932032540945052,
  "ridge_population_risk": 0.7530473984110595,
  "ridge_generalization_gap": 0.05984414431655427,
  "ridge_excess_population_risk": 0.03639547681037281,
  "pca_n_components": 75,
  "pca_train_loss": 0.4548489973525143,
  "pca_population_risk": 1.1096377115889262,
  "pca_generalization_gap": 0.6547887142364119,
  "pca_excess_population_risk": 0.3929857899882395
}