{
  "alpha": null,
  "seed": 42,
  "n_train": 400,
  "n_population": 5000,
  "train_loss": 0.5089328206297973,
  "population_risk": 0.5704561061478451,
  "bayes_population_risk": 0.05101341981519296,
  "empirical_bayes_risk": 0.05088153063301105,
  "generalization_gap": 0.061523285518047865,
  "excess_population_risk": 0.5194426863326522,
  "runtime_seconds": 35.74834316782653,
  "runtime_per_step_seconds": 0.007149668633565307,
  "initial_objective": 0.5496218221293233,
  "final_objective": 0.5155415607910906,
  "best_objective": 0.5155415607910906,
  "objective_reduction": 0.03408026133823272,
  "initial_train_loss_history": 0.5489351624386067,
  "final_train_loss_history": 0.5089328206297973,
  "best_train_loss_history": 0.5089328206297973,
  "train_loss_reduction": 0.04000234180880946,
  "weight_norm": 13.21747052470979,
  "trace_s": 13.217470524709789,
  "top_eigenvalue": 4.120154327885379,
  "min_eigenvalue": 4.622057185319784e-15,
  "R1": 0.31172033409742317,
  "effective_rank": 6.728892794103108,
  "config_suffix": "cov_matern_mask_random_rho_NA_lambda_1e-05_beta_1_d_50_T_10_lr_0p001_iter_5000_ntrain_400_seed_42",
  "ridge_lambda": 0.01,
  "ridge_train_loss": 0.051404979058247376,
  "ridge_population_risk": 0.052059812059906424,
  "ridge_generalization_gap": 0.0006548330016590484,
  "ridge_excess_population_risk": 0.001046392244713465,
  "pca_n_components": 75,
  "pca_train_loss": 0.2629722480627916,
  "pca_population_risk": 0.4593415227787302,
  "pca_generalization_gap": 0.19636927471593857,
  "pca_excess_population_risk": 0.4083281029635372
}