{
  "alpha": 0.5,
  "seed": 0,
  "n_train": 1250,
  "n_population": 5000,
  "train_loss": 0.39055813093894043,
  "population_risk": 0.3993217626745983,
  "bayes_population_risk": 0.28975609756097553,
  "empirical_bayes_risk": 0.29058737485216396,
  "weight_norm": 2.0011937333400516,
  "trace_s": 2.001193733340052,
  "top_eigenvalue": 0.18256877485976955,
  "R1": 0.09122993532218233
}