{
  "alpha": null,
  "seed": 42,
  "n_train": 175,
  "n_population": 5000,
  "train_loss": 0.6789102901946062,
  "population_risk": 0.8458341662605179,
  "bayes_population_risk": 0.09796305337869733,
  "empirical_bayes_risk": 0.09844342481207737,
  "generalization_gap": 0.16692387606591164,
  "excess_population_risk": 0.7478711128818205,
  "runtime_seconds": 40.75017802417278,
  "runtime_per_step_seconds": 0.008150035604834557,
  "initial_objective": 0.7785766836488303,
  "final_objective": 0.6896018318890246,
  "best_objective": 0.6896018318890246,
  "objective_reduction": 0.08897485175980568,
  "initial_train_loss_history": 0.7775313843040541,
  "final_train_loss_history": 0.6789102901946062,
  "best_train_loss_history": 0.6789102901946062,
  "train_loss_reduction": 0.09862109410944786,
  "weight_norm": 21.382965026468586,
  "trace_s": 21.382965026468582,
  "top_eigenvalue": 6.194550784208586,
  "min_eigenvalue": 2.6673886353304736e-10,
  "R1": 0.28969559537420336,
  "effective_rank": 6.907853923639257,
  "config_suffix": "cov_toeplitz_bump_mask_random_rho_0p5_lambda_1e-05_beta_1_d_50_T_5_lr_0p001_iter_5000_ntrain_175_seed_42"
}