{
  "alpha": null,
  "seed": 42,
  "n_train": 1750,
  "n_population": 5000,
  "train_loss": 0.7962377239040236,
  "population_risk": 0.8134094844807486,
  "bayes_population_risk": 0.24553354982376377,
  "empirical_bayes_risk": 0.24433574775381858,
  "generalization_gap": 0.01717176057672498,
  "excess_population_risk": 0.5678759346569848,
  "runtime_seconds": 382.8487484715879,
  "runtime_per_step_seconds": 0.07656974969431758,
  "initial_objective": 0.8076158782568413,
  "final_objective": 0.8000936048415161,
  "best_objective": 0.8000936048415161,
  "objective_reduction": 0.007522273415325187,
  "initial_train_loss_history": 0.806458060800055,
  "final_train_loss_history": 0.7962377239040236,
  "best_train_loss_history": 0.7962362319564134,
  "train_loss_reduction": 0.010220336896031412,
  "weight_norm": 3.8558809151537075,
  "trace_s": 3.8558809151537075,
  "top_eigenvalue": 3.1189855982341683,
  "min_eigenvalue": -2.3834358143503634e-17,
  "R1": 0.8088905406742404,
  "effective_rank": 1.9502473884527511,
  "config_suffix": "cov_matern_mask_random_rho_NA_lambda_1e-05_beta_1_d_100_T_10_lr_0p001_iter_5000_ntrain_1750_seed_42"
}