{
  "alpha": 1.0,
  "seed": 0,
  "n_train": 2500,
  "n_population": 5000,
  "train_loss": 0.8406252562437152,
  "population_risk": 0.8452987916336308,
  "bayes_population_risk": 0.66,
  "empirical_bayes_risk": 0.6587840184498182,
  "generalization_gap": 0.004673535389915551,
  "excess_population_risk": 0.18529879163363072,
  "runtime_seconds": 41.993975042016245,
  "runtime_per_step_seconds": 0.04199397504201625,
  "initial_objective": 0.8602270979622869,
  "final_objective": 0.8411428107229703,
  "best_objective": 0.8411428107229703,
  "objective_reduction": 0.019084287239316655,
  "initial_train_loss_history": 0.8571539155693888,
  "final_train_loss_history": 0.8406252562437152,
  "best_train_loss_history": 0.8406252562437152,
  "train_loss_reduction": 0.0165286593256736,
  "weight_norm": 1.0340236755821701,
  "trace_s": 1.0340236755821701,
  "top_eigenvalue": 0.18285932594089915,
  "min_eigenvalue": 2.224291492301836e-09,
  "R1": 0.17684249428616494
}