{
  "alpha": null,
  "seed": 42,
  "n_train": 60,
  "n_population": 5000,
  "train_loss": 0.05157127530202572,
  "population_risk": 0.17605547300592583,
  "bayes_population_risk": 0.011034997727387535,
  "empirical_bayes_risk": 0.011082495537890981,
  "generalization_gap": 0.12448419770390012,
  "excess_population_risk": 0.1650204752785383,
  "runtime_seconds": 42.98057973757386,
  "runtime_per_step_seconds": 0.008596115947514773,
  "initial_objective": 0.0782772689136861,
  "final_objective": 0.07066235903406817,
  "best_objective": 0.07066235903403581,
  "objective_reduction": 0.007614909879617923,
  "initial_train_loss_history": 0.07607006178258274,
  "final_train_loss_history": 0.05157127530202572,
  "best_train_loss_history": 0.05156868220937468,
  "train_loss_reduction": 0.024498786480557026,
  "weight_norm": 9.54554186698602,
  "trace_s": 9.54554186698602,
  "top_eigenvalue": 6.575247617461505,
  "min_eigenvalue": -8.756900519041858e-16,
  "R1": 0.6888291632979469,
  "effective_rank": 2.5539923691796123,
  "config_suffix": "cov_toeplitz_mask_random_rho_0p99_lambda_1e-05_beta_1_d_200_T_20_lr_0p001_iter_5000_ntrain_60_seed_42",
  "ridge_lambda": 0.01,
  "ridge_train_loss": 0.007150731130702993,
  "ridge_population_risk": 0.015943099178537194,
  "ridge_generalization_gap": 0.0087923680478342,
  "ridge_excess_population_risk": 0.004908101451149659,
  "pca_n_components": 75,
  "pca_train_loss": 1.090465788264686e-16,
  "pca_population_risk": 0.7646465239597942,
  "pca_generalization_gap": 0.764646523959794,
  "pca_excess_population_risk": 0.7536115262324066
}