{
  "alpha": 5.0,
  "seed": 0,
  "n_train": 12500,
  "n_population": 5000,
  "train_loss": 0.462430219546533,
  "population_risk": 0.46443110745489274,
  "bayes_population_risk": 0.28975609756097553,
  "empirical_bayes_risk": 0.28986039349982146,
  "weight_norm": 0.004415736284862538,
  "trace_s": 0.004415736284862539,
  "top_eigenvalue": 0.0004281532034481079,
  "R1": 0.09696077297818892
}