{
  "alpha": null,
  "seed": 42,
  "n_train": 1000,
  "n_population": 5000,
  "train_loss": 0.8387814343587608,
  "population_risk": 0.8579825654502125,
  "bayes_population_risk": 0.66,
  "empirical_bayes_risk": 0.664045268478848,
  "generalization_gap": 0.019201131091451606,
  "excess_population_risk": 0.19798256545021242,
  "runtime_seconds": 15.706617629155517,
  "runtime_per_step_seconds": 0.015706617629155515,
  "initial_objective": 0.8570793689769546,
  "final_objective": 0.8421585238038319,
  "best_objective": 0.8421585238038319,
  "objective_reduction": 0.014920845173122643,
  "initial_train_loss_history": 0.854067927017604,
  "final_train_loss_history": 0.8387814343587608,
  "best_train_loss_history": 0.8387811041009933,
  "train_loss_reduction": 0.015286492658843187,
  "weight_norm": 6.754175445189208,
  "trace_s": 6.754175445189208,
  "top_eigenvalue": 1.4796784689082672,
  "min_eigenvalue": 6.889823558877694e-15,
  "R1": 0.21907610794478194
}