{
  "alpha": 1.0,
  "seed": 0,
  "n_train": 2500,
  "n_population": 5000,
  "train_loss": 0.48241734332413233,
  "population_risk": 0.4811309839563703,
  "bayes_population_risk": 0.2663414634146341,
  "empirical_bayes_risk": 0.26666183085655265,
  "weight_norm": 0.004417957416460678,
  "trace_s": 0.004417957416460678,
  "top_eigenvalue": 0.0004306159877262562,
  "R1": 0.0974694744955763
}