{
  "alpha": null,
  "seed": 42,
  "n_train": 125,
  "n_population": 5000,
  "train_loss": 0.7753767029197511,
  "population_risk": 0.8812958535549835,
  "bayes_population_risk": 0.4961178375737193,
  "empirical_bayes_risk": 0.4980463133704818,
  "generalization_gap": 0.10591915063523238,
  "excess_population_risk": 0.3851780159812642,
  "runtime_seconds": 47.47193623520434,
  "runtime_per_step_seconds": 0.009494387247040869,
  "initial_objective": 0.822519080323078,
  "final_objective": 0.7813459261274427,
  "best_objective": 0.7813459261274427,
  "objective_reduction": 0.041173154195635275,
  "initial_train_loss_history": 0.8218805495179227,
  "final_train_loss_history": 0.7753767029197511,
  "best_train_loss_history": 0.7753767029197511,
  "train_loss_reduction": 0.04650384659817153,
  "weight_norm": 11.93843777210305,
  "trace_s": 11.93843777210305,
  "top_eigenvalue": 4.577027753595895,
  "min_eigenvalue": 4.6912613562717205e-12,
  "R1": 0.3833858199010922,
  "effective_rank": 4.3418130080829105,
  "config_suffix": "cov_exponential_mask_random_rho_NA_lambda_1e-05_beta_1_d_50_T_10_lr_0p001_iter_5000_ntrain_125_seed_42"
}