{
  "alpha": 2.0,
  "seed": 0,
  "n_train": 5000,
  "n_population": 5000,
  "train_loss": 1.090527175159447,
  "population_risk": 1.0882790899936636,
  "bayes_population_risk": 0.9310364973015884,
  "empirical_bayes_risk": 0.9264067811593232,
  "weight_norm": 0.004446154909803357,
  "trace_s": 0.0044461549098033576,
  "top_eigenvalue": 0.00044147480931780697,
  "R1": 0.09929361848018296
}