{
  "alpha": null,
  "seed": 42,
  "n_train": 80,
  "n_population": 5000,
  "train_loss": 0.9411945712956011,
  "population_risk": 1.1116779583690302,
  "bayes_population_risk": 0.7822082681172894,
  "empirical_bayes_risk": 0.7813171957664016,
  "generalization_gap": 0.17048338707342903,
  "excess_population_risk": 0.3294696902517408,
  "runtime_seconds": 17.787338436581194,
  "runtime_per_step_seconds": 0.003557467687316239,
  "initial_objective": 1.0158230605544172,
  "final_objective": 0.9568293917203496,
  "best_objective": 0.956829288302909,
  "objective_reduction": 0.058993668834067536,
  "initial_train_loss_history": 1.0147256295200446,
  "final_train_loss_history": 0.9411945712956011,
  "best_train_loss_history": 0.9411944404778616,
  "train_loss_reduction": 0.0735310582244435,
  "weight_norm": 15.634888819319258,
  "trace_s": 15.63488881931926,
  "top_eigenvalue": 8.005386746440555,
  "min_eigenvalue": 1.0502228764403209e-13,
  "R1": 0.5120207018388706,
  "effective_rank": 3.4327244764414893,
  "config_suffix": "cov_exponential_mask_random_rho_NA_lambda_1e-05_beta_1_d_100_T_10_lr_0p001_iter_5000_ntrain_80_seed_42",
  "ridge_lambda": 0.01,
  "ridge_train_loss": 0.7153686400533792,
  "ridge_population_risk": 0.8858917842023333,
  "ridge_generalization_gap": 0.1705231441489541,
  "ridge_excess_population_risk": 0.10368351608504389,
  "pca_n_components": 75,
  "pca_train_loss": 0.03075192681358877,
  "pca_population_risk": 1.0774592652646404,
  "pca_generalization_gap": 1.0467073384510517,
  "pca_excess_population_risk": 0.29525099714735104
}