{
  "alpha": null,
  "seed": 42,
  "n_train": 150,
  "n_population": 5000,
  "train_loss": 0.5681288760192852,
  "population_risk": 0.7362157642903567,
  "bayes_population_risk": 0.2921672002085666,
  "empirical_bayes_risk": 0.29293139234457033,
  "generalization_gap": 0.16808688827107154,
  "excess_population_risk": 0.4440485640817901,
  "runtime_seconds": 17.375647529028356,
  "runtime_per_step_seconds": 0.003475129505805671,
  "initial_objective": 0.6762690163390936,
  "final_objective": 0.5789582061427593,
  "best_objective": 0.5789582061427593,
  "objective_reduction": 0.09731081019633436,
  "initial_train_loss_history": 0.6752177722179372,
  "final_train_loss_history": 0.5681288760192852,
  "best_train_loss_history": 0.5681288760192852,
  "train_loss_reduction": 0.10708889619865203,
  "weight_norm": 21.658490100830527,
  "trace_s": 21.65849010083053,
  "top_eigenvalue": 5.189734413133941,
  "min_eigenvalue": 1.2282870075760788e-09,
  "R1": 0.23961663019782403,
  "effective_rank": 7.756297465434605,
  "config_suffix": "cov_matern_mask_random_rho_NA_lambda_1e-05_beta_1_d_50_T_5_lr_0p001_iter_5000_ntrain_150_seed_42",
  "ridge_lambda": 0.01,
  "ridge_train_loss": 0.2978020704166421,
  "ridge_population_risk": 0.3012009588657443,
  "ridge_generalization_gap": 0.0033988884491021887,
  "ridge_excess_population_risk": 0.009033758657177648,
  "pca_n_components": 75,
  "pca_train_loss": 0.19373395303323945,
  "pca_population_risk": 0.8240017064131052,
  "pca_generalization_gap": 0.6302677533798657,
  "pca_excess_population_risk": 0.5318345062045386
}