{
  "alpha": null,
  "seed": 42,
  "n_train": 150,
  "n_population": 5000,
  "train_loss": 0.11561255925266221,
  "population_risk": 0.19767959128434032,
  "bayes_population_risk": 0.010443997575880022,
  "empirical_bayes_risk": 0.010409074725522242,
  "generalization_gap": 0.0820670320316781,
  "excess_population_risk": 0.1872355937084603,
  "runtime_seconds": 91.52025515306741,
  "runtime_per_step_seconds": 0.018304051030613482,
  "initial_objective": 0.1634838428701322,
  "final_objective": 0.13557139231770998,
  "best_objective": 0.13557139231770998,
  "objective_reduction": 0.027912450552422224,
  "initial_train_loss_history": 0.16242626744494143,
  "final_train_loss_history": 0.11561255925266221,
  "best_train_loss_history": 0.11561215114049758,
  "train_loss_reduction": 0.046813708192279216,
  "weight_norm": 19.958832864595266,
  "trace_s": 19.95883286459527,
  "top_eigenvalue": 14.382497949926808,
  "min_eigenvalue": 1.6920897478148992e-16,
  "R1": 0.720608166193913,
  "effective_rank": 2.7816484590959827,
  "config_suffix": "cov_toeplitz_mask_random_rho_0p99_lambda_1e-05_beta_1_d_100_T_50_lr_0p001_iter_5000_ntrain_150_seed_42",
  "ridge_lambda": 0.01,
  "ridge_train_loss": 0.007363870132547644,
  "ridge_population_risk": 0.01534766380099741,
  "ridge_generalization_gap": 0.007983793668449767,
  "ridge_excess_population_risk": 0.0049036662251173875,
  "pca_n_components": 75,
  "pca_train_loss": 0.10286807866533872,
  "pca_population_risk": 0.4453667911223751,
  "pca_generalization_gap": 0.3424987124570364,
  "pca_excess_population_risk": 0.43492279354649505
}