{
  "alpha": null,
  "seed": 42,
  "n_train": 20,
  "n_population": 5000,
  "train_loss": 0.5206564300614519,
  "population_risk": 1.4771977440068373,
  "bayes_population_risk": 0.4371730888154475,
  "empirical_bayes_risk": 0.43579654612389884,
  "generalization_gap": 0.9565413139453854,
  "excess_population_risk": 1.0400246551913899,
  "runtime_seconds": 18.84969267435372,
  "runtime_per_step_seconds": 0.0037699385348707436,
  "initial_objective": 0.8485671091919784,
  "final_objective": 0.54233232236987,
  "best_objective": 0.54233232236987,
  "objective_reduction": 0.3062347868221085,
  "initial_train_loss_history": 0.8477096493372998,
  "final_train_loss_history": 0.5206564300614519,
  "best_train_loss_history": 0.5206564300614519,
  "train_loss_reduction": 0.32705321927584785,
  "weight_norm": 43.35121121910609,
  "trace_s": 43.35121121910607,
  "top_eigenvalue": 35.12880352036639,
  "min_eigenvalue": 1.1392949601567332e-10,
  "R1": 0.8103303813777675,
  "effective_rank": 1.9402344183660982,
  "config_suffix": "cov_toeplitz_bump_mask_random_rho_0p5_lambda_1e-05_beta_1_d_50_T_10_lr_0p001_iter_5000_ntrain_20_seed_42",
  "ridge_lambda": 0.01,
  "ridge_train_loss": 0.24993554073575397,
  "ridge_population_risk": 0.8147323230977149,
  "ridge_generalization_gap": 0.564796782361961,
  "ridge_excess_population_risk": 0.37755923428226745,
  "pca_n_components": 75,
  "pca_train_loss": 1.2737031465702554e-16,
  "pca_population_risk": 1.0581105936091149,
  "pca_generalization_gap": 1.0581105936091146,
  "pca_excess_population_risk": 0.6209375047936674
}