{
  "alpha": null,
  "seed": 42,
  "n_train": 8000,
  "n_population": 5000,
  "train_loss": 0.5793993869500869,
  "population_risk": 0.5817956309939913,
  "bayes_population_risk": 0.27570731707317064,
  "empirical_bayes_risk": 0.3600728986780991,
  "generalization_gap": 0.002396244043904483,
  "excess_population_risk": 0.3060883139208207,
  "runtime_seconds": 427.6642005685717,
  "runtime_per_step_seconds": 0.4276642005685717,
  "initial_objective": 0.5918821777465344,
  "final_objective": 0.5866505445041853,
  "best_objective": 0.5866505445041853,
  "objective_reduction": 0.0052316332423490985,
  "initial_train_loss_history": 0.5889511520070628,
  "final_train_loss_history": 0.5793993869500869,
  "best_train_loss_history": 0.5793993869500869,
  "train_loss_reduction": 0.00955176505697597,
  "weight_norm": 3.6254861901948794,
  "trace_s": 3.62548619019488,
  "top_eigenvalue": 0.3914769035153409,
  "min_eigenvalue": 6.061201236443359e-14,
  "R1": 0.10797914623812095
}