{
  "alpha": null,
  "seed": 42,
  "n_train": 1250,
  "n_population": 5000,
  "train_loss": 1.1359650818939382,
  "population_risk": 1.1378231863918074,
  "bayes_population_risk": 0.9710902924899966,
  "empirical_bayes_risk": 0.9735365185279439,
  "generalization_gap": 0.0018581044978691619,
  "excess_population_risk": 0.16673289390181079,
  "runtime_seconds": 72.41956300660968,
  "runtime_per_step_seconds": 0.014483912601321937,
  "initial_objective": 1.140107348680288,
  "final_objective": 1.1363011707128732,
  "best_objective": 1.1363011707128732,
  "objective_reduction": 0.003806177967414781,
  "initial_train_loss_history": 1.1397519080211074,
  "final_train_loss_history": 1.1359650818939382,
  "best_train_loss_history": 1.1359650818939382,
  "train_loss_reduction": 0.003786826127169185,
  "weight_norm": 1.3443552514525965,
  "trace_s": 1.3443552514525967,
  "top_eigenvalue": 0.48938180588893465,
  "min_eigenvalue": -3.301833977584061e-17,
  "R1": 0.3640271463663717,
  "effective_rank": 3.9726879402020785,
  "config_suffix": "cov_exponential_mask_random_rho_NA_lambda_1e-05_beta_1_d_25_T_5_lr_0p001_iter_5000_ntrain_1250_seed_42"
}