{
  "alpha": null,
  "seed": 42,
  "n_train": 1750,
  "n_population": 5000,
  "train_loss": 0.82054942511634,
  "population_risk": 0.8290218950283729,
  "bayes_population_risk": 0.4961178375737193,
  "empirical_bayes_risk": 0.4962815311930588,
  "generalization_gap": 0.008472469912032876,
  "excess_population_risk": 0.33290405745465357,
  "runtime_seconds": 69.95670769922435,
  "runtime_per_step_seconds": 0.013991341539844871,
  "initial_objective": 0.8264631197068837,
  "final_objective": 0.8223889233474542,
  "best_objective": 0.8223889233474542,
  "objective_reduction": 0.004074196359429516,
  "initial_train_loss_history": 0.8258585887455479,
  "final_train_loss_history": 0.82054942511634,
  "best_train_loss_history": 0.8205481426376792,
  "train_loss_reduction": 0.005309163629207858,
  "weight_norm": 3.678996406744632,
  "trace_s": 3.6789964067446324,
  "top_eigenvalue": 1.6914138785163693,
  "min_eigenvalue": 5.113100863590302e-17,
  "R1": 0.4597487171815481,
  "effective_rank": 3.737351908805218,
  "config_suffix": "cov_exponential_mask_random_rho_NA_lambda_1e-05_beta_1_d_50_T_10_lr_0p001_iter_5000_ntrain_1750_seed_42",
  "ridge_lambda": 0.01,
  "ridge_train_loss": 0.4949627297993137,
  "ridge_population_risk": 0.4988045272573942,
  "ridge_generalization_gap": 0.003841797458080498,
  "ridge_excess_population_risk": 0.0026866896836749143,
  "pca_n_components": 75,
  "pca_train_loss": 0.6810935061910302,
  "pca_population_risk": 0.7880932526357602,
  "pca_generalization_gap": 0.10699974644473009,
  "pca_excess_population_risk": 0.29197541506204094
}