{
  "alpha": null,
  "seed": 42,
  "n_train": 50,
  "n_population": 5000,
  "train_loss": 0.3675966561530293,
  "population_risk": 1.368676605908863,
  "bayes_population_risk": 0.24553354982376377,
  "empirical_bayes_risk": 0.24478586582157633,
  "generalization_gap": 1.0010799497558338,
  "excess_population_risk": 1.1231430560850992,
  "runtime_seconds": 43.96448682807386,
  "runtime_per_step_seconds": 0.008792897365614772,
  "initial_objective": 0.8051203667088667,
  "final_objective": 0.4215247377123104,
  "best_objective": 0.4215247377123104,
  "objective_reduction": 0.38359562899655625,
  "initial_train_loss_history": 0.8037398413298539,
  "final_train_loss_history": 0.3675966561530293,
  "best_train_loss_history": 0.3675966561530293,
  "train_loss_reduction": 0.4361431851768246,
  "weight_norm": 53.92787704749472,
  "trace_s": 53.927877047494725,
  "top_eigenvalue": 36.480476146464774,
  "min_eigenvalue": 2.4199272885404093e-12,
  "R1": 0.6764678704918449,
  "effective_rank": 3.042815486311634,
  "config_suffix": "cov_matern_mask_random_rho_NA_lambda_1e-05_beta_1_d_100_T_10_lr_0p001_iter_5000_ntrain_50_seed_42"
}