{
  "alpha": 0.5,
  "seed": 0,
  "n_train": 1250,
  "n_population": 5000,
  "train_loss": 0.86420410488381,
  "population_risk": 0.8661584522333556,
  "bayes_population_risk": 0.65,
  "empirical_bayes_risk": 0.6511502881237284,
  "weight_norm": 6.274257402341216,
  "trace_s": 6.274257402341215,
  "top_eigenvalue": 1.2584398906274563,
  "R1": 0.20057192587570188
}