{
  "alpha": null,
  "seed": 42,
  "n_train": 5000,
  "n_population": 5000,
  "train_loss": 0.9709024603776201,
  "population_risk": 0.9769538399993632,
  "bayes_population_risk": 0.45666666666666667,
  "empirical_bayes_risk": 0.4594923586272193,
  "generalization_gap": 0.00605137962174318,
  "excess_population_risk": 0.5202871733326966,
  "runtime_seconds": 536.1927853599191,
  "runtime_per_step_seconds": 0.10723855707198382,
  "initial_objective": 0.9787651298140764,
  "final_objective": 0.9744392883906001,
  "best_objective": 0.974439288159571,
  "objective_reduction": 0.004325841423476251,
  "initial_train_loss_history": 0.9774113168734668,
  "final_train_loss_history": 0.9709024603776201,
  "best_train_loss_history": 0.9709011073785389,
  "train_loss_reduction": 0.00650885649584676,
  "weight_norm": 3.536827544702506,
  "trace_s": 3.536827544702506,
  "top_eigenvalue": 1.2159476298183014,
  "min_eigenvalue": 2.6352701063637383e-17,
  "R1": 0.3437961321126779,
  "effective_rank": 6.893028697008429,
  "config_suffix": "cov_tridiagonal_mask_random_rho_0p5_lambda_1e-05_beta_1_d_100_T_5_lr_0p001_iter_5000_ntrain_5000_seed_42"
}