{
  "alpha": null,
  "seed": 42,
  "n_train": 80,
  "n_population": 5000,
  "train_loss": 0.17642385039495737,
  "population_risk": 0.2666520939912919,
  "bayes_population_risk": 0.13898342541436456,
  "empirical_bayes_risk": 0.1397192949643663,
  "generalization_gap": 0.09022824359633455,
  "excess_population_risk": 0.12766866857692735,
  "runtime_seconds": 16.096885662525892,
  "runtime_per_step_seconds": 0.0032193771325051785,
  "initial_objective": 0.2639285208585516,
  "final_objective": 0.1820961110688779,
  "best_objective": 0.1820961110688779,
  "objective_reduction": 0.08183240978967371,
  "initial_train_loss_history": 0.26312375601869,
  "final_train_loss_history": 0.17642385039495737,
  "best_train_loss_history": 0.17642385039495737,
  "train_loss_reduction": 0.08669990562373261,
  "weight_norm": 22.688466955671526,
  "trace_s": 22.688466955671526,
  "top_eigenvalue": 8.435856855152196,
  "min_eigenvalue": 1.2638818554610257e-07,
  "R1": 0.3718125544416058,
  "effective_rank": 6.554708176520307,
  "config_suffix": "cov_toeplitz_mask_random_rho_0p9_lambda_1e-05_beta_1_d_25_T_5_lr_0p001_iter_5000_ntrain_80_seed_42",
  "ridge_lambda": 0.01,
  "ridge_train_loss": 0.11820322724472801,
  "ridge_population_risk": 0.14747682699711304,
  "ridge_generalization_gap": 0.029273599752385027,
  "ridge_excess_population_risk": 0.008493401582748472,
  "pca_n_components": 62,
  "pca_train_loss": 0.024420035084974426,
  "pca_population_risk": 0.44919128617505183,
  "pca_generalization_gap": 0.4247712510900774,
  "pca_excess_population_risk": 0.3102078607606873
}