{
  "alpha": null,
  "seed": 42,
  "n_train": 500,
  "n_population": 5000,
  "train_loss": 0.44235292828720524,
  "population_risk": 0.4438421009009018,
  "bayes_population_risk": 0.27570731707317064,
  "empirical_bayes_risk": 0.2755408658288889,
  "generalization_gap": 0.0014891726136965766,
  "excess_population_risk": 0.16813478382773117,
  "runtime_seconds": 55.70112841576338,
  "runtime_per_step_seconds": 0.005570112841576338,
  "initial_objective": 0.47730999584338396,
  "final_objective": 0.45956520779237103,
  "best_objective": 0.4595651946808726,
  "objective_reduction": 0.017744788051012927,
  "initial_train_loss_history": 0.4671123079803292,
  "final_train_loss_history": 0.44235292828720524,
  "best_train_loss_history": 0.44232482368879006,
  "train_loss_reduction": 0.024759379693123973,
  "weight_norm": 3.4424559093538227,
  "trace_s": 3.4424559093538236,
  "top_eigenvalue": 0.7769716413181778,
  "min_eigenvalue": -6.044849536719616e-17,
  "R1": 0.22570271392786595
}