{
  "alpha": null,
  "seed": 42,
  "n_train": 7000,
  "n_population": 5000,
  "train_loss": 0.5787417134116063,
  "population_risk": 0.5823751750483318,
  "bayes_population_risk": 0.27570731707317064,
  "empirical_bayes_risk": 0.3600031510139494,
  "generalization_gap": 0.00363346163672551,
  "excess_population_risk": 0.30666785797516116,
  "runtime_seconds": 372.273382242769,
  "runtime_per_step_seconds": 0.372273382242769,
  "initial_objective": 0.5913348381678654,
  "final_objective": 0.5860162135810872,
  "best_objective": 0.5860162135810872,
  "objective_reduction": 0.00531862458677812,
  "initial_train_loss_history": 0.5884082236879012,
  "final_train_loss_history": 0.5787417134116063,
  "best_train_loss_history": 0.5787417134116063,
  "train_loss_reduction": 0.009666510276294948,
  "weight_norm": 3.6371600296007722,
  "trace_s": 3.6371600296007727,
  "top_eigenvalue": 0.40699874461355345,
  "min_eigenvalue": 2.239511258507251e-15,
  "R1": 0.11190014772548432
}