{
  "alpha": null,
  "seed": 42,
  "n_train": 30,
  "n_population": 5000,
  "train_loss": 0.5573589821337133,
  "population_risk": 1.3240170429410005,
  "bayes_population_risk": 0.48757509716865854,
  "empirical_bayes_risk": 0.4891789266534219,
  "generalization_gap": 0.7666580608072873,
  "excess_population_risk": 0.836441945772342,
  "runtime_seconds": 36.579592865891755,
  "runtime_per_step_seconds": 0.0073159185731783505,
  "initial_objective": 0.8146272796940767,
  "final_objective": 0.5861670996296738,
  "best_objective": 0.5861670996296738,
  "objective_reduction": 0.22846018006440283,
  "initial_train_loss_history": 0.8130207485849793,
  "final_train_loss_history": 0.5573589821337133,
  "best_train_loss_history": 0.5573589821337133,
  "train_loss_reduction": 0.25566176645126604,
  "weight_norm": 28.807822384977467,
  "trace_s": 28.807822384977467,
  "top_eigenvalue": 17.225893721513756,
  "min_eigenvalue": 1.2447219615763644e-11,
  "R1": 0.5979588978060563,
  "effective_rank": 3.1822980155893283,
  "config_suffix": "cov_toeplitz_bump_mask_random_rho_0p5_lambda_1e-05_beta_1_d_100_T_5_lr_0p001_iter_5000_ntrain_30_seed_42"
}