{
  "alpha": null,
  "seed": 42,
  "n_train": 90,
  "n_population": 5000,
  "train_loss": 0.46218494405395283,
  "population_risk": 0.5743674588787097,
  "bayes_population_risk": 0.1214410313285021,
  "empirical_bayes_risk": 0.12267684391506073,
  "generalization_gap": 0.11218251482475683,
  "excess_population_risk": 0.45292642755020757,
  "runtime_seconds": 12.872830364853144,
  "runtime_per_step_seconds": 0.0025745660729706286,
  "initial_objective": 0.5428097021481971,
  "final_objective": 0.4658843170201589,
  "best_objective": 0.4658843170201589,
  "objective_reduction": 0.0769253851280382,
  "initial_train_loss_history": 0.542046632818709,
  "final_train_loss_history": 0.46218494405395283,
  "best_train_loss_history": 0.46218494405395283,
  "train_loss_reduction": 0.07986168876475619,
  "weight_norm": 14.79729250611767,
  "trace_s": 14.797292506117667,
  "top_eigenvalue": 4.308735705533778,
  "min_eigenvalue": 3.397810120751454e-09,
  "R1": 0.2911840597698809,
  "effective_rank": 5.601885005423937,
  "config_suffix": "cov_toeplitz_bump_mask_random_rho_0p7_lambda_1e-05_beta_1_d_25_T_5_lr_0p001_iter_5000_ntrain_90_seed_42",
  "ridge_lambda": 0.01,
  "ridge_train_loss": 0.10259396714763673,
  "ridge_population_risk": 0.12798774398612128,
  "ridge_generalization_gap": 0.025393776838484552,
  "ridge_excess_population_risk": 0.0065467126576191775,
  "pca_n_components": 62,
  "pca_train_loss": 0.060162797266830506,
  "pca_population_risk": 0.7474808384624253,
  "pca_generalization_gap": 0.6873180411955948,
  "pca_excess_population_risk": 0.6260398071339232
}