{
  "alpha": 5.0,
  "seed": 0,
  "n_train": 12500,
  "n_population": 5000,
  "train_loss": 0.8467033398796642,
  "population_risk": 0.8453044874398457,
  "bayes_population_risk": 0.66,
  "empirical_bayes_risk": 0.657599225794865,
  "generalization_gap": -0.001398852439818521,
  "excess_population_risk": 0.18530448743984562,
  "runtime_seconds": 227.48198912502266,
  "runtime_per_step_seconds": 0.22748198912502265,
  "initial_objective": 0.8645649655163107,
  "final_objective": 0.8471152780637076,
  "best_objective": 0.8471152780637076,
  "objective_reduction": 0.017449687452603113,
  "initial_train_loss_history": 0.8513514995948063,
  "final_train_loss_history": 0.8467033398796642,
  "best_train_loss_history": 0.8467033398796642,
  "train_loss_reduction": 0.004648159715142097,
  "weight_norm": 0.8238695584307508,
  "trace_s": 0.8238695584307507,
  "top_eigenvalue": 0.11994047821235083,
  "min_eigenvalue": 6.901384410940407e-16,
  "R1": 0.14558187881198706
}