{
  "alpha": null,
  "seed": 42,
  "n_train": 300,
  "n_population": 5000,
  "train_loss": 0.3179542300270474,
  "population_risk": 0.3559038756059068,
  "bayes_population_risk": 0.13898342541436456,
  "empirical_bayes_risk": 0.19017372131566382,
  "generalization_gap": 0.03794964557885938,
  "excess_population_risk": 0.21692045019154224,
  "runtime_seconds": 31.095295695587993,
  "runtime_per_step_seconds": 0.031095295695587992,
  "initial_objective": 0.3680340351088888,
  "final_objective": 0.3373438264897811,
  "best_objective": 0.3373438264897811,
  "objective_reduction": 0.030690208619107706,
  "initial_train_loss_history": 0.36453520202567236,
  "final_train_loss_history": 0.3179542300270474,
  "best_train_loss_history": 0.3179542300270474,
  "train_loss_reduction": 0.04658097199862493,
  "weight_norm": 9.693349871251613,
  "trace_s": 9.693349871251613,
  "top_eigenvalue": 3.3393831048067053,
  "min_eigenvalue": 5.610169299868949e-13,
  "R1": 0.344502483574909
}