{
  "alpha": null,
  "seed": 42,
  "n_train": 80,
  "n_population": 5000,
  "train_loss": 0.2684537863643705,
  "population_risk": 0.9454437145549175,
  "bayes_population_risk": 0.1134751381215469,
  "empirical_bayes_risk": 0.11393698725626168,
  "generalization_gap": 0.6769899281905469,
  "excess_population_risk": 0.8319685764333706,
  "runtime_seconds": 32.614303877577186,
  "runtime_per_step_seconds": 0.006522860775515437,
  "initial_objective": 0.5148515294907028,
  "final_objective": 0.31976200154597845,
  "best_objective": 0.31976200154597845,
  "objective_reduction": 0.19508952794472434,
  "initial_train_loss_history": 0.5136440668490213,
  "final_train_loss_history": 0.2684537863643705,
  "best_train_loss_history": 0.2684537863643705,
  "train_loss_reduction": 0.2451902804846508,
  "weight_norm": 51.30815659870102,
  "trace_s": 51.30815659870103,
  "top_eigenvalue": 34.81086594482841,
  "min_eigenvalue": 8.437042545081702e-15,
  "R1": 0.6784665100540707,
  "effective_rank": 2.959724099832311,
  "config_suffix": "cov_toeplitz_mask_random_rho_0p9_lambda_1e-05_beta_1_d_100_T_20_lr_0p001_iter_5000_ntrain_80_seed_42",
  "ridge_lambda": 0.01,
  "ridge_train_loss": 0.08768150654822501,
  "ridge_population_risk": 0.14989558046951587,
  "ridge_generalization_gap": 0.06221407392129086,
  "ridge_excess_population_risk": 0.03642044234796897,
  "pca_n_components": 75,
  "pca_train_loss": 0.01765491541590154,
  "pca_population_risk": 0.8087784860781557,
  "pca_generalization_gap": 0.7911235706622541,
  "pca_excess_population_risk": 0.6953033479566089
}