{
  "alpha": null,
  "seed": 42,
  "n_train": 1000,
  "n_population": 5000,
  "train_loss": 0.22572432117680605,
  "population_risk": 0.23470766940586726,
  "bayes_population_risk": 0.13898342541436456,
  "empirical_bayes_risk": 0.13880608822852106,
  "generalization_gap": 0.008983348229061217,
  "excess_population_risk": 0.0957242439915027,
  "runtime_seconds": 21.21121838502586,
  "runtime_per_step_seconds": 0.004242243677005172,
  "initial_objective": 0.28297362854039165,
  "final_objective": 0.22928011243425142,
  "best_objective": 0.22928011243425142,
  "objective_reduction": 0.05369351610614023,
  "initial_train_loss_history": 0.282117939739541,
  "final_train_loss_history": 0.22572432117680605,
  "best_train_loss_history": 0.22572432117680605,
  "train_loss_reduction": 0.056393618562734976,
  "weight_norm": 14.222819733290207,
  "trace_s": 14.222819733290208,
  "top_eigenvalue": 2.4700885203326477,
  "min_eigenvalue": 1.2975513704094439e-08,
  "R1": 0.17367080274181576,
  "effective_rank": 10.898691053175254,
  "config_suffix": "cov_toeplitz_mask_random_rho_0p9_lambda_1e-05_beta_1_d_25_T_5_lr_0p001_iter_5000_ntrain_1000_seed_42",
  "ridge_lambda": 0.01,
  "ridge_train_loss": 0.13861102054486987,
  "ridge_population_risk": 0.13935889072127675,
  "ridge_generalization_gap": 0.0007478701764068729,
  "ridge_excess_population_risk": 0.0003754653069121816,
  "pca_n_components": 62,
  "pca_train_loss": 0.18798771668496186,
  "pca_population_risk": 0.22324347306118078,
  "pca_generalization_gap": 0.035255756376218916,
  "pca_excess_population_risk": 0.08426004764681622
}