{
  "alpha": null,
  "seed": 42,
  "n_train": 80,
  "n_population": 5000,
  "train_loss": 0.8680601978589122,
  "population_risk": 1.0592652893955437,
  "bayes_population_risk": 0.7459898192227884,
  "empirical_bayes_risk": 0.7451560510382415,
  "generalization_gap": 0.19120509153663146,
  "excess_population_risk": 0.31327547017275525,
  "runtime_seconds": 22.09088357537985,
  "runtime_per_step_seconds": 0.00441817671507597,
  "initial_objective": 0.9444870509560637,
  "final_objective": 0.8715274265216522,
  "best_objective": 0.8715274265216522,
  "objective_reduction": 0.07295962443441151,
  "initial_train_loss_history": 0.943997473981614,
  "final_train_loss_history": 0.8680601978589122,
  "best_train_loss_history": 0.8680601978589122,
  "train_loss_reduction": 0.07593727612270185,
  "weight_norm": 13.868811013227878,
  "trace_s": 13.868811013227878,
  "top_eigenvalue": 6.255307724953795,
  "min_eigenvalue": 6.268029520083223e-11,
  "R1": 0.45103417437785914,
  "effective_rank": 4.2420859398883906,
  "config_suffix": "cov_matern_mask_random_rho_NA_lambda_1e-05_beta_1_d_25_T_5_lr_0p001_iter_5000_ntrain_80_seed_42",
  "ridge_lambda": 0.01,
  "ridge_train_loss": 0.6831184345705482,
  "ridge_population_risk": 0.7868993508998378,
  "ridge_generalization_gap": 0.10378091632928954,
  "ridge_excess_population_risk": 0.04090953167704936,
  "pca_n_components": 62,
  "pca_train_loss": 0.12833676766353247,
  "pca_population_risk": 2.088211904081644,
  "pca_generalization_gap": 1.9598751364181115,
  "pca_excess_population_risk": 1.3422220848588555
}