{
  "alpha": null,
  "seed": 42,
  "n_train": 200,
  "n_population": 5000,
  "train_loss": 0.0646818648669899,
  "population_risk": 0.07777381815034955,
  "bayes_population_risk": 0.011034997727387535,
  "empirical_bayes_risk": 0.011104369752896312,
  "generalization_gap": 0.013091953283359645,
  "excess_population_risk": 0.06673882042296202,
  "runtime_seconds": 36.58087382093072,
  "runtime_per_step_seconds": 0.007316174764186144,
  "initial_objective": 0.07673141458440218,
  "final_objective": 0.07119671993956758,
  "best_objective": 0.07119671993956758,
  "objective_reduction": 0.005534694644834595,
  "initial_train_loss_history": 0.07609690404848884,
  "final_train_loss_history": 0.0646818648669899,
  "best_train_loss_history": 0.06468186305582051,
  "train_loss_reduction": 0.011415039181498943,
  "weight_norm": 13.029710070229163,
  "trace_s": 13.029710070229157,
  "top_eigenvalue": 6.824778677261188,
  "min_eigenvalue": 5.162097715049093e-16,
  "R1": 0.5237859200608566,
  "effective_rank": 4.699109203416003,
  "config_suffix": "cov_toeplitz_mask_random_rho_0p99_lambda_1e-05_beta_1_d_50_T_20_lr_0p001_iter_5000_ntrain_200_seed_42"
}