{
  "alpha": null,
  "seed": 42,
  "n_train": 10,
  "n_population": 5000,
  "train_loss": 1.0035276226650207,
  "population_risk": 1.340017896797276,
  "bayes_population_risk": 0.8556104261592068,
  "empirical_bayes_risk": 0.8528508714522902,
  "generalization_gap": 0.3364902741322553,
  "excess_population_risk": 0.4844074706380692,
  "runtime_seconds": 17.68593511544168,
  "runtime_per_step_seconds": 0.01768593511544168,
  "initial_objective": 1.2150727219871544,
  "final_objective": 1.00814658726112,
  "best_objective": 1.00814658726112,
  "objective_reduction": 0.2069261347260345,
  "initial_train_loss_history": 1.2138893779874462,
  "final_train_loss_history": 1.0035276226650207,
  "best_train_loss_history": 1.0035276226650207,
  "train_loss_reduction": 0.21036175532242551,
  "weight_norm": 9.219911060704339,
  "trace_s": 9.219911060704337,
  "top_eigenvalue": 6.138497118233296,
  "min_eigenvalue": 9.471185697901106e-09,
  "R1": 0.6657870209177871
}