{
  "alpha": null,
  "seed": 42,
  "n_train": 100,
  "n_population": 5000,
  "train_loss": 1.142760399668611,
  "population_risk": 1.1671924107721494,
  "bayes_population_risk": 0.9710902924899966,
  "empirical_bayes_risk": 0.9757978188932586,
  "generalization_gap": 0.02443201110353832,
  "excess_population_risk": 0.19610211828215285,
  "runtime_seconds": 20.725621851161122,
  "runtime_per_step_seconds": 0.004145124370232224,
  "initial_objective": 1.1676865064058373,
  "final_objective": 1.144732601434711,
  "best_objective": 1.144732601434711,
  "objective_reduction": 0.02295390497112626,
  "initial_train_loss_history": 1.1672897851845219,
  "final_train_loss_history": 1.142760399668611,
  "best_train_loss_history": 1.142760399668611,
  "train_loss_reduction": 0.024529385515910773,
  "weight_norm": 7.888802849423211,
  "trace_s": 7.88880284942321,
  "top_eigenvalue": 3.7264876353565866,
  "min_eigenvalue": 1.0049410831388144e-13,
  "R1": 0.47237682402331155,
  "effective_rank": 3.4550769642149866,
  "config_suffix": "cov_exponential_mask_random_rho_NA_lambda_1e-05_beta_1_d_25_T_5_lr_0p001_iter_5000_ntrain_100_seed_42",
  "ridge_lambda": 0.01,
  "ridge_train_loss": 0.9578876737494675,
  "ridge_population_risk": 1.0199352685855805,
  "ridge_generalization_gap": 0.062047594836112996,
  "ridge_excess_population_risk": 0.048844976095583914,
  "pca_n_components": 62,
  "pca_train_loss": 0.3465821023263567,
  "pca_population_risk": 2.599956466643824,
  "pca_generalization_gap": 2.2533743643174673,
  "pca_excess_population_risk": 1.6288661741538277
}