{
  "alpha": 5.0,
  "seed": 0,
  "n_train": 12500,
  "n_population": 5000,
  "train_loss": 1.248355940135356,
  "population_risk": 1.252319157025751,
  "bayes_population_risk": 1.0,
  "empirical_bayes_risk": 0.9988698818985595,
  "weight_norm": 0.004418971709301623,
  "trace_s": 0.004418971709301622,
  "top_eigenvalue": 0.00042881368445654553,
  "R1": 0.0970392463825743
}