{
  "alpha": 5.0,
  "seed": 0,
  "n_train": 12500,
  "n_population": 5000,
  "train_loss": 2.000413174490459,
  "population_risk": 1.999507092853191,
  "bayes_population_risk": 0.66,
  "empirical_bayes_risk": 0.657599225794865,
  "generalization_gap": -0.0009060816372679081,
  "excess_population_risk": 1.3395070928531911,
  "runtime_seconds": 174.33321499999147,
  "runtime_per_step_seconds": 0.17433321499999146,
  "initial_objective": 0.8645649655163107,
  "final_objective": 2.0009146851462214,
  "best_objective": 0.8645649655163107,
  "objective_reduction": -1.1363497196299108,
  "initial_train_loss_history": 1.9989418441828253,
  "final_train_loss_history": 2.000413174490459,
  "best_train_loss_history": 1.6882882433118656,
  "train_loss_reduction": -0.0014713303076336892,
  "weight_norm": 0.9978034129391565,
  "trace_s": 0.9978034129391565,
  "top_eigenvalue": 0.9923565012975876,
  "min_eigenvalue": -1.3486638768634018e-16,
  "R1": 0.9945410974036218
}