{
  "alpha": null,
  "seed": 42,
  "n_train": 30,
  "n_population": 5000,
  "train_loss": 1.0915402447875213,
  "population_risk": 1.4120622325638887,
  "bayes_population_risk": 1.0,
  "empirical_bayes_risk": 0.9998519913696639,
  "generalization_gap": 0.3205219877763674,
  "excess_population_risk": 0.41206223256388874,
  "runtime_seconds": 14.857454104349017,
  "runtime_per_step_seconds": 0.0029714908208698034,
  "initial_objective": 1.1726124893227714,
  "final_objective": 1.0952105778906875,
  "best_objective": 1.0952105778906875,
  "objective_reduction": 0.07740191143208386,
  "initial_train_loss_history": 1.1721659354767984,
  "final_train_loss_history": 1.0915402447875213,
  "best_train_loss_history": 1.0915402447875213,
  "train_loss_reduction": 0.08062569068927705,
  "weight_norm": 14.681134094033588,
  "trace_s": 14.681134094033588,
  "top_eigenvalue": 7.301448136539888,
  "min_eigenvalue": 2.1550081738154195e-10,
  "R1": 0.49733542993161517,
  "effective_rank": 3.05069226817907,
  "config_suffix": "cov_identity_mask_random_rho_NA_lambda_1e-05_beta_1_d_25_T_5_lr_0p001_iter_5000_ntrain_30_seed_42",
  "ridge_lambda": 0.01,
  "ridge_train_loss": 0.8586090777037813,
  "ridge_population_risk": 1.1834720960157228,
  "ridge_generalization_gap": 0.32486301831194153,
  "ridge_excess_population_risk": 0.18347209601572279,
  "pca_n_components": 62,
  "pca_train_loss": 3.2068389829060464e-16,
  "pca_population_risk": 1.4628159733093964,
  "pca_generalization_gap": 1.4628159733093962,
  "pca_excess_population_risk": 0.4628159733093964
}