{
  "alpha": null,
  "seed": 42,
  "n_train": 175,
  "n_population": 5000,
  "train_loss": 0.9720012389004858,
  "population_risk": 1.0099210321539198,
  "bayes_population_risk": 0.7822082681172894,
  "empirical_bayes_risk": 0.7816876709628776,
  "generalization_gap": 0.037919793253433975,
  "excess_population_risk": 0.22771276403663043,
  "runtime_seconds": 30.48014721367508,
  "runtime_per_step_seconds": 0.006096029442735016,
  "initial_objective": 1.004416582649156,
  "final_objective": 0.9788022731870882,
  "best_objective": 0.9788021704689156,
  "objective_reduction": 0.025614309462067775,
  "initial_train_loss_history": 1.0032843459791008,
  "final_train_loss_history": 0.9720012389004858,
  "best_train_loss_history": 0.9719980614936664,
  "train_loss_reduction": 0.031283107078614925,
  "weight_norm": 6.8011317279316925,
  "trace_s": 6.801131727931693,
  "top_eigenvalue": 5.004500203213481,
  "min_eigenvalue": -6.801729080195989e-17,
  "R1": 0.7358334470512322,
  "effective_rank": 2.1652228893586494,
  "config_suffix": "cov_exponential_mask_random_rho_NA_lambda_1e-05_beta_1_d_100_T_10_lr_0p001_iter_5000_ntrain_175_seed_42",
  "ridge_lambda": 0.01,
  "ridge_train_loss": 0.7532650894402757,
  "ridge_population_risk": 0.8255018239610963,
  "ridge_generalization_gap": 0.07223673452082058,
  "ridge_excess_population_risk": 0.0432935558438069,
  "pca_n_components": 75,
  "pca_train_loss": 0.4443788943546802,
  "pca_population_risk": 1.0625038792998944,
  "pca_generalization_gap": 0.6181249849452142,
  "pca_excess_population_risk": 0.28029561118260504
}