{
  "alpha": 5.0,
  "seed": 0,
  "n_train": 12500,
  "n_population": 5000,
  "train_loss": 0.39527730030076536,
  "population_risk": 0.39683635696464203,
  "bayes_population_risk": 0.28975609756097553,
  "empirical_bayes_risk": 0.28986039349982146,
  "weight_norm": 1.7149087045792815,
  "trace_s": 1.7149087045792815,
  "top_eigenvalue": 0.12394931386494813,
  "R1": 0.07227749998234256
}