{
  "alpha": null,
  "seed": 42,
  "n_train": 90,
  "n_population": 5000,
  "train_loss": 0.5356647505090477,
  "population_risk": 0.9234687217088656,
  "bayes_population_risk": 0.2921672002085666,
  "empirical_bayes_risk": 0.29084835344416116,
  "generalization_gap": 0.3878039711998179,
  "excess_population_risk": 0.6313015215002991,
  "runtime_seconds": 15.462882624939084,
  "runtime_per_step_seconds": 0.0030925765249878168,
  "initial_objective": 0.6880213739161082,
  "final_objective": 0.5551223214140811,
  "best_objective": 0.5551223214140811,
  "objective_reduction": 0.13289905250202705,
  "initial_train_loss_history": 0.6868952735247594,
  "final_train_loss_history": 0.5356647505090477,
  "best_train_loss_history": 0.5356647505090477,
  "train_loss_reduction": 0.15123052301571172,
  "weight_norm": 38.91471130123624,
  "trace_s": 38.91471130123624,
  "top_eigenvalue": 18.900798094748787,
  "min_eigenvalue": 2.133786643251226e-11,
  "R1": 0.4856980165788446,
  "effective_rank": 4.572542232979655,
  "config_suffix": "cov_matern_mask_random_rho_NA_lambda_1e-05_beta_1_d_50_T_5_lr_0p001_iter_5000_ntrain_90_seed_42",
  "ridge_lambda": 0.01,
  "ridge_train_loss": 0.29291540836841884,
  "ridge_population_risk": 0.30432364711803134,
  "ridge_generalization_gap": 0.011408238749612498,
  "ridge_excess_population_risk": 0.012156446909464713,
  "pca_n_components": 75,
  "pca_train_loss": 0.046758939270978295,
  "pca_population_risk": 0.9436380562773935,
  "pca_generalization_gap": 0.8968791170064152,
  "pca_excess_population_risk": 0.6514708560688269
}