{
  "alpha": null,
  "seed": 42,
  "n_train": 10,
  "n_population": 5000,
  "train_loss": 1.0009583336877,
  "population_risk": 1.218454897025308,
  "bayes_population_risk": 0.9378461538461538,
  "empirical_bayes_risk": 0.9406206671963646,
  "generalization_gap": 0.21749656333760803,
  "excess_population_risk": 0.2806087431791542,
  "runtime_seconds": 24.767512088641524,
  "runtime_per_step_seconds": 0.0024767512088641522,
  "initial_objective": 1.1312504809077892,
  "final_objective": 1.031702385166989,
  "best_objective": 1.0317023849648543,
  "objective_reduction": 0.09954809574080015,
  "initial_train_loss_history": 1.1257415549370298,
  "final_train_loss_history": 1.0009583336877,
  "best_train_loss_history": 1.00094173996924,
  "train_loss_reduction": 0.12478322124932983,
  "weight_norm": 6.148810259092275,
  "trace_s": 6.148810259092275,
  "top_eigenvalue": 4.418503236079113,
  "min_eigenvalue": -1.907270983483585e-16,
  "R1": 0.7185948256486614
}