{
  "alpha": null,
  "seed": 42,
  "n_train": 175,
  "n_population": 5000,
  "train_loss": 1.1162484490068547,
  "population_risk": 1.1453974703974128,
  "bayes_population_risk": 0.9710902924899966,
  "empirical_bayes_risk": 0.9724233273088452,
  "generalization_gap": 0.029149021390558083,
  "excess_population_risk": 0.17430717790741623,
  "runtime_seconds": 56.84547621011734,
  "runtime_per_step_seconds": 0.011369095242023468,
  "initial_objective": 1.1344410877161621,
  "final_objective": 1.1225676766962738,
  "best_objective": 1.1225676766962738,
  "objective_reduction": 0.011873411019888369,
  "initial_train_loss_history": 1.1333011144974865,
  "final_train_loss_history": 1.1162484490068547,
  "best_train_loss_history": 1.1162447547697245,
  "train_loss_reduction": 0.01705266549063178,
  "weight_norm": 6.3192276382122206,
  "trace_s": 6.31922763821222,
  "top_eigenvalue": 1.7467015283772025,
  "min_eigenvalue": 1.2833636205447778e-16,
  "R1": 0.27641060401352524,
  "effective_rank": 5.185482669820305,
  "config_suffix": "cov_exponential_mask_random_rho_NA_lambda_1e-05_beta_1_d_100_T_5_lr_0p001_iter_5000_ntrain_175_seed_42"
}