{
  "alpha": null,
  "seed": 42,
  "n_train": 100,
  "n_population": 5000,
  "train_loss": 0.20757281902265454,
  "population_risk": 0.25998293414612467,
  "bayes_population_risk": 0.13898342541436456,
  "empirical_bayes_risk": 0.14133476578846624,
  "generalization_gap": 0.05241011512347013,
  "excess_population_risk": 0.1209995087317601,
  "runtime_seconds": 24.20985917188227,
  "runtime_per_step_seconds": 0.004841971834376455,
  "initial_objective": 0.2976918823012271,
  "final_objective": 0.21355130095272365,
  "best_objective": 0.21355130095272365,
  "objective_reduction": 0.08414058134850347,
  "initial_train_loss_history": 0.2968450943447136,
  "final_train_loss_history": 0.20757281902265454,
  "best_train_loss_history": 0.20757281902265454,
  "train_loss_reduction": 0.08927227532205909,
  "weight_norm": 23.91348381361836,
  "trace_s": 23.913483813618356,
  "top_eigenvalue": 8.607033456112028,
  "min_eigenvalue": 1.0291497745887265e-08,
  "R1": 0.35992386233621293,
  "effective_rank": 7.160676810768084,
  "config_suffix": "cov_toeplitz_mask_random_rho_0p9_lambda_1e-05_beta_1_d_25_T_5_lr_0p001_iter_5000_ntrain_100_seed_42"
}