{
  "alpha": null,
  "seed": 42,
  "n_train": 1250,
  "n_population": 5000,
  "train_loss": 0.3238130983733788,
  "population_risk": 0.3304646211309979,
  "bayes_population_risk": 0.13898342541436456,
  "empirical_bayes_risk": 0.19018137186747713,
  "generalization_gap": 0.006651522757619099,
  "excess_population_risk": 0.19148119571663333,
  "runtime_seconds": 28.136044250801206,
  "runtime_per_step_seconds": 0.028136044250801205,
  "initial_objective": 0.361099579932832,
  "final_objective": 0.328774378833907,
  "best_objective": 0.328774378833907,
  "objective_reduction": 0.032325201098925005,
  "initial_train_loss_history": 0.3598731878743416,
  "final_train_loss_history": 0.3238130983733788,
  "best_train_loss_history": 0.3238130983733788,
  "train_loss_reduction": 0.03606008950096279,
  "weight_norm": 9.917876062192272,
  "trace_s": 9.91787606219227,
  "top_eigenvalue": 1.0060173732905282,
  "min_eigenvalue": 2.84165208619798e-08,
  "R1": 0.1014347595172666
}