{
  "alpha": null,
  "seed": 42,
  "n_train": 200,
  "n_population": 5000,
  "train_loss": 1.0142514409207661,
  "population_risk": 1.0384078581312148,
  "bayes_population_risk": 0.9267692307692309,
  "empirical_bayes_risk": 0.9339356707982032,
  "generalization_gap": 0.0241564172104487,
  "excess_population_risk": 0.11163862736198393,
  "runtime_seconds": 32.82868181169033,
  "runtime_per_step_seconds": 0.006565736362338066,
  "initial_objective": 1.022869145753732,
  "final_objective": 1.0157503538043635,
  "best_objective": 1.0157503538043635,
  "objective_reduction": 0.007118791949368486,
  "initial_train_loss_history": 1.0222985335642332,
  "final_train_loss_history": 1.0142514409207661,
  "best_train_loss_history": 1.0142514409207661,
  "train_loss_reduction": 0.008047092643467035,
  "weight_norm": 2.9978256895439817,
  "trace_s": 2.997825689543982,
  "top_eigenvalue": 2.5245886027650735,
  "min_eigenvalue": 7.106690001286873e-17,
  "R1": 0.8421398921126412,
  "effective_rank": 1.5483496738205487,
  "config_suffix": "cov_toeplitz_mask_random_rho_0p2_lambda_1e-05_beta_1_d_50_T_20_lr_0p001_iter_5000_ntrain_200_seed_42"
}