{
  "alpha": 5.0,
  "seed": 0,
  "n_train": 12500,
  "n_population": 5000,
  "train_loss": 1.248354953616806,
  "population_risk": 1.2523177821672846,
  "bayes_population_risk": 1.0,
  "empirical_bayes_risk": 0.9988698818985595,
  "weight_norm": 0.004451769873693264,
  "trace_s": 0.004451769873693265,
  "top_eigenvalue": 0.0004397977017746082,
  "R1": 0.09879165236583637
}