{
  "alpha": null,
  "seed": 42,
  "n_train": 2000,
  "n_population": 5000,
  "train_loss": 0.4909463461368265,
  "population_risk": 0.5016066159331806,
  "bayes_population_risk": 0.1134751381215469,
  "empirical_bayes_risk": 0.11422599672017478,
  "generalization_gap": 0.010660269796354094,
  "excess_population_risk": 0.38813147781163365,
  "runtime_seconds": 339.00593716837466,
  "runtime_per_step_seconds": 0.06780118743367493,
  "initial_objective": 0.5014927659332886,
  "final_objective": 0.49467296658039417,
  "best_objective": 0.49467296657062687,
  "objective_reduction": 0.006819799352894451,
  "initial_train_loss_history": 0.5004138698881592,
  "final_train_loss_history": 0.4909463461368265,
  "best_train_loss_history": 0.49094392382970475,
  "train_loss_reduction": 0.009467523751332696,
  "weight_norm": 3.7266204396290226,
  "trace_s": 3.726620439629022,
  "top_eigenvalue": 3.7266204392409072,
  "min_eigenvalue": -1.6429042523947552e-16,
  "R1": 0.9999999998958535,
  "effective_rank": 1.0000000024927784,
  "config_suffix": "cov_toeplitz_mask_random_rho_0p9_lambda_1e-05_beta_1_d_100_T_20_lr_0p001_iter_5000_ntrain_2000_seed_42",
  "ridge_lambda": 0.01,
  "ridge_train_loss": 0.11282330877286126,
  "ridge_population_risk": 0.11526434296046266,
  "ridge_generalization_gap": 0.0024410341876014013,
  "ridge_excess_population_risk": 0.0017892048389157589,
  "pca_n_components": 75,
  "pca_train_loss": 0.5526964012862688,
  "pca_population_risk": 0.6328048185101183,
  "pca_generalization_gap": 0.08010841722384943,
  "pca_excess_population_risk": 0.5193296803885714
}