{
  "alpha": null,
  "seed": 42,
  "n_train": 20,
  "n_population": 5000,
  "train_loss": 1.1466667263243469,
  "population_risk": 1.2777512525938641,
  "bayes_population_risk": 1.0,
  "empirical_bayes_risk": 0.9994596190579373,
  "generalization_gap": 0.13108452626951728,
  "excess_population_risk": 0.27775125259386413,
  "runtime_seconds": 19.12409738637507,
  "runtime_per_step_seconds": 0.003824819477275014,
  "initial_objective": 1.1975127227430595,
  "final_objective": 1.1523664910597686,
  "best_objective": 1.1523664910597686,
  "objective_reduction": 0.045146231683290905,
  "initial_train_loss_history": 1.196372896444164,
  "final_train_loss_history": 1.1466667263243469,
  "best_train_loss_history": 1.1466667263243469,
  "train_loss_reduction": 0.04970617011981715,
  "weight_norm": 5.699763289937461,
  "trace_s": 5.699763289937459,
  "top_eigenvalue": 3.6602676608820226,
  "min_eigenvalue": 2.9848124531477984e-15,
  "R1": 0.6421788896644135,
  "effective_rank": 2.411609461153053,
  "config_suffix": "cov_identity_mask_random_rho_NA_lambda_1e-05_beta_1_d_100_T_5_lr_0p001_iter_5000_ntrain_20_seed_42",
  "ridge_lambda": 0.01,
  "ridge_train_loss": 0.800341225223027,
  "ridge_population_risk": 1.23834219539973,
  "ridge_generalization_gap": 0.43800097017670303,
  "ridge_excess_population_risk": 0.23834219539973,
  "pca_n_components": 75,
  "pca_train_loss": 1.6620056461093643e-16,
  "pca_population_risk": 1.1008051944346606,
  "pca_generalization_gap": 1.1008051944346604,
  "pca_excess_population_risk": 0.10080519443466063
}