{
  "alpha": null,
  "seed": 42,
  "n_train": 70,
  "n_population": 5000,
  "train_loss": 1.0074040558423543,
  "population_risk": 0.9956329106142526,
  "bayes_population_risk": 0.7822082681172894,
  "empirical_bayes_risk": 0.7831161660653675,
  "generalization_gap": -0.011771145228101632,
  "excess_population_risk": 0.21342464249696325,
  "runtime_seconds": 30.60999516583979,
  "runtime_per_step_seconds": 0.006121999033167958,
  "initial_objective": 1.0277124895235392,
  "final_objective": 1.0086695906176302,
  "best_objective": 1.0086695906176302,
  "objective_reduction": 0.019042898905909045,
  "initial_train_loss_history": 1.0272829306322593,
  "final_train_loss_history": 1.0074040558423543,
  "best_train_loss_history": 1.0074040558423543,
  "train_loss_reduction": 0.01987887478990502,
  "weight_norm": 5.062132645407919,
  "trace_s": 5.062132645407919,
  "top_eigenvalue": 2.3178536740064093,
  "min_eigenvalue": 2.188268146351655e-15,
  "R1": 0.457880864917484,
  "effective_rank": 2.8866879975475674,
  "config_suffix": "cov_exponential_mask_random_rho_NA_lambda_1e-05_beta_1_d_25_T_10_lr_0p001_iter_5000_ntrain_70_seed_42"
}