{
  "alpha": null,
  "seed": 42,
  "n_train": 1500,
  "n_population": 5000,
  "train_loss": 0.31788191046961767,
  "population_risk": 0.3310327000310296,
  "bayes_population_risk": 0.07006953088198194,
  "empirical_bayes_risk": 0.06963120705676992,
  "generalization_gap": 0.013150789561411913,
  "excess_population_risk": 0.26096316914904766,
  "runtime_seconds": 26.603439120575786,
  "runtime_per_step_seconds": 0.005320687824115157,
  "initial_objective": 0.3728710859352154,
  "final_objective": 0.3212852342580728,
  "best_objective": 0.3212852342580728,
  "objective_reduction": 0.05158585167714258,
  "initial_train_loss_history": 0.37204141866454693,
  "final_train_loss_history": 0.31788191046961767,
  "best_train_loss_history": 0.31788191046961767,
  "train_loss_reduction": 0.05415950819492926,
  "weight_norm": 13.613034734092855,
  "trace_s": 13.613034734092857,
  "top_eigenvalue": 2.712959761440048,
  "min_eigenvalue": 2.6650639884444678e-08,
  "R1": 0.19929132735154473,
  "effective_rank": 9.341760009768572,
  "config_suffix": "cov_matern_mask_random_rho_NA_lambda_1e-05_beta_1_d_25_T_5_lr_0p001_iter_5000_ntrain_1500_seed_42",
  "ridge_lambda": 0.01,
  "ridge_train_loss": 0.0691364293203693,
  "ridge_population_risk": 0.06977811401552107,
  "ridge_generalization_gap": 0.000641684695151773,
  "ridge_excess_population_risk": -0.00029141686646086407,
  "pca_n_components": 62,
  "pca_train_loss": 0.11135399939284783,
  "pca_population_risk": 0.1279081247277838,
  "pca_generalization_gap": 0.016554125334935957,
  "pca_excess_population_risk": 0.05783859384580185
}