{
  "alpha": null,
  "seed": 42,
  "n_train": 100,
  "n_population": 5000,
  "train_loss": 1.0528087189295412,
  "population_risk": 1.0983226102072228,
  "bayes_population_risk": 0.8556104261592068,
  "empirical_bayes_risk": 0.8555756951796706,
  "generalization_gap": 0.04551389127768157,
  "excess_population_risk": 0.24271218404801598,
  "runtime_seconds": 12.899372190237045,
  "runtime_per_step_seconds": 0.012899372190237046,
  "initial_objective": 1.0886406313125874,
  "final_objective": 1.0702849865009787,
  "best_objective": 1.0702849865009787,
  "objective_reduction": 0.018355644811608673,
  "initial_train_loss_history": 1.083364554988434,
  "final_train_loss_history": 1.0528087189295412,
  "best_train_loss_history": 1.0528087189295412,
  "train_loss_reduction": 0.030555836058892893,
  "weight_norm": 3.495204501204225,
  "trace_s": 3.495204501204225,
  "top_eigenvalue": 1.5077530540122381,
  "min_eigenvalue": 1.3097996121633802e-10,
  "R1": 0.4313776356985011
}