{
  "alpha": null,
  "seed": 42,
  "n_train": 200,
  "n_population": 5000,
  "train_loss": 1.0500894512169636,
  "population_risk": 1.052132477814883,
  "bayes_population_risk": 1.0,
  "empirical_bayes_risk": 1.0000507782235872,
  "generalization_gap": 0.0020430265979194395,
  "excess_population_risk": 0.05213247781488306,
  "runtime_seconds": 76.89381308294833,
  "runtime_per_step_seconds": 0.015378762616589665,
  "initial_objective": 1.0544313773114578,
  "final_objective": 1.0513449236588708,
  "best_objective": 1.0513449236365058,
  "objective_reduction": 0.0030864536525869735,
  "initial_train_loss_history": 1.0524133703913012,
  "final_train_loss_history": 1.0500894512169636,
  "best_train_loss_history": 1.050089037193184,
  "train_loss_reduction": 0.0023239191743376075,
  "weight_norm": 0.6277362211033986,
  "trace_s": 0.6277362211033986,
  "top_eigenvalue": 0.6277362210931715,
  "min_eigenvalue": 1.0556192935109902e-19,
  "R1": 0.9999999999837086,
  "effective_rank": 1.0000000001666955,
  "config_suffix": "cov_identity_mask_random_rho_NA_lambda_1e-05_beta_1_d_200_T_20_lr_0p001_iter_5000_ntrain_200_seed_42"
}