{
  "alpha": null,
  "seed": 42,
  "n_train": 20,
  "n_population": 5000,
  "train_loss": 0.9396711565252345,
  "population_risk": 1.4577794343579458,
  "bayes_population_risk": 0.9675589362829065,
  "empirical_bayes_risk": 0.9661456800185455,
  "generalization_gap": 0.5181082778327113,
  "excess_population_risk": 0.4902204980750393,
  "runtime_seconds": 31.607522984966636,
  "runtime_per_step_seconds": 0.0063215045969933275,
  "initial_objective": 1.0349452112805024,
  "final_objective": 0.9504320679430496,
  "best_objective": 0.9504320679430496,
  "objective_reduction": 0.08451314333745286,
  "initial_train_loss_history": 1.0342430391068391,
  "final_train_loss_history": 0.9396711565252345,
  "best_train_loss_history": 0.9396711565252345,
  "train_loss_reduction": 0.09457188258160465,
  "weight_norm": 21.5217401094364,
  "trace_s": 21.5217401094364,
  "top_eigenvalue": 14.627869123067136,
  "min_eigenvalue": 3.39807658970452e-11,
  "R1": 0.6796787364165505,
  "effective_rank": 2.5268586682279564,
  "config_suffix": "cov_exponential_mask_random_rho_NA_lambda_1e-05_beta_1_d_50_T_10_lr_0p001_iter_5000_ntrain_20_seed_42"
}