{
  "alpha": null,
  "seed": 42,
  "n_train": 200,
  "n_population": 5000,
  "train_loss": 0.7039672809143755,
  "population_risk": 0.9152518964715273,
  "bayes_population_risk": 0.24553354982376377,
  "empirical_bayes_risk": 0.2439253095416154,
  "generalization_gap": 0.21128461555715172,
  "excess_population_risk": 0.6697183466477635,
  "runtime_seconds": 35.098856223747134,
  "runtime_per_step_seconds": 0.007019771244749427,
  "initial_objective": 0.8156829891960294,
  "final_objective": 0.7221083134960562,
  "best_objective": 0.7221083134960562,
  "objective_reduction": 0.09357467569997324,
  "initial_train_loss_history": 0.8144636772644059,
  "final_train_loss_history": 0.7039672809143755,
  "best_train_loss_history": 0.7039672809143755,
  "train_loss_reduction": 0.11049639635003039,
  "weight_norm": 18.141017687303645,
  "trace_s": 18.141017687303645,
  "top_eigenvalue": 8.9175110161816,
  "min_eigenvalue": 1.1588682909297467e-13,
  "R1": 0.4915661937986366,
  "effective_rank": 4.490957022077049,
  "config_suffix": "cov_matern_mask_random_rho_NA_lambda_1e-05_beta_1_d_100_T_10_lr_0p001_iter_5000_ntrain_200_seed_42",
  "ridge_lambda": 0.01,
  "ridge_train_loss": 0.23721933173113122,
  "ridge_population_risk": 0.2554245468119563,
  "ridge_generalization_gap": 0.018205215080825093,
  "ridge_excess_population_risk": 0.00989099698819254,
  "pca_n_components": 75,
  "pca_train_loss": 0.39511882859398617,
  "pca_population_risk": 0.9361887878086643,
  "pca_generalization_gap": 0.5410699592146782,
  "pca_excess_population_risk": 0.6906552379849006
}