{
  "alpha": null,
  "seed": 42,
  "n_train": 1000,
  "n_population": 5000,
  "train_loss": 1.1918921650461616,
  "population_risk": 1.1978582721249966,
  "bayes_population_risk": 1.0,
  "empirical_bayes_risk": 0.996509730846227,
  "generalization_gap": 0.005966107078835048,
  "excess_population_risk": 0.19785827212499663,
  "runtime_seconds": 45.26506139151752,
  "runtime_per_step_seconds": 0.009053012278303504,
  "initial_objective": 1.1948944627965965,
  "final_objective": 1.1920539022898387,
  "best_objective": 1.1920539022898387,
  "objective_reduction": 0.00284056050675785,
  "initial_train_loss_history": 1.1945684870252788,
  "final_train_loss_history": 1.1918921650461616,
  "best_train_loss_history": 1.1918921203682917,
  "train_loss_reduction": 0.0026763219791172688,
  "weight_norm": 0.6469489740965834,
  "trace_s": 0.6469489740965833,
  "top_eigenvalue": 0.4036831205224714,
  "min_eigenvalue": -3.0134440968315196e-18,
  "R1": 0.6239798449115481,
  "effective_rank": 2.1979635048650814,
  "config_suffix": "cov_identity_mask_random_rho_NA_lambda_1e-05_beta_1_d_25_T_5_lr_0p001_iter_5000_ntrain_1000_seed_42"
}