{
  "alpha": null,
  "seed": 42,
  "n_train": 1500,
  "n_population": 5000,
  "train_loss": 0.5247608907904604,
  "population_risk": 0.5478092006127404,
  "bayes_population_risk": 0.05101341981519296,
  "empirical_bayes_risk": 0.05069570654441294,
  "generalization_gap": 0.02304830982228001,
  "excess_population_risk": 0.49679578079754744,
  "runtime_seconds": 240.90627728402615,
  "runtime_per_step_seconds": 0.04818125545680523,
  "initial_objective": 0.5473120397743222,
  "final_objective": 0.5295389660070281,
  "best_objective": 0.5295389660070281,
  "objective_reduction": 0.01777307376729409,
  "initial_train_loss_history": 0.5466229834202334,
  "final_train_loss_history": 0.5247608907904604,
  "best_train_loss_history": 0.5247608907904604,
  "train_loss_reduction": 0.02186209262977301,
  "weight_norm": 9.556148889578553,
  "trace_s": 9.556148889578555,
  "top_eigenvalue": 3.319062042883311,
  "min_eigenvalue": 8.360195041927236e-14,
  "R1": 0.3473221358556802,
  "effective_rank": 7.177821294807905,
  "config_suffix": "cov_matern_mask_random_rho_NA_lambda_1e-05_beta_1_d_50_T_10_lr_0p001_iter_5000_ntrain_1500_seed_42"
}