{
  "alpha": null,
  "seed": 42,
  "n_train": 1250,
  "n_population": 5000,
  "train_loss": 0.7416604162728285,
  "population_risk": 0.7606864620573633,
  "bayes_population_risk": 0.09796305337869733,
  "empirical_bayes_risk": 0.0976125896574652,
  "generalization_gap": 0.019026045784534817,
  "excess_population_risk": 0.662723408678666,
  "runtime_seconds": 41.784960424527526,
  "runtime_per_step_seconds": 0.008356992084905505,
  "initial_objective": 0.7743119337463076,
  "final_objective": 0.7467187742915992,
  "best_objective": 0.7467187742915992,
  "objective_reduction": 0.027593159454708416,
  "initial_train_loss_history": 0.7732980773925526,
  "final_train_loss_history": 0.7416604162728285,
  "best_train_loss_history": 0.7416604162728285,
  "train_loss_reduction": 0.0316376611197241,
  "weight_norm": 10.116712702169961,
  "trace_s": 10.116712702169961,
  "top_eigenvalue": 2.4984574344758492,
  "min_eigenvalue": 2.6698593825304905e-12,
  "R1": 0.2469633672546566,
  "effective_rank": 8.136125526899717,
  "config_suffix": "cov_toeplitz_bump_mask_random_rho_0p5_lambda_1e-05_beta_1_d_50_T_5_lr_0p001_iter_5000_ntrain_1250_seed_42",
  "ridge_lambda": 0.01,
  "ridge_train_loss": 0.09900919269077153,
  "ridge_population_risk": 0.09789436441997926,
  "ridge_generalization_gap": -0.0011148282707922758,
  "ridge_excess_population_risk": -6.868895871807446e-05,
  "pca_n_components": 75,
  "pca_train_loss": 0.5425786686554478,
  "pca_population_risk": 0.6780397872546394,
  "pca_generalization_gap": 0.13546111859919163,
  "pca_excess_population_risk": 0.580076733875942
}