{
  "alpha": null,
  "seed": 42,
  "n_train": 50,
  "n_population": 5000,
  "train_loss": 1.0325560957334217,
  "population_risk": 1.148254941220455,
  "bayes_population_risk": 0.8423761467889908,
  "empirical_bayes_risk": 0.9099430712923048,
  "generalization_gap": 0.11569884548703335,
  "excess_population_risk": 0.30587879443146426,
  "runtime_seconds": 25.074976611882448,
  "runtime_per_step_seconds": 0.02507497661188245,
  "initial_objective": 1.0906575997551131,
  "final_objective": 1.0419017180038435,
  "best_objective": 1.0419017180038435,
  "objective_reduction": 0.04875588175126966,
  "initial_train_loss_history": 1.0895534671312346,
  "final_train_loss_history": 1.0325560957334217,
  "best_train_loss_history": 1.0325560957334217,
  "train_loss_reduction": 0.05699737139781291,
  "weight_norm": 9.344189922048422,
  "trace_s": 9.34418992204842,
  "top_eigenvalue": 8.572484261399426,
  "min_eigenvalue": 4.244163608213317e-14,
  "R1": 0.9174133159656692
}