{
  "alpha": 2.0,
  "seed": 0,
  "n_train": 5000,
  "n_population": 5000,
  "train_loss": 1.2525262766946268,
  "population_risk": 1.2497279180523577,
  "bayes_population_risk": 1.0,
  "empirical_bayes_risk": 0.9972684929503474,
  "weight_norm": 0.004418987670236605,
  "trace_s": 0.004418987670236604,
  "top_eigenvalue": 0.0004288726538794584,
  "R1": 0.09705224044141661
}