{
  "alpha": null,
  "seed": 42,
  "n_train": 90,
  "n_population": 5000,
  "train_loss": 0.7159925701795208,
  "population_risk": 0.8430170677831408,
  "bayes_population_risk": 0.48757509716865854,
  "empirical_bayes_risk": 0.48915773563276327,
  "generalization_gap": 0.12702449760362,
  "excess_population_risk": 0.35544197061448224,
  "runtime_seconds": 31.56426240131259,
  "runtime_per_step_seconds": 0.006312852480262518,
  "initial_objective": 0.7825321645955734,
  "final_objective": 0.7190925858952548,
  "best_objective": 0.7190925858952548,
  "objective_reduction": 0.06343957870031858,
  "initial_train_loss_history": 0.7819297083158988,
  "final_train_loss_history": 0.7159925701795208,
  "best_train_loss_history": 0.7159925701795208,
  "train_loss_reduction": 0.06593713813637803,
  "weight_norm": 12.39998626704167,
  "trace_s": 12.399986267041674,
  "top_eigenvalue": 4.052903435582451,
  "min_eigenvalue": 1.6081382728960757e-10,
  "R1": 0.3268474132390609,
  "effective_rank": 4.694506304895907,
  "config_suffix": "cov_toeplitz_bump_mask_random_rho_0p5_lambda_1e-05_beta_1_d_25_T_5_lr_0p001_iter_5000_ntrain_90_seed_42"
}