{
  "alpha": 2.0,
  "seed": 0,
  "n_train": 5000,
  "n_population": 5000,
  "train_loss": 1.1645545285948498,
  "population_risk": 1.1625806670240275,
  "bayes_population_risk": 1.0,
  "empirical_bayes_risk": 0.9946715873280613,
  "weight_norm": 0.10494656444586171,
  "trace_s": 0.10494656444586171,
  "top_eigenvalue": 0.013978338878691848,
  "R1": 0.1331948211215888
}