{
  "alpha": null,
  "seed": 42,
  "n_train": 1500,
  "n_population": 5000,
  "train_loss": 0.82197908449984,
  "population_risk": 0.8264178728202624,
  "bayes_population_risk": 0.4961178375737193,
  "empirical_bayes_risk": 0.4950380819178333,
  "generalization_gap": 0.004438788320422327,
  "excess_population_risk": 0.33030003524654306,
  "runtime_seconds": 252.7836536411196,
  "runtime_per_step_seconds": 0.05055673072822392,
  "initial_objective": 0.8311250880008043,
  "final_objective": 0.8242970186828232,
  "best_objective": 0.8242970186828232,
  "objective_reduction": 0.006828069317981078,
  "initial_train_loss_history": 0.8305120432787105,
  "final_train_loss_history": 0.82197908449984,
  "best_train_loss_history": 0.821979001195514,
  "train_loss_reduction": 0.008532958778870503,
  "weight_norm": 4.635868123572086,
  "trace_s": 4.635868123572086,
  "top_eigenvalue": 1.880273239452864,
  "min_eigenvalue": 2.0032756727460967e-14,
  "R1": 0.4055924778990591,
  "effective_rank": 4.588400208881331,
  "config_suffix": "cov_exponential_mask_random_rho_NA_lambda_1e-05_beta_1_d_50_T_10_lr_0p001_iter_5000_ntrain_1500_seed_42"
}