{
  "alpha": null,
  "seed": 42,
  "n_train": 400,
  "n_population": 5000,
  "train_loss": 0.7480213626805556,
  "population_risk": 0.8610647811331528,
  "bayes_population_risk": 0.24553354982376377,
  "empirical_bayes_risk": 0.2462747232439209,
  "generalization_gap": 0.11304341845259713,
  "excess_population_risk": 0.615531231309389,
  "runtime_seconds": 130.66607897542417,
  "runtime_per_step_seconds": 0.026133215795084833,
  "initial_objective": 0.8100982712734608,
  "final_objective": 0.7609452156110796,
  "best_objective": 0.7609452156110796,
  "objective_reduction": 0.04915305566238115,
  "initial_train_loss_history": 0.8089526598504849,
  "final_train_loss_history": 0.7480213626805556,
  "best_train_loss_history": 0.7480213626805556,
  "train_loss_reduction": 0.06093129716992929,
  "weight_norm": 12.923851459581645,
  "trace_s": 12.92385145958164,
  "top_eigenvalue": 6.867063064571074,
  "min_eigenvalue": 3.508689848809375e-14,
  "R1": 0.5313480339856341,
  "effective_rank": 4.568512989122206,
  "config_suffix": "cov_matern_mask_random_rho_NA_lambda_1e-05_beta_1_d_100_T_10_lr_0p001_iter_5000_ntrain_400_seed_42"
}