{
  "alpha": null,
  "seed": 42,
  "n_train": 5000,
  "n_population": 5000,
  "train_loss": 0.7988323248519057,
  "population_risk": 0.8060932827608742,
  "bayes_population_risk": 0.48757509716865854,
  "empirical_bayes_risk": 0.4898929285713272,
  "generalization_gap": 0.007260957908968524,
  "excess_population_risk": 0.3185181855922157,
  "runtime_seconds": 675.6916613765061,
  "runtime_per_step_seconds": 0.13513833227530123,
  "initial_objective": 0.8148057555526581,
  "final_objective": 0.8050661993733373,
  "best_objective": 0.8050661993733373,
  "objective_reduction": 0.009739556179320763,
  "initial_train_loss_history": 0.8132227913842418,
  "final_train_loss_history": 0.7988323248519057,
  "best_train_loss_history": 0.7988310983736072,
  "train_loss_reduction": 0.01439046653233611,
  "weight_norm": 6.233874328138788,
  "trace_s": 6.233874328138787,
  "top_eigenvalue": 1.340043431630177,
  "min_eigenvalue": 8.688776530496227e-17,
  "R1": 0.21496157302713326,
  "effective_rank": 11.10110303137845,
  "config_suffix": "cov_toeplitz_bump_mask_random_rho_0p5_lambda_1e-05_beta_1_d_100_T_5_lr_0p001_iter_5000_ntrain_5000_seed_42"
}