{
  "alpha": null,
  "seed": 42,
  "n_train": 5000,
  "n_population": 5000,
  "train_loss": 0.4416682214482783,
  "population_risk": 0.43889046870009807,
  "bayes_population_risk": 0.27570731707317064,
  "empirical_bayes_risk": 0.27448745619269277,
  "generalization_gap": -0.0027777527481802067,
  "excess_population_risk": 0.16318315162692743,
  "runtime_seconds": 578.2385141113773,
  "runtime_per_step_seconds": 0.05782385141113773,
  "initial_objective": 0.46981478386167197,
  "final_objective": 0.4573796654428261,
  "best_objective": 0.4573791470583406,
  "objective_reduction": 0.01243511841884587,
  "initial_train_loss_history": 0.4597862361390147,
  "final_train_loss_history": 0.4416682214482783,
  "best_train_loss_history": 0.4416504339541133,
  "train_loss_reduction": 0.018118014690736428,
  "weight_norm": 3.1422746522886573,
  "trace_s": 3.142274652288657,
  "top_eigenvalue": 0.455978156443104,
  "min_eigenvalue": 2.0435138633565652e-17,
  "R1": 0.14511085341028193
}