{
  "alpha": null,
  "seed": 42,
  "n_train": 2000,
  "n_population": 5000,
  "train_loss": 1.2191672629333519,
  "population_risk": 1.194762695728147,
  "bayes_population_risk": 1.0,
  "empirical_bayes_risk": 1.0009299864130596,
  "generalization_gap": -0.024404567205204897,
  "excess_population_risk": 0.19476269572814697,
  "runtime_seconds": 104.38960273936391,
  "runtime_per_step_seconds": 0.020877920547872783,
  "initial_objective": 1.2216791664285653,
  "final_objective": 1.2192963936559509,
  "best_objective": 1.2192963936559509,
  "objective_reduction": 0.00238277277261445,
  "initial_train_loss_history": 1.2213404728460096,
  "final_train_loss_history": 1.2191672629333519,
  "best_train_loss_history": 1.2191672187537588,
  "train_loss_reduction": 0.002173209912657681,
  "weight_norm": 0.5165228708438865,
  "trace_s": 0.5165228708438866,
  "top_eigenvalue": 0.370764605780708,
  "min_eigenvalue": -1.1220454915941488e-18,
  "R1": 0.7178086909781145,
  "effective_rank": 1.8142358704570805,
  "config_suffix": "cov_identity_mask_random_rho_NA_lambda_1e-05_beta_1_d_25_T_5_lr_0p001_iter_5000_ntrain_2000_seed_42"
}