{
  "alpha": null,
  "seed": 42,
  "n_train": 80,
  "n_population": 5000,
  "train_loss": 0.3974055941999318,
  "population_risk": 0.6444737421171449,
  "bayes_population_risk": 0.1214410313285021,
  "empirical_bayes_risk": 0.12253864585492599,
  "generalization_gap": 0.2470681479172131,
  "excess_population_risk": 0.5230327107886428,
  "runtime_seconds": 13.935660684481263,
  "runtime_per_step_seconds": 0.0027871321368962525,
  "initial_objective": 0.5209881709321152,
  "final_objective": 0.4034696331171421,
  "best_objective": 0.4034696331171421,
  "objective_reduction": 0.11751853781497312,
  "initial_train_loss_history": 0.5203074274628133,
  "final_train_loss_history": 0.3974055941999318,
  "best_train_loss_history": 0.3974055941999318,
  "train_loss_reduction": 0.12290183326288151,
  "weight_norm": 24.254643076223857,
  "trace_s": 24.25464307622385,
  "top_eigenvalue": 6.802073415730465,
  "min_eigenvalue": 3.8104042973019015e-07,
  "R1": 0.28044417699134677,
  "effective_rank": 7.103659102596172,
  "config_suffix": "cov_toeplitz_bump_mask_random_rho_0p7_lambda_1e-05_beta_1_d_25_T_5_lr_0p001_iter_5000_ntrain_80_seed_42",
  "ridge_lambda": 0.01,
  "ridge_train_loss": 0.09301230992270468,
  "ridge_population_risk": 0.1287068552553089,
  "ridge_generalization_gap": 0.035694545332604216,
  "ridge_excess_population_risk": 0.007265823926806789,
  "pca_n_components": 62,
  "pca_train_loss": 0.034886813650361906,
  "pca_population_risk": 0.778527476192727,
  "pca_generalization_gap": 0.743640662542365,
  "pca_excess_population_risk": 0.6570864448642249
}