{
  "alpha": null,
  "seed": 42,
  "n_train": 1750,
  "n_population": 5000,
  "train_loss": 0.993714931360851,
  "population_risk": 0.9978651122617783,
  "bayes_population_risk": 0.2928968253968254,
  "empirical_bayes_risk": 0.2932965996607717,
  "generalization_gap": 0.004150180900927336,
  "excess_population_risk": 0.7049682868649529,
  "runtime_seconds": 212.64154122024775,
  "runtime_per_step_seconds": 0.04252830824404955,
  "initial_objective": 0.9966619262839699,
  "final_objective": 0.9944871974962419,
  "best_objective": 0.9944871974962419,
  "objective_reduction": 0.002174728787727953,
  "initial_train_loss_history": 0.9961052036798577,
  "final_train_loss_history": 0.993714931360851,
  "best_train_loss_history": 0.993713602886429,
  "train_loss_reduction": 0.002390272319006681,
  "weight_norm": 1.544532265130676,
  "trace_s": 1.5445322651306765,
  "top_eigenvalue": 1.2079331901351682,
  "min_eigenvalue": -1.5184875206308806e-17,
  "R1": 0.7820705448538943,
  "effective_rank": 1.8630931028529063,
  "config_suffix": "cov_tridiagonal_mask_random_rho_0p5_lambda_1e-05_beta_1_d_50_T_10_lr_0p001_iter_5000_ntrain_1750_seed_42"
}