{
  "alpha": null,
  "seed": 42,
  "n_train": 40,
  "n_population": 5000,
  "train_loss": 1.0625100450750868,
  "population_risk": 1.0791863526244305,
  "bayes_population_risk": 1.0,
  "empirical_bayes_risk": 0.9974544498684048,
  "generalization_gap": 0.016676307549343683,
  "excess_population_risk": 0.07918635262443052,
  "runtime_seconds": 34.61366446129978,
  "runtime_per_step_seconds": 0.006922732892259955,
  "initial_objective": 1.0910982404041687,
  "final_objective": 1.0649798771102064,
  "best_objective": 1.0649798771102064,
  "objective_reduction": 0.026118363293962332,
  "initial_train_loss_history": 1.0905015060553132,
  "final_train_loss_history": 1.0625100450750868,
  "best_train_loss_history": 1.0625099955141342,
  "train_loss_reduction": 0.027991460980226313,
  "weight_norm": 4.9396626088423385,
  "trace_s": 4.939662608842339,
  "top_eigenvalue": 3.7256004421776847,
  "min_eigenvalue": 1.9127084421791849e-16,
  "R1": 0.7542216416782397,
  "effective_rank": 1.8043194746560802,
  "config_suffix": "cov_identity_mask_random_rho_NA_lambda_1e-05_beta_1_d_50_T_20_lr_0p001_iter_5000_ntrain_40_seed_42"
}