{
  "alpha": null,
  "seed": 42,
  "n_train": 1000,
  "n_population": 5000,
  "train_loss": 0.5476860266366997,
  "population_risk": 0.5707721261140438,
  "bayes_population_risk": 0.24760975609756097,
  "empirical_bayes_risk": 0.24772413030085036,
  "generalization_gap": 0.02308609947734408,
  "excess_population_risk": 0.32316237001648285,
  "runtime_seconds": 22.80594252422452,
  "runtime_per_step_seconds": 0.02280594252422452,
  "initial_objective": 0.5621657395205919,
  "final_objective": 0.551464545110516,
  "best_objective": 0.551464545110516,
  "objective_reduction": 0.010701194410075887,
  "initial_train_loss_history": 0.5614587927838384,
  "final_train_loss_history": 0.5476860266366997,
  "best_train_loss_history": 0.5476860266366997,
  "train_loss_reduction": 0.013772766147138626,
  "weight_norm": 7.555825363527955,
  "trace_s": 7.555825363527957,
  "top_eigenvalue": 3.0307211005545014,
  "min_eigenvalue": 1.4075992493096682e-11,
  "R1": 0.4011105279356803
}