{
  "alpha": null,
  "seed": 42,
  "n_train": 2000,
  "n_population": 5000,
  "train_loss": 0.7437555235059174,
  "population_risk": 0.7579328536562484,
  "bayes_population_risk": 0.09796305337869733,
  "empirical_bayes_risk": 0.09668292357460669,
  "generalization_gap": 0.014177330150330958,
  "excess_population_risk": 0.659969800277551,
  "runtime_seconds": 65.30514747649431,
  "runtime_per_step_seconds": 0.013061029495298863,
  "initial_objective": 0.7681491998693437,
  "final_objective": 0.7480249963329713,
  "best_objective": 0.7480249963329713,
  "objective_reduction": 0.020124203536372454,
  "initial_train_loss_history": 0.7671443696437633,
  "final_train_loss_history": 0.7437555235059174,
  "best_train_loss_history": 0.7437555234640808,
  "train_loss_reduction": 0.023388846137845865,
  "weight_norm": 8.538943599451457,
  "trace_s": 8.538943599451457,
  "top_eigenvalue": 1.7438879651497248,
  "min_eigenvalue": 3.9120808870075455e-14,
  "R1": 0.20422760085471847,
  "effective_rank": 9.36190150497853,
  "config_suffix": "cov_toeplitz_bump_mask_random_rho_0p5_lambda_1e-05_beta_1_d_50_T_5_lr_0p001_iter_5000_ntrain_2000_seed_42",
  "ridge_lambda": 0.01,
  "ridge_train_loss": 0.09814746299077232,
  "ridge_population_risk": 0.0969099949245094,
  "ridge_generalization_gap": -0.0012374680662629173,
  "ridge_excess_population_risk": -0.0010530584541879329,
  "pca_n_components": 75,
  "pca_train_loss": 0.5684772954578199,
  "pca_population_risk": 0.6547232685985416,
  "pca_generalization_gap": 0.08624597314072169,
  "pca_excess_population_risk": 0.5567602152198442
}