{
  "alpha": null,
  "seed": 42,
  "n_train": 10,
  "n_population": 5000,
  "train_loss": 1.0022692752134437,
  "population_risk": 1.2094037884502284,
  "bayes_population_risk": 0.9378461538461538,
  "empirical_bayes_risk": 0.9406206671963646,
  "generalization_gap": 0.20713451323678478,
  "excess_population_risk": 0.27155763460407467,
  "runtime_seconds": 7.5675081219524145,
  "runtime_per_step_seconds": 0.007567508121952415,
  "initial_objective": 1.1312504809077892,
  "final_objective": 1.0328803924957597,
  "best_objective": 1.0328803924957597,
  "objective_reduction": 0.09837008841202954,
  "initial_train_loss_history": 1.1257415549370298,
  "final_train_loss_history": 1.0022692752134437,
  "best_train_loss_history": 1.0022692752134437,
  "train_loss_reduction": 0.1234722797235861,
  "weight_norm": 6.121541875496972,
  "trace_s": 6.121541875496973,
  "top_eigenvalue": 4.39032306798712,
  "min_eigenvalue": 1.5393043834640838e-11,
  "R1": 0.717192360565318,
  "config_suffix": "cov_toeplitz_mask_random_rho_0p2_lambda_0p0001_beta_1_d_50_T_5_lr_0p001_iter_1000_ntrain_10_seed_42"
}