{
  "alpha": null,
  "seed": 42,
  "n_train": 1000,
  "n_population": 5000,
  "train_loss": 1.077835164575646,
  "population_risk": 1.066494435008797,
  "bayes_population_risk": 0.9675589362829065,
  "empirical_bayes_risk": 0.9669084347372187,
  "generalization_gap": -0.011340729566849062,
  "excess_population_risk": 0.09893549872589058,
  "runtime_seconds": 50.09009258635342,
  "runtime_per_step_seconds": 0.010018018517270685,
  "initial_objective": 1.0793077169983494,
  "final_objective": 1.0780525626971,
  "best_objective": 1.0780525617813526,
  "objective_reduction": 0.0012551543012493394,
  "initial_train_loss_history": 1.0787748780080368,
  "final_train_loss_history": 1.077835164575646,
  "best_train_loss_history": 1.0778351405755375,
  "train_loss_reduction": 0.000939713432390743,
  "weight_norm": 0.43479809009486026,
  "trace_s": 0.4347980900948602,
  "top_eigenvalue": 0.4025155710060422,
  "min_eigenvalue": 2.1635436529864927e-17,
  "R1": 0.9257528498301941,
  "effective_rank": 1.3027660114795385,
  "config_suffix": "cov_exponential_mask_random_rho_NA_lambda_1e-05_beta_1_d_50_T_10_lr_0p001_iter_5000_ntrain_1000_seed_42",
  "ridge_lambda": 0.01,
  "ridge_train_loss": 0.9696954208204166,
  "ridge_population_risk": 0.9749027431419443,
  "ridge_generalization_gap": 0.005207322321527652,
  "ridge_excess_population_risk": 0.007343806859037794,
  "pca_n_components": 75,
  "pca_train_loss": 0.9241106716005757,
  "pca_population_risk": 1.1766587016271841,
  "pca_generalization_gap": 0.2525480300266084,
  "pca_excess_population_risk": 0.20909976534427765
}