{
  "alpha": null,
  "seed": 42,
  "n_train": 10000,
  "n_population": 5000,
  "train_loss": 1.0958037385891886,
  "population_risk": 1.092924061621328,
  "bayes_population_risk": 0.9378461538461538,
  "empirical_bayes_risk": 0.937844113475508,
  "generalization_gap": -0.0028796769678605116,
  "excess_population_risk": 0.15507790777517427,
  "runtime_seconds": 1156.5189306363463,
  "runtime_per_step_seconds": 0.11565189306363463,
  "initial_objective": 1.0980757398639098,
  "final_objective": 1.0964157090761855,
  "best_objective": 1.0964156293604201,
  "objective_reduction": 0.0016600307877243647,
  "initial_train_loss_history": 1.0967122236235185,
  "final_train_loss_history": 1.0958037385891886,
  "best_train_loss_history": 1.0958032733359677,
  "train_loss_reduction": 0.0009084850343299422,
  "weight_norm": 1.2239750455507552,
  "trace_s": 1.223975045550755,
  "top_eigenvalue": 0.3136037883080402,
  "min_eigenvalue": -5.6330526479008616e-18,
  "R1": 0.25621746901459674
}