{
  "alpha": 3.0,
  "seed": 0,
  "n_train": 7500,
  "n_population": 5000,
  "train_loss": 0.828023676383865,
  "population_risk": 0.8283537671128137,
  "bayes_population_risk": 0.675,
  "empirical_bayes_risk": 0.67302363444799,
  "weight_norm": 0.75885630751932,
  "trace_s": 0.7588563075193199,
  "top_eigenvalue": 0.06322096685989112,
  "R1": 0.08331085375907157
}