{
  "alpha": null,
  "seed": 42,
  "n_train": 300,
  "n_population": 5000,
  "train_loss": 0.32084508737611,
  "population_risk": 0.33411325089081206,
  "bayes_population_risk": 0.13898342541436456,
  "empirical_bayes_risk": 0.1901792656559187,
  "generalization_gap": 0.013268163514702058,
  "excess_population_risk": 0.1951298254764475,
  "runtime_seconds": 16.843102203682065,
  "runtime_per_step_seconds": 0.016843102203682066,
  "initial_objective": 0.3683098623438754,
  "final_objective": 0.3271116701207084,
  "best_objective": 0.3271116701207084,
  "objective_reduction": 0.04119819222316701,
  "initial_train_loss_history": 0.36706073030104536,
  "final_train_loss_history": 0.32084508737611,
  "best_train_loss_history": 0.32084508737611,
  "train_loss_reduction": 0.04621564292493535,
  "weight_norm": 12.507612110965898,
  "trace_s": 12.507612110965896,
  "top_eigenvalue": 2.5138959860168546,
  "min_eigenvalue": 1.3644463366264888e-08,
  "R1": 0.2009892826635411
}