{
  "alpha": null,
  "seed": 42,
  "n_train": 1000,
  "n_population": 5000,
  "train_loss": 1.0621098708952599,
  "population_risk": 1.073357600941566,
  "bayes_population_risk": 0.8444937602472408,
  "empirical_bayes_risk": 0.8482408077340883,
  "generalization_gap": 0.011247730046306081,
  "excess_population_risk": 0.2288638406943252,
  "runtime_seconds": 15.528128515928984,
  "runtime_per_step_seconds": 0.015528128515928984,
  "initial_objective": 1.069400069594916,
  "final_objective": 1.0638140272976855,
  "best_objective": 1.0638140272976855,
  "objective_reduction": 0.005586042297230476,
  "initial_train_loss_history": 1.0678013548967216,
  "final_train_loss_history": 1.0621098708952599,
  "best_train_loss_history": 1.062108207586369,
  "train_loss_reduction": 0.0056914840014616885,
  "weight_norm": 3.4083126032876714,
  "trace_s": 3.408312603287672,
  "top_eigenvalue": 1.0797337543585237,
  "min_eigenvalue": 8.730632667695764e-18,
  "R1": 0.3167942263620445
}