{
  "alpha": null,
  "seed": 42,
  "n_train": 500,
  "n_population": 5000,
  "train_loss": 0.9807202684714468,
  "population_risk": 1.0078424767995577,
  "bayes_population_risk": 0.66,
  "empirical_bayes_risk": 0.7499500525541332,
  "generalization_gap": 0.027122208328110964,
  "excess_population_risk": 0.3478424767995577,
  "runtime_seconds": 9.360839517787099,
  "runtime_per_step_seconds": 0.009360839517787099,
  "initial_objective": 0.9971112145593963,
  "final_objective": 0.98351848162704,
  "best_objective": 0.98351848162704,
  "objective_reduction": 0.0135927329323563,
  "initial_train_loss_history": 0.9964953172422671,
  "final_train_loss_history": 0.9807202684714468,
  "best_train_loss_history": 0.9807202684714468,
  "train_loss_reduction": 0.015775048770820366,
  "weight_norm": 5.595209607823702,
  "trace_s": 5.595209607823703,
  "top_eigenvalue": 1.740387169013506,
  "min_eigenvalue": 3.912930791599944e-11,
  "R1": 0.31104950323575853
}