{
  "alpha": 5.0,
  "seed": 0,
  "n_train": 12500,
  "n_population": 5000,
  "train_loss": 0.4839063490699832,
  "population_risk": 0.481398480035185,
  "bayes_population_risk": 0.2663414634146341,
  "empirical_bayes_risk": 0.26657789912129065,
  "weight_norm": 0.00441955806277906,
  "trace_s": 0.004419558062779059,
  "top_eigenvalue": 0.00043103127116372387,
  "R1": 0.09752813856973909
}