{
  "alpha": null,
  "seed": 42,
  "n_train": 200,
  "n_population": 5000,
  "train_loss": 0.971033265043237,
  "population_risk": 1.0307026318848636,
  "bayes_population_risk": 0.75,
  "empirical_bayes_risk": 0.7492622809143443,
  "generalization_gap": 0.0596693668416266,
  "excess_population_risk": 0.28070263188486355,
  "runtime_seconds": 42.64430567994714,
  "runtime_per_step_seconds": 0.004264430567994713,
  "initial_objective": 1.0073683941978937,
  "final_objective": 0.9763344627236814,
  "best_objective": 0.9763344627236803,
  "objective_reduction": 0.031033931474212295,
  "initial_train_loss_history": 1.0067107950634955,
  "final_train_loss_history": 0.971033265043237,
  "best_train_loss_history": 0.9710332121546764,
  "train_loss_reduction": 0.03567753002025853,
  "weight_norm": 10.602395360889139,
  "trace_s": 10.602395360889139,
  "top_eigenvalue": 3.1072681955960233,
  "min_eigenvalue": -7.385837032837721e-16,
  "R1": 0.29307228129393603,
  "config_suffix": "cov_toeplitz_mask_last_rho_0p5_lambda_1e-05_beta_1_d_50_T_5_lr_0p001_iter_10000_ntrain_200_seed_42"
}