{
  "alpha": null,
  "seed": 42,
  "n_train": 2000,
  "n_population": 5000,
  "train_loss": 0.9644045813088664,
  "population_risk": 0.977147527949922,
  "bayes_population_risk": 0.8028223802788139,
  "empirical_bayes_risk": 0.8057768482765457,
  "generalization_gap": 0.012742946641055575,
  "excess_population_risk": 0.17432514767110807,
  "runtime_seconds": 44.56235831044614,
  "runtime_per_step_seconds": 0.008912471662089229,
  "initial_objective": 0.9732607609710769,
  "final_objective": 0.966485042259499,
  "best_objective": 0.966485042259499,
  "objective_reduction": 0.006775718711577894,
  "initial_train_loss_history": 0.9724652461897724,
  "final_train_loss_history": 0.9644045813088664,
  "best_train_loss_history": 0.9644042909375813,
  "train_loss_reduction": 0.008060664880905954,
  "weight_norm": 4.160921669010133,
  "trace_s": 4.160921669010133,
  "top_eigenvalue": 0.9040716583864314,
  "min_eigenvalue": 1.005520705649727e-15,
  "R1": 0.21727677911358192,
  "effective_rank": 6.8411493504270195,
  "config_suffix": "cov_exponential_mask_random_rho_NA_lambda_1e-05_beta_1_d_50_T_5_lr_0p001_iter_5000_ntrain_2000_seed_42",
  "ridge_lambda": 0.01,
  "ridge_train_loss": 0.7969904048130798,
  "ridge_population_risk": 0.807416135705813,
  "ridge_generalization_gap": 0.010425730892733243,
  "ridge_excess_population_risk": 0.004593755426999135,
  "pca_n_components": 75,
  "pca_train_loss": 0.950485614624927,
  "pca_population_risk": 1.1059360124872946,
  "pca_generalization_gap": 0.15545039786236758,
  "pca_excess_population_risk": 0.30311363220848064
}