{
  "alpha": null,
  "seed": 42,
  "n_train": 60,
  "n_population": 5000,
  "train_loss": 0.8760645549154924,
  "population_risk": 1.1192084372099604,
  "bayes_population_risk": 0.7822082681172894,
  "empirical_bayes_risk": 0.7832672868832559,
  "generalization_gap": 0.24314388229446804,
  "excess_population_risk": 0.33700016909267105,
  "runtime_seconds": 49.24489713832736,
  "runtime_per_step_seconds": 0.009848979427665472,
  "initial_objective": 0.960620185850361,
  "final_objective": 0.8890826558983036,
  "best_objective": 0.8890826558983036,
  "objective_reduction": 0.07153752995205742,
  "initial_train_loss_history": 0.9594488205267396,
  "final_train_loss_history": 0.8760645549154924,
  "best_train_loss_history": 0.8760645549154924,
  "train_loss_reduction": 0.08338426561124723,
  "weight_norm": 13.018095720204933,
  "trace_s": 13.018095720204933,
  "top_eigenvalue": 9.727896110501625,
  "min_eigenvalue": 8.73803570690378e-15,
  "R1": 0.7472595316228392,
  "effective_rank": 2.2816406276866767,
  "config_suffix": "cov_exponential_mask_random_rho_NA_lambda_1e-05_beta_1_d_100_T_10_lr_0p001_iter_5000_ntrain_60_seed_42"
}