{
  "alpha": null,
  "seed": 42,
  "n_train": 100,
  "n_population": 5000,
  "train_loss": 1.0261811152879856,
  "population_risk": 1.0472448623596553,
  "bayes_population_risk": 0.8649174311926606,
  "empirical_bayes_risk": 0.8690179153144456,
  "generalization_gap": 0.021063747071669692,
  "excess_population_risk": 0.18232743116699468,
  "runtime_seconds": 31.641904570162296,
  "runtime_per_step_seconds": 0.0031641904570162294,
  "initial_objective": 1.0633904741674012,
  "final_objective": 1.0429783895738804,
  "best_objective": 1.042977419748974,
  "objective_reduction": 0.02041208459352073,
  "initial_train_loss_history": 1.0561730607091748,
  "final_train_loss_history": 1.0261811152879856,
  "best_train_loss_history": 1.0261711865723626,
  "train_loss_reduction": 0.029991945421189214,
  "weight_norm": 3.3593622427020553,
  "trace_s": 3.359362242702055,
  "top_eigenvalue": 1.9462253791009188,
  "min_eigenvalue": -4.148773408082832e-17,
  "R1": 0.5793437082675252
}