{
  "alpha": null,
  "seed": 42,
  "n_train": 1750,
  "n_population": 5000,
  "train_loss": 0.5468408382538205,
  "population_risk": 0.5466249728261784,
  "bayes_population_risk": 0.1214410313285021,
  "empirical_bayes_risk": 0.12017409585715699,
  "generalization_gap": -0.00021586542764207017,
  "excess_population_risk": 0.4251839414976763,
  "runtime_seconds": 66.43592869862914,
  "runtime_per_step_seconds": 0.013287185739725827,
  "initial_objective": 0.5806383277217518,
  "final_objective": 0.5490505687408865,
  "best_objective": 0.5490505687408865,
  "objective_reduction": 0.0315877589808653,
  "initial_train_loss_history": 0.5798571139751992,
  "final_train_loss_history": 0.5468408382538205,
  "best_train_loss_history": 0.5468408382538205,
  "train_loss_reduction": 0.033016275721378774,
  "weight_norm": 8.838889007530767,
  "trace_s": 8.838889007530765,
  "top_eigenvalue": 2.043443015070494,
  "min_eigenvalue": 7.823393932183339e-10,
  "R1": 0.23118776730078558,
  "effective_rank": 8.261992598525557,
  "config_suffix": "cov_toeplitz_bump_mask_random_rho_0p7_lambda_1e-05_beta_1_d_25_T_5_lr_0p001_iter_5000_ntrain_1750_seed_42"
}