{
  "alpha": null,
  "seed": 42,
  "n_train": 1250,
  "n_population": 5000,
  "train_loss": 0.9951985475588393,
  "population_risk": 0.9935485671031627,
  "bayes_population_risk": 0.7166519216006867,
  "empirical_bayes_risk": 0.716441762477729,
  "generalization_gap": -0.0016499804556765474,
  "excess_population_risk": 0.27689664550247606,
  "runtime_seconds": 46.34055567532778,
  "runtime_per_step_seconds": 0.009268111135065555,
  "initial_objective": 0.998334689478691,
  "final_objective": 0.9960911224905411,
  "best_objective": 0.9960911224905411,
  "objective_reduction": 0.00224356698814987,
  "initial_train_loss_history": 0.997755098253371,
  "final_train_loss_history": 0.9951985475588393,
  "best_train_loss_history": 0.9951985374021937,
  "train_loss_reduction": 0.002556550694531756,
  "weight_norm": 1.7851498571169193,
  "trace_s": 1.785149857116919,
  "top_eigenvalue": 0.8755403583380548,
  "min_eigenvalue": -2.897384127830985e-17,
  "R1": 0.4904576245223939,
  "effective_rank": 2.798819163468693,
  "config_suffix": "cov_matern_mask_random_rho_NA_lambda_1e-05_beta_1_d_50_T_10_lr_0p001_iter_5000_ntrain_1250_seed_42",
  "ridge_lambda": 0.01,
  "ridge_train_loss": 0.715135020061096,
  "ridge_population_risk": 0.7219540485816378,
  "ridge_generalization_gap": 0.006819028520541837,
  "ridge_excess_population_risk": 0.005302126980951116,
  "pca_n_components": 75,
  "pca_train_loss": 0.8450222998255836,
  "pca_population_risk": 1.0439712483830874,
  "pca_generalization_gap": 0.19894894855750378,
  "pca_excess_population_risk": 0.3273193267824007
}