{
  "alpha": null,
  "seed": 42,
  "n_train": 300,
  "n_population": 5000,
  "train_loss": 1.1663789664568123,
  "population_risk": 1.1768636515520594,
  "bayes_population_risk": 0.9582577132486388,
  "empirical_bayes_risk": 0.9564888574750454,
  "generalization_gap": 0.010484685095247137,
  "excess_population_risk": 0.21860593830342057,
  "runtime_seconds": 57.95269954204559,
  "runtime_per_step_seconds": 0.00579526995420456,
  "initial_objective": 1.177627377314412,
  "final_objective": 1.1685620503834788,
  "best_objective": 1.1685620503834788,
  "objective_reduction": 0.009065326930933093,
  "initial_train_loss_history": 1.1770540186612206,
  "final_train_loss_history": 1.1663789664568123,
  "best_train_loss_history": 1.166374449281367,
  "train_loss_reduction": 0.010675052204408342,
  "weight_norm": 4.366167852998609,
  "trace_s": 4.36616785299861,
  "top_eigenvalue": 1.5488799309636951,
  "min_eigenvalue": -1.9037958205269094e-16,
  "R1": 0.3547458510785266,
  "config_suffix": "cov_tridiagonal_mask_last_rho_0p2_lambda_1e-05_beta_1_d_50_T_5_lr_0p001_iter_10000_ntrain_300_seed_42"
}