{
  "alpha": null,
  "seed": 42,
  "n_train": 250,
  "n_population": 5000,
  "train_loss": 1.0328734423420647,
  "population_risk": 1.053173681104467,
  "bayes_population_risk": 1.0,
  "empirical_bayes_risk": 0.9998929695593298,
  "generalization_gap": 0.02030023876240228,
  "excess_population_risk": 0.05317368110446696,
  "runtime_seconds": 37.257774936035275,
  "runtime_per_step_seconds": 0.007451554987207055,
  "initial_objective": 1.037703733846455,
  "final_objective": 1.0335256352585118,
  "best_objective": 1.0335256352585118,
  "objective_reduction": 0.004178098587943158,
  "initial_train_loss_history": 1.0371737175529911,
  "final_train_loss_history": 1.0328734423420647,
  "best_train_loss_history": 1.03287095482248,
  "train_loss_reduction": 0.004300275210926463,
  "weight_norm": 1.3043858328941973,
  "trace_s": 1.3043858328941977,
  "top_eigenvalue": 1.304385832867139,
  "min_eigenvalue": -2.31287023534924e-16,
  "R1": 0.9999999999792557,
  "effective_rank": 1.0000000005301066,
  "config_suffix": "cov_identity_mask_random_rho_NA_lambda_1e-05_beta_1_d_50_T_20_lr_0p001_iter_5000_ntrain_250_seed_42"
}