{
  "alpha": null,
  "seed": 42,
  "n_train": 1250,
  "n_population": 5000,
  "train_loss": 0.5727583738473321,
  "population_risk": 0.5809373352626354,
  "bayes_population_risk": 0.27570731707317064,
  "empirical_bayes_risk": 0.3605290002655777,
  "generalization_gap": 0.008178961415303276,
  "excess_population_risk": 0.3052300181894647,
  "runtime_seconds": 695.4393823090941,
  "runtime_per_step_seconds": 0.0695439382309094,
  "initial_objective": 0.5917769759759383,
  "final_objective": 0.5833238871908647,
  "best_objective": 0.5833238728444905,
  "objective_reduction": 0.00845308878507356,
  "initial_train_loss_history": 0.5888497294370442,
  "final_train_loss_history": 0.5727583738473321,
  "best_train_loss_history": 0.5727546960767237,
  "train_loss_reduction": 0.016091355589712086,
  "weight_norm": 5.282755140115211,
  "trace_s": 5.282755140115212,
  "top_eigenvalue": 1.7645344802133875,
  "min_eigenvalue": -9.79487041576744e-17,
  "R1": 0.3340178436085729
}