{
  "alpha": null,
  "seed": 42,
  "n_train": 5000,
  "n_population": 5000,
  "train_loss": 1.0259788127304605,
  "population_risk": 1.0221338940582483,
  "bayes_population_risk": 0.9267692307692309,
  "empirical_bayes_risk": 0.92548986421586,
  "generalization_gap": -0.003844918672212261,
  "excess_population_risk": 0.09536466328901738,
  "runtime_seconds": 2083.4602361600846,
  "runtime_per_step_seconds": 0.4166920472320169,
  "initial_objective": 1.0279879891890376,
  "final_objective": 1.0259788127304605,
  "best_objective": 1.0259788127304603,
  "objective_reduction": 0.002009176458577011,
  "initial_train_loss_history": 1.0260078216597714,
  "final_train_loss_history": 1.0259788127304605,
  "best_train_loss_history": 1.0259674554008522,
  "train_loss_reduction": 2.9008929310903042e-05,
  "weight_norm": 2.787316104422901e-150,
  "trace_s": 2.7873161044229014e-150,
  "top_eigenvalue": 2.787125231231148e-150,
  "min_eigenvalue": -7.685768010511374e-166,
  "R1": NaN,
  "effective_rank": 0.0,
  "config_suffix": "cov_toeplitz_mask_random_rho_0p2_lambda_1e-05_beta_1_d_200_T_20_lr_0p001_iter_5000_ntrain_5000_seed_42",
  "ridge_lambda": 0.01,
  "ridge_train_loss": 0.9250194201756814,
  "ridge_population_risk": 0.9290009922161766,
  "ridge_generalization_gap": 0.003981572040495207,
  "ridge_excess_population_risk": 0.0022317614469457014,
  "pca_n_components": 75,
  "pca_train_loss": 0.9707397166194641,
  "pca_population_risk": 1.0137761476054337,
  "pca_generalization_gap": 0.04303643098596954,
  "pca_excess_population_risk": 0.08700691683620276
}