{
  "alpha": null,
  "seed": 42,
  "n_train": 150,
  "n_population": 5000,
  "train_loss": 1.0513071015272246,
  "population_risk": 1.0269591553453248,
  "bayes_population_risk": 1.0,
  "empirical_bayes_risk": 1.0018832290555506,
  "generalization_gap": -0.024347946181899838,
  "excess_population_risk": 0.02695915534532478,
  "runtime_seconds": 144.34662140347064,
  "runtime_per_step_seconds": 0.028869324280694126,
  "initial_objective": 1.059923603832321,
  "final_objective": 1.0538504804665363,
  "best_objective": 1.0538504804385247,
  "objective_reduction": 0.006073123365784694,
  "initial_train_loss_history": 1.0588773669207547,
  "final_train_loss_history": 1.0513071015272246,
  "best_train_loss_history": 1.0513070507615851,
  "train_loss_reduction": 0.007570265393530118,
  "weight_norm": 2.543378927895459,
  "trace_s": 2.543378927895459,
  "top_eigenvalue": 2.5433789278771046,
  "min_eigenvalue": -5.327187195671496e-17,
  "R1": 0.9999999999927833,
  "effective_rank": 1.0000000000777185,
  "config_suffix": "cov_identity_mask_random_rho_NA_lambda_1e-05_beta_1_d_100_T_50_lr_0p001_iter_5000_ntrain_150_seed_42",
  "ridge_lambda": 0.01,
  "ridge_train_loss": 0.7015778873373066,
  "ridge_population_risk": 1.4914710924075743,
  "ridge_generalization_gap": 0.7898932050702676,
  "ridge_excess_population_risk": 0.49147109240757425,
  "pca_n_components": 75,
  "pca_train_loss": 0.4460628305118332,
  "pca_population_risk": 1.0245597696780797,
  "pca_generalization_gap": 0.5784969391662464,
  "pca_excess_population_risk": 0.024559769678079713
}