{
  "alpha": null,
  "seed": 42,
  "n_train": 150,
  "n_population": 5000,
  "train_loss": 0.4470291441653014,
  "population_risk": 0.8352894834917128,
  "bayes_population_risk": 0.05101341981519296,
  "empirical_bayes_risk": 0.05059546694733142,
  "generalization_gap": 0.38826033932641146,
  "excess_population_risk": 0.7842760636765199,
  "runtime_seconds": 27.420212894678116,
  "runtime_per_step_seconds": 0.005484042578935623,
  "initial_objective": 0.5802606920846464,
  "final_objective": 0.46974129146057153,
  "best_objective": 0.46974129146057153,
  "objective_reduction": 0.11051940062407484,
  "initial_train_loss_history": 0.5795536442394913,
  "final_train_loss_history": 0.4470291441653014,
  "best_train_loss_history": 0.4470291441653014,
  "train_loss_reduction": 0.13252450007418992,
  "weight_norm": 45.424058397036205,
  "trace_s": 45.424058397036205,
  "top_eigenvalue": 19.51184553052466,
  "min_eigenvalue": 9.244222934625798e-10,
  "R1": 0.4295487065461714,
  "effective_rank": 5.724013115600906,
  "config_suffix": "cov_matern_mask_random_rho_NA_lambda_1e-05_beta_1_d_50_T_10_lr_0p001_iter_5000_ntrain_150_seed_42",
  "ridge_lambda": 0.01,
  "ridge_train_loss": 0.057327684239895406,
  "ridge_population_risk": 0.0539060869321768,
  "ridge_generalization_gap": -0.003421597307718606,
  "ridge_excess_population_risk": 0.002892667116983841,
  "pca_n_components": 75,
  "pca_train_loss": 0.1447524252807854,
  "pca_population_risk": 0.5493975299534852,
  "pca_generalization_gap": 0.4046451046726998,
  "pca_excess_population_risk": 0.49838411013829226
}