{
  "alpha": null,
  "seed": 42,
  "n_train": 1000,
  "n_population": 5000,
  "train_loss": 0.07710536703813314,
  "population_risk": 0.07525073375251527,
  "bayes_population_risk": 0.011034997727387535,
  "empirical_bayes_risk": 0.01098862277832267,
  "generalization_gap": -0.001854633285617871,
  "excess_population_risk": 0.06421573602512774,
  "runtime_seconds": 313.3622098714113,
  "runtime_per_step_seconds": 0.06267244197428226,
  "initial_objective": 0.07908306618705462,
  "final_objective": 0.07710536764040857,
  "best_objective": 0.07710536683988217,
  "objective_reduction": 0.001977698546646048,
  "initial_train_loss_history": 0.0769319470438706,
  "final_train_loss_history": 0.07710536703813314,
  "best_train_loss_history": 0.07660905043338886,
  "train_loss_reduction": -0.0001734199942625414,
  "weight_norm": 1.7044590426945183e-09,
  "trace_s": 1.704459042694518e-09,
  "top_eigenvalue": 1.6874223000807505e-09,
  "min_eigenvalue": -4.0208031316039693e-25,
  "R1": NaN,
  "effective_rank": 1.065707852016809,
  "config_suffix": "cov_toeplitz_mask_random_rho_0p99_lambda_1e-05_beta_1_d_200_T_20_lr_0p001_iter_5000_ntrain_1000_seed_42",
  "ridge_lambda": 0.01,
  "ridge_train_loss": 0.010943566424106916,
  "ridge_population_risk": 0.011198707740682337,
  "ridge_generalization_gap": 0.0002551413165754208,
  "ridge_excess_population_risk": 0.00016371001329480196,
  "pca_n_components": 75,
  "pca_train_loss": 0.4761915874074009,
  "pca_population_risk": 0.6559035195908925,
  "pca_generalization_gap": 0.17971193218349163,
  "pca_excess_population_risk": 0.644868521863505
}