{
  "alpha": null,
  "seed": 42,
  "n_train": 1000,
  "n_population": 5000,
  "train_loss": 0.30517752159422584,
  "population_risk": 0.35089864687683553,
  "bayes_population_risk": 0.07006953088198194,
  "empirical_bayes_risk": 0.07151684103016123,
  "generalization_gap": 0.04572112528260969,
  "excess_population_risk": 0.2808291159948536,
  "runtime_seconds": 188.91536293923855,
  "runtime_per_step_seconds": 0.03778307258784771,
  "initial_objective": 0.37127860528392337,
  "final_objective": 0.3244575311103436,
  "best_objective": 0.3244575311103436,
  "objective_reduction": 0.04682107417357978,
  "initial_train_loss_history": 0.36918172639985436,
  "final_train_loss_history": 0.30517752159422584,
  "best_train_loss_history": 0.30517752159422584,
  "train_loss_reduction": 0.06400420480562852,
  "weight_norm": 19.28000351315659,
  "trace_s": 19.280003513156593,
  "top_eigenvalue": 6.304589865593114,
  "min_eigenvalue": 3.121295508392097e-13,
  "R1": 0.32700148945983804,
  "effective_rank": 10.376142084746311,
  "config_suffix": "cov_matern_mask_random_rho_NA_lambda_1e-05_beta_1_d_100_T_5_lr_0p001_iter_5000_ntrain_1000_seed_42"
}