{
  "alpha": null,
  "seed": 42,
  "n_train": 1250,
  "n_population": 5000,
  "train_loss": 0.33228806093584495,
  "population_risk": 0.34042956730591134,
  "bayes_population_risk": 0.12197790055248611,
  "empirical_bayes_risk": 0.12169293828753598,
  "generalization_gap": 0.008141506370066387,
  "excess_population_risk": 0.21845166675342523,
  "runtime_seconds": 167.939979407005,
  "runtime_per_step_seconds": 0.033587995881401,
  "initial_objective": 0.34870930363968744,
  "final_objective": 0.3370588349635183,
  "best_objective": 0.3370588349635183,
  "objective_reduction": 0.011650468676169146,
  "initial_train_loss_history": 0.34792803316704923,
  "final_train_loss_history": 0.33228806093584495,
  "best_train_loss_history": 0.33228806093584495,
  "train_loss_reduction": 0.01563997223120428,
  "weight_norm": 9.541546811163668,
  "trace_s": 9.541546811163666,
  "top_eigenvalue": 2.493195027250861,
  "min_eigenvalue": 3.1670644379642686e-13,
  "R1": 0.26129883095409734,
  "effective_rank": 9.306852029235857,
  "config_suffix": "cov_toeplitz_mask_random_rho_0p9_lambda_1e-05_beta_1_d_50_T_10_lr_0p001_iter_5000_ntrain_1250_seed_42"
}