{
  "alpha": null,
  "seed": 42,
  "n_train": 500,
  "n_population": 5000,
  "train_loss": 0.9715031481641517,
  "population_risk": 0.9890984249533336,
  "bayes_population_risk": 0.7459898192227884,
  "empirical_bayes_risk": 0.7453057673453425,
  "generalization_gap": 0.017595276789181824,
  "excess_population_risk": 0.24310860573054516,
  "runtime_seconds": 110.00037061609328,
  "runtime_per_step_seconds": 0.022000074123218655,
  "initial_objective": 0.9946163797101324,
  "final_objective": 0.9793576131140552,
  "best_objective": 0.9793576131140552,
  "objective_reduction": 0.015258766596077167,
  "initial_train_loss_history": 0.9932939587973162,
  "final_train_loss_history": 0.9715031481641517,
  "best_train_loss_history": 0.9715027968554232,
  "train_loss_reduction": 0.02179081063316446,
  "weight_norm": 7.8544647805137275,
  "trace_s": 7.854464780513733,
  "top_eigenvalue": 2.090806105945462,
  "min_eigenvalue": 3.7270826737259533e-16,
  "R1": 0.2661933262636273,
  "effective_rank": 7.000420191750453,
  "config_suffix": "cov_matern_mask_random_rho_NA_lambda_1e-05_beta_1_d_100_T_5_lr_0p001_iter_5000_ntrain_500_seed_42"
}