{
  "alpha": 2.0,
  "seed": 0,
  "n_train": 5000,
  "n_population": 5000,
  "train_loss": 1.139712786956949,
  "population_risk": 1.136000116857386,
  "bayes_population_risk": 0.9382971014492754,
  "empirical_bayes_risk": 0.9364845394341778,
  "weight_norm": 0.004416283074140518,
  "trace_s": 0.004416283074140518,
  "top_eigenvalue": 0.0004287666379191386,
  "R1": 0.09708767094885185
}