{
  "alpha": null,
  "seed": 42,
  "n_train": 2000,
  "n_population": 5000,
  "train_loss": 0.5479985321057358,
  "population_risk": 0.546430384530634,
  "bayes_population_risk": 0.1214410313285021,
  "empirical_bayes_risk": 0.12024248964710522,
  "generalization_gap": -0.0015681475751018192,
  "excess_population_risk": 0.4249893532021319,
  "runtime_seconds": 49.582913314923644,
  "runtime_per_step_seconds": 0.009916582662984728,
  "initial_objective": 0.5806309019803823,
  "final_objective": 0.5502160150928563,
  "best_objective": 0.5502160150928563,
  "objective_reduction": 0.030414886887525916,
  "initial_train_loss_history": 0.579910492160868,
  "final_train_loss_history": 0.5479985321057358,
  "best_train_loss_history": 0.5479985321057358,
  "train_loss_reduction": 0.031911960055132194,
  "weight_norm": 8.869895956058347,
  "trace_s": 8.869895956058347,
  "top_eigenvalue": 2.2412651100947825,
  "min_eigenvalue": 7.978310456732879e-10,
  "R1": 0.25268223226045244,
  "effective_rank": 7.6825696625853706,
  "config_suffix": "cov_toeplitz_bump_mask_random_rho_0p7_lambda_1e-05_beta_1_d_25_T_5_lr_0p001_iter_5000_ntrain_2000_seed_42",
  "ridge_lambda": 0.01,
  "ridge_train_loss": 0.12230038270759377,
  "ridge_population_risk": 0.12040748013734172,
  "ridge_generalization_gap": -0.0018929025702520558,
  "ridge_excess_population_risk": -0.0010335511911603867,
  "pca_n_components": 62,
  "pca_train_loss": 0.3074037576547505,
  "pca_population_risk": 0.3386645253110587,
  "pca_generalization_gap": 0.0312607676563082,
  "pca_excess_population_risk": 0.21722349398255658
}