{
  "alpha": null,
  "seed": 42,
  "n_train": 10,
  "n_population": 5000,
  "train_loss": 0.7582629002497518,
  "population_risk": 1.3936760331763856,
  "bayes_population_risk": 0.75,
  "empirical_bayes_risk": 0.749435007433993,
  "generalization_gap": 0.6354131329266337,
  "excess_population_risk": 0.6436760331763856,
  "runtime_seconds": 26.925452675670385,
  "runtime_per_step_seconds": 0.0026925452675670386,
  "initial_objective": 0.982567377808164,
  "final_objective": 0.7653354582970945,
  "best_objective": 0.7653354582970945,
  "objective_reduction": 0.21723191951106957,
  "initial_train_loss_history": 0.981511728645952,
  "final_train_loss_history": 0.7582629002497518,
  "best_train_loss_history": 0.7582629002497518,
  "train_loss_reduction": 0.2232488283962002,
  "weight_norm": 14.1451159419588,
  "trace_s": 14.145115941958798,
  "top_eigenvalue": 10.677078046788898,
  "min_eigenvalue": -8.02907904417451e-17,
  "R1": 0.7548243570854996,
  "config_suffix": "cov_toeplitz_mask_last_rho_0p5_lambda_1e-05_beta_1_d_50_T_5_lr_0p001_iter_10000_ntrain_10_seed_42"
}