{
  "alpha": null,
  "seed": 42,
  "n_train": 80,
  "n_population": 5000,
  "train_loss": 1.045910326978262,
  "population_risk": 1.0661726272360605,
  "bayes_population_risk": 1.0,
  "empirical_bayes_risk": 1.001694575881886,
  "generalization_gap": 0.020262300257798627,
  "excess_population_risk": 0.06617262723606054,
  "runtime_seconds": 36.81937695480883,
  "runtime_per_step_seconds": 0.007363875390961766,
  "initial_objective": 1.0605013631307947,
  "final_objective": 1.0483919462157412,
  "best_objective": 1.0483919462157412,
  "objective_reduction": 0.012109416915053517,
  "initial_train_loss_history": 1.0599805266073823,
  "final_train_loss_history": 1.045910326978262,
  "best_train_loss_history": 1.045910326978262,
  "train_loss_reduction": 0.014070199629120372,
  "weight_norm": 4.963238375535461,
  "trace_s": 4.963238375535462,
  "top_eigenvalue": 2.7256102932058495,
  "min_eigenvalue": 4.537739133149502e-16,
  "R1": 0.5491596588712699,
  "effective_rank": 2.640948090481117,
  "config_suffix": "cov_identity_mask_random_rho_NA_lambda_1e-05_beta_1_d_50_T_20_lr_0p001_iter_5000_ntrain_80_seed_42"
}