{
  "alpha": null,
  "seed": 42,
  "n_train": 200,
  "n_population": 5000,
  "train_loss": 0.532996065402127,
  "population_risk": 0.6277182936674088,
  "bayes_population_risk": 0.3599999999999999,
  "empirical_bayes_risk": 0.3600413061829147,
  "generalization_gap": 0.09472222826528187,
  "excess_population_risk": 0.26771829366740896,
  "runtime_seconds": 55.3285796046257,
  "runtime_per_step_seconds": 0.00553285796046257,
  "initial_objective": 0.5974154037290317,
  "final_objective": 0.5438973343229295,
  "best_objective": 0.5438973342883989,
  "objective_reduction": 0.05351806940610215,
  "initial_train_loss_history": 0.5964040115321114,
  "final_train_loss_history": 0.532996065402127,
  "best_train_loss_history": 0.5329960604085041,
  "train_loss_reduction": 0.06340794612998446,
  "weight_norm": 21.80253822423645,
  "trace_s": 21.802538224236454,
  "top_eigenvalue": 9.412934118818255,
  "min_eigenvalue": 3.467272814070678e-17,
  "R1": 0.43173570077058804,
  "config_suffix": "cov_toeplitz_mask_last_rho_0p8_lambda_1e-05_beta_1_d_50_T_5_lr_0p001_iter_10000_ntrain_200_seed_42"
}