{
  "alpha": null,
  "seed": 42,
  "n_train": 1500,
  "n_population": 5000,
  "train_loss": 1.0477585914234047,
  "population_risk": 1.0540999190773568,
  "bayes_population_risk": 1.0,
  "empirical_bayes_risk": 1.0030256958807016,
  "generalization_gap": 0.006341327653952122,
  "excess_population_risk": 0.054099919077356784,
  "runtime_seconds": 176.732948359102,
  "runtime_per_step_seconds": 0.0353465896718204,
  "initial_objective": 1.048930555401765,
  "final_objective": 1.047888606065723,
  "best_objective": 1.0478886060657229,
  "objective_reduction": 0.0010419493360418475,
  "initial_train_loss_history": 1.0483884439353326,
  "final_train_loss_history": 1.0477585914234047,
  "best_train_loss_history": 1.0477585908503728,
  "train_loss_reduction": 0.0006298525119279308,
  "weight_norm": 0.26002928463666386,
  "trace_s": 0.2600292846366638,
  "top_eigenvalue": 0.26002928463666386,
  "min_eigenvalue": -5.817244111365113e-17,
  "R1": 1.0000000000000002,
  "effective_rank": 1.0,
  "config_suffix": "cov_identity_mask_random_rho_NA_lambda_1e-05_beta_1_d_50_T_20_lr_0p001_iter_5000_ntrain_1500_seed_42"
}