{
  "alpha": null,
  "seed": 42,
  "n_train": 2500,
  "n_population": 5000,
  "train_loss": 0.5760339160498332,
  "population_risk": 0.5807558474751284,
  "bayes_population_risk": 0.27570731707317064,
  "empirical_bayes_risk": 0.36029828504071937,
  "generalization_gap": 0.0047219314252952005,
  "excess_population_risk": 0.3050485304019578,
  "runtime_seconds": 902.2052779458463,
  "runtime_per_step_seconds": 0.09022052779458463,
  "initial_objective": 0.5909727008181372,
  "final_objective": 0.5841785995527977,
  "best_objective": 0.5841785981783315,
  "objective_reduction": 0.006794101265339525,
  "initial_train_loss_history": 0.5880391618349579,
  "final_train_loss_history": 0.5760339160498332,
  "best_train_loss_history": 0.576030510107016,
  "train_loss_reduction": 0.01200524578512463,
  "weight_norm": 4.072341740957678,
  "trace_s": 4.072341740957677,
  "top_eigenvalue": 0.6695508116139024,
  "min_eigenvalue": -1.0068815092179906e-16,
  "R1": 0.1644142005273964
}