{
  "alpha": null,
  "seed": 42,
  "n_train": 100,
  "n_population": 5000,
  "train_loss": 0.26217899545988155,
  "population_risk": 0.40921165865340925,
  "bayes_population_risk": 0.12197790055248611,
  "empirical_bayes_risk": 0.12306260458951092,
  "generalization_gap": 0.1470326631935277,
  "excess_population_risk": 0.2872337581009231,
  "runtime_seconds": 45.42648760601878,
  "runtime_per_step_seconds": 0.009085297521203756,
  "initial_objective": 0.334845419545342,
  "final_objective": 0.27458520545923226,
  "best_objective": 0.27458520545923226,
  "objective_reduction": 0.060260214086109765,
  "initial_train_loss_history": 0.33406315143373716,
  "final_train_loss_history": 0.26217899545988155,
  "best_train_loss_history": 0.26217899545988155,
  "train_loss_reduction": 0.07188415597385561,
  "weight_norm": 24.81238193324218,
  "trace_s": 24.812381933242172,
  "top_eigenvalue": 16.11887698737523,
  "min_eigenvalue": 1.1768748888675088e-11,
  "R1": 0.649630375299846,
  "effective_rank": 3.4282965047085914,
  "config_suffix": "cov_toeplitz_mask_random_rho_0p9_lambda_1e-05_beta_1_d_50_T_10_lr_0p001_iter_5000_ntrain_100_seed_42"
}