{
  "alpha": null,
  "seed": 42,
  "n_train": 750,
  "n_population": 5000,
  "train_loss": 0.9880446781850585,
  "population_risk": 0.9965408835871709,
  "bayes_population_risk": 0.2928968253968254,
  "empirical_bayes_risk": 0.2890274611266068,
  "generalization_gap": 0.008496205402112378,
  "excess_population_risk": 0.7036440581903455,
  "runtime_seconds": 140.20597421191633,
  "runtime_per_step_seconds": 0.028041194842383266,
  "initial_objective": 0.9943593747264861,
  "final_objective": 0.9895636799437432,
  "best_objective": 0.9895636799437432,
  "objective_reduction": 0.0047956947827428875,
  "initial_train_loss_history": 0.9937529375903417,
  "final_train_loss_history": 0.9880446781850585,
  "best_train_loss_history": 0.9880438410826037,
  "train_loss_reduction": 0.005708259405283189,
  "weight_norm": 3.038003503767067,
  "trace_s": 3.0380035037670674,
  "top_eigenvalue": 1.347658470137572,
  "min_eigenvalue": 2.362828218883184e-17,
  "R1": 0.44360003813902793,
  "effective_rank": 3.4616785218947697,
  "config_suffix": "cov_tridiagonal_mask_random_rho_0p5_lambda_1e-05_beta_1_d_50_T_10_lr_0p001_iter_5000_ntrain_750_seed_42"
}