{
  "alpha": null,
  "seed": 42,
  "n_train": 400,
  "n_population": 5000,
  "train_loss": 1.0065454070096882,
  "population_risk": 1.0230154548161356,
  "bayes_population_risk": 1.0,
  "empirical_bayes_risk": 1.002719986926808,
  "generalization_gap": 0.016470047806447452,
  "excess_population_risk": 0.02301545481613565,
  "runtime_seconds": 176.04023613967001,
  "runtime_per_step_seconds": 0.035208047227934004,
  "initial_objective": 1.0090580561778928,
  "final_objective": 1.0072191239191775,
  "best_objective": 1.0072191239191772,
  "objective_reduction": 0.0018389322587153423,
  "initial_train_loss_history": 1.0080234290936207,
  "final_train_loss_history": 1.0065454070096882,
  "best_train_loss_history": 1.006545407009688,
  "train_loss_reduction": 0.0014780220839325509,
  "weight_norm": 0.6737169094893125,
  "trace_s": 0.6737169094893124,
  "top_eigenvalue": 0.6737169094893121,
  "min_eigenvalue": -1.5567245451111043e-16,
  "R1": 1.0,
  "effective_rank": 1.0,
  "config_suffix": "cov_identity_mask_random_rho_NA_lambda_1e-05_beta_1_d_100_T_50_lr_0p001_iter_5000_ntrain_400_seed_42",
  "ridge_lambda": 0.01,
  "ridge_train_loss": 0.8708469483108301,
  "ridge_population_risk": 1.1424868053041115,
  "ridge_generalization_gap": 0.2716398569932814,
  "ridge_excess_population_risk": 0.1424868053041115,
  "pca_n_components": 75,
  "pca_train_loss": 0.7407175846104481,
  "pca_population_risk": 1.0208012416427439,
  "pca_generalization_gap": 0.28008365703229576,
  "pca_excess_population_risk": 0.020801241642743884
}