{
  "alpha": null,
  "seed": 42,
  "n_train": 2000,
  "n_population": 5000,
  "train_loss": 0.9773246173454938,
  "population_risk": 0.9859924630019734,
  "bayes_population_risk": 0.7822082681172894,
  "empirical_bayes_risk": 0.7853678839227276,
  "generalization_gap": 0.0086678456564796,
  "excess_population_risk": 0.20378419488468402,
  "runtime_seconds": 158.9783565159887,
  "runtime_per_step_seconds": 0.03179567130319774,
  "initial_objective": 0.980004949969701,
  "final_objective": 0.9781781952373746,
  "best_objective": 0.9781781950953646,
  "objective_reduction": 0.0018267547323264077,
  "initial_train_loss_history": 0.9789218174869152,
  "final_train_loss_history": 0.9773246173454938,
  "best_train_loss_history": 0.9773245641967281,
  "train_loss_reduction": 0.0015972001414213954,
  "weight_norm": 0.8535778168273798,
  "trace_s": 0.8535778168273799,
  "top_eigenvalue": 0.8535778168035583,
  "min_eigenvalue": -9.076181782091186e-18,
  "R1": 0.999999999972092,
  "effective_rank": 1.0000000004934995,
  "config_suffix": "cov_exponential_mask_random_rho_NA_lambda_1e-05_beta_1_d_100_T_10_lr_0p001_iter_5000_ntrain_2000_seed_42",
  "ridge_lambda": 0.01,
  "ridge_train_loss": 0.7762114548714478,
  "ridge_population_risk": 0.788771761940564,
  "ridge_generalization_gap": 0.01256030706911615,
  "ridge_excess_population_risk": 0.006563493823274591,
  "pca_n_components": 75,
  "pca_train_loss": 0.893653798961003,
  "pca_population_risk": 1.021095771859681,
  "pca_generalization_gap": 0.12744197289867787,
  "pca_excess_population_risk": 0.23888750374239154
}