{
  "alpha": null,
  "seed": 42,
  "n_train": 60,
  "n_population": 5000,
  "train_loss": 0.2953606480399426,
  "population_risk": 1.1012655008418397,
  "bayes_population_risk": 0.1214410313285021,
  "empirical_bayes_risk": 0.12334227086904209,
  "generalization_gap": 0.805904852801897,
  "excess_population_risk": 0.9798244695133376,
  "runtime_seconds": 42.32358484901488,
  "runtime_per_step_seconds": 0.008464716969802976,
  "initial_objective": 0.5568802168892069,
  "final_objective": 0.3468089313277121,
  "best_objective": 0.3468089313277121,
  "objective_reduction": 0.21007128556149474,
  "initial_train_loss_history": 0.5548634968140931,
  "final_train_loss_history": 0.2953606480399426,
  "best_train_loss_history": 0.2953606480399426,
  "train_loss_reduction": 0.2595028487741505,
  "weight_norm": 51.44820993358842,
  "trace_s": 51.448209933588416,
  "top_eigenvalue": 31.183824767205117,
  "min_eigenvalue": 5.3394358173294684e-14,
  "R1": 0.6061206951118134,
  "effective_rank": 3.526182200368864,
  "config_suffix": "cov_toeplitz_bump_mask_random_rho_0p7_lambda_1e-05_beta_1_d_100_T_5_lr_0p001_iter_5000_ntrain_60_seed_42"
}