{
  "alpha": null,
  "seed": 42,
  "n_train": 400,
  "n_population": 5000,
  "train_loss": 0.22220787747754378,
  "population_risk": 0.23946896175321603,
  "bayes_population_risk": 0.13898342541436456,
  "empirical_bayes_risk": 0.1389098862432386,
  "generalization_gap": 0.017261084275672245,
  "excess_population_risk": 0.10048553633885146,
  "runtime_seconds": 63.53916424885392,
  "runtime_per_step_seconds": 0.006353916424885392,
  "initial_objective": 0.2889348710763187,
  "final_objective": 0.23073729163082232,
  "best_objective": 0.23073729163082232,
  "objective_reduction": 0.05819757944549639,
  "initial_train_loss_history": 0.2874916521206859,
  "final_train_loss_history": 0.22220787747754378,
  "best_train_loss_history": 0.22220646572003167,
  "train_loss_reduction": 0.06528377464314211,
  "weight_norm": 17.05882821433794,
  "trace_s": 17.058828214337943,
  "top_eigenvalue": 4.0629032894264645,
  "min_eigenvalue": 3.522094839180509e-15,
  "R1": 0.2381701274189277,
  "config_suffix": "cov_toeplitz_mask_random_rho_0p9_lambda_1e-05_beta_1_d_50_T_5_lr_0p001_iter_10000_ntrain_400_seed_42"
}