{
  "alpha": 1.0,
  "seed": 0,
  "n_train": 2500,
  "n_population": 5000,
  "train_loss": 1.1210578016640678,
  "population_risk": 1.1178647927731622,
  "bayes_population_risk": 0.9415384615384615,
  "empirical_bayes_risk": 0.9386062792670183,
  "weight_norm": 0.0044655581103334365,
  "trace_s": 0.004465558110333437,
  "top_eigenvalue": 0.0004473998517467152,
  "R1": 0.10018901124843015
}