{
  "alpha": null,
  "seed": 42,
  "n_train": 100,
  "n_population": 5000,
  "train_loss": 0.9614574506070172,
  "population_risk": 1.0109964780885787,
  "bayes_population_risk": 0.8028223802788139,
  "empirical_bayes_risk": 0.8019039714854632,
  "generalization_gap": 0.04953902748156158,
  "excess_population_risk": 0.2081740978097648,
  "runtime_seconds": 30.242871183902025,
  "runtime_per_step_seconds": 0.006048574236780405,
  "initial_objective": 1.0023321037665998,
  "final_objective": 0.9678429930159003,
  "best_objective": 0.9678429930159003,
  "objective_reduction": 0.03448911075069949,
  "initial_train_loss_history": 1.0015998945086333,
  "final_train_loss_history": 0.9614574506070172,
  "best_train_loss_history": 0.9614574042798116,
  "train_loss_reduction": 0.04014244390161614,
  "weight_norm": 12.771078703084434,
  "trace_s": 12.771078703084436,
  "top_eigenvalue": 3.427706668748607,
  "min_eigenvalue": 9.030706861448998e-12,
  "R1": 0.2683960179433203,
  "effective_rank": 6.454321327494613,
  "config_suffix": "cov_exponential_mask_random_rho_NA_lambda_1e-05_beta_1_d_50_T_5_lr_0p001_iter_5000_ntrain_100_seed_42"
}