{
  "alpha": 2.0,
  "seed": 0,
  "n_train": 5000,
  "n_population": 5000,
  "train_loss": 1.123169030906641,
  "population_risk": 1.1195807319815307,
  "bayes_population_risk": 0.9415384615384615,
  "empirical_bayes_risk": 0.9397119810920325,
  "weight_norm": 0.004462287158441162,
  "trace_s": 0.004462287158441161,
  "top_eigenvalue": 0.0004470520084100337,
  "R1": 0.1001845001311402
}