{
  "alpha": null,
  "seed": 42,
  "n_train": 5000,
  "n_population": 5000,
  "train_loss": 1.0458216545159091,
  "population_risk": 1.0459678815604423,
  "bayes_population_risk": 0.8423761467889908,
  "empirical_bayes_risk": 0.9097647792399466,
  "generalization_gap": 0.00014622704453315372,
  "excess_population_risk": 0.20359173477145154,
  "runtime_seconds": 380.9441217817366,
  "runtime_per_step_seconds": 0.3809441217817366,
  "initial_objective": 1.0471212597222963,
  "final_objective": 1.0459045116553911,
  "best_objective": 1.0459045116553911,
  "objective_reduction": 0.0012167480669051933,
  "initial_train_loss_history": 1.0461141028473933,
  "final_train_loss_history": 1.0458216545159091,
  "best_train_loss_history": 1.0458216544355499,
  "train_loss_reduction": 0.00029244833148411864,
  "weight_norm": 0.0828571386408273,
  "trace_s": 0.0828571386408273,
  "top_eigenvalue": 0.08285710102658742,
  "min_eigenvalue": 1.7134399378327703e-19,
  "R1": 0.9999995460350125
}