{
  "alpha": null,
  "seed": 42,
  "n_train": 1250,
  "n_population": 5000,
  "train_loss": 0.5611422684536418,
  "population_risk": 0.5821421306489366,
  "bayes_population_risk": 0.3599999999999999,
  "empirical_bayes_risk": 0.3602550459043381,
  "generalization_gap": 0.020999862195294816,
  "excess_population_risk": 0.22214213064893673,
  "runtime_seconds": 230.73647266440094,
  "runtime_per_step_seconds": 0.023073647266440095,
  "initial_objective": 0.5843613415211232,
  "final_objective": 0.5660020151771425,
  "best_objective": 0.5660020151771425,
  "objective_reduction": 0.01835932634398063,
  "initial_train_loss_history": 0.5833987363461794,
  "final_train_loss_history": 0.5611422684536418,
  "best_train_loss_history": 0.5611419839156941,
  "train_loss_reduction": 0.022256467892537657,
  "weight_norm": 9.719493446992132,
  "trace_s": 9.71949344699213,
  "top_eigenvalue": 2.6786413235754036,
  "min_eigenvalue": -3.8169509020772085e-16,
  "R1": 0.27559474556818137,
  "config_suffix": "cov_toeplitz_mask_last_rho_0p8_lambda_1e-05_beta_1_d_50_T_5_lr_0p001_iter_10000_ntrain_1250_seed_42"
}