{
  "alpha": null,
  "seed": 42,
  "n_train": 250,
  "n_population": 5000,
  "train_loss": 0.07505619661563921,
  "population_risk": 0.07601686441604885,
  "bayes_population_risk": 0.011034997727387535,
  "empirical_bayes_risk": 0.011090093812382313,
  "generalization_gap": 0.0009606678004096397,
  "excess_population_risk": 0.06498186668866132,
  "runtime_seconds": 91.09540765546262,
  "runtime_per_step_seconds": 0.018219081531092526,
  "initial_objective": 0.07717644693478452,
  "final_objective": 0.07526385097945895,
  "best_objective": 0.07526385064157884,
  "objective_reduction": 0.0019125959553255717,
  "initial_train_loss_history": 0.07503587462451608,
  "final_train_loss_history": 0.07505619661563921,
  "best_train_loss_history": 0.07476113485070962,
  "train_loss_reduction": -2.032199112313171e-05,
  "weight_norm": 0.10382715848588343,
  "trace_s": 0.10382715848588342,
  "top_eigenvalue": 0.08335201011477456,
  "min_eigenvalue": -4.293985876986943e-18,
  "R1": 0.8027958323265411,
  "effective_rank": 1.642964904344155,
  "config_suffix": "cov_toeplitz_mask_random_rho_0p99_lambda_1e-05_beta_1_d_200_T_20_lr_0p001_iter_5000_ntrain_250_seed_42",
  "ridge_lambda": 0.01,
  "ridge_train_loss": 0.010114434484388788,
  "ridge_population_risk": 0.011999621374224025,
  "ridge_generalization_gap": 0.0018851868898352372,
  "ridge_excess_population_risk": 0.0009646236468364901,
  "pca_n_components": 75,
  "pca_train_loss": 0.28575685868620054,
  "pca_population_risk": 0.6659823694118213,
  "pca_generalization_gap": 0.3802255107256208,
  "pca_excess_population_risk": 0.6549473716844337
}