{
  "alpha": null,
  "seed": 42,
  "n_train": 5000,
  "n_population": 5000,
  "train_loss": 1.150415358617069,
  "population_risk": 1.1544327708255482,
  "bayes_population_risk": 0.8444937602472408,
  "empirical_bayes_risk": 0.899992517724235,
  "generalization_gap": 0.004017412208479287,
  "excess_population_risk": 0.3099390105783074,
  "runtime_seconds": 75.10835066065192,
  "runtime_per_step_seconds": 0.07510835066065193,
  "initial_objective": 1.151970254390693,
  "final_objective": 1.150487568013453,
  "best_objective": 1.150487568013453,
  "objective_reduction": 0.0014826863772399168,
  "initial_train_loss_history": 1.1514363458377486,
  "final_train_loss_history": 1.150415358617069,
  "best_train_loss_history": 1.150415358617069,
  "train_loss_reduction": 0.00102098722067967,
  "weight_norm": 0.14441555545128568,
  "trace_s": 0.14441555545128568,
  "top_eigenvalue": 0.14400923744156172,
  "min_eigenvalue": 8.942081306134542e-12,
  "R1": 0.9971864664547099
}