{
  "alpha": null,
  "seed": 42,
  "n_train": 1750,
  "n_population": 5000,
  "train_loss": 0.7194705049304838,
  "population_risk": 0.725578729166526,
  "bayes_population_risk": 0.5301185178874289,
  "empirical_bayes_risk": 0.5271844061941493,
  "generalization_gap": 0.006108224236042181,
  "excess_population_risk": 0.19546021127909707,
  "runtime_seconds": 78.68006879091263,
  "runtime_per_step_seconds": 0.015736013758182527,
  "initial_objective": 0.7446731245631287,
  "final_objective": 0.7286990294539725,
  "best_objective": 0.7286990294539725,
  "objective_reduction": 0.01597409510915626,
  "initial_train_loss_history": 0.7430977726060796,
  "final_train_loss_history": 0.7194705049304838,
  "best_train_loss_history": 0.7194702368230594,
  "train_loss_reduction": 0.023627267675595753,
  "weight_norm": 9.228524287199642,
  "trace_s": 9.228524287199642,
  "top_eigenvalue": 2.340293527562623,
  "min_eigenvalue": 7.563820694684986e-15,
  "R1": 0.25359347331498167,
  "effective_rank": 10.19485553107693,
  "config_suffix": "cov_exponential_mask_random_rho_NA_lambda_1e-05_beta_1_d_100_T_5_lr_0p001_iter_5000_ntrain_1750_seed_42",
  "ridge_lambda": 0.01,
  "ridge_train_loss": 0.5301641112201411,
  "ridge_population_risk": 0.5282552780240202,
  "ridge_generalization_gap": -0.001908833196120896,
  "ridge_excess_population_risk": -0.00186323986340875,
  "pca_n_components": 75,
  "pca_train_loss": 0.7110666811945152,
  "pca_population_risk": 0.8187041512328077,
  "pca_generalization_gap": 0.1076374700382925,
  "pca_excess_population_risk": 0.2885856333453788
}