{
  "alpha": null,
  "seed": 42,
  "n_train": 5000,
  "n_population": 5000,
  "train_loss": 1.2015678252276165,
  "population_risk": 1.200728776764042,
  "bayes_population_risk": 1.0,
  "empirical_bayes_risk": 0.9998612920026871,
  "generalization_gap": -0.000839048463574521,
  "excess_population_risk": 0.200728776764042,
  "runtime_seconds": 153.25156674534082,
  "runtime_per_step_seconds": 0.030650313349068165,
  "initial_objective": 1.2028563592859585,
  "final_objective": 1.2016044574545295,
  "best_objective": 1.201604457454529,
  "objective_reduction": 0.001251901831428981,
  "initial_train_loss_history": 1.2018167772638149,
  "final_train_loss_history": 1.2015678252276165,
  "best_train_loss_history": 1.2015670580520608,
  "train_loss_reduction": 0.0002489520361983466,
  "weight_norm": 0.036632226912887964,
  "trace_s": 0.036632226912887964,
  "top_eigenvalue": 0.036632226912887964,
  "min_eigenvalue": -1.1899815448073328e-17,
  "R1": 1.0,
  "effective_rank": 1.0,
  "config_suffix": "cov_identity_mask_random_rho_NA_lambda_1e-05_beta_1_d_100_T_5_lr_0p001_iter_5000_ntrain_5000_seed_42",
  "ridge_lambda": 0.01,
  "ridge_train_loss": 0.9999989325370471,
  "ridge_population_risk": 1.000723236227891,
  "ridge_generalization_gap": 0.0007243036908439748,
  "ridge_excess_population_risk": 0.0007232362278910553,
  "pca_n_components": 75,
  "pca_train_loss": 1.1179069431363642,
  "pca_population_risk": 1.2306456493611193,
  "pca_generalization_gap": 0.11273870622475513,
  "pca_excess_population_risk": 0.2306456493611193
}