{
  "alpha": 3.0,
  "seed": 0,
  "n_train": 7500,
  "n_population": 5000,
  "train_loss": 1.247148046850403,
  "population_risk": 1.2476233801961063,
  "bayes_population_risk": 1.0,
  "empirical_bayes_risk": 0.9985303675510313,
  "weight_norm": 0.004415404147775998,
  "trace_s": 0.004415404147775997,
  "top_eigenvalue": 0.000427567478618965,
  "R1": 0.09683541173333524
}