{
  "alpha": null,
  "seed": 42,
  "n_train": 50,
  "n_population": 5000,
  "train_loss": 1.081631769226147,
  "population_risk": 1.1528444754118026,
  "bayes_population_risk": 0.91,
  "empirical_bayes_risk": 0.908618396197601,
  "generalization_gap": 0.07121270618565556,
  "excess_population_risk": 0.24284447541180254,
  "runtime_seconds": 16.945431530475616,
  "runtime_per_step_seconds": 0.016945431530475615,
  "initial_objective": 1.1450022056579754,
  "final_objective": 1.1054052710995375,
  "best_objective": 1.1054052710995375,
  "objective_reduction": 0.039596934558437935,
  "initial_train_loss_history": 1.1383524267510505,
  "final_train_loss_history": 1.081631769226147,
  "best_train_loss_history": 1.0815764440040103,
  "train_loss_reduction": 0.05672065752490352,
  "weight_norm": 4.754700330167423,
  "trace_s": 4.754700330167423,
  "top_eigenvalue": 2.9480823057477186,
  "min_eigenvalue": 3.0302648199902978e-18,
  "R1": 0.6200353547084447,
  "config_suffix": "cov_toeplitz_mask_last_rho_0p3_lambda_0p0001_beta_1_d_50_T_5_lr_0p01_iter_1000_ntrain_50_seed_42"
}