{
  "alpha": null,
  "seed": 42,
  "n_train": 300,
  "n_population": 5000,
  "train_loss": 0.9766058089830962,
  "population_risk": 0.9964731869579376,
  "bayes_population_risk": 0.7822082681172894,
  "empirical_bayes_risk": 0.7817577091499582,
  "generalization_gap": 0.019867377974841394,
  "excess_population_risk": 0.21426491884064824,
  "runtime_seconds": 41.46785896457732,
  "runtime_per_step_seconds": 0.008293571792915464,
  "initial_objective": 0.9953408786803266,
  "final_objective": 0.9814792802391775,
  "best_objective": 0.9814792802391775,
  "objective_reduction": 0.013861598441149092,
  "initial_train_loss_history": 0.9942202595304427,
  "final_train_loss_history": 0.9766058089830962,
  "best_train_loss_history": 0.9766043015112977,
  "train_loss_reduction": 0.01761445054734645,
  "weight_norm": 4.873471196208542,
  "trace_s": 4.873471196208541,
  "top_eigenvalue": 3.524676297038435,
  "min_eigenvalue": -2.7381198173066063e-18,
  "R1": 0.7232373302586791,
  "effective_rank": 2.271994205306634,
  "config_suffix": "cov_exponential_mask_random_rho_NA_lambda_1e-05_beta_1_d_100_T_10_lr_0p001_iter_5000_ntrain_300_seed_42",
  "ridge_lambda": 0.01,
  "ridge_train_loss": 0.7654332939380316,
  "ridge_population_risk": 0.8073456490842281,
  "ridge_generalization_gap": 0.04191235514619651,
  "ridge_excess_population_risk": 0.025137380966938738,
  "pca_n_components": 75,
  "pca_train_loss": 0.6207004830356639,
  "pca_population_risk": 1.0510304939752313,
  "pca_generalization_gap": 0.43033001093956735,
  "pca_excess_population_risk": 0.2688222258579419
}