{
  "alpha": null,
  "seed": 42,
  "n_train": 2000,
  "n_population": 5000,
  "train_loss": 0.9912873818788864,
  "population_risk": 0.990867149111602,
  "bayes_population_risk": 0.2928968253968254,
  "empirical_bayes_risk": 0.2924940064382888,
  "generalization_gap": -0.00042023276728442305,
  "excess_population_risk": 0.6979703237147766,
  "runtime_seconds": 61.34254342317581,
  "runtime_per_step_seconds": 0.012268508684635162,
  "initial_objective": 0.9946746143432814,
  "final_objective": 0.992096887348805,
  "best_objective": 0.992096887348805,
  "objective_reduction": 0.002577726994476448,
  "initial_train_loss_history": 0.994108790440677,
  "final_train_loss_history": 0.9912873818788864,
  "best_train_loss_history": 0.9912862376373325,
  "train_loss_reduction": 0.0028214085617905837,
  "weight_norm": 1.6190109133612365,
  "trace_s": 1.6190109133612363,
  "top_eigenvalue": 1.0381448609074109,
  "min_eigenvalue": 7.903030680214998e-17,
  "R1": 0.6412216572105208,
  "effective_rank": 2.4085339587377916,
  "config_suffix": "cov_tridiagonal_mask_random_rho_0p5_lambda_1e-05_beta_1_d_50_T_10_lr_0p001_iter_5000_ntrain_2000_seed_42",
  "ridge_lambda": 0.01,
  "ridge_train_loss": 0.29220847355618407,
  "ridge_population_risk": 0.29365583069635587,
  "ridge_generalization_gap": 0.001447357140171801,
  "ridge_excess_population_risk": 0.0007590052995304908,
  "pca_n_components": 75,
  "pca_train_loss": 0.8632479512130743,
  "pca_population_risk": 1.012267672395158,
  "pca_generalization_gap": 0.14901972118208373,
  "pca_excess_population_risk": 0.7193708469983326
}