{
  "alpha": null,
  "seed": 42,
  "n_train": 300,
  "n_population": 5000,
  "train_loss": 1.058188137063616,
  "population_risk": 1.099880477783117,
  "bayes_population_risk": 0.8556104261592068,
  "empirical_bayes_risk": 0.8574079495408078,
  "generalization_gap": 0.04169234071950112,
  "excess_population_risk": 0.24427005162391024,
  "runtime_seconds": 20.557320537045598,
  "runtime_per_step_seconds": 0.0205573205370456,
  "initial_objective": 1.083563951316377,
  "final_objective": 1.062210934571898,
  "best_objective": 1.062210934571898,
  "objective_reduction": 0.021353016744479092,
  "initial_train_loss_history": 1.0827903792881821,
  "final_train_loss_history": 1.058188137063616,
  "best_train_loss_history": 1.058188137063616,
  "train_loss_reduction": 0.024602242224566195,
  "weight_norm": 8.042397595866182,
  "trace_s": 8.04239759586618,
  "top_eigenvalue": 1.7064401404050096,
  "min_eigenvalue": 1.3449710065350967e-08,
  "R1": 0.21218052453439068
}