{
  "alpha": null,
  "seed": 42,
  "n_train": 40,
  "n_population": 5000,
  "train_loss": 0.6251165765941832,
  "population_risk": 1.1810869241158355,
  "bayes_population_risk": 0.24553354982376377,
  "empirical_bayes_risk": 0.24512131075997895,
  "generalization_gap": 0.5559703475216523,
  "excess_population_risk": 0.9355533742920717,
  "runtime_seconds": 27.668153887614608,
  "runtime_per_step_seconds": 0.005533630777522921,
  "initial_objective": 0.8109891019485407,
  "final_objective": 0.63227434069077,
  "best_objective": 0.63227434069077,
  "objective_reduction": 0.17871476125777064,
  "initial_train_loss_history": 0.810523898884788,
  "final_train_loss_history": 0.6251165765941832,
  "best_train_loss_history": 0.6251165765941832,
  "train_loss_reduction": 0.18540732229060486,
  "weight_norm": 28.629139086371808,
  "trace_s": 28.629139086371808,
  "top_eigenvalue": 13.678793670590366,
  "min_eigenvalue": 3.618570370350864e-08,
  "R1": 0.47779270027375065,
  "effective_rank": 4.174339010214251,
  "config_suffix": "cov_matern_mask_random_rho_NA_lambda_1e-05_beta_1_d_25_T_10_lr_0p001_iter_5000_ntrain_40_seed_42"
}