{
  "alpha": null,
  "seed": 42,
  "n_train": 40,
  "n_population": 5000,
  "train_loss": 0.8354089909309785,
  "population_risk": 1.2622314111997925,
  "bayes_population_risk": 0.7822082681172894,
  "empirical_bayes_risk": 0.7809104016001457,
  "generalization_gap": 0.426822420268814,
  "excess_population_risk": 0.48002314308250316,
  "runtime_seconds": 16.48660086095333,
  "runtime_per_step_seconds": 0.003297320172190666,
  "initial_objective": 0.963527365473486,
  "final_objective": 0.8590550266713397,
  "best_objective": 0.8590550266713397,
  "objective_reduction": 0.10447233880214635,
  "initial_train_loss_history": 0.9622767894523125,
  "final_train_loss_history": 0.8354089909309785,
  "best_train_loss_history": 0.8354089909309785,
  "train_loss_reduction": 0.126867798521334,
  "weight_norm": 23.646018944524872,
  "trace_s": 23.646018944524872,
  "top_eigenvalue": 15.727833142340247,
  "min_eigenvalue": 6.95833131095629e-14,
  "R1": 0.6651366210624623,
  "effective_rank": 2.6263834151445526,
  "config_suffix": "cov_exponential_mask_random_rho_NA_lambda_1e-05_beta_1_d_100_T_10_lr_0p001_iter_5000_ntrain_40_seed_42",
  "ridge_lambda": 0.01,
  "ridge_train_loss": 0.6081089814340905,
  "ridge_population_risk": 1.0155849161185895,
  "ridge_generalization_gap": 0.40747593468449894,
  "ridge_excess_population_risk": 0.2333766480013001,
  "pca_n_components": 75,
  "pca_train_loss": 1.2939505525547388e-16,
  "pca_population_risk": 1.059453388256601,
  "pca_generalization_gap": 1.0594533882566008,
  "pca_excess_population_risk": 0.2772451201393117
}