{
  "alpha": null,
  "seed": 42,
  "n_train": 10,
  "n_population": 5000,
  "train_loss": 0.5466082952220276,
  "population_risk": 1.2923732914868924,
  "bayes_population_risk": 0.5301185178874289,
  "empirical_bayes_risk": 0.5284544513768029,
  "generalization_gap": 0.7457649962648648,
  "excess_population_risk": 0.7622547735994635,
  "runtime_seconds": 21.266041724011302,
  "runtime_per_step_seconds": 0.00425320834480226,
  "initial_objective": 0.7122258450231164,
  "final_objective": 0.553211048764128,
  "best_objective": 0.553211048764128,
  "objective_reduction": 0.1590147962589884,
  "initial_train_loss_history": 0.7106438462464277,
  "final_train_loss_history": 0.5466082952220276,
  "best_train_loss_history": 0.5466082952220276,
  "train_loss_reduction": 0.16403555102440015,
  "weight_norm": 6.60275128794915,
  "trace_s": 6.60275128794915,
  "top_eigenvalue": 5.242421454668486,
  "min_eigenvalue": 5.123808013719236e-14,
  "R1": 0.7939753030280825,
  "effective_rank": 1.6681513935275882,
  "config_suffix": "cov_exponential_mask_random_rho_NA_lambda_1e-05_beta_1_d_100_T_5_lr_0p001_iter_5000_ntrain_10_seed_42",
  "ridge_lambda": 0.01,
  "ridge_train_loss": 0.34243304082781406,
  "ridge_population_risk": 0.9053392738996102,
  "ridge_generalization_gap": 0.5629062330717962,
  "ridge_excess_population_risk": 0.3752207560121813,
  "pca_n_components": 75,
  "pca_train_loss": 1.4614026207694735e-16,
  "pca_population_risk": 1.0981982690072043,
  "pca_generalization_gap": 1.098198269007204,
  "pca_excess_population_risk": 0.5680797511197754
}