{
  "alpha": null,
  "seed": 42,
  "n_train": 400,
  "n_population": 5000,
  "train_loss": 0.9723761042225708,
  "population_risk": 0.9932471028014459,
  "bayes_population_risk": 0.7822082681172894,
  "empirical_bayes_risk": 0.7833635662631814,
  "generalization_gap": 0.02087099857887509,
  "excess_population_risk": 0.21103883468415652,
  "runtime_seconds": 40.03748877346516,
  "runtime_per_step_seconds": 0.00800749775469303,
  "initial_objective": 0.9862448091427847,
  "final_objective": 0.9761700000645691,
  "best_objective": 0.9761700000645691,
  "objective_reduction": 0.010074809078215563,
  "initial_train_loss_history": 0.9851861290034429,
  "final_train_loss_history": 0.9723761042225708,
  "best_train_loss_history": 0.9723670847900675,
  "train_loss_reduction": 0.01281002478087212,
  "weight_norm": 3.7938958078712677,
  "trace_s": 3.793895807871266,
  "top_eigenvalue": 2.9385986254718928,
  "min_eigenvalue": 2.382471768484693e-17,
  "R1": 0.774559654320271,
  "effective_rank": 1.7133476486608072,
  "config_suffix": "cov_exponential_mask_random_rho_NA_lambda_1e-05_beta_1_d_100_T_10_lr_0p001_iter_5000_ntrain_400_seed_42",
  "ridge_lambda": 0.01,
  "ridge_train_loss": 0.7669601253984059,
  "ridge_population_risk": 0.8008519846338727,
  "ridge_generalization_gap": 0.03389185923546689,
  "ridge_excess_population_risk": 0.018643716516583364,
  "pca_n_components": 75,
  "pca_train_loss": 0.6824779111745556,
  "pca_population_risk": 1.044845100232968,
  "pca_generalization_gap": 0.36236718905841236,
  "pca_excess_population_risk": 0.26263683211567856
}