{
  "alpha": null,
  "seed": 42,
  "n_train": 300,
  "n_population": 5000,
  "train_loss": 1.045752602974465,
  "population_risk": 1.054194235778821,
  "bayes_population_risk": 1.0,
  "empirical_bayes_risk": 1.0011040444197274,
  "generalization_gap": 0.008441632804355947,
  "excess_population_risk": 0.05419423577882099,
  "runtime_seconds": 41.63268460147083,
  "runtime_per_step_seconds": 0.008326536920294166,
  "initial_objective": 1.0493865944839507,
  "final_objective": 1.0462558470155114,
  "best_objective": 1.046255847015511,
  "objective_reduction": 0.003130747468439221,
  "initial_train_loss_history": 1.048836149659036,
  "final_train_loss_history": 1.045752602974465,
  "best_train_loss_history": 1.0457526029744648,
  "train_loss_reduction": 0.0030835466845708925,
  "weight_norm": 1.0064880820925926,
  "trace_s": 1.0064880820925923,
  "top_eigenvalue": 1.0064880820925926,
  "min_eigenvalue": -3.5976259640813563e-16,
  "R1": 1.0000000000000002,
  "effective_rank": 1.0,
  "config_suffix": "cov_identity_mask_random_rho_NA_lambda_1e-05_beta_1_d_50_T_20_lr_0p001_iter_5000_ntrain_300_seed_42"
}