{
  "alpha": 5.0,
  "seed": 0,
  "n_train": 12500,
  "n_population": 5000,
  "train_loss": 1.1188927494635377,
  "population_risk": 1.1227713472741871,
  "bayes_population_risk": 0.9415384615384615,
  "empirical_bayes_risk": 0.9408084020563688,
  "weight_norm": 0.004416367991464295,
  "trace_s": 0.004416367991464294,
  "top_eigenvalue": 0.0004287994250399756,
  "R1": 0.09709322816140657
}