{
  "alpha": null,
  "seed": 42,
  "n_train": 150,
  "n_population": 5000,
  "train_loss": 1.0357749621338328,
  "population_risk": 1.0203652084797814,
  "bayes_population_risk": 0.9245538461538463,
  "empirical_bayes_risk": 0.9259466323264338,
  "generalization_gap": -0.015409753654051395,
  "excess_population_risk": 0.09581136232593512,
  "runtime_seconds": 136.13043314404786,
  "runtime_per_step_seconds": 0.02722608662880957,
  "initial_objective": 1.0474997443785852,
  "final_objective": 1.038943116804279,
  "best_objective": 1.038943116802392,
  "objective_reduction": 0.008556627574306086,
  "initial_train_loss_history": 1.0464505541455007,
  "final_train_loss_history": 1.0357749621338328,
  "best_train_loss_history": 1.035774877129917,
  "train_loss_reduction": 0.0106755920116679,
  "weight_norm": 3.1681549416351698,
  "trace_s": 3.1681549416351693,
  "top_eigenvalue": 3.1681549414277197,
  "min_eigenvalue": -6.78668787225244e-17,
  "R1": 0.99999999993452,
  "effective_rank": 1.0000000016781432,
  "config_suffix": "cov_toeplitz_mask_random_rho_0p2_lambda_1e-05_beta_1_d_100_T_50_lr_0p001_iter_5000_ntrain_150_seed_42"
}