{
  "alpha": null,
  "seed": 42,
  "n_train": 10,
  "n_population": 5000,
  "train_loss": 0.36549981988849317,
  "population_risk": 1.0635751205224417,
  "bayes_population_risk": 0.3599999999999999,
  "empirical_bayes_risk": 0.3600793606148145,
  "generalization_gap": 0.6980753006339486,
  "excess_population_risk": 0.7035751205224419,
  "runtime_seconds": 34.49883761256933,
  "runtime_per_step_seconds": 0.0034498837612569333,
  "initial_objective": 0.5975440601321036,
  "final_objective": 0.408865746739661,
  "best_objective": 0.4088657462159418,
  "objective_reduction": 0.18867831339244262,
  "initial_train_loss_history": 0.5865063598657857,
  "final_train_loss_history": 0.36549981988849317,
  "best_train_loss_history": 0.3654830324044897,
  "train_loss_reduction": 0.22100653997729253,
  "weight_norm": 8.673185368195576,
  "trace_s": 8.673185368195572,
  "top_eigenvalue": 6.118336076815434,
  "min_eigenvalue": -4.8463801660448755e-16,
  "R1": 0.7054312593446085,
  "config_suffix": "cov_toeplitz_mask_last_rho_0p8_lambda_0p0001_beta_1_d_50_T_5_lr_0p01_iter_10000_ntrain_10_seed_42"
}