{
  "alpha": null,
  "seed": 42,
  "n_train": 2000,
  "n_population": 5000,
  "train_loss": 1.0656720591932598,
  "population_risk": 1.0623229723886711,
  "bayes_population_risk": 0.8444937602472408,
  "empirical_bayes_risk": 0.8436625903214746,
  "generalization_gap": -0.0033490868045886746,
  "excess_population_risk": 0.21782921214143036,
  "runtime_seconds": 23.55116161517799,
  "runtime_per_step_seconds": 0.02355116161517799,
  "initial_objective": 1.070703639825649,
  "final_objective": 1.0670037696260684,
  "best_objective": 1.0670037696260684,
  "objective_reduction": 0.003699870199580735,
  "initial_train_loss_history": 1.070035420773838,
  "final_train_loss_history": 1.0656720591932598,
  "best_train_loss_history": 1.0656720591932598,
  "train_loss_reduction": 0.004363361580578262,
  "weight_norm": 2.663166848642937,
  "trace_s": 2.6631668486429385,
  "top_eigenvalue": 0.8497711930916847,
  "min_eigenvalue": 1.7163526196206416e-10,
  "R1": 0.3190829720356049,
  "config_suffix": "cov_tridiagonal_mask_random_rho_0p3_lambda_1e-05_beta_1_d_50_T_5_lr_0p001_iter_1000_ntrain_2000_seed_42"
}