{
  "alpha": null,
  "seed": 42,
  "n_train": 1000,
  "n_population": 5000,
  "train_loss": 1.0769071388253841,
  "population_risk": 1.0812455931965932,
  "bayes_population_risk": 0.8556104261592068,
  "empirical_bayes_risk": 0.8581596723794755,
  "generalization_gap": 0.004338454371209055,
  "excess_population_risk": 0.2256351670373864,
  "runtime_seconds": 24.486355740576982,
  "runtime_per_step_seconds": 0.024486355740576983,
  "initial_objective": 1.0878805048545501,
  "final_objective": 1.0791320299470453,
  "best_objective": 1.0791320299470453,
  "objective_reduction": 0.008748474907504855,
  "initial_train_loss_history": 1.0870946081074286,
  "final_train_loss_history": 1.0769071388253841,
  "best_train_loss_history": 1.0769071388253841,
  "train_loss_reduction": 0.010187469282044503,
  "weight_norm": 4.448895888825075,
  "trace_s": 4.448895888825075,
  "top_eigenvalue": 1.1130292037907612,
  "min_eigenvalue": 3.309753489240487e-09,
  "R1": 0.25018099582561937
}