{
  "alpha": null,
  "seed": 42,
  "n_train": 2500,
  "n_population": 5000,
  "train_loss": 1.1351927336488454,
  "population_risk": 1.1310869417884117,
  "bayes_population_risk": 0.9710902924899966,
  "empirical_bayes_risk": 0.970062497985004,
  "generalization_gap": -0.004105791860433694,
  "excess_population_risk": 0.15999664929841517,
  "runtime_seconds": 402.8168104402721,
  "runtime_per_step_seconds": 0.08056336208805442,
  "initial_objective": 1.1373731884582619,
  "final_objective": 1.1357850602846224,
  "best_objective": 1.1357850602846224,
  "objective_reduction": 0.0015881281736394026,
  "initial_train_loss_history": 1.136225868650708,
  "final_train_loss_history": 1.1351927336488454,
  "best_train_loss_history": 1.1351919128204495,
  "train_loss_reduction": 0.0010331350018626395,
  "weight_norm": 0.5923266349905311,
  "trace_s": 0.5923266349905311,
  "top_eigenvalue": 0.47161381496210786,
  "min_eigenvalue": -1.861102509752832e-17,
  "R1": 0.7962056525951212,
  "effective_rank": 1.8240458724469684,
  "config_suffix": "cov_exponential_mask_random_rho_NA_lambda_1e-05_beta_1_d_100_T_5_lr_0p001_iter_5000_ntrain_2500_seed_42"
}