{
  "alpha": null,
  "seed": 42,
  "n_train": 400,
  "n_population": 5000,
  "train_loss": 0.9419620752846423,
  "population_risk": 0.9971916556302304,
  "bayes_population_risk": 0.45666666666666667,
  "empirical_bayes_risk": 0.4538078112341409,
  "generalization_gap": 0.055229580345588114,
  "excess_population_risk": 0.5405249889635637,
  "runtime_seconds": 73.94894959032536,
  "runtime_per_step_seconds": 0.014789789918065071,
  "initial_objective": 0.984230138344886,
  "final_objective": 0.9537307800106737,
  "best_objective": 0.9537307800106737,
  "objective_reduction": 0.030499358334212356,
  "initial_train_loss_history": 0.9827917157372916,
  "final_train_loss_history": 0.9419620752846423,
  "best_train_loss_history": 0.9419619061018274,
  "train_loss_reduction": 0.04082964045264936,
  "weight_norm": 11.768704253465483,
  "trace_s": 11.768704253465485,
  "top_eigenvalue": 4.16607307743201,
  "min_eigenvalue": 4.698422736914409e-15,
  "R1": 0.35399590198770126,
  "effective_rank": 6.3327274269151985,
  "config_suffix": "cov_tridiagonal_mask_random_rho_0p5_lambda_1e-05_beta_1_d_100_T_5_lr_0p001_iter_5000_ntrain_400_seed_42"
}