{
  "alpha": null,
  "seed": 42,
  "n_train": 2000,
  "n_population": 5000,
  "train_loss": 0.7157218308856222,
  "population_risk": 0.7237870378999484,
  "bayes_population_risk": 0.5301185178874289,
  "empirical_bayes_risk": 0.5286730060014124,
  "generalization_gap": 0.008065207014326115,
  "excess_population_risk": 0.19366852001251944,
  "runtime_seconds": 76.47156014107168,
  "runtime_per_step_seconds": 0.015294312028214336,
  "initial_objective": 0.7405727167366305,
  "final_objective": 0.7244568376516822,
  "best_objective": 0.7244568376516822,
  "objective_reduction": 0.01611587908494827,
  "initial_train_loss_history": 0.7388980648697017,
  "final_train_loss_history": 0.7157218308856222,
  "best_train_loss_history": 0.7157213840518291,
  "train_loss_reduction": 0.02317623398407942,
  "weight_norm": 8.735006501043172,
  "trace_s": 8.73500650104317,
  "top_eigenvalue": 2.106056847607511,
  "min_eigenvalue": 9.593514681782103e-17,
  "R1": 0.24110535548611178,
  "effective_rank": 11.16079868806592,
  "config_suffix": "cov_exponential_mask_random_rho_NA_lambda_1e-05_beta_1_d_100_T_5_lr_0p001_iter_5000_ntrain_2000_seed_42",
  "ridge_lambda": 0.01,
  "ridge_train_loss": 0.528339601477413,
  "ridge_population_risk": 0.5298057441424153,
  "ridge_generalization_gap": 0.0014661426650023346,
  "ridge_excess_population_risk": -0.0003127737450135948,
  "pca_n_components": 75,
  "pca_train_loss": 0.7123396501340253,
  "pca_population_risk": 0.814819508880051,
  "pca_generalization_gap": 0.10247985874602561,
  "pca_excess_population_risk": 0.284700990992622
}