{
  "alpha": null,
  "seed": 42,
  "n_train": 150,
  "n_population": 5000,
  "train_loss": 1.0362839135642519,
  "population_risk": 1.0539952364343794,
  "bayes_population_risk": 1.0,
  "empirical_bayes_risk": 1.0009594442732643,
  "generalization_gap": 0.017711322870127555,
  "excess_population_risk": 0.05399523643437942,
  "runtime_seconds": 92.61333239637315,
  "runtime_per_step_seconds": 0.01852266647927463,
  "initial_objective": 1.0430064318752756,
  "final_objective": 1.0381622089128626,
  "best_objective": 1.0381622089128622,
  "objective_reduction": 0.004844222962413047,
  "initial_train_loss_history": 1.0409966060942786,
  "final_train_loss_history": 1.0362839135642519,
  "best_train_loss_history": 1.036283652981819,
  "train_loss_reduction": 0.0047126925300267075,
  "weight_norm": 0.9391476743053698,
  "trace_s": 0.9391476743053698,
  "top_eigenvalue": 0.9391476743053697,
  "min_eigenvalue": -2.5871570258554997e-16,
  "R1": 1.0000000000000002,
  "effective_rank": 1.0,
  "config_suffix": "cov_identity_mask_random_rho_NA_lambda_1e-05_beta_1_d_200_T_20_lr_0p001_iter_5000_ntrain_150_seed_42"
}