{
  "alpha": null,
  "seed": 42,
  "n_train": 2000,
  "n_population": 5000,
  "train_loss": 0.5263490239743112,
  "population_risk": 0.5422697548194118,
  "bayes_population_risk": 0.05101341981519296,
  "empirical_bayes_risk": 0.05102363654907175,
  "generalization_gap": 0.015920730845100595,
  "excess_population_risk": 0.4912563350042188,
  "runtime_seconds": 101.85574086755514,
  "runtime_per_step_seconds": 0.020371148173511027,
  "initial_objective": 0.541996063705455,
  "final_objective": 0.5302129252837233,
  "best_objective": 0.5302129252837233,
  "objective_reduction": 0.01178313842173162,
  "initial_train_loss_history": 0.5412871313292332,
  "final_train_loss_history": 0.5263490239743112,
  "best_train_loss_history": 0.5263490239743112,
  "train_loss_reduction": 0.01493810735492207,
  "weight_norm": 7.7278018251541,
  "trace_s": 7.7278018251541,
  "top_eigenvalue": 2.7374776038079096,
  "min_eigenvalue": 6.691253239722022e-14,
  "R1": 0.3542375523783985,
  "effective_rank": 6.6918502548836,
  "config_suffix": "cov_matern_mask_random_rho_NA_lambda_1e-05_beta_1_d_50_T_10_lr_0p001_iter_5000_ntrain_2000_seed_42",
  "ridge_lambda": 0.01,
  "ridge_train_loss": 0.050891354727413456,
  "ridge_population_risk": 0.05123203498171002,
  "ridge_generalization_gap": 0.0003406802542965659,
  "ridge_excess_population_risk": 0.00021861516651706242,
  "pca_n_components": 75,
  "pca_train_loss": 0.34486145804194707,
  "pca_population_risk": 0.3987303752221466,
  "pca_generalization_gap": 0.05386891718019954,
  "pca_excess_population_risk": 0.34771695540695363
}