{
  "alpha": null,
  "seed": 42,
  "n_train": 200,
  "n_population": 5000,
  "train_loss": 0.9248534019490227,
  "population_risk": 1.0339152188921017,
  "bayes_population_risk": 0.7459898192227884,
  "empirical_bayes_risk": 0.7474810065312911,
  "generalization_gap": 0.10906181694307904,
  "excess_population_risk": 0.2879253996693133,
  "runtime_seconds": 48.42926483787596,
  "runtime_per_step_seconds": 0.009685852967575192,
  "initial_objective": 0.9888842377497261,
  "final_objective": 0.938559302162762,
  "best_objective": 0.938559302162762,
  "objective_reduction": 0.05032493558696416,
  "initial_train_loss_history": 0.9874920495164022,
  "final_train_loss_history": 0.9248534019490227,
  "best_train_loss_history": 0.9248534019490227,
  "train_loss_reduction": 0.06263864756737958,
  "weight_norm": 13.705898839276518,
  "trace_s": 13.705898839276513,
  "top_eigenvalue": 4.998709804164765,
  "min_eigenvalue": 3.711947047560418e-15,
  "R1": 0.36471229379281117,
  "effective_rank": 5.74882010937778,
  "config_suffix": "cov_matern_mask_random_rho_NA_lambda_1e-05_beta_1_d_100_T_5_lr_0p001_iter_5000_ntrain_200_seed_42"
}