{
  "alpha": null,
  "seed": 42,
  "n_train": 80,
  "n_population": 5000,
  "train_loss": 0.7343582608368394,
  "population_risk": 1.4666157100203225,
  "bayes_population_risk": 0.45666666666666667,
  "empirical_bayes_risk": 0.45936544626289144,
  "generalization_gap": 0.7322574491834831,
  "excess_population_risk": 1.009949043353656,
  "runtime_seconds": 21.759126495569944,
  "runtime_per_step_seconds": 0.004351825299113989,
  "initial_objective": 0.9495116374390341,
  "final_objective": 0.7872326824040434,
  "best_objective": 0.7872326824040434,
  "objective_reduction": 0.16227895503499068,
  "initial_train_loss_history": 0.9480142081560686,
  "final_train_loss_history": 0.7343582608368394,
  "best_train_loss_history": 0.7343582608368394,
  "train_loss_reduction": 0.2136559473192292,
  "weight_norm": 52.87433586789462,
  "trace_s": 52.87433586789464,
  "top_eigenvalue": 28.884569088612047,
  "min_eigenvalue": 9.291935009765544e-13,
  "R1": 0.5462871280460051,
  "effective_rank": 4.033938446644738,
  "config_suffix": "cov_tridiagonal_mask_random_rho_0p5_lambda_1e-05_beta_1_d_100_T_5_lr_0p001_iter_5000_ntrain_80_seed_42",
  "ridge_lambda": 0.01,
  "ridge_train_loss": 0.42354489355807345,
  "ridge_population_risk": 0.48417840104502163,
  "ridge_generalization_gap": 0.06063350748694818,
  "ridge_excess_population_risk": 0.02751173437835497,
  "pca_n_components": 75,
  "pca_train_loss": 0.024223244540284287,
  "pca_population_risk": 1.1283504881401332,
  "pca_generalization_gap": 1.1041272435998488,
  "pca_excess_population_risk": 0.6716838214734665
}