{
  "alpha": null,
  "seed": 42,
  "n_train": 50,
  "n_population": 5000,
  "train_loss": 0.9737115052310423,
  "population_risk": 1.1425215342539472,
  "bayes_population_risk": 0.8649174311926606,
  "empirical_bayes_risk": 0.8647067949890226,
  "generalization_gap": 0.16881002902290487,
  "excess_population_risk": 0.2776041030612866,
  "runtime_seconds": 11.815314283594489,
  "runtime_per_step_seconds": 0.011815314283594489,
  "initial_objective": 1.0503255095036426,
  "final_objective": 0.9884288178892916,
  "best_objective": 0.9884288178892916,
  "objective_reduction": 0.06189669161435096,
  "initial_train_loss_history": 1.0490685311310581,
  "final_train_loss_history": 0.9737115052310423,
  "best_train_loss_history": 0.9737115052310423,
  "train_loss_reduction": 0.0753570259000158,
  "weight_norm": 14.713959386872334,
  "trace_s": 14.71395938687233,
  "top_eigenvalue": 6.417551443332512,
  "min_eigenvalue": 4.107796363883745e-15,
  "R1": 0.4361539456917488
}