{
  "alpha": null,
  "seed": 42,
  "n_train": 5000,
  "n_population": 5000,
  "train_loss": 1.0272016842945686,
  "population_risk": 1.0203190952792958,
  "bayes_population_risk": 0.8649174311926606,
  "empirical_bayes_risk": 0.8647891091065254,
  "generalization_gap": -0.006882589015272833,
  "excess_population_risk": 0.15540166408663514,
  "runtime_seconds": 52.4612040836364,
  "runtime_per_step_seconds": 0.0524612040836364,
  "initial_objective": 1.0318443369211805,
  "final_objective": 1.028486356182466,
  "best_objective": 1.028486356182466,
  "objective_reduction": 0.0033579807387145166,
  "initial_train_loss_history": 1.03113521045619,
  "final_train_loss_history": 1.0272016842945686,
  "best_train_loss_history": 1.0272016842945686,
  "train_loss_reduction": 0.003933526161621348,
  "weight_norm": 2.569055395879006,
  "trace_s": 2.5690553958790057,
  "top_eigenvalue": 0.5132089888492993,
  "min_eigenvalue": 2.4716027160841756e-10,
  "R1": 0.19976563746835996
}