{
  "alpha": null,
  "seed": 42,
  "n_train": 5000,
  "n_population": 5000,
  "train_loss": 1.1667620006965538,
  "population_risk": 1.1701207795828616,
  "bayes_population_risk": 0.9339407664588757,
  "empirical_bayes_risk": 0.9581755694970234,
  "generalization_gap": 0.003358778886307867,
  "excess_population_risk": 0.23618001312398595,
  "runtime_seconds": 527.3336067069322,
  "runtime_per_step_seconds": 0.052733360670693216,
  "initial_objective": 1.1725741091461348,
  "final_objective": 1.1667825353726318,
  "best_objective": 1.1667825213198442,
  "objective_reduction": 0.005791573773503034,
  "initial_train_loss_history": 1.167369747314638,
  "final_train_loss_history": 1.1667620006965538,
  "best_train_loss_history": 1.1667568025414137,
  "train_loss_reduction": 0.0006077466180842706,
  "weight_norm": 0.004107182510138011,
  "trace_s": 0.004107182510138012,
  "top_eigenvalue": 0.004105569079581136,
  "min_eigenvalue": 4.031155097113828e-18,
  "R1": 0.999607168526625
}