{
  "alpha": null,
  "seed": 42,
  "n_train": 2500,
  "n_population": 5000,
  "train_loss": 1.0237346361245026,
  "population_risk": 1.02675386521003,
  "bayes_population_risk": 0.9267692307692309,
  "empirical_bayes_risk": 0.9309503388267418,
  "generalization_gap": 0.0030192290855275417,
  "excess_population_risk": 0.09998463444079919,
  "runtime_seconds": 265.8686533421278,
  "runtime_per_step_seconds": 0.05317373066842556,
  "initial_objective": 1.024750388875289,
  "final_objective": 1.0238692717267466,
  "best_objective": 1.0238692717267461,
  "objective_reduction": 0.0008811171485423319,
  "initial_train_loss_history": 1.0242108953752032,
  "final_train_loss_history": 1.0237346361245026,
  "best_train_loss_history": 1.0237346361245026,
  "train_loss_reduction": 0.0004762592507006058,
  "weight_norm": 0.26927120448793773,
  "trace_s": 0.26927120448793773,
  "top_eigenvalue": 0.2692712044879377,
  "min_eigenvalue": -5.325427458987545e-17,
  "R1": 1.0,
  "effective_rank": 1.0,
  "config_suffix": "cov_toeplitz_mask_random_rho_0p2_lambda_1e-05_beta_1_d_50_T_20_lr_0p001_iter_5000_ntrain_2500_seed_42"
}