{
  "alpha": 1.0,
  "seed": 0,
  "n_train": 2500,
  "n_population": 5000,
  "train_loss": 1.0798324814354539,
  "population_risk": 1.0771542864725692,
  "bayes_population_risk": 0.9353846153846154,
  "empirical_bayes_risk": 0.9347917715924361,
  "weight_norm": 0.27218837663670836,
  "trace_s": 0.2721883766367084,
  "top_eigenvalue": 0.03688058334533755,
  "R1": 0.13549654030437278
}