{
  "alpha": null,
  "seed": 42,
  "n_train": 10,
  "n_population": 5000,
  "train_loss": 0.14916182796001265,
  "population_risk": 1.6739369322624595,
  "bayes_population_risk": 0.13898342541436456,
  "empirical_bayes_risk": 0.13837590576325187,
  "generalization_gap": 1.524775104302447,
  "excess_population_risk": 1.534953506848095,
  "runtime_seconds": 31.482401974499226,
  "runtime_per_step_seconds": 0.006296480394899845,
  "initial_objective": 0.2839776470211841,
  "final_objective": 0.15802504500440384,
  "best_objective": 0.15802504500440384,
  "objective_reduction": 0.12595260201678027,
  "initial_train_loss_history": 0.28186882308346506,
  "final_train_loss_history": 0.14916182796001265,
  "best_train_loss_history": 0.1491614340757445,
  "train_loss_reduction": 0.1327069951234524,
  "weight_norm": 8.863212449616556,
  "trace_s": 8.86321244961656,
  "top_eigenvalue": 8.013397403846103,
  "min_eigenvalue": 4.871137053992019e-13,
  "R1": 0.9041188451025766,
  "effective_rank": 1.389287076039722,
  "config_suffix": "cov_toeplitz_mask_random_rho_0p9_lambda_1e-05_beta_1_d_100_T_5_lr_0p001_iter_5000_ntrain_10_seed_42"
}