{
  "alpha": null,
  "seed": 42,
  "n_train": 10,
  "n_population": 5000,
  "train_loss": 0.6001591370046381,
  "population_risk": 1.1270117568100433,
  "bayes_population_risk": 0.6299999999999999,
  "empirical_bayes_risk": 0.6282395830551066,
  "generalization_gap": 0.5268526198054052,
  "excess_population_risk": 0.4970117568100434,
  "runtime_seconds": 9.59072570130229,
  "runtime_per_step_seconds": 0.00959072570130229,
  "initial_objective": 0.8897289317413205,
  "final_objective": 0.6109857164198236,
  "best_objective": 0.6109857164198236,
  "objective_reduction": 0.27874321532149693,
  "initial_train_loss_history": 0.8881185081656412,
  "final_train_loss_history": 0.6001591370046381,
  "best_train_loss_history": 0.6001591370046381,
  "train_loss_reduction": 0.2879593711610031,
  "weight_norm": 10.821858159670974,
  "trace_s": 10.82185815967097,
  "top_eigenvalue": 9.270948472484791,
  "min_eigenvalue": 1.706836489756882e-08,
  "R1": 0.856687302281798
}