{
  "alpha": null,
  "seed": 42,
  "n_train": 2000,
  "n_population": 5000,
  "train_loss": 1.0328737024641714,
  "population_risk": 1.026078407856674,
  "bayes_population_risk": 0.8649174311926606,
  "empirical_bayes_risk": 0.8634494169884988,
  "generalization_gap": -0.006795294607497393,
  "excess_population_risk": 0.1611609766640134,
  "runtime_seconds": 179.14447208680212,
  "runtime_per_step_seconds": 0.017914447208680212,
  "initial_objective": 1.0382821060922198,
  "final_objective": 1.03287381944889,
  "best_objective": 1.0328735867244423,
  "objective_reduction": 0.005408286643329818,
  "initial_train_loss_history": 1.0319323747054416,
  "final_train_loss_history": 1.0328737024641714,
  "best_train_loss_history": 1.0315296562943055,
  "train_loss_reduction": -0.000941327758729793,
  "weight_norm": 9.000763949310805e-07,
  "trace_s": 9.000763949310804e-07,
  "top_eigenvalue": 9.000763926804612e-07,
  "min_eigenvalue": -8.599883125328368e-23,
  "R1": 0.999999997499524
}