{
  "alpha": null,
  "seed": 42,
  "n_train": 500,
  "n_population": 5000,
  "train_loss": 0.9521436188577613,
  "population_risk": 0.9952623713710768,
  "bayes_population_risk": 0.45666666666666667,
  "empirical_bayes_risk": 0.4567873966737081,
  "generalization_gap": 0.04311875251331543,
  "excess_population_risk": 0.5385957047044101,
  "runtime_seconds": 105.1022693682462,
  "runtime_per_step_seconds": 0.02102045387364924,
  "initial_objective": 0.9885486752051984,
  "final_objective": 0.9628401262955462,
  "best_objective": 0.9628401262955462,
  "objective_reduction": 0.02570854890965224,
  "initial_train_loss_history": 0.9872246650767385,
  "final_train_loss_history": 0.9521436188577613,
  "best_train_loss_history": 0.9521427105177884,
  "train_loss_reduction": 0.03508104621897712,
  "weight_norm": 10.696507321442146,
  "trace_s": 10.696507321442146,
  "top_eigenvalue": 2.8909721341444587,
  "min_eigenvalue": 3.751898580299066e-17,
  "R1": 0.2702725335726397,
  "effective_rank": 7.4203249414246155,
  "config_suffix": "cov_tridiagonal_mask_random_rho_0p5_lambda_1e-05_beta_1_d_100_T_5_lr_0p001_iter_5000_ntrain_500_seed_42"
}