{
  "alpha": null,
  "seed": 42,
  "n_train": 2000,
  "n_population": 5000,
  "train_loss": 1.008452631158478,
  "population_risk": 1.0053670942050574,
  "bayes_population_risk": 0.9245538461538463,
  "empirical_bayes_risk": 0.9206815724500966,
  "generalization_gap": -0.00308553695342062,
  "excess_population_risk": 0.08081324805121115,
  "runtime_seconds": 1545.34640003182,
  "runtime_per_step_seconds": 0.30906928000636397,
  "initial_objective": 1.0096742864968822,
  "final_objective": 1.0085761005791012,
  "best_objective": 1.008576100579101,
  "objective_reduction": 0.0010981859177809916,
  "initial_train_loss_history": 1.0086695379593602,
  "final_train_loss_history": 1.008452631158478,
  "best_train_loss_history": 1.0084526311584778,
  "train_loss_reduction": 0.00021690680088215508,
  "weight_norm": 0.12346942062336407,
  "trace_s": 0.12346942062336407,
  "top_eigenvalue": 0.12346942062336404,
  "min_eigenvalue": -3.5685213352295386e-17,
  "R1": 1.0000000000000002,
  "effective_rank": 1.0,
  "config_suffix": "cov_toeplitz_mask_random_rho_0p2_lambda_1e-05_beta_1_d_100_T_50_lr_0p001_iter_5000_ntrain_2000_seed_42",
  "ridge_lambda": 0.01,
  "ridge_train_loss": 0.9002757755025138,
  "ridge_population_risk": 0.9443619323154592,
  "ridge_generalization_gap": 0.044086156812945365,
  "ridge_excess_population_risk": 0.019808086161612892,
  "pca_n_components": 75,
  "pca_train_loss": 0.9300386351062297,
  "pca_population_risk": 1.0092632880050036,
  "pca_generalization_gap": 0.0792246528987739,
  "pca_excess_population_risk": 0.08470944185115736
}