{
  "alpha": null,
  "seed": 42,
  "n_train": 1500,
  "n_population": 5000,
  "train_loss": 0.6435214136513828,
  "population_risk": 0.6669598347822242,
  "bayes_population_risk": 0.2921672002085666,
  "empirical_bayes_risk": 0.2940172056560985,
  "generalization_gap": 0.02343842113084138,
  "excess_population_risk": 0.3747926345736576,
  "runtime_seconds": 86.72616939991713,
  "runtime_per_step_seconds": 0.017345233879983425,
  "initial_objective": 0.6771557101469553,
  "final_objective": 0.6487243269983374,
  "best_objective": 0.6487243269983374,
  "objective_reduction": 0.028431383148617928,
  "initial_train_loss_history": 0.6760111696346107,
  "final_train_loss_history": 0.6435214136513828,
  "best_train_loss_history": 0.6435214136513828,
  "train_loss_reduction": 0.0324897559832279,
  "weight_norm": 10.405822631189118,
  "trace_s": 10.405822631189118,
  "top_eigenvalue": 1.8715342351094821,
  "min_eigenvalue": 4.189403330715634e-12,
  "R1": 0.17985452005495253,
  "effective_rank": 10.135689032239213,
  "config_suffix": "cov_matern_mask_random_rho_NA_lambda_1e-05_beta_1_d_50_T_5_lr_0p001_iter_5000_ntrain_1500_seed_42"
}