{
  "alpha": null,
  "seed": 42,
  "n_train": 10,
  "n_population": 5000,
  "train_loss": 0.9853107413172975,
  "population_risk": 1.6951162216648288,
  "bayes_population_risk": 0.9267692307692309,
  "empirical_bayes_risk": 0.925965520094354,
  "generalization_gap": 0.7098054803475313,
  "excess_population_risk": 0.7683469908955979,
  "runtime_seconds": 25.87421810813248,
  "runtime_per_step_seconds": 0.005174843621626496,
  "initial_objective": 1.187886137425859,
  "final_objective": 1.0030982629102223,
  "best_objective": 1.0030982629102223,
  "objective_reduction": 0.1847878745156366,
  "initial_train_loss_history": 1.1871785752885848,
  "final_train_loss_history": 0.9853107413172975,
  "best_train_loss_history": 0.9853107413172975,
  "train_loss_reduction": 0.20186783397128738,
  "weight_norm": 35.574432795931656,
  "trace_s": 35.57443279593165,
  "top_eigenvalue": 25.71796984962596,
  "min_eigenvalue": 1.0358892573827534e-10,
  "R1": 0.7229340801342898,
  "effective_rank": 2.3488320273348,
  "config_suffix": "cov_toeplitz_mask_random_rho_0p2_lambda_1e-05_beta_1_d_50_T_20_lr_0p001_iter_5000_ntrain_10_seed_42",
  "ridge_lambda": 0.01,
  "ridge_train_loss": 4.161857075456094e-06,
  "ridge_population_risk": 2.1696313163661065,
  "ridge_generalization_gap": 2.169627154509031,
  "ridge_excess_population_risk": 1.2428620855968755,
  "pca_n_components": 75,
  "pca_train_loss": 1.2206731512881349e-16,
  "pca_population_risk": 1.1085081045827676,
  "pca_generalization_gap": 1.1085081045827674,
  "pca_excess_population_risk": 0.1817388738135367
}