{
  "alpha": null,
  "seed": 42,
  "n_train": 1750,
  "n_population": 5000,
  "train_loss": 0.9664995698704881,
  "population_risk": 0.9763366022904459,
  "bayes_population_risk": 0.45666666666666667,
  "empirical_bayes_risk": 0.45339037127435505,
  "generalization_gap": 0.009837032419957814,
  "excess_population_risk": 0.5196699356237793,
  "runtime_seconds": 269.2335452288389,
  "runtime_per_step_seconds": 0.053846709045767785,
  "initial_objective": 0.9821978612956375,
  "final_objective": 0.9726581201233636,
  "best_objective": 0.9726581201233636,
  "objective_reduction": 0.009539741172273852,
  "initial_train_loss_history": 0.9809305792975777,
  "final_train_loss_history": 0.9664995698704881,
  "best_train_loss_history": 0.9664979424139951,
  "train_loss_reduction": 0.014431009427089525,
  "weight_norm": 6.158550225767061,
  "trace_s": 6.158550225767063,
  "top_eigenvalue": 2.1849788407889026,
  "min_eigenvalue": 1.5296308125164357e-17,
  "R1": 0.35478785764335596,
  "effective_rank": 6.685193458043001,
  "config_suffix": "cov_tridiagonal_mask_random_rho_0p5_lambda_1e-05_beta_1_d_100_T_5_lr_0p001_iter_5000_ntrain_1750_seed_42"
}