{
  "alpha": null,
  "seed": 42,
  "n_train": 80,
  "n_population": 5000,
  "train_loss": 0.5950776254823607,
  "population_risk": 0.9365165224827637,
  "bayes_population_risk": 0.5301185178874289,
  "empirical_bayes_risk": 0.5316639472294419,
  "generalization_gap": 0.3414388970004031,
  "excess_population_risk": 0.4063980045953348,
  "runtime_seconds": 19.658073814585805,
  "runtime_per_step_seconds": 0.003931614762917161,
  "initial_objective": 0.7150750150767694,
  "final_objective": 0.6191069773973834,
  "best_objective": 0.6191069773973834,
  "objective_reduction": 0.095968037679386,
  "initial_train_loss_history": 0.7132697838316115,
  "final_train_loss_history": 0.5950776254823607,
  "best_train_loss_history": 0.5950776254823607,
  "train_loss_reduction": 0.1181921583492509,
  "weight_norm": 24.02933825482031,
  "trace_s": 24.029338254820313,
  "top_eigenvalue": 12.691190905636955,
  "min_eigenvalue": 5.388798829758567e-13,
  "R1": 0.5281539912190916,
  "effective_rank": 3.8380966745813154,
  "config_suffix": "cov_exponential_mask_random_rho_NA_lambda_1e-05_beta_1_d_100_T_5_lr_0p001_iter_5000_ntrain_80_seed_42",
  "ridge_lambda": 0.01,
  "ridge_train_loss": 0.4953448495504517,
  "ridge_population_risk": 0.559727332204529,
  "ridge_generalization_gap": 0.06438248265407726,
  "ridge_excess_population_risk": 0.029608814317100052,
  "pca_n_components": 75,
  "pca_train_loss": 0.021766161272318292,
  "pca_population_risk": 1.0529729345026113,
  "pca_generalization_gap": 1.031206773230293,
  "pca_excess_population_risk": 0.5228544166151824
}