{
  "alpha": null,
  "seed": 42,
  "n_train": 30,
  "n_population": 5000,
  "train_loss": 0.7645809247089956,
  "population_risk": 1.4899219507596895,
  "bayes_population_risk": 0.45666666666666667,
  "empirical_bayes_risk": 0.4553434675182263,
  "generalization_gap": 0.7253410260506938,
  "excess_population_risk": 1.033255284093023,
  "runtime_seconds": 22.574877532199025,
  "runtime_per_step_seconds": 0.004514975506439805,
  "initial_objective": 0.965163748612077,
  "final_objective": 0.7801094945038564,
  "best_objective": 0.7801094945038564,
  "objective_reduction": 0.18505425410822063,
  "initial_train_loss_history": 0.9645273280520392,
  "final_train_loss_history": 0.7645809247089956,
  "best_train_loss_history": 0.7645809247089956,
  "train_loss_reduction": 0.1999464033430436,
  "weight_norm": 62.10879090918028,
  "trace_s": 62.10879090918027,
  "top_eigenvalue": 40.489899005109706,
  "min_eigenvalue": 5.830976202957175e-08,
  "R1": 0.6519189701231954,
  "effective_rank": 2.6418197519367954,
  "config_suffix": "cov_tridiagonal_mask_random_rho_0p5_lambda_1e-05_beta_1_d_25_T_5_lr_0p001_iter_5000_ntrain_30_seed_42"
}