{
  "alpha": null,
  "seed": 42,
  "n_train": 1500,
  "n_population": 5000,
  "train_loss": 0.8863125398094235,
  "population_risk": 0.8896441537529143,
  "bayes_population_risk": 0.4371730888154475,
  "empirical_bayes_risk": 0.43576350050523416,
  "generalization_gap": 0.0033316139434907965,
  "excess_population_risk": 0.4524710649374668,
  "runtime_seconds": 238.31164835579693,
  "runtime_per_step_seconds": 0.04766232967115939,
  "initial_objective": 0.8943575483154182,
  "final_objective": 0.8882275896341526,
  "best_objective": 0.8882275896341526,
  "objective_reduction": 0.006129958681265646,
  "initial_train_loss_history": 0.8937594534060015,
  "final_train_loss_history": 0.8863125398094235,
  "best_train_loss_history": 0.8863122140526648,
  "train_loss_reduction": 0.007446913596578009,
  "weight_norm": 3.8300995299937086,
  "trace_s": 3.830099529993708,
  "top_eigenvalue": 1.769645875219539,
  "min_eigenvalue": 6.050089564919918e-15,
  "R1": 0.4620365244718446,
  "effective_rank": 4.1108072823272055,
  "config_suffix": "cov_toeplitz_bump_mask_random_rho_0p5_lambda_1e-05_beta_1_d_50_T_10_lr_0p001_iter_5000_ntrain_1500_seed_42"
}