{
  "alpha": null,
  "seed": 42,
  "n_train": 100,
  "n_population": 5000,
  "train_loss": 0.5519160072823707,
  "population_risk": 1.2814618351168598,
  "bayes_population_risk": 0.24553354982376377,
  "empirical_bayes_risk": 0.24595274576346687,
  "generalization_gap": 0.7295458278344892,
  "excess_population_risk": 1.035928285293096,
  "runtime_seconds": 27.101888608187437,
  "runtime_per_step_seconds": 0.005420377721637487,
  "initial_objective": 0.8407110963181698,
  "final_objective": 0.6044877396387915,
  "best_objective": 0.6044877396387915,
  "objective_reduction": 0.23622335667937822,
  "initial_train_loss_history": 0.8394228445601164,
  "final_train_loss_history": 0.5519160072823707,
  "best_train_loss_history": 0.5519160072823707,
  "train_loss_reduction": 0.28750683727774573,
  "weight_norm": 52.571571980846095,
  "trace_s": 52.57157198084611,
  "top_eigenvalue": 34.22915953754709,
  "min_eigenvalue": 9.072193286724053e-13,
  "R1": 0.6510963672537341,
  "effective_rank": 3.1011572336456856,
  "config_suffix": "cov_matern_mask_random_rho_NA_lambda_1e-05_beta_1_d_100_T_10_lr_0p001_iter_5000_ntrain_100_seed_42",
  "ridge_lambda": 0.01,
  "ridge_train_loss": 0.23594416654837957,
  "ridge_population_risk": 0.27203919161294354,
  "ridge_generalization_gap": 0.03609502506456397,
  "ridge_excess_population_risk": 0.026505641789179774,
  "pca_n_components": 75,
  "pca_train_loss": 0.1293387120270924,
  "pca_population_risk": 0.9678439957192226,
  "pca_generalization_gap": 0.8385052836921303,
  "pca_excess_population_risk": 0.7223104458954589
}