{
  "alpha": 5.0,
  "seed": 0,
  "n_train": 12500,
  "n_population": 5000,
  "train_loss": 0.9656363953147391,
  "population_risk": 0.9696117609679455,
  "bayes_population_risk": 0.5208333333333334,
  "empirical_bayes_risk": 0.5204079413372245,
  "weight_norm": 0.004486538557661055,
  "trace_s": 0.004486538557661055,
  "top_eigenvalue": 0.00045559002584181964,
  "R1": 0.10154599586887984
}