{
  "alpha": null,
  "seed": 42,
  "n_train": 40,
  "n_population": 5000,
  "train_loss": 1.1045337951024243,
  "population_risk": 1.2907377208955,
  "bayes_population_risk": 1.0,
  "empirical_bayes_risk": 0.9900790455464179,
  "generalization_gap": 0.18620392579307565,
  "excess_population_risk": 0.2907377208955,
  "runtime_seconds": 24.029666850343347,
  "runtime_per_step_seconds": 0.004805933370068669,
  "initial_objective": 1.1623075691241878,
  "final_objective": 1.1071776639003048,
  "best_objective": 1.1071776639003048,
  "objective_reduction": 0.05512990522388295,
  "initial_train_loss_history": 1.1618694234611877,
  "final_train_loss_history": 1.1045337951024243,
  "best_train_loss_history": 1.1045337951024243,
  "train_loss_reduction": 0.05733562835876338,
  "weight_norm": 10.575434960969819,
  "trace_s": 10.575434960969819,
  "top_eigenvalue": 5.567421519929239,
  "min_eigenvalue": 4.0484539639058055e-11,
  "R1": 0.5264484667038866,
  "effective_rank": 3.284532629102588,
  "config_suffix": "cov_identity_mask_random_rho_NA_lambda_1e-05_beta_1_d_25_T_5_lr_0p001_iter_5000_ntrain_40_seed_42"
}