{
  "alpha": null,
  "seed": 42,
  "n_train": 5000,
  "n_population": 5000,
  "train_loss": 0.7996598248136384,
  "population_risk": 0.7938453559345249,
  "bayes_population_risk": 0.48757509716865854,
  "empirical_bayes_risk": 0.48239876716435803,
  "generalization_gap": -0.005814468879113521,
  "excess_population_risk": 0.30627025876586633,
  "runtime_seconds": 148.9272955469787,
  "runtime_per_step_seconds": 0.029785459109395743,
  "initial_objective": 0.8126197200871828,
  "final_objective": 0.8007702900663277,
  "best_objective": 0.8007702900663277,
  "objective_reduction": 0.011849430020855034,
  "initial_train_loss_history": 0.8121229939473001,
  "final_train_loss_history": 0.7996598248136384,
  "best_train_loss_history": 0.7996598248136384,
  "train_loss_reduction": 0.012463169133661745,
  "weight_norm": 4.441857552627905,
  "trace_s": 4.441857552627905,
  "top_eigenvalue": 1.0525550134415964,
  "min_eigenvalue": 1.816836665360794e-12,
  "R1": 0.2369628023795767,
  "effective_rank": 7.913162278262111,
  "config_suffix": "cov_toeplitz_bump_mask_random_rho_0p5_lambda_1e-05_beta_1_d_25_T_5_lr_0p001_iter_5000_ntrain_5000_seed_42"
}