{
  "alpha": null,
  "seed": 42,
  "n_train": 750,
  "n_population": 5000,
  "train_loss": 0.7106029190192488,
  "population_risk": 0.7258334612664558,
  "bayes_population_risk": 0.5301185178874289,
  "empirical_bayes_risk": 0.5277465883155966,
  "generalization_gap": 0.01523054224720699,
  "excess_population_risk": 0.19571494337902684,
  "runtime_seconds": 30.28827608190477,
  "runtime_per_step_seconds": 0.006057655216380953,
  "initial_objective": 0.7409164724184798,
  "final_objective": 0.7208432697560774,
  "best_objective": 0.7208432697560774,
  "objective_reduction": 0.020073202662402423,
  "initial_train_loss_history": 0.7393437893127872,
  "final_train_loss_history": 0.7106029190192488,
  "best_train_loss_history": 0.7106012934560907,
  "train_loss_reduction": 0.028740870293538445,
  "weight_norm": 10.240350491793752,
  "trace_s": 10.240350491793754,
  "top_eigenvalue": 2.63294289700018,
  "min_eigenvalue": 5.080795309943328e-17,
  "R1": 0.2571145293425382,
  "effective_rank": 9.277948555888589,
  "config_suffix": "cov_exponential_mask_random_rho_NA_lambda_1e-05_beta_1_d_100_T_5_lr_0p001_iter_5000_ntrain_750_seed_42",
  "ridge_lambda": 0.01,
  "ridge_train_loss": 0.5265853839644491,
  "ridge_population_risk": 0.5302196226636059,
  "ridge_generalization_gap": 0.0036342386991568,
  "ridge_excess_population_risk": 0.00010110477617697455,
  "pca_n_components": 75,
  "pca_train_loss": 0.6410167198262614,
  "pca_population_risk": 0.8609792521785584,
  "pca_generalization_gap": 0.219962532352297,
  "pca_excess_population_risk": 0.3308607342911295
}