{
  "alpha": null,
  "seed": 42,
  "n_train": 750,
  "n_population": 5000,
  "train_loss": 1.1274380323434408,
  "population_risk": 1.1292824160737727,
  "bayes_population_risk": 0.9710902924899966,
  "empirical_bayes_risk": 0.9685113998068273,
  "generalization_gap": 0.001844383730331911,
  "excess_population_risk": 0.1581921235837761,
  "runtime_seconds": 37.9095713943243,
  "runtime_per_step_seconds": 0.00758191427886486,
  "initial_objective": 1.1311408744409892,
  "final_objective": 1.1278549771664819,
  "best_objective": 1.1278549771664819,
  "objective_reduction": 0.0032858972745073434,
  "initial_train_loss_history": 1.1307976014375423,
  "final_train_loss_history": 1.1274380323434408,
  "best_train_loss_history": 1.1274378083634589,
  "train_loss_reduction": 0.003359569094101511,
  "weight_norm": 1.6677792917763494,
  "trace_s": 1.6677792917763492,
  "top_eigenvalue": 0.9400239986696719,
  "min_eigenvalue": 4.745318781888063e-17,
  "R1": 0.5636381284411163,
  "effective_rank": 3.1805373443334006,
  "config_suffix": "cov_exponential_mask_random_rho_NA_lambda_1e-05_beta_1_d_25_T_5_lr_0p001_iter_5000_ntrain_750_seed_42"
}