{
  "alpha": 3.0,
  "seed": 0,
  "n_train": 7500,
  "n_population": 5000,
  "train_loss": 1.1178270576381781,
  "population_risk": 1.1174191500535033,
  "bayes_population_risk": 0.9415384615384615,
  "empirical_bayes_risk": 0.9401282476711709,
  "weight_norm": 0.004415457563157529,
  "trace_s": 0.0044154575631575295,
  "top_eigenvalue": 0.00042766708113576397,
  "R1": 0.09685679796907296
}