{
  "alpha": null,
  "seed": 42,
  "n_train": 125,
  "n_population": 5000,
  "train_loss": 0.9625234136649662,
  "population_risk": 1.0454899597450058,
  "bayes_population_risk": 0.2928968253968254,
  "empirical_bayes_risk": 0.2938121046018535,
  "generalization_gap": 0.08296654608003962,
  "excess_population_risk": 0.7525931343481804,
  "runtime_seconds": 25.042489210143685,
  "runtime_per_step_seconds": 0.005008497842028737,
  "initial_objective": 1.0022017353992718,
  "final_objective": 0.9667271321334833,
  "best_objective": 0.9667271321334833,
  "objective_reduction": 0.03547460326578855,
  "initial_train_loss_history": 1.0015740955089298,
  "final_train_loss_history": 0.9625234136649662,
  "best_train_loss_history": 0.9625234136649662,
  "train_loss_reduction": 0.03905068184396365,
  "weight_norm": 8.407426290484269,
  "trace_s": 8.407426290484269,
  "top_eigenvalue": 3.7515959058049115,
  "min_eigenvalue": 5.073242492713032e-13,
  "R1": 0.44622406146469074,
  "effective_rank": 3.7667401266796707,
  "config_suffix": "cov_tridiagonal_mask_random_rho_0p5_lambda_1e-05_beta_1_d_50_T_10_lr_0p001_iter_5000_ntrain_125_seed_42",
  "ridge_lambda": 0.01,
  "ridge_train_loss": 0.27195356457049163,
  "ridge_population_risk": 0.3164293985742186,
  "ridge_generalization_gap": 0.044475834003726955,
  "ridge_excess_population_risk": 0.023532573177393212,
  "pca_n_components": 75,
  "pca_train_loss": 0.23878698200681941,
  "pca_population_risk": 1.0936746424856076,
  "pca_generalization_gap": 0.8548876604787883,
  "pca_excess_population_risk": 0.8007778170887823
}