{
  "alpha": null,
  "seed": 42,
  "n_train": 3000,
  "n_population": 5000,
  "train_loss": 0.32663971181522367,
  "population_risk": 0.329233605750458,
  "bayes_population_risk": 0.13898342541436456,
  "empirical_bayes_risk": 0.18975346992456302,
  "generalization_gap": 0.002593893935234348,
  "excess_population_risk": 0.19025018033609345,
  "runtime_seconds": 413.991659687832,
  "runtime_per_step_seconds": 0.0413991659687832,
  "initial_objective": 0.3648939878362447,
  "final_objective": 0.33184971003560676,
  "best_objective": 0.33184971003560676,
  "objective_reduction": 0.033044277800637956,
  "initial_train_loss_history": 0.36365769433288914,
  "final_train_loss_history": 0.32663971181522367,
  "best_train_loss_history": 0.32663971181522367,
  "train_loss_reduction": 0.03701798251766547,
  "weight_norm": 10.419996434185764,
  "trace_s": 10.41999643418577,
  "top_eigenvalue": 1.259935862300274,
  "min_eigenvalue": 3.9737483313089637e-17,
  "R1": 0.12091519131107335
}