{
  "alpha": null,
  "seed": 42,
  "n_train": 150,
  "n_population": 5000,
  "train_loss": 1.0468950659712208,
  "population_risk": 1.0567724422131792,
  "bayes_population_risk": 1.0,
  "empirical_bayes_risk": 1.0009102100625518,
  "generalization_gap": 0.009877376241958391,
  "excess_population_risk": 0.05677244221317923,
  "runtime_seconds": 40.857601054012775,
  "runtime_per_step_seconds": 0.008171520210802556,
  "initial_objective": 1.0538380467566026,
  "final_objective": 1.0479272401951887,
  "best_objective": 1.0479272401951887,
  "objective_reduction": 0.0059108065614139615,
  "initial_train_loss_history": 1.0532563393424037,
  "final_train_loss_history": 1.0468950659712208,
  "best_train_loss_history": 1.0468950659712208,
  "train_loss_reduction": 0.006361273371182863,
  "weight_norm": 2.0643484474161986,
  "trace_s": 2.064348447416198,
  "top_eigenvalue": 1.849996705355685,
  "min_eigenvalue": 1.0626961354868338e-17,
  "R1": 0.8961649413746976,
  "effective_rank": 1.39575049789345,
  "config_suffix": "cov_identity_mask_random_rho_NA_lambda_1e-05_beta_1_d_50_T_20_lr_0p001_iter_5000_ntrain_150_seed_42"
}