{
  "alpha": null,
  "seed": 42,
  "n_train": 20,
  "n_population": 5000,
  "train_loss": 1.0631637675083112,
  "population_risk": 1.0969295607597411,
  "bayes_population_risk": 1.0,
  "empirical_bayes_risk": 0.9982064068574728,
  "generalization_gap": 0.03376579325142992,
  "excess_population_risk": 0.09692956075974113,
  "runtime_seconds": 36.14955717884004,
  "runtime_per_step_seconds": 0.007229911435768008,
  "initial_objective": 1.10968067665288,
  "final_objective": 1.0783271679144362,
  "best_objective": 1.0783271679144362,
  "objective_reduction": 0.03135350873844378,
  "initial_train_loss_history": 1.107595066692098,
  "final_train_loss_history": 1.0631637675083112,
  "best_train_loss_history": 1.0631625560141496,
  "train_loss_reduction": 0.04443129918378674,
  "weight_norm": 7.581700203061267,
  "trace_s": 7.581700203061266,
  "top_eigenvalue": 7.581700198779227,
  "min_eigenvalue": -1.79472101789534e-15,
  "R1": 0.9999999994352148,
  "effective_rank": 1.0000000125899053,
  "config_suffix": "cov_identity_mask_random_rho_NA_lambda_1e-05_beta_1_d_200_T_20_lr_0p001_iter_5000_ntrain_20_seed_42",
  "ridge_lambda": 0.01,
  "ridge_train_loss": 0.05253258582898053,
  "ridge_population_risk": 18.8242917339163,
  "ridge_generalization_gap": 18.77175914808732,
  "ridge_excess_population_risk": 17.8242917339163,
  "pca_n_components": 75,
  "pca_train_loss": 1.1164011397640023e-16,
  "pca_population_risk": 1.0522285531268634,
  "pca_generalization_gap": 1.0522285531268631,
  "pca_excess_population_risk": 0.052228553126863364
}