{
  "alpha": null,
  "seed": 42,
  "n_train": 10,
  "n_population": 5000,
  "train_loss": 0.7509602720445943,
  "population_risk": 1.233363457549791,
  "bayes_population_risk": 0.8423761467889908,
  "empirical_bayes_risk": 0.8410276160994512,
  "generalization_gap": 0.4824031855051967,
  "excess_population_risk": 0.3909873107608002,
  "runtime_seconds": 23.06171373464167,
  "runtime_per_step_seconds": 0.02306171373464167,
  "initial_objective": 0.9189808423740312,
  "final_objective": 0.7634702584124416,
  "best_objective": 0.7634702584124416,
  "objective_reduction": 0.15551058396158957,
  "initial_train_loss_history": 0.9177355285786428,
  "final_train_loss_history": 0.7509602720445943,
  "best_train_loss_history": 0.7509602720445943,
  "train_loss_reduction": 0.16677525653404857,
  "weight_norm": 12.499881717795867,
  "trace_s": 12.499881717795862,
  "top_eigenvalue": 11.411153040760297,
  "min_eigenvalue": 6.572793270546915e-10,
  "R1": 0.9129008816550989
}