{
  "alpha": null,
  "seed": 42,
  "n_train": 150,
  "n_population": 5000,
  "train_loss": 1.1463584989199125,
  "population_risk": 1.1799300871418106,
  "bayes_population_risk": 0.96,
  "empirical_bayes_risk": 0.9578036195298799,
  "generalization_gap": 0.0335715882218981,
  "excess_population_risk": 0.21993008714181062,
  "runtime_seconds": 36.42966600880027,
  "runtime_per_step_seconds": 0.003642966600880027,
  "initial_objective": 1.1703566390775628,
  "final_objective": 1.150047017412434,
  "best_objective": 1.1500470173739326,
  "objective_reduction": 0.02030962166512884,
  "initial_train_loss_history": 1.1690599135502275,
  "final_train_loss_history": 1.1463584989199125,
  "best_train_loss_history": 1.1463537694951975,
  "train_loss_reduction": 0.022701414630315053,
  "weight_norm": 7.377037034452281,
  "trace_s": 7.377037034452281,
  "top_eigenvalue": 2.833337062284484,
  "min_eigenvalue": -1.622175237909304e-16,
  "R1": 0.38407521191126165,
  "config_suffix": "cov_toeplitz_mask_last_rho_0p2_lambda_1e-05_beta_1_d_50_T_5_lr_0p01_iter_10000_ntrain_150_seed_42"
}