{
  "alpha": null,
  "seed": 42,
  "n_train": 30,
  "n_population": 5000,
  "train_loss": 0.6826658430737995,
  "population_risk": 1.6266065550968005,
  "bayes_population_risk": 0.2928968253968254,
  "empirical_bayes_risk": 0.291720995485654,
  "generalization_gap": 0.943940712023001,
  "excess_population_risk": 1.3337097296999751,
  "runtime_seconds": 16.536298874765635,
  "runtime_per_step_seconds": 0.0033072597749531267,
  "initial_objective": 0.9492821228343021,
  "final_objective": 0.7105099968475258,
  "best_objective": 0.7105099968475258,
  "objective_reduction": 0.23877212598677633,
  "initial_train_loss_history": 0.9485942468915464,
  "final_train_loss_history": 0.6826658430737995,
  "best_train_loss_history": 0.6826658430737995,
  "train_loss_reduction": 0.26592840381774685,
  "weight_norm": 55.687689808215765,
  "trace_s": 55.687689808215765,
  "top_eigenvalue": 39.931383850445684,
  "min_eigenvalue": 2.887256378819991e-09,
  "R1": 0.7170594432623508,
  "effective_rank": 2.407060140829516,
  "config_suffix": "cov_tridiagonal_mask_random_rho_0p5_lambda_1e-05_beta_1_d_50_T_10_lr_0p001_iter_5000_ntrain_30_seed_42",
  "ridge_lambda": 0.01,
  "ridge_train_loss": 0.2277746856510477,
  "ridge_population_risk": 0.4113858262093363,
  "ridge_generalization_gap": 0.1836111405582886,
  "ridge_excess_population_risk": 0.1184890008125109,
  "pca_n_components": 75,
  "pca_train_loss": 1.2722561755167428e-16,
  "pca_population_risk": 1.0697187572677394,
  "pca_generalization_gap": 1.0697187572677391,
  "pca_excess_population_risk": 0.776821931870914
}