{
  "alpha": null,
  "seed": 42,
  "n_train": 2500,
  "n_population": 5000,
  "train_loss": 0.8033160193314297,
  "population_risk": 0.8031507783022362,
  "bayes_population_risk": 0.24553354982376377,
  "empirical_bayes_risk": 0.2426205930499586,
  "generalization_gap": -0.00016524102919346362,
  "excess_population_risk": 0.5576172284784725,
  "runtime_seconds": 274.6738418675959,
  "runtime_per_step_seconds": 0.05493476837351918,
  "initial_objective": 0.8079913142496525,
  "final_objective": 0.80414545376688,
  "best_objective": 0.80414545376688,
  "objective_reduction": 0.0038458604827725784,
  "initial_train_loss_history": 0.8076761066331827,
  "final_train_loss_history": 0.8033160193314297,
  "best_train_loss_history": 0.8033160193314297,
  "train_loss_reduction": 0.0043600873017529684,
  "weight_norm": 3.3177371993404727,
  "trace_s": 3.3177371993404736,
  "top_eigenvalue": 1.4053713131422272,
  "min_eigenvalue": 8.4560258338359e-14,
  "R1": 0.4235933193929882,
  "effective_rank": 4.163064300800221,
  "config_suffix": "cov_matern_mask_random_rho_NA_lambda_1e-05_beta_1_d_25_T_10_lr_0p001_iter_5000_ntrain_2500_seed_42"
}