{
  "alpha": null,
  "seed": 42,
  "n_train": 10000,
  "n_population": 5000,
  "train_loss": 0.9952029524503567,
  "population_risk": 0.9964366555662572,
  "bayes_population_risk": 0.75,
  "empirical_bayes_risk": 0.7495600048829457,
  "generalization_gap": 0.0012337031159004308,
  "excess_population_risk": 0.24643665556625716,
  "runtime_seconds": 147.26582910493016,
  "runtime_per_step_seconds": 0.14726582910493016,
  "initial_objective": 1.0007501040148299,
  "final_objective": 0.9952031357060802,
  "best_objective": 0.9952031357060802,
  "objective_reduction": 0.005546968308749678,
  "initial_train_loss_history": 0.9955834626895983,
  "final_train_loss_history": 0.9952029524503567,
  "best_train_loss_history": 0.9950470482807064,
  "train_loss_reduction": 0.00038051023924157157,
  "weight_norm": 3.628029367345911e-05,
  "trace_s": 3.62802936734591e-05,
  "top_eigenvalue": 8.121582032583753e-06,
  "min_eigenvalue": 1.5394761453993798e-14,
  "R1": 0.22385656813260876,
  "config_suffix": "cov_toeplitz_mask_last_rho_0p5_lambda_0p0001_beta_1_d_50_T_5_lr_0p001_iter_1000_ntrain_10000_seed_42"
}