{
  "alpha": null,
  "seed": 42,
  "n_train": 10,
  "n_population": 5000,
  "train_loss": 0.10075055294409921,
  "population_risk": 1.7968227847334042,
  "bayes_population_risk": 0.09356768304525143,
  "empirical_bayes_risk": 0.093529042787942,
  "generalization_gap": 1.6960722317893049,
  "excess_population_risk": 1.7032551016881528,
  "runtime_seconds": 24.732015405781567,
  "runtime_per_step_seconds": 0.004946403081156314,
  "initial_objective": 0.22488768631324088,
  "final_objective": 0.11503643350260365,
  "best_objective": 0.11503643350260365,
  "objective_reduction": 0.10985125281063723,
  "initial_train_loss_history": 0.2226828684640755,
  "final_train_loss_history": 0.10075055294409921,
  "best_train_loss_history": 0.10075055294409921,
  "train_loss_reduction": 0.1219323155199763,
  "weight_norm": 14.285874039533415,
  "trace_s": 14.285874039533415,
  "top_eigenvalue": 10.635743242670193,
  "min_eigenvalue": 7.560734778055988e-13,
  "R1": 0.7444937014870644,
  "effective_rank": 1.779230425255021,
  "config_suffix": "cov_circulant_ar1_mask_random_rho_0p9_lambda_1e-05_beta_1_d_100_T_5_lr_0p001_iter_5000_ntrain_10_seed_42"
}