{
  "alpha": null,
  "seed": 42,
  "n_train": 50,
  "n_population": 5000,
  "train_loss": 1.0473155609296352,
  "population_risk": 1.1236448346548549,
  "bayes_population_risk": 0.8498899082568808,
  "empirical_bayes_risk": 0.9105997585587393,
  "generalization_gap": 0.07632927372521969,
  "excess_population_risk": 0.27375492639797405,
  "runtime_seconds": 8.114607531577349,
  "runtime_per_step_seconds": 0.00811460753157735,
  "initial_objective": 1.0818712054607158,
  "final_objective": 1.050543476048907,
  "best_objective": 1.050543476048907,
  "objective_reduction": 0.031327729411808836,
  "initial_train_loss_history": 1.0812510183597603,
  "final_train_loss_history": 1.0473155609296352,
  "best_train_loss_history": 1.0473155609296352,
  "train_loss_reduction": 0.03393545743012516,
  "weight_norm": 6.451974271076018,
  "trace_s": 6.4519742710760175,
  "top_eigenvalue": 2.9409441242035177,
  "min_eigenvalue": 1.2291479806517939e-09,
  "R1": 0.4558208078088083
}