{
  "alpha": null,
  "seed": 42,
  "n_train": 500,
  "n_population": 5000,
  "train_loss": 0.9802941515388411,
  "population_risk": 1.0083965439230775,
  "bayes_population_risk": 0.75,
  "empirical_bayes_risk": 0.7499500525541332,
  "generalization_gap": 0.028102392384236397,
  "excess_population_risk": 0.25839654392307754,
  "runtime_seconds": 72.29016304574907,
  "runtime_per_step_seconds": 0.0072290163045749065,
  "initial_objective": 0.9971112145593963,
  "final_objective": 0.9832932813759505,
  "best_objective": 0.9832932813759505,
  "objective_reduction": 0.013817933183445819,
  "initial_train_loss_history": 0.9964953172422671,
  "final_train_loss_history": 0.9802941515388411,
  "best_train_loss_history": 0.9802919893258558,
  "train_loss_reduction": 0.016201165703426,
  "weight_norm": 5.998259672548698,
  "trace_s": 5.998259672548697,
  "top_eigenvalue": 1.6853474417236718,
  "min_eigenvalue": -1.3405206577684596e-16,
  "R1": 0.28097273771536435,
  "config_suffix": "cov_toeplitz_mask_last_rho_0p5_lambda_1e-05_beta_1_d_50_T_5_lr_0p001_iter_10000_ntrain_500_seed_42"
}