{
  "alpha": null,
  "seed": 42,
  "n_train": 2000,
  "n_population": 5000,
  "train_loss": 0.9007786592411956,
  "population_risk": 0.9118016087828473,
  "bayes_population_risk": 0.6299999999999999,
  "empirical_bayes_risk": 0.629648370179632,
  "generalization_gap": 0.011022949541651728,
  "excess_population_risk": 0.28180160878284743,
  "runtime_seconds": 79.4680334161967,
  "runtime_per_step_seconds": 0.07946803341619671,
  "initial_objective": 0.9049428157902886,
  "final_objective": 0.9022832220202912,
  "best_objective": 0.9022832220202912,
  "objective_reduction": 0.0026595937699973593,
  "initial_train_loss_history": 0.9038440909149894,
  "final_train_loss_history": 0.9007786592411956,
  "best_train_loss_history": 0.9007786592411956,
  "train_loss_reduction": 0.003065431673793806,
  "weight_norm": 1.5045574210954522,
  "trace_s": 1.504557421095452,
  "top_eigenvalue": 1.5021017943583161,
  "min_eigenvalue": 5.202099010825958e-15,
  "R1": 0.9983678743644433
}