{
  "alpha": null,
  "seed": 42,
  "n_train": 400,
  "n_population": 5000,
  "train_loss": 1.2159147082531938,
  "population_risk": 1.2075373127582578,
  "bayes_population_risk": 1.0,
  "empirical_bayes_risk": 1.0012387450310714,
  "generalization_gap": -0.00837739549493599,
  "excess_population_risk": 0.20753731275825782,
  "runtime_seconds": 29.39311145991087,
  "runtime_per_step_seconds": 0.005878622291982174,
  "initial_objective": 1.2232077433770803,
  "final_objective": 1.2164361802225006,
  "best_objective": 1.2164361802225006,
  "objective_reduction": 0.006771563154579718,
  "initial_train_loss_history": 1.2228287205809563,
  "final_train_loss_history": 1.2159147082531938,
  "best_train_loss_history": 1.2159147082531938,
  "train_loss_reduction": 0.006914012327762453,
  "weight_norm": 2.0858876087655234,
  "trace_s": 2.085887608765523,
  "top_eigenvalue": 0.899356331250737,
  "min_eigenvalue": 3.065998171502391e-15,
  "R1": 0.43116241137411854,
  "effective_rank": 3.5704741041953416,
  "config_suffix": "cov_identity_mask_random_rho_NA_lambda_1e-05_beta_1_d_25_T_5_lr_0p001_iter_5000_ntrain_400_seed_42"
}