{
  "alpha": null,
  "seed": 42,
  "n_train": 500,
  "n_population": 5000,
  "train_loss": 0.18236275902430713,
  "population_risk": 0.19357614950983765,
  "bayes_population_risk": 0.09356768304525143,
  "empirical_bayes_risk": 0.09332071923625262,
  "generalization_gap": 0.011213390485530522,
  "excess_population_risk": 0.10000846646458622,
  "runtime_seconds": 108.01363990455866,
  "runtime_per_step_seconds": 0.021602727980911732,
  "initial_objective": 0.24321280982919144,
  "final_objective": 0.19366359638535185,
  "best_objective": 0.19366359638535185,
  "objective_reduction": 0.049549213443839585,
  "initial_train_loss_history": 0.24088027416563096,
  "final_train_loss_history": 0.18236275902430713,
  "best_train_loss_history": 0.18236275902430713,
  "train_loss_reduction": 0.058517515141323834,
  "weight_norm": 11.300829230898414,
  "trace_s": 11.300829230898412,
  "top_eigenvalue": 1.61926091021164,
  "min_eigenvalue": 2.0906148933102585e-13,
  "R1": 0.14328691082104858,
  "effective_rank": 12.202775242198092,
  "config_suffix": "cov_circulant_ar1_mask_random_rho_0p9_lambda_1e-05_beta_1_d_100_T_5_lr_0p001_iter_5000_ntrain_500_seed_42"
}