{
  "alpha": null,
  "seed": 42,
  "n_train": 400,
  "n_population": 5000,
  "train_loss": 0.1845693937827492,
  "population_risk": 0.19426895003020564,
  "bayes_population_risk": 0.09356768304525143,
  "empirical_bayes_risk": 0.09340427494139447,
  "generalization_gap": 0.009699556247456442,
  "excess_population_risk": 0.10070126698495421,
  "runtime_seconds": 92.9559341520071,
  "runtime_per_step_seconds": 0.01859118683040142,
  "initial_objective": 0.2478926591849671,
  "final_objective": 0.19546873710814391,
  "best_objective": 0.19546873710814391,
  "objective_reduction": 0.0524239220768232,
  "initial_train_loss_history": 0.24537354158684466,
  "final_train_loss_history": 0.1845693937827492,
  "best_train_loss_history": 0.1845693937827492,
  "train_loss_reduction": 0.06080414780409546,
  "weight_norm": 10.899333810274506,
  "trace_s": 10.899333810274506,
  "top_eigenvalue": 1.9585916308736142,
  "min_eigenvalue": 6.044055405843584e-14,
  "R1": 0.17969828844284985,
  "effective_rank": 10.996614647740149,
  "config_suffix": "cov_circulant_ar1_mask_random_rho_0p9_lambda_1e-05_beta_1_d_100_T_5_lr_0p001_iter_5000_ntrain_400_seed_42"
}