{
  "alpha": null,
  "seed": 42,
  "n_train": 100,
  "n_population": 5000,
  "train_loss": 0.26698943918958906,
  "population_risk": 0.39261389545412145,
  "bayes_population_risk": 0.07006953088198194,
  "empirical_bayes_risk": 0.07175837321777954,
  "generalization_gap": 0.1256244562645324,
  "excess_population_risk": 0.32254436457213953,
  "runtime_seconds": 22.36379874497652,
  "runtime_per_step_seconds": 0.004472759748995304,
  "initial_objective": 0.3844830175309208,
  "final_objective": 0.2739744779377319,
  "best_objective": 0.2739744779377319,
  "objective_reduction": 0.1105085395931889,
  "initial_train_loss_history": 0.38368849819224105,
  "final_train_loss_history": 0.26698943918958906,
  "best_train_loss_history": 0.26698943918958906,
  "train_loss_reduction": 0.11669905900265198,
  "weight_norm": 27.93939138438012,
  "trace_s": 27.93939138438012,
  "top_eigenvalue": 11.612153312655678,
  "min_eigenvalue": 8.497013505144717e-08,
  "R1": 0.4156194082004093,
  "effective_rank": 6.176156417682704,
  "config_suffix": "cov_matern_mask_random_rho_NA_lambda_1e-05_beta_1_d_25_T_5_lr_0p001_iter_5000_ntrain_100_seed_42"
}