{
  "alpha": null,
  "seed": 42,
  "n_train": 40,
  "n_population": 5000,
  "train_loss": 0.37576707031391443,
  "population_risk": 1.1768619874971311,
  "bayes_population_risk": 0.2921672002085666,
  "empirical_bayes_risk": 0.2901258320104551,
  "generalization_gap": 0.8010949171832167,
  "excess_population_risk": 0.8846947872885644,
  "runtime_seconds": 27.64842840284109,
  "runtime_per_step_seconds": 0.005529685680568218,
  "initial_objective": 0.6579237984152715,
  "final_objective": 0.4069135257237378,
  "best_objective": 0.4069135257237378,
  "objective_reduction": 0.2510102726915337,
  "initial_train_loss_history": 0.6569946538930325,
  "final_train_loss_history": 0.37576707031391443,
  "best_train_loss_history": 0.37576707031391443,
  "train_loss_reduction": 0.28122758357911803,
  "weight_norm": 62.292154488487085,
  "trace_s": 62.2921544884871,
  "top_eigenvalue": 33.66717743919226,
  "min_eigenvalue": 4.0116045180521195e-09,
  "R1": 0.5404721945428081,
  "effective_rank": 4.477815910732163,
  "config_suffix": "cov_matern_mask_random_rho_NA_lambda_1e-05_beta_1_d_50_T_5_lr_0p001_iter_5000_ntrain_40_seed_42"
}