{
  "alpha": null,
  "seed": 42,
  "n_train": 3000,
  "n_population": 5000,
  "train_loss": 0.5763608365631181,
  "population_risk": 0.5815397508629275,
  "bayes_population_risk": 0.27570731707317064,
  "empirical_bayes_risk": 0.3602923620148233,
  "generalization_gap": 0.005178914299809434,
  "excess_population_risk": 0.3058324337897569,
  "runtime_seconds": 1253.2632421571761,
  "runtime_per_step_seconds": 0.12532632421571763,
  "initial_objective": 0.5905181917497649,
  "final_objective": 0.5841189258337964,
  "best_objective": 0.5841189180074042,
  "objective_reduction": 0.006399265915968511,
  "initial_train_loss_history": 0.5875928750730828,
  "final_train_loss_history": 0.5763608365631181,
  "best_train_loss_history": 0.5763547990989506,
  "train_loss_reduction": 0.011232038509964681,
  "weight_norm": 3.879044604547572,
  "trace_s": 3.8790446045475715,
  "top_eigenvalue": 0.5530296497810012,
  "min_eigenvalue": -8.393762262282267e-17,
  "R1": 0.14256852038583437
}