{
  "alpha": null,
  "seed": 42,
  "n_train": 1250,
  "n_population": 5000,
  "train_loss": 0.9812667867747821,
  "population_risk": 0.986207613666945,
  "bayes_population_risk": 0.7459898192227884,
  "empirical_bayes_risk": 0.7484013671193405,
  "generalization_gap": 0.004940826892162908,
  "excess_population_risk": 0.24021779444415658,
  "runtime_seconds": 25.739322494715452,
  "runtime_per_step_seconds": 0.00514786449894309,
  "initial_objective": 0.9907871940717518,
  "final_objective": 0.982042376966803,
  "best_objective": 0.982042376966803,
  "objective_reduction": 0.008744817104948788,
  "initial_train_loss_history": 0.9903431557639396,
  "final_train_loss_history": 0.9812667867747821,
  "best_train_loss_history": 0.9812667856784548,
  "train_loss_reduction": 0.009076368989157535,
  "weight_norm": 3.1023601823040408,
  "trace_s": 3.1023601823040403,
  "top_eigenvalue": 0.917340605447645,
  "min_eigenvalue": 3.700644769019168e-14,
  "R1": 0.295691200099906,
  "effective_rank": 5.284314687900106,
  "config_suffix": "cov_matern_mask_random_rho_NA_lambda_1e-05_beta_1_d_25_T_5_lr_0p001_iter_5000_ntrain_1250_seed_42",
  "ridge_lambda": 0.01,
  "ridge_train_loss": 0.7481308603978614,
  "ridge_population_risk": 0.7505596768938562,
  "ridge_generalization_gap": 0.002428816495994801,
  "ridge_excess_population_risk": 0.004569857671067767,
  "pca_n_components": 62,
  "pca_train_loss": 1.078827133531586,
  "pca_population_risk": 1.2981482319170812,
  "pca_generalization_gap": 0.21932109838549518,
  "pca_excess_population_risk": 0.5521584126942928
}