{
  "alpha": null,
  "seed": 42,
  "n_train": 2500,
  "n_population": 5000,
  "train_loss": 0.8228944853403042,
  "population_risk": 0.8189515684571993,
  "bayes_population_risk": 0.4961178375737193,
  "empirical_bayes_risk": 0.4941302108427328,
  "generalization_gap": -0.0039429168831048855,
  "excess_population_risk": 0.32283373088348,
  "runtime_seconds": 281.8823243621737,
  "runtime_per_step_seconds": 0.05637646487243474,
  "initial_objective": 0.8290015216245881,
  "final_objective": 0.8246481240704981,
  "best_objective": 0.8246481240704981,
  "objective_reduction": 0.004353397554089922,
  "initial_train_loss_history": 0.8283653986664995,
  "final_train_loss_history": 0.8228944853403042,
  "best_train_loss_history": 0.8228938216182125,
  "train_loss_reduction": 0.005470913326195315,
  "weight_norm": 3.5072773361582965,
  "trace_s": 3.507277336158296,
  "top_eigenvalue": 1.7574999354643108,
  "min_eigenvalue": 1.4275958222864235e-16,
  "R1": 0.5011009301560944,
  "effective_rank": 3.626802009066025,
  "config_suffix": "cov_exponential_mask_random_rho_NA_lambda_1e-05_beta_1_d_50_T_10_lr_0p001_iter_5000_ntrain_2500_seed_42"
}