{
  "alpha": null,
  "seed": 42,
  "n_train": 150,
  "n_population": 5000,
  "train_loss": 0.20824989132010208,
  "population_risk": 0.276422568802067,
  "bayes_population_risk": 0.13898342541436456,
  "empirical_bayes_risk": 0.13996057890389918,
  "generalization_gap": 0.06817267748196493,
  "excess_population_risk": 0.13743914338770244,
  "runtime_seconds": 42.06216418556869,
  "runtime_per_step_seconds": 0.004206216418556869,
  "initial_objective": 0.28564215340923715,
  "final_objective": 0.21992583403020388,
  "best_objective": 0.21992583403020388,
  "objective_reduction": 0.06571631937903327,
  "initial_train_loss_history": 0.2842864114072263,
  "final_train_loss_history": 0.20824989132010208,
  "best_train_loss_history": 0.20824989132010208,
  "train_loss_reduction": 0.07603652008712425,
  "weight_norm": 23.35188541999511,
  "trace_s": 23.351885419995114,
  "top_eigenvalue": 10.283089482362103,
  "min_eigenvalue": 6.40070446086088e-17,
  "R1": 0.4403537143753362,
  "config_suffix": "cov_toeplitz_mask_random_rho_0p9_lambda_1e-05_beta_1_d_50_T_5_lr_0p001_iter_10000_ntrain_150_seed_42"
}