{
  "alpha": null,
  "seed": 42,
  "n_train": 10,
  "n_population": 5000,
  "train_loss": 0.34816593195079176,
  "population_risk": 1.5636420366516648,
  "bayes_population_risk": 0.09796305337869733,
  "empirical_bayes_risk": 0.09622249047045552,
  "generalization_gap": 1.215476104700873,
  "excess_population_risk": 1.4656789832729675,
  "runtime_seconds": 30.609053682535887,
  "runtime_per_step_seconds": 0.006121810736507177,
  "initial_objective": 0.809252536885094,
  "final_objective": 0.3582147678978565,
  "best_objective": 0.3582147678978565,
  "objective_reduction": 0.4510377689872375,
  "initial_train_loss_history": 0.8081051113043867,
  "final_train_loss_history": 0.34816593195079176,
  "best_train_loss_history": 0.34816593195079176,
  "train_loss_reduction": 0.4599391793535949,
  "weight_norm": 20.09683554953963,
  "trace_s": 20.09683554953963,
  "top_eigenvalue": 14.492761800742027,
  "min_eigenvalue": 2.6292926462136264e-09,
  "R1": 0.7211464593526026,
  "effective_rank": 2.6827987906206787,
  "config_suffix": "cov_toeplitz_bump_mask_random_rho_0p5_lambda_1e-05_beta_1_d_50_T_5_lr_0p001_iter_5000_ntrain_10_seed_42"
}