{
  "alpha": null,
  "seed": 42,
  "n_train": 500,
  "n_population": 5000,
  "train_loss": 0.44234275620727226,
  "population_risk": 0.44382841913176724,
  "bayes_population_risk": 0.27570731707317064,
  "empirical_bayes_risk": 0.2755408658288889,
  "generalization_gap": 0.0014856629244949793,
  "excess_population_risk": 0.1681211020585966,
  "runtime_seconds": 13.528068730607629,
  "runtime_per_step_seconds": 0.013528068730607629,
  "initial_objective": 0.47730999584338396,
  "final_objective": 0.4595657233175029,
  "best_objective": 0.4595657233175029,
  "objective_reduction": 0.017744272525881066,
  "initial_train_loss_history": 0.4671123079803292,
  "final_train_loss_history": 0.44234275620727226,
  "best_train_loss_history": 0.44232482368879006,
  "train_loss_reduction": 0.024769551773056953,
  "weight_norm": 3.444593108757395,
  "trace_s": 3.444593108757395,
  "top_eigenvalue": 0.7740103022233303,
  "min_eigenvalue": 2.5018054645022604e-17,
  "R1": 0.22470297007083875
}