{
  "alpha": null,
  "seed": 42,
  "n_train": 200,
  "n_population": 5000,
  "train_loss": 0.8590618658968455,
  "population_risk": 0.9204109746523798,
  "bayes_population_risk": 0.4371730888154475,
  "empirical_bayes_risk": 0.43858370564909327,
  "generalization_gap": 0.06134910875553423,
  "excess_population_risk": 0.4832378858369323,
  "runtime_seconds": 19.116589941084385,
  "runtime_per_step_seconds": 0.003823317988216877,
  "initial_objective": 0.9003058644874807,
  "final_objective": 0.8635805612890349,
  "best_objective": 0.8635805612890349,
  "objective_reduction": 0.0367253031984458,
  "initial_train_loss_history": 0.8995981963330726,
  "final_train_loss_history": 0.8590618658968455,
  "best_train_loss_history": 0.8590618658968455,
  "train_loss_reduction": 0.040536330436227064,
  "weight_norm": 9.037382838555637,
  "trace_s": 9.03738283855564,
  "top_eigenvalue": 3.9652987313286556,
  "min_eigenvalue": -1.879074356476276e-17,
  "R1": 0.4387662669785041,
  "effective_rank": 3.6061828112975,
  "config_suffix": "cov_toeplitz_bump_mask_random_rho_0p5_lambda_1e-05_beta_1_d_50_T_10_lr_0p001_iter_5000_ntrain_200_seed_42",
  "ridge_lambda": 0.01,
  "ridge_train_loss": 0.4209399868139642,
  "ridge_population_risk": 0.45969083927852605,
  "ridge_generalization_gap": 0.038750852464561836,
  "ridge_excess_population_risk": 0.02251775046307858,
  "pca_n_components": 75,
  "pca_train_loss": 0.38409972666419273,
  "pca_population_risk": 0.9856147049779511,
  "pca_generalization_gap": 0.6015149783137583,
  "pca_excess_population_risk": 0.5484416161625036
}