{
  "alpha": null,
  "seed": 42,
  "n_train": 125,
  "n_population": 5000,
  "train_loss": 0.4187005179031363,
  "population_risk": 0.8126771180985777,
  "bayes_population_risk": 0.05101341981519296,
  "empirical_bayes_risk": 0.05140092368761721,
  "generalization_gap": 0.3939766001954414,
  "excess_population_risk": 0.7616636982833848,
  "runtime_seconds": 21.446864418685436,
  "runtime_per_step_seconds": 0.0042893728837370875,
  "initial_objective": 0.5346521249369807,
  "final_objective": 0.4394635209706962,
  "best_objective": 0.4394635209706962,
  "objective_reduction": 0.09518860396628448,
  "initial_train_loss_history": 0.5339470954573229,
  "final_train_loss_history": 0.4187005179031363,
  "best_train_loss_history": 0.4187005179031363,
  "train_loss_reduction": 0.1152465775541866,
  "weight_norm": 41.525843620122885,
  "trace_s": 41.52584362012289,
  "top_eigenvalue": 26.4593869837952,
  "min_eigenvalue": 7.892346288838319e-13,
  "R1": 0.6371787946283487,
  "effective_rank": 3.4339042000599895,
  "config_suffix": "cov_matern_mask_random_rho_NA_lambda_1e-05_beta_1_d_50_T_10_lr_0p001_iter_5000_ntrain_125_seed_42",
  "ridge_lambda": 0.01,
  "ridge_train_loss": 0.04806731086219521,
  "ridge_population_risk": 0.055285197240668424,
  "ridge_generalization_gap": 0.007217886378473211,
  "ridge_excess_population_risk": 0.004271777425475465,
  "pca_n_components": 75,
  "pca_train_loss": 0.09712657534611367,
  "pca_population_risk": 0.579346091163258,
  "pca_generalization_gap": 0.4822195158171443,
  "pca_excess_population_risk": 0.528332671348065
}