{
  "alpha": null,
  "seed": 42,
  "n_train": 750,
  "n_population": 5000,
  "train_loss": 0.3307392755196764,
  "population_risk": 0.3421431089775118,
  "bayes_population_risk": 0.13898342541436456,
  "empirical_bayes_risk": 0.19017950835212072,
  "generalization_gap": 0.01140383345783541,
  "excess_population_risk": 0.20315968356314726,
  "runtime_seconds": 418.4702619202435,
  "runtime_per_step_seconds": 0.04184702619202435,
  "initial_objective": 0.3677746987999638,
  "final_objective": 0.34487487321105265,
  "best_objective": 0.34487487267366723,
  "objective_reduction": 0.022899825588911127,
  "initial_train_loss_history": 0.36430529865669564,
  "final_train_loss_history": 0.3307392755196764,
  "best_train_loss_history": 0.3307390094840595,
  "train_loss_reduction": 0.03356602313701923,
  "weight_norm": 7.067798832023476,
  "trace_s": 7.067798832023481,
  "top_eigenvalue": 1.0196476441855449,
  "min_eigenvalue": -8.530813241607757e-17,
  "R1": 0.14426664771012224
}