{
  "alpha": null,
  "seed": 42,
  "n_train": 5000,
  "n_population": 5000,
  "train_loss": 0.2318530173843221,
  "population_risk": 0.22933056476216052,
  "bayes_population_risk": 0.13898342541436456,
  "empirical_bayes_risk": 0.13713262345206292,
  "generalization_gap": -0.0025224526221615806,
  "excess_population_risk": 0.09034713934779595,
  "runtime_seconds": 249.142574518919,
  "runtime_per_step_seconds": 0.049828514903783795,
  "initial_objective": 0.28457473659412214,
  "final_objective": 0.2350303467123086,
  "best_objective": 0.2350303467123086,
  "objective_reduction": 0.04954438988181353,
  "initial_train_loss_history": 0.2837798831879801,
  "final_train_loss_history": 0.2318530173843221,
  "best_train_loss_history": 0.2318530173843221,
  "train_loss_reduction": 0.05192686580365799,
  "weight_norm": 12.708957021804865,
  "trace_s": 12.70895702180486,
  "top_eigenvalue": 1.5268867443534737,
  "min_eigenvalue": 6.144162768913452e-12,
  "R1": 0.1201425688775075,
  "effective_rank": 15.791751698679644,
  "config_suffix": "cov_toeplitz_mask_random_rho_0p9_lambda_1e-05_beta_1_d_25_T_5_lr_0p001_iter_5000_ntrain_5000_seed_42"
}