{
  "alpha": 1.0,
  "seed": 0,
  "n_train": 2500,
  "n_population": 5000,
  "train_loss": 1.09539370581852,
  "population_risk": 1.0906488309838467,
  "bayes_population_risk": 0.9310364973015884,
  "empirical_bayes_risk": 0.9304208606940422,
  "weight_norm": 0.004446063211710189,
  "trace_s": 0.004446063211710189,
  "top_eigenvalue": 0.0004408969023091189,
  "R1": 0.09916568463261383
}