{
  "alpha": null,
  "seed": 42,
  "n_train": 250,
  "n_population": 5000,
  "train_loss": 0.6680098579799493,
  "population_risk": 0.7604459507614414,
  "bayes_population_risk": 0.10837348066298334,
  "empirical_bayes_risk": 0.10808713201425744,
  "generalization_gap": 0.09243609278149212,
  "excess_population_risk": 0.652072470098458,
  "runtime_seconds": 146.76283750869334,
  "runtime_per_step_seconds": 0.029352567501738668,
  "initial_objective": 0.7128553674355562,
  "final_objective": 0.6709858408371399,
  "best_objective": 0.6709858408371399,
  "objective_reduction": 0.04186952659841636,
  "initial_train_loss_history": 0.7122348764438307,
  "final_train_loss_history": 0.6680098579799493,
  "best_train_loss_history": 0.6680016364714783,
  "train_loss_reduction": 0.04422501846388138,
  "weight_norm": 5.951964420686789,
  "trace_s": 5.95196442068679,
  "top_eigenvalue": 5.941536477570275,
  "min_eigenvalue": 1.9146476780618832e-15,
  "R1": 0.9982479829549606,
  "effective_rank": 1.0142896643060657,
  "config_suffix": "cov_toeplitz_mask_random_rho_0p9_lambda_1e-05_beta_1_d_50_T_50_lr_0p001_iter_5000_ntrain_250_seed_42",
  "ridge_lambda": 0.01,
  "ridge_train_loss": 0.0855142065624862,
  "ridge_population_risk": 0.1339247054863982,
  "ridge_generalization_gap": 0.048410498923912,
  "ridge_excess_population_risk": 0.02555122482341486,
  "pca_n_components": 75,
  "pca_train_loss": 0.3509358922155816,
  "pca_population_risk": 0.7384752458207213,
  "pca_generalization_gap": 0.38753935360513975,
  "pca_excess_population_risk": 0.630101765157738
}