{
  "alpha": null,
  "seed": 42,
  "n_train": 1250,
  "n_population": 5000,
  "train_loss": 0.6479325569010019,
  "population_risk": 0.665916756261749,
  "bayes_population_risk": 0.2921672002085666,
  "empirical_bayes_risk": 0.29180226180186636,
  "generalization_gap": 0.017984199360747022,
  "excess_population_risk": 0.37374955605318233,
  "runtime_seconds": 85.87893959879875,
  "runtime_per_step_seconds": 0.01717578791975975,
  "initial_objective": 0.6862788041641321,
  "final_objective": 0.6537206813277414,
  "best_objective": 0.6537206813277414,
  "objective_reduction": 0.0325581228363907,
  "initial_train_loss_history": 0.6851809230282553,
  "final_train_loss_history": 0.6479325569010019,
  "best_train_loss_history": 0.6479325569010019,
  "train_loss_reduction": 0.03724836612725335,
  "weight_norm": 11.576244098183185,
  "trace_s": 11.576244098183183,
  "top_eigenvalue": 2.6210629711136924,
  "min_eigenvalue": 1.3983029298072555e-11,
  "R1": 0.22641738968903152,
  "effective_rank": 9.035131405414898,
  "config_suffix": "cov_matern_mask_random_rho_NA_lambda_1e-05_beta_1_d_50_T_5_lr_0p001_iter_5000_ntrain_1250_seed_42"
}