{
  "alpha": null,
  "seed": 42,
  "n_train": 40,
  "n_population": 5000,
  "train_loss": 0.13173474046071398,
  "population_risk": 1.0647915567098816,
  "bayes_population_risk": 0.09356768304525143,
  "empirical_bayes_risk": 0.09336251065737351,
  "generalization_gap": 0.9330568162491676,
  "excess_population_risk": 0.9712238736646301,
  "runtime_seconds": 27.817888312973082,
  "runtime_per_step_seconds": 0.005563577662594616,
  "initial_objective": 0.25050937470939755,
  "final_objective": 0.15851543303382415,
  "best_objective": 0.15851543303382415,
  "objective_reduction": 0.0919939416755734,
  "initial_train_loss_history": 0.24792828112363113,
  "final_train_loss_history": 0.13173474046071398,
  "best_train_loss_history": 0.13173474046071398,
  "train_loss_reduction": 0.11619354066291715,
  "weight_norm": 26.780660481666946,
  "trace_s": 26.780660481666942,
  "top_eigenvalue": 15.56982304402948,
  "min_eigenvalue": 1.411805819830953e-12,
  "R1": 0.5813830863016994,
  "effective_rank": 3.2424516426429943,
  "config_suffix": "cov_circulant_ar1_mask_random_rho_0p9_lambda_1e-05_beta_1_d_100_T_5_lr_0p001_iter_5000_ntrain_40_seed_42"
}