{
  "alpha": null,
  "seed": 42,
  "n_train": 1750,
  "n_population": 5000,
  "train_loss": 0.805709842293853,
  "population_risk": 0.8046856691256554,
  "bayes_population_risk": 0.24553354982376377,
  "empirical_bayes_risk": 0.24505703892991595,
  "generalization_gap": -0.001024173168197584,
  "excess_population_risk": 0.5591521193018917,
  "runtime_seconds": 196.2379757333547,
  "runtime_per_step_seconds": 0.039247595146670936,
  "initial_objective": 0.8124458337145909,
  "final_objective": 0.8065714728108844,
  "best_objective": 0.8065714728108844,
  "objective_reduction": 0.005874360903706521,
  "initial_train_loss_history": 0.8120424529099681,
  "final_train_loss_history": 0.805709842293853,
  "best_train_loss_history": 0.805709842293853,
  "train_loss_reduction": 0.00633261061611512,
  "weight_norm": 3.4465211161919562,
  "trace_s": 3.446521116191957,
  "top_eigenvalue": 1.2101745427408994,
  "min_eigenvalue": -1.0056881400738954e-17,
  "R1": 0.35112929877476423,
  "effective_rank": 4.5333232002395345,
  "config_suffix": "cov_matern_mask_random_rho_NA_lambda_1e-05_beta_1_d_25_T_10_lr_0p001_iter_5000_ntrain_1750_seed_42"
}