{
  "alpha": null,
  "seed": 42,
  "n_train": 4000,
  "n_population": 5000,
  "train_loss": 0.32761926954833026,
  "population_risk": 0.3291853044967467,
  "bayes_population_risk": 0.13898342541436456,
  "empirical_bayes_risk": 0.19013184319403004,
  "generalization_gap": 0.0015660349484164504,
  "excess_population_risk": 0.19020187908238215,
  "runtime_seconds": 683.4962291382253,
  "runtime_per_step_seconds": 0.06834962291382253,
  "initial_objective": 0.3652561072417642,
  "final_objective": 0.33269631588022647,
  "best_objective": 0.33269631588022647,
  "objective_reduction": 0.03255979136153775,
  "initial_train_loss_history": 0.36402240968049693,
  "final_train_loss_history": 0.32761926954833026,
  "best_train_loss_history": 0.32761926954833026,
  "train_loss_reduction": 0.03640314013216667,
  "weight_norm": 10.154092652657319,
  "trace_s": 10.154092652657315,
  "top_eigenvalue": 0.9626262574076393,
  "min_eigenvalue": -6.526835578858239e-17,
  "R1": 0.09480179966210184
}