{
  "alpha": null,
  "seed": 42,
  "n_train": 50,
  "n_population": 5000,
  "train_loss": 1.1294560372435578,
  "population_risk": 1.2340582272781915,
  "bayes_population_risk": 0.9582577132486388,
  "empirical_bayes_risk": 0.9564605549228243,
  "generalization_gap": 0.10460219003463367,
  "excess_population_risk": 0.27580051402955263,
  "runtime_seconds": 9.334809904918075,
  "runtime_per_step_seconds": 0.009334809904918074,
  "initial_objective": 1.1876651721968357,
  "final_objective": 1.1342568054189364,
  "best_objective": 1.1342568054189364,
  "objective_reduction": 0.053408366777899285,
  "initial_train_loss_history": 1.1869917063622504,
  "final_train_loss_history": 1.1294560372435578,
  "best_train_loss_history": 1.1294560372435578,
  "train_loss_reduction": 0.05753566911869257,
  "weight_norm": 9.594965029817512,
  "trace_s": 9.59496502981751,
  "top_eigenvalue": 3.452093908072885,
  "min_eigenvalue": 4.437023219948011e-08,
  "R1": 0.3597818123719144,
  "config_suffix": "cov_tridiagonal_mask_last_rho_0p2_lambda_1e-05_beta_1_d_50_T_5_lr_0p001_iter_1000_ntrain_50_seed_42"
}