{
  "alpha": null,
  "seed": 42,
  "n_train": 100,
  "n_population": 5000,
  "train_loss": 0.3868092991112205,
  "population_risk": 0.46794519814685354,
  "bayes_population_risk": 0.27570731707317064,
  "empirical_bayes_risk": 0.27823372025693127,
  "generalization_gap": 0.08113589903563306,
  "excess_population_risk": 0.1922378810736829,
  "runtime_seconds": 6.911210292950273,
  "runtime_per_step_seconds": 0.006911210292950273,
  "initial_objective": 0.4793436640044894,
  "final_objective": 0.39611460708303625,
  "best_objective": 0.39611460708303625,
  "objective_reduction": 0.08322905692145316,
  "initial_train_loss_history": 0.47807014467362285,
  "final_train_loss_history": 0.3868092991112205,
  "best_train_loss_history": 0.3868092991112205,
  "train_loss_reduction": 0.09126084556240238,
  "weight_norm": 18.582508312086485,
  "trace_s": 18.58250831208649,
  "top_eigenvalue": 6.998662788492068,
  "min_eigenvalue": 2.4933417599468437e-10,
  "R1": 0.37662637739491706,
  "config_suffix": "cov_toeplitz_mask_random_rho_0p8_lambda_1e-05_beta_1_d_50_T_5_lr_0p001_iter_1000_ntrain_100_seed_42"
}