{
  "alpha": null,
  "seed": 42,
  "n_train": 1500,
  "n_population": 5000,
  "train_loss": 0.27438444441612425,
  "population_risk": 0.27538298452089227,
  "bayes_population_risk": 0.06837077148121563,
  "empirical_bayes_risk": 0.06853582139202095,
  "generalization_gap": 0.0009985401047680198,
  "excess_population_risk": 0.20701221303967665,
  "runtime_seconds": 178.56174583919346,
  "runtime_per_step_seconds": 0.03571234916783869,
  "initial_objective": 0.29044122196772165,
  "final_objective": 0.2792156393563327,
  "best_objective": 0.2792156393563327,
  "objective_reduction": 0.011225582611388951,
  "initial_train_loss_history": 0.28967483593039006,
  "final_train_loss_history": 0.27438444441612425,
  "best_train_loss_history": 0.2743844410857837,
  "train_loss_reduction": 0.015290391514265811,
  "weight_norm": 9.662388256857104,
  "trace_s": 9.662388256857104,
  "top_eigenvalue": 2.8898168004561144,
  "min_eigenvalue": 9.550210273074858e-13,
  "R1": 0.2990789361424489,
  "effective_rank": 9.922707517529252,
  "config_suffix": "cov_circulant_ar1_mask_random_rho_0p9_lambda_1e-05_beta_1_d_50_T_10_lr_0p001_iter_5000_ntrain_1500_seed_42"
}