{
  "alpha": null,
  "seed": 42,
  "n_train": 5000,
  "n_population": 5000,
  "train_loss": 0.15666582023591205,
  "population_risk": 0.1556197441304128,
  "bayes_population_risk": 0.010443997575880022,
  "empirical_bayes_risk": 0.010409562059550409,
  "generalization_gap": -0.0010460761054992551,
  "excess_population_risk": 0.14517574655453278,
  "runtime_seconds": 2491.2756581436843,
  "runtime_per_step_seconds": 0.49825513162873686,
  "initial_objective": 0.15767406329685096,
  "final_objective": 0.15666582023591205,
  "best_objective": 0.15666582023591202,
  "objective_reduction": 0.0010082430609389126,
  "initial_train_loss_history": 0.15667133606315914,
  "final_train_loss_history": 0.15666582023591205,
  "best_train_loss_history": 0.1565674029477588,
  "train_loss_reduction": 5.515827247087879e-06,
  "weight_norm": 1.2075285936106793e-34,
  "trace_s": 1.2075285936106795e-34,
  "top_eigenvalue": 1.2075174436061046e-34,
  "min_eigenvalue": -2.8637034630582566e-50,
  "R1": NaN,
  "effective_rank": 0.0,
  "config_suffix": "cov_toeplitz_mask_random_rho_0p99_lambda_1e-05_beta_1_d_100_T_50_lr_0p001_iter_5000_ntrain_5000_seed_42"
}