{
  "alpha": null,
  "seed": 42,
  "n_train": 1500,
  "n_population": 5000,
  "train_loss": 0.48699751421701193,
  "population_risk": 0.5007232088611201,
  "bayes_population_risk": 0.1134751381215469,
  "empirical_bayes_risk": 0.11335295082307621,
  "generalization_gap": 0.013725694644108166,
  "excess_population_risk": 0.3872480707395732,
  "runtime_seconds": 270.5016185026616,
  "runtime_per_step_seconds": 0.05410032370053232,
  "initial_objective": 0.49737529589107154,
  "final_objective": 0.49063581652855737,
  "best_objective": 0.49063581652855737,
  "objective_reduction": 0.006739479362514178,
  "initial_train_loss_history": 0.49628305097726827,
  "final_train_loss_history": 0.48699751421701193,
  "best_train_loss_history": 0.48695705207447987,
  "train_loss_reduction": 0.009285536760256341,
  "weight_norm": 3.6383023084001938,
  "trace_s": 3.6383023084001938,
  "top_eigenvalue": 3.6270185309106697,
  "min_eigenvalue": -2.9200995138956787e-17,
  "R1": 0.996898614646872,
  "effective_rank": 1.0216113553567154,
  "config_suffix": "cov_toeplitz_mask_random_rho_0p9_lambda_1e-05_beta_1_d_100_T_20_lr_0p001_iter_5000_ntrain_1500_seed_42"
}