{
  "alpha": null,
  "seed": 42,
  "n_train": 200,
  "n_population": 5000,
  "train_loss": 0.4559139019149937,
  "population_risk": 0.6452461307287849,
  "bayes_population_risk": 0.05101341981519296,
  "empirical_bayes_risk": 0.05125847989852781,
  "generalization_gap": 0.1893322288137912,
  "excess_population_risk": 0.594232710913592,
  "runtime_seconds": 24.9987259991467,
  "runtime_per_step_seconds": 0.00499974519982934,
  "initial_objective": 0.5483420173268548,
  "final_objective": 0.4671579238258642,
  "best_objective": 0.4671579238258642,
  "objective_reduction": 0.08118409350099065,
  "initial_train_loss_history": 0.5475320704150536,
  "final_train_loss_history": 0.4559139019149937,
  "best_train_loss_history": 0.4559139019149937,
  "train_loss_reduction": 0.09161816850005988,
  "weight_norm": 22.487935896377866,
  "trace_s": 22.487935896377866,
  "top_eigenvalue": 10.414139693219628,
  "min_eigenvalue": 7.260385232326074e-10,
  "R1": 0.4630989585352309,
  "effective_rank": 5.22967747512291,
  "config_suffix": "cov_matern_mask_random_rho_NA_lambda_1e-05_beta_1_d_50_T_10_lr_0p001_iter_5000_ntrain_200_seed_42",
  "ridge_lambda": 0.01,
  "ridge_train_loss": 0.048552750946907836,
  "ridge_population_risk": 0.05372360920199298,
  "ridge_generalization_gap": 0.005170858255085148,
  "ridge_excess_population_risk": 0.0027101893868000243,
  "pca_n_components": 75,
  "pca_train_loss": 0.17556546763073372,
  "pca_population_risk": 0.5180211076354262,
  "pca_generalization_gap": 0.3424556400046925,
  "pca_excess_population_risk": 0.4670076878202332
}