{
  "alpha": null,
  "seed": 42,
  "n_train": 750,
  "n_population": 5000,
  "train_loss": 0.9740609911713008,
  "population_risk": 0.981629559208006,
  "bayes_population_risk": 0.8028223802788139,
  "empirical_bayes_risk": 0.8066189625092004,
  "generalization_gap": 0.007568568036705137,
  "excess_population_risk": 0.17880717892919207,
  "runtime_seconds": 32.808427188545465,
  "runtime_per_step_seconds": 0.006561685437709093,
  "initial_objective": 0.987220451461876,
  "final_objective": 0.976610404316746,
  "best_objective": 0.976610404316746,
  "objective_reduction": 0.01061004714513003,
  "initial_train_loss_history": 0.9864047470038341,
  "final_train_loss_history": 0.9740609911713008,
  "best_train_loss_history": 0.9740606727959812,
  "train_loss_reduction": 0.01234375583253322,
  "weight_norm": 5.098826005794153,
  "trace_s": 5.098826005794152,
  "top_eigenvalue": 1.3146615718362542,
  "min_eigenvalue": 4.989486306597041e-16,
  "R1": 0.25783613136481065,
  "effective_rank": 6.270018809780122,
  "config_suffix": "cov_exponential_mask_random_rho_NA_lambda_1e-05_beta_1_d_50_T_5_lr_0p001_iter_5000_ntrain_750_seed_42",
  "ridge_lambda": 0.01,
  "ridge_train_loss": 0.8027483190052972,
  "ridge_population_risk": 0.8111403460574912,
  "ridge_generalization_gap": 0.008392027052193995,
  "ridge_excess_population_risk": 0.008317965778677272,
  "pca_n_components": 75,
  "pca_train_loss": 0.8588581724988967,
  "pca_population_risk": 1.2064138347317928,
  "pca_generalization_gap": 0.347555662232896,
  "pca_excess_population_risk": 0.40359145445297884
}